Provider_CCN,is_matched_hospital,Entity_Name,State,Individuals_Affected,Breach_Year,Main_Breach_Type,Main_Location,Business_Associate_Involved
,False,BROOKE ARMY MEDICAL CENTER,TX,1000.0,2009,Theft,Paper Records,No
,False,"MID AMERICA KIDNEY STONE ASSOCIATION, LLC",MO,1000.0,2009,Theft,Network Server,No
,False,ALASKA DEPARTMENT OF HEALTH AND SOCIAL SERVICES,AK,501.0,2009,Theft,Other (Cloud/Portable Media),No
,False,"HEALTH SERVICES FOR CHILDREN WITH SPECIAL NEEDS, INC.",DC,3800.0,2009,Loss,Physical Device (Workstation/Laptop),No
,False,"MICHELE DEL VICARIO, MD",CA,6145.0,2009,Theft,Physical Device (Workstation/Laptop),No
,False,"L. DOUGLAS CARLSON, M.D.",CA,5257.0,2009,Theft,Physical Device (Workstation/Laptop),No
,False,"MARK D. LURIE, MD",CA,5166.0,2009,Theft,Physical Device (Workstation/Laptop),No
,False,"DAVID I. COHEN, MD",CA,857.0,2009,Theft,Physical Device (Workstation/Laptop),No
,False,"JOSEPH F. LOPEZ, MD",CA,952.0,2009,Theft,Physical Device (Workstation/Laptop),No
,False,CITY OF HOPE NATIONAL MEDICAL CENTER,CA,5900.0,2009,Theft,Physical Device (Workstation/Laptop),No
,False,THE CHILDREN'S HOSPITAL OF PHILADELPHIA,PA,943.0,2009,Theft,Physical Device (Workstation/Laptop),No
,False,"COGENT HEALTHCARE, INC.",TN,6400.0,2009,Theft,Physical Device (Workstation/Laptop),Yes
,False,"DEMOCRACY DATA & COMMUNICATIONS, LLC (",VA,83000.0,2009,Other/Unknown,Paper Records,Yes
050315,True,KERN MEDICAL CENTER,CA,596.0,2009,Theft,Other (Cloud/Portable Media),No
,False,"RICK LAWSON, PROFESSIONAL COMPUTER SERVICES",NC,2000.0,2009,Theft,Network Server,Yes
,False,"UNIVERSITY OF CALIFORNIA, SAN FRANCISCO",CA,610.0,2009,Other/Unknown,Email,No
,False,DETROIT DEPARTMENT OF HEALTH AND WELLNESS PROMOTION,MI,646.0,2009,Theft,Physical Device (Workstation/Laptop),No
,False,DANIEL J. SIGMAN MD PC,MA,1860.0,2010,Theft,Electronic Medical Record (EMR),Yes
220075,True,MASSACHUSETTS EYE AND EAR INFIRMARY,MA,1076.0,2010,Theft,Other (Cloud/Portable Media),No
,False,SERVICE BENEFITS PLAN ADMINISTRATIVE SERVICES CORP,DC,3400.0,2010,Theft,Paper Records,Yes
,False,MERKLE DIRECT MARKETING,MD,15000.0,2010,Theft,Paper Records,Yes
,False,KAISER PERMANENTE MEDICAL CARE PROGRAM,CA,15500.0,2010,Theft,Other (Cloud/Portable Media),No
,False,UNITED MICRO DATA,ID,2562.0,2010,Theft,Other (Cloud/Portable Media),Yes
,False,"GOODWILL INDUSTRIES OF GREATER GRAND RAPIDS, INC.",MI,10000.0,2010,Theft,Other (Cloud/Portable Media),No
,False,CHILDREN'S MEDICAL CENTER OF DALLAS,TX,3800.0,2010,Loss,Other (Cloud/Portable Media),No
,False,CONCENTRA,TX,900.0,2010,Theft,Physical Device (Workstation/Laptop),No
,False,ASHLEY AND GRAY DDS,MO,9309.0,2010,Theft,Physical Device (Workstation/Laptop),No
,False,ADVOCATE HEALTH CARE,IL,812.0,2010,Theft,Physical Device (Workstation/Laptop),No
,False,THE METHODIST HOSPITAL,TX,689.0,2010,Theft,Other (Cloud/Portable Media),No
,False,"UNIVERSITY OF CALIFORNIA, SAN FRANCISCO",CA,7300.0,2010,Theft,Physical Device (Workstation/Laptop),No
,False,CARLE CLINIC ASSOCIATION,IL,1300.0,2010,Theft,Paper Records,No
,False,HEALTH BEHAVIOR INNOVATIONS (HBI),UT,5700.0,2010,Theft,Other (Cloud/Portable Media),Yes
,False,CENTER FOR NEUROSCIENCES,AZ,1100.0,2010,Theft,Physical Device (Workstation/Laptop),No
,False,BLUE CROSS BLUE SHIELD OF RI,RI,528.0,2010,Other/Unknown,Paper Records,Yes
,False,MSO OF PUERTO RICO,PR,605.0,2010,Theft,Paper Records,Yes
,False,"MSO OF PUERTO RICO, INC.",PR,1907.0,2010,Theft,Paper Records,Yes
,False,CARDIOLOGY CONSULTANTS/BAPTIST HEALTH CARE CORPORATION,FL,8000.0,2010,Theft,Physical Device (Workstation/Laptop),No
,False,"STATE OF TN, BUREAU OF TENNCARE",TN,3900.0,2010,Theft,Paper Records,No
,False,LUCILLE PACKARD CHILDREN'S HOSPITAL,CA,532.0,2010,Other/Unknown,Physical Device (Workstation/Laptop),No
,False,ADVANCED NEUROSPINAL CARE,CA,3500.0,2010,Theft,Network Server,No
,False,UNIVERSITY OF NEW MEXICO HEALTH SCIENCES CENTER,NM,1900.0,2010,Other/Unknown,Physical Device (Workstation/Laptop),No
,False,"CENTRAL BROOKLYN MEDICAL GROUP, PC",NY,500.0,2010,Theft,Paper Records,No
,False,SHANDS AT UF,FL,12580.0,2010,Theft,Physical Device (Workstation/Laptop),No
,False,WYOMING DEPARTMENT OF HEALTH,WY,9023.0,2010,Unauthorized Access/Disclosure,Network Server,No
340047,True,NORTH CAROLINA BAPTIST HOSPITAL,NC,554.0,2010,Theft,Paper Records,No
,False,THRIVENT FINANCIAL FOR LUTHERANS,WI,9500.0,2010,Theft,Physical Device (Workstation/Laptop),No
330059,True,MONTEFIORE MEDICAL CENTER,NY,625.0,2010,Theft,Physical Device (Workstation/Laptop),No
,False,"ERNEST T. BICE, JR. DDS, P.A.",TX,21000.0,2010,Theft,Other (Cloud/Portable Media),No
,False,LEE MEMORIAL HEALTH SYSTEM,FL,3800.0,2010,Other/Unknown,Paper Records,No
,False,"LABORATORY CORPORATION OF AMERICA/DYNACARE NORTHWEST, INC.",WA,5080.0,2010,Theft,Physical Device (Workstation/Laptop),No
,False,MOUNT SINAI MEDICAL CENTER,FL,2600.0,2010,Theft,Physical Device (Workstation/Laptop),No
070031,True,GRIFFIN HOSPITAL,CT,957.0,2010,Hacking/IT Incident,Network Server,No
,False,"HYPERTENSION, NEPHROLOGY, DIALYSIS AND TRANSPLANTATION, PC",AL,2465.0,2010,Theft,Physical Device (Workstation/Laptop),No
,False,"COMPUTER PROGRAM AND SYSTEMS, INC. (CPSI)",AL,768.0,2010,Other/Unknown,Email,Yes
,False,"LABORATORY CORPORATION OF AMERICA / US LABS / DIANON SYSTEMS, INC",AZ,2773.0,2010,Theft,Other (Cloud/Portable Media),No
,False,UNIVERSITY OF PITTSBURGH STUDENT HEALTH CENTER,PA,8000.0,2010,Theft,Paper Records,No
,False,VHS GENESIS LAB INC.,IL,6800.0,2010,Loss,Paper Records,No
,False,PROVIDENCE HOSPITAL,MI,83945.0,2010,Other/Unknown,Other (Cloud/Portable Media),No
,False,"MCKESSON INFORMATION SOLUTIONS, LLC",GA,660.0,2010,Other/Unknown,Paper Records,Yes
,False,PEDIATRIC SPORTS AND SPINE ASSOCIATES,TX,955.0,2010,Theft,Physical Device (Workstation/Laptop),No
,False,"AFFINITY HEALTH PLAN, INC.",NY,344579.0,2010,Theft,Other (Cloud/Portable Media),No
521320,True,TOMAH MEMORIAL HOSPITAL,WI,600.0,2010,Other/Unknown,Other (Cloud/Portable Media),No
,False,"PRAXAIR HEALTHCARE SERVICES, INC. (HOME CARE SUPPLY IN NY)",CT,54165.0,2010,Theft,Physical Device (Workstation/Laptop),No
220075,True,MASSACHUSETTS EYE AND EAR INFIRMARY,MA,3594.0,2010,Theft,Physical Device (Workstation/Laptop),No
,False,BLUE CROSS & BLUE SHIELD OF RHODE ISLAND,RI,12000.0,2010,Theft,Paper Records,No
,False,SOUTH CAROLINA DEPARTMENT OF HEALTH AND ENVIRONMENTAL CONTROL,SC,2850.0,2010,Improper Disposal,Paper Records,No
,False,ST. JOSEPH HERITAGE HEALTHCARE,CA,22012.0,2010,Theft,Physical Device (Workstation/Laptop),No
,False,JOHN MUIR PHYSICIAN NETWORK,CA,5450.0,2010,Theft,Physical Device (Workstation/Laptop),No
,False,MEDICAL CENTER AT BOWLING GREEN,KY,5148.0,2010,Theft,Other (Cloud/Portable Media),No
,False,TOWERS WATSON,VA,1874.0,2010,Theft,Other (Cloud/Portable Media),Yes
,False,UNITEDHEALTH GROUP HEALTH PLAN SINGLE AFFILIATED COVERED ENTITY,MN,735.0,2010,Theft,Paper Records,No
,False,SOUTH TEXAS VETERANS HEALTH CARE SYSTEM,TX,1430.0,2010,Loss,Paper Records,No
,False,"MILLENNIUM MEDICAL MANAGEMENT RESOURCES, INC.",IL,180111.0,2010,Theft,Other (Cloud/Portable Media),Yes
,False,ROCKBRIDGE AREA COMMUNITY SERVICES,VA,500.0,2010,Theft,Physical Device (Workstation/Laptop),No
,False,VA EASTERN COLORADO HEALTH CARE SYSTEM,CO,649.0,2010,Theft,Paper Records,No
,False,MIAMI VA HEALTHCARE SYSTEM,FL,568.0,2010,Theft,Paper Records,No
,False,"HERIBERTO RODRIGUEZ-AYALA, M.D.",TX,4200.0,2010,Theft,Physical Device (Workstation/Laptop),No
,False,SILICON VALLEY EYECARE OPTOMETRY AND CONTACT LENSES,CA,40000.0,2010,Theft,Network Server,No
,False,GEORGETOWN UNIVERSITY HOSPITAL,DC,2416.0,2010,Theft,Email,No
,False,HERITAGE HEALTH SOLUTIONS,TX,656.0,2010,Theft,Physical Device (Workstation/Laptop),Yes
,False,UNIVERSITY OF ROCHESTER MEDICAL CENTER AND AFFILIATES,NY,2628.0,2010,Other/Unknown,Paper Records,No
,False,OCONEE PHYSICIAN PRACTICES,SC,653.0,2010,Theft,Physical Device (Workstation/Laptop),No
,False,"OMAHA CONSTRUCTION INDUSTRY , PRIVACY MANAGER BREACH",NE,800.0,2010,Theft,Physical Device (Workstation/Laptop),Yes
,False,"CITY OF CHARLOTTE, NC (HEALTH PLAN)",NC,5220.0,2010,Loss,Other (Cloud/Portable Media),Yes
,False,VA NORTH TEXAS HEALTH CARE SYSTEM,TX,4083.0,2010,Improper Disposal,Paper Records,No
,False,RAINBOW HOSPICE AND PALLIATIVE CARE,IL,1000.0,2010,Theft,Physical Device (Workstation/Laptop),No
363300,True,CINCINNATI CHILDRENS HOSPITAL MEDICAL CENTER,OH,60998.0,2010,Theft,Physical Device (Workstation/Laptop),No
,False,OCCUPATIONAL HEALTH PARTNERS,KS,1105.0,2010,Theft,Physical Device (Workstation/Laptop),No
,False,"UNIVERSITY OF LOUISVILLE RESEARCH FOUNDATION, INC., DBA THE KIDNEY DISEASE PROGRAM",KY,708.0,2010,Hacking/IT Incident,Network Server,No
,False,"AVMED, INC.",FL,1220000.0,2010,Theft,Physical Device (Workstation/Laptop),No
,False,"SIEMENS MEDICAL SOLUTIONS, USA, INC",PA,130495.0,2010,Theft,Other (Cloud/Portable Media),Yes
,False,"NIHAL SARAN, MD",MI,2300.0,2010,Theft,Physical Device (Workstation/Laptop),No
,False,UNITEDHEALTH GROUP HEALTH PLAN SINGLE AFFILIATED COVERED ENTITY,MN,16291.0,2010,Other/Unknown,Paper Records,No
443302,True,ST. JUDE CHILDREN'S RESEARCH HOSPITAL,TN,1745.0,2010,Loss,Physical Device (Workstation/Laptop),No
,False,DENTAQUEST,MA,10515.0,2010,Theft,Physical Device (Workstation/Laptop),Yes
,False,COMPREHENSIVE CARE MANAGEMENT CORPORATION,NY,1020.0,2010,Theft,Network Server,No
,False,THE CHILDREN'S MEDICAL CENTER OF DAYTON,OH,1001.0,2010,Other/Unknown,Email,No
,False,UNIVERSITY OF KENTUCKY,KY,2027.0,2010,Theft,Physical Device (Workstation/Laptop),No
,False,ALMA AGUADO MD PA,TX,600.0,2010,Theft,Network Server,No
,False,"AUGUSTA DATA STORAGE, INC",GA,14000.0,2010,Loss,Other (Cloud/Portable Media),Yes
,False,UNIVERSITY HEALTH SYSTEM,NV,7526.0,2010,Theft,Network Server,No
,False,"ARAMARK HEALTHCARE SUPPORT SERVICES, LLC",PA,937.0,2010,Other/Unknown,Email,Yes
,False,"MARY M. DESCH,MD/PATHHEALER, LTD",AZ,5893.0,2010,Theft,Physical Device (Workstation/Laptop),No
,False,CHILDREN'S HOSPITAL & RESEARCH CENTER AT OAKLAND,CA,1000.0,2010,Other/Unknown,Paper Records,No
,False,CENTERSTONE,TN,1537.0,2010,Theft,Physical Device (Workstation/Laptop),No
,False,CARE 1ST HEALTH PLAN,CA,29000.0,2010,Loss,Other (Cloud/Portable Media),Yes
,False,NYU HOSPITALS CENTER,NY,2563.0,2010,Theft,Other (Cloud/Portable Media),No
,False,LONG ISLAND CONSULTATION CENTER,NY,800.0,2010,Theft,Other (Cloud/Portable Media),No
,False,UNIVERSITY OF FLORIDA,FL,2047.0,2010,Other/Unknown,Paper Records,No
,False,SUNBRIDGE HEALTHCARE CORPORATION,NM,3830.0,2010,Theft,Physical Device (Workstation/Laptop),No
,False,GOVERNOR'S OFFICE OF INFORMATION TECHNOLOGY,CO,105470.0,2010,Theft,Physical Device (Workstation/Laptop),Yes
,False,PRINCE WILLIAM COUNTY COMMUNITY SERVICES (CS),VA,669.0,2010,Theft,Other (Cloud/Portable Media),No
,False,UNITEDHEALTHCARE INSURANCE COMPANY,MN,1097.0,2010,Other/Unknown,Paper Records,Yes
,False,"IRON MOUNTAIN DATA PRODUCTS, INC. (NOW KNOWN AS",PA,800000.0,2010,Loss,Electronic Medical Record (EMR),Yes
330059,True,MONTEFIORE MEDICAL CENTER,NY,23753.0,2010,Theft,Physical Device (Workstation/Laptop),No
,False,"DC CHARTERED HEALTH PLAN, INC",DC,540.0,2010,Theft,Physical Device (Workstation/Laptop),No
,False,"MEDINA OB/GYN ASSOCIATES, INC",OH,1200.0,2010,Improper Disposal,Paper Records,Yes
,False,THE UNIVERSITY OF TEXAS AT ARLINGTON,TX,27000.0,2010,Hacking/IT Incident,Network Server,No
,False,AETNA,CT,6372.0,2010,Unauthorized Access/Disclosure,Paper Records,No
,False,CHARLES MITCHELL MD,TX,6873.0,2010,Theft,Physical Device (Workstation/Laptop),No
453304,True,TEXAS CHILDREN'S HOSPITAL,TX,694.0,2010,Theft,Physical Device (Workstation/Laptop),No
,False,BAYLOR COLLEGE OF MEDICINE,TX,1646.0,2010,Theft,Physical Device (Workstation/Laptop),No
,False,MATRIX IMAGING,NY,2631.0,2010,Theft,Paper Records,Yes
,False,CAROLINA CENTER FOR DEVELOPMENT AND REHABILITATION,NC,1590.0,2010,Theft,Paper Records,No
,False,MERCER,MI,1073.0,2010,Loss,Other (Cloud/Portable Media),Yes
,False,"WELLPOINT, INC.",IN,31700.0,2010,Hacking/IT Incident,Network Server,No
,False,WRIGHT STATE PHYSICIANS,OH,1309.0,2010,Other/Unknown,Physical Device (Workstation/Laptop),No
,False,PENN TREATY NETWORK AMERICA INSURANCE COMPANY,PA,560.0,2010,Other/Unknown,Other (Cloud/Portable Media),No
,False,FORT WORTH ALLERGY AND ASTHMA ASSOCIATES,TX,25000.0,2010,Theft,Network Server,No
,False,JEWISH HOSPITAL,KY,2089.0,2010,Theft,Physical Device (Workstation/Laptop),No
360084,True,AULTMAN HOSPITAL,OH,13867.0,2010,Theft,Physical Device (Workstation/Laptop),No
,False,"BEAUTY DENTAL, INC.",IL,657.0,2010,Theft,Paper Records,No
,False,MCKESSON PHARMACY SYSTEMS LLC,GA,11440.0,2010,Other/Unknown,Other (Cloud/Portable Media),Yes
,False,"THOMAS JEFFERSON UNIVERSITY HOSPITALS, INC.",PA,21000.0,2010,Theft,Physical Device (Workstation/Laptop),No
,False,UNCG SPEECH AND HEARING CENTER,NC,2300.0,2010,Hacking/IT Incident,Physical Device (Workstation/Laptop),No
,False,ST. JOHN'S MERCY MEDICAL GROUP,MO,1907.0,2010,Improper Disposal,Paper Records,No
,False,MERCER HEALTH & BENEFITS,ID,5500.0,2010,Loss,Other (Cloud/Portable Media),Yes
,False,LOMA LINDA UNIVERSITY SCHOOL OF DENTISTRY,CA,10100.0,2010,Theft,Physical Device (Workstation/Laptop),No
,False,"WARD A. MORRIS, DDS",WA,2698.0,2010,Theft,Physical Device (Workstation/Laptop),No
,False,"CHATTANOOGA FAMILY PRACTICE ASSOCIATES, P.C.",TN,1711.0,2010,Loss,Other (Cloud/Portable Media),No
,False,YALE UNIVERSITY,CT,1000.0,2010,Theft,Physical Device (Workstation/Laptop),No
,False,"EASTMORELAND SURGICAL CLINIC, WILLIAM GRAHAM, DO",OR,4328.0,2010,Theft,Physical Device (Workstation/Laptop),No
,False,COOK COUNTY HEALTH & HOSPITALS SYSTEM,IL,7081.0,2010,Theft,Physical Device (Workstation/Laptop),No
,False,PIONEER VALLEY PATHOLOGY,MA,24750.0,2010,Theft,Paper Records,Yes
,False,SUNBRIDGE HEALTHCARE CORPORATION,NM,1000.0,2010,Theft,Other (Cloud/Portable Media),No
,False,KPMG LLP,NY,3630.0,2010,Theft,Other (Cloud/Portable Media),Yes
,False,NYU SCHOOL OF MEDICINE--AGING AND DEMENTIA CLINICAL RESEARCH CENTER,NY,1200.0,2010,Loss,Other (Cloud/Portable Media),No
,False,AON CONSULTING,PA,22642.0,2010,Other/Unknown,Network Server,Yes
,False,UNIVERSITY OF ROCHESTER MEDICAL CENTER AND AFFILIATES,NY,857.0,2010,Loss,Other (Cloud/Portable Media),No
,False,"CURTIS R. BRYAN, M.D.",VA,2739.0,2010,Theft,Physical Device (Workstation/Laptop),No
,False,MAYO CLINIC,MN,1740.0,2010,Theft,Electronic Medical Record (EMR),No
,False,LABCORP PATIENT SERVICE CENTER,NV,507.0,2010,Theft,Paper Records,No
,False,THE KENT CENTER,RI,1361.0,2010,Theft,Paper Records,No
,False,"PEDIATRIC AND ADULT ALLERGY, PC",IA,19222.0,2010,Loss,Other (Cloud/Portable Media),No
,False,AULT CHIROPRACTIC CENTER,IN,2000.0,2010,Theft,Physical Device (Workstation/Laptop),No
,False,COUNTY OF LOS ANGELES,CA,33000.0,2010,Theft,Paper Records,No
,False,"MATTHEW H. CONRAD, M.D., P.A.",KS,1200.0,2010,Theft,Physical Device (Workstation/Laptop),No
,False,CARECORE NATIONAL,SC,1270.0,2010,Other/Unknown,Paper Records,Yes
,False,COUNSELING AND PSYCHOTHERAPY OF THROGGS NECK,NY,9000.0,2010,Theft,Physical Device (Workstation/Laptop),No
,False,ALASKAN AIDS ASSISTANCE ASSOCIATION,AK,2000.0,2010,Theft,Other (Cloud/Portable Media),Yes
050488,True,EDEN MEDICAL CENTER,CA,1474.0,2010,Theft,Other (Cloud/Portable Media),Yes
050030,True,OROVILLE HOSPITAL,CA,1474.0,2010,Theft,Other (Cloud/Portable Media),Yes
,False,"ST. VINCENT HOSPITAL AND HEALTH CARE CENTER, INC.",IN,1199.0,2010,Theft,Physical Device (Workstation/Laptop),No
,False,NEWYORK-PRESBYTERIAN HOSPITAL AND COLUMBIA UNIVERSITY MEDICAL CENTER,NY,6800.0,2010,Theft,Network Server,No
,False,ST. JAMES HOSPITAL AND HEALTH CENTERS,IL,967.0,2010,Improper Disposal,Paper Records,No
,False,"UNIVERSITY OF OKLAHOMA - TULSA, NEUROLOGY CLINIC",OK,19200.0,2010,Hacking/IT Incident,Physical Device (Workstation/Laptop),No
,False,"LORENZO BROWN, MD INC.",CA,928.0,2010,Theft,Physical Device (Workstation/Laptop),No
,False,JOSEPH A. GAGNON D/B/A GOLDTHWAIT ASSOCIATES,MA,11000.0,2010,Improper Disposal,Paper Records,Yes
,False,"DEBRA C. DUFFY, DDS",TX,4700.0,2010,Theft,Network Server,No
,False,"CUMBERLAND GASTROENTEROLOGY, P.S.C.",KY,2200.0,2010,Theft,Paper Records,No
,False,WESTMED MEDICAL GROUP,NY,578.0,2010,Theft,Physical Device (Workstation/Laptop),No
,False,JOHNS HOPKINS UNIVERSITY APPLIED PHYSICS LABORATORY (JHU/APL) MEDICAL AND DENTAL INSURANCE PLAN,MD,692.0,2010,Other/Unknown,Other (Cloud/Portable Media),No
,False,LONESTAR AUDIOLOGY GROUP,TX,585.0,2010,Theft,Physical Device (Workstation/Laptop),No
,False,UTAH DEPARTMENT OF WORKFORCE SERVICES,UT,1298.0,2010,Other/Unknown,Physical Device (Workstation/Laptop),Yes
,False,SW SEATTLE ORTHOPAEDIC AND SPORTS MEDICINE,WA,9493.0,2010,Hacking/IT Incident,Network Server,No
,False,UNIVERSITY OF ARKANSAS FOR MEDICAL SCIENCES,AR,1000.0,2010,Theft,Other (Cloud/Portable Media),No
,False,ASPEN DENTAL CARE P.C.,CO,2500.0,2010,Theft,Other (Cloud/Portable Media),No
,False,"BLUECROSS BLUESHIELD OF TENNESSEE, INC.",TN,1023209.0,2010,Theft,Other (Cloud/Portable Media),No
050116,True,NORTHRIDGE HOSPITAL MEDICAL CENTER,CA,716.0,2010,Loss,Paper Records,No
,False,PUERTO RICO DEPARTMENT OF HEALTH - TRIPLE S MANAGEMENT CORP.,PR,475000.0,2010,Unauthorized Access/Disclosure,Network Server,Yes
,False,"AETNA, INC.",CT,2345.0,2010,Unauthorized Access/Disclosure,Network Server,No
,False,STA-HOME HEALTH & HOSPICE,MS,1104.0,2010,Theft,Physical Device (Workstation/Laptop),No
,False,MEDICAL CARD SYSTEM/MCS-HMO/MCS ADVANTAGE/MCS LIFE,PR,115000.0,2010,Unauthorized Access/Disclosure,Other (Cloud/Portable Media),Yes
,False,VNA OF SOUTHEASTERN CT.,CT,12000.0,2010,Theft,Physical Device (Workstation/Laptop),No
,False,"PRIME HOME CARE, LLC",NE,1550.0,2010,Theft,Physical Device (Workstation/Laptop),No
,False,VISITING NURSE SERVICE ASSOCIATION OF SCHENECTADY COUNTY,NY,535.0,2010,Theft,Physical Device (Workstation/Laptop),No
,False,"MANOR CARE INDY (SOUTH), LLC.",IN,845.0,2010,Unauthorized Access/Disclosure,Paper Records,No
,False,"ROBERT WHEATLEY, DDS, PC",MO,1400.0,2010,Theft,Physical Device (Workstation/Laptop),No
230053,True,HENRY FORD HOSPITAL,MI,3700.0,2010,Theft,Physical Device (Workstation/Laptop),No
100073,True,HOLY CROSS HOSPITAL,FL,1500.0,2010,Theft,Paper Records,No
,False,"TRIPLE-S SALUD, INC.",PR,398000.0,2010,Theft,Network Server,No
,False,"PROFESSIONAL TRANSCRIPTION COMPANY, INC.",NY,1744.0,2010,Theft,Network Server,Yes
050468,True,MEMORIAL HOSPITAL OF GARDENA,CA,771.0,2010,Unauthorized Access/Disclosure,Paper Records,No
37014F,True,OKLAHOMA CITY VA MEDICAL CENTER,OK,1950.0,2010,Theft,Paper Records,No
330202,True,KINGS COUNTY HOSPITAL CENTER,NY,542.0,2010,Theft,Physical Device (Workstation/Laptop),No
,False,UNIVERSITY OF TENNESSEE MEDICAL CENTER,TN,8200.0,2010,Improper Disposal,Paper Records,No
,False,ALBERT EINSTEIN HEALTHCARE NETWORK,PA,613.0,2010,Theft,Physical Device (Workstation/Laptop),No
,False,H.E.L.P. FINANCIAL CORPORATION,MI,9475.0,2010,Unauthorized Access/Disclosure,Paper Records,Yes
,False,ZARZAMORA FAMILY DENTAL CARE,TX,800.0,2010,Theft,Physical Device (Workstation/Laptop),No
,False,"GARY C. SPINKS, DMD, PC",MD,1000.0,2010,Hacking/IT Incident,Network Server,No
,False,HOSPITAL AUXILIO MUTUO,PR,1000.0,2010,Theft,Physical Device (Workstation/Laptop),No
,False,"GAIR MEDICAL TRANSCRIPTION SERVICES, INC.",PA,1085.0,2010,Unauthorized Access/Disclosure,Network Server,Yes
,False,COOK COUNTY HEALTH & HOSPITALS SYSTEM,IL,556.0,2010,Theft,Physical Device (Workstation/Laptop),No
,False,"DEAN HEALTH SYSTEMS, INC.; ST. MARY'S HOSPITAL; ST. MARYS DEAN VENTURES, INCORPORATED",WI,3288.0,2010,Theft,Physical Device (Workstation/Laptop),No
,False,RIVERSIDE MERCY HOSPITAL AND OHIO/MERCY DIAGNOSTICS,OH,1000.0,2010,Improper Disposal,Paper Records,No
,False,CALIFORNIA THERAPY SOLUTIONS,CA,1250.0,2010,Theft,Other (Cloud/Portable Media),No
,False,THE SOUTHWESTERN INDIANA REGIONAL COUNCIL ON AGING,IN,757.0,2010,Theft,Physical Device (Workstation/Laptop),Yes
,False,HILS TRANSCRIPTION,IN,585.0,2010,Unauthorized Access/Disclosure,Other (Cloud/Portable Media),Yes
390270,True,GEISINGER WYOMING VALLEY MEDICAL CENTER,PA,2928.0,2010,Theft,Email,No
,False,MANKATO CLINIC,MN,3159.0,2010,Theft,Physical Device (Workstation/Laptop),No
,False,"ZENITH ADMINISTRATORS, INC.",MD,800.0,2010,Theft,Paper Records,Yes
,False,OUR LADY OF PEACE HOSPITAL,KY,24600.0,2010,Theft,Other (Cloud/Portable Media),No
,False,"SOUTHERN PERIOPERATIVE SERVICES, P.C.",AL,2000.0,2010,Theft,Other (Cloud/Portable Media),No
,False,KEYSTONE/AMERIHEALTH MERCY HEALTH PLANS,PA,808.0,2010,Loss,Other (Cloud/Portable Media),No
,False,"ANKLE + FOOT CENTER OF TAMPA BAY, INC.",FL,156000.0,2011,Theft,Network Server,No
,False,OHIOHEALTH CORPORATION DBA GRANT MEDICAL CENTER,OH,501.0,2011,Theft,Physical Device (Workstation/Laptop),No
,False,"SEACOAST RADIOLOGY, PA",NH,231400.0,2011,Hacking/IT Incident,Network Server,No
,False,FRIENDSHIP CENTER DENTAL OFFICE,FL,2200.0,2011,Theft,Physical Device (Workstation/Laptop),No
,False,ST.VINCENT HOSPITAL - INDIANAPOLIS,IN,1848.0,2011,Hacking/IT Incident,Network Server,No
,False,CENTRA,VA,11982.0,2011,Theft,Physical Device (Workstation/Laptop),No
,False,FRANCISCAN MEDICAL GROUP,WA,1250.0,2011,Theft,Physical Device (Workstation/Laptop),No
,False,STATE OF SOUTH CAROLINA BUDGET AND CONTROL BOARD EMPLOYEE INSURANCE PROGRAM (EIP),SC,5596.0,2011,Theft,Physical Device (Workstation/Laptop),No
,False,TRAVIS SOFTWARE CORP.,TX,16200.0,2011,Loss,Other (Cloud/Portable Media),Yes
,False,LAKE WOODS NURSING & REHABILITATION CENTER,MI,656.0,2011,Theft,Physical Device (Workstation/Laptop),No
,False,J. A. STILL CORPORATION,MO,4800.0,2011,Theft,Other (Cloud/Portable Media),Yes
,False,"GRAYS HARBOR PEDIATRICS, PLLC",WA,12009.0,2011,Theft,Other (Cloud/Portable Media),No
,False,"HANGER PROSTHETICS & ORTHOTICS, INC.",TX,4486.0,2011,Theft,Physical Device (Workstation/Laptop),No
,False,BAYLOR HEART AND VASCULAR CENTER,TX,8241.0,2011,Theft,Other (Cloud/Portable Media),No
,False,"CHC MEMPHIS CMHC, LLC",TN,500.0,2011,Theft,Physical Device (Workstation/Laptop),No
,False,JEFFERSON CENTER FOR MENTAL HEALTH,CO,546.0,2011,Theft,Paper Records,No
,False,INTEGRANETICS,KY,18871.0,2011,Hacking/IT Incident,Network Server,Yes
,False,"ORTHO MONTANA, PSC",MT,37000.0,2011,Theft,Physical Device (Workstation/Laptop),No
,False,CANCER CARE NORTHWEST P.S.,WA,3100.0,2011,Theft,Paper Records,No
,False,SAINT LOUIS UNIVERSITY,MO,800.0,2011,Hacking/IT Incident,Physical Device (Workstation/Laptop),No
,False,GRM INFORMATION MANAGEMENT SERVICES,NJ,1700000.0,2011,Theft,Electronic Medical Record (EMR),Yes
,False,LONG BEACH MEMORIAL MEDICAL CENTER,CA,2250.0,2011,Unauthorized Access/Disclosure,Other (Cloud/Portable Media),No
450419,True,TEXAS HEALTH HARRIS METHODIST HOSPITAL AZLE,TX,9922.0,2011,Theft,Other (Cloud/Portable Media),No
,False,BUSINESS EXPRESS,FL,2700.0,2011,Theft,Other (Cloud/Portable Media),Yes
,False,XFORIA WEB SERVICES,WV,3655.0,2011,Unauthorized Access/Disclosure,Network Server,Yes
,False,MOUNTAIN VISTA MEDICAL CENTER,AZ,2291.0,2011,Loss,Other (Cloud/Portable Media),No
,False,DEPARTAMENTO DE SALUD DE PUERTO RICO,Unknown,2621.0,2011,Loss,Other (Cloud/Portable Media),No
230053,True,HENRY FORD HOSPITAL,MI,2777.0,2011,Loss,Other (Cloud/Portable Media),No
,False,TRIWEST HEALTHCARE ALLIANCE CORP.,AZ,4500.0,2011,Unauthorized Access/Disclosure,Paper Records,Yes
,False,BLUE CROSS AND BLUE SHIELD OF FLORIDA,FL,7366.0,2011,Other/Unknown,Other (Cloud/Portable Media),No
,False,"UNIVERSITY HEALTH SERVICES, UNIVERSITY OF MASSACHUSETTS, AMHERST",MA,942.0,2011,Unauthorized Access/Disclosure,Physical Device (Workstation/Laptop),No
,False,"OMNICARE, INC",KY,8845.0,2011,Theft,Physical Device (Workstation/Laptop),No
,False,"JEFFREY J. SMITH, MD",OK,600.0,2011,Theft,Physical Device (Workstation/Laptop),No
,False,"COVENTRY HEALTH CARE, INC.",MD,765.0,2011,Unauthorized Access/Disclosure,Paper Records,Yes
450064,True,TEXAS HEALTH ARLINGTON MEMORIAL HOSPITAL,TX,654.0,2011,Other/Unknown,Electronic Medical Record (EMR),No
,False,"RAPE & BROOKS ORTHODONTICS, P.C.",AL,20744.0,2011,Theft,Network Server,No
,False,NYU SCHOOL OF MEDICINE FACULTY GROUP PRACTICE,NY,670.0,2011,Theft,Physical Device (Workstation/Laptop),No
,False,COUNTY OF LOS ANGELES,CA,667.0,2011,Theft,Physical Device (Workstation/Laptop),No
050573,True,EISENHOWER MEDICAL CENTER,CA,514330.0,2011,Theft,Physical Device (Workstation/Laptop),No
,False,CLARKSBURG - LOUIS A. JOHNSON VA MEDICAL CENTER,WV,1470.0,2011,Unauthorized Access/Disclosure,Paper Records,No
,False,TRISHA ELAINE CORDOVA,AK,1700.0,2011,Theft,Physical Device (Workstation/Laptop),Yes
,False,"PARK AVENUE OBSTETRICS & GYNECOLOGY, PC",AZ,635.0,2011,Theft,Other (Cloud/Portable Media),No
,False,"BRIAN J DANIELS D.D.S.,PAUL R DANIELS D.D.S.",AZ,10000.0,2011,Theft,Other (Cloud/Portable Media),No
070025,True,HARTFORD HOSPITAL,CT,93500.0,2011,Theft,Other (Cloud/Portable Media),Yes
,False,"PATIENT CARE SERVICES AT SAINT FRANCIS, INC.",OK,84000.0,2011,Theft,Network Server,No
,False,UNION SECURITY INSURANCE COMPANY,MO,935.0,2011,Unauthorized Access/Disclosure,Other (Cloud/Portable Media),No
,False,OKLAHOLMA STATE DEPT. OF HEALTH,OK,132940.0,2011,Theft,Physical Device (Workstation/Laptop),No
,False,AIKEN COMMUNITY BASED OUTPATIENT CLINIC,SC,2717.0,2011,Improper Disposal,Paper Records,No
,False,FAIRVIEW HEALTH SERVICES,MN,1215.0,2011,Loss,Paper Records,No
,False,SW GENERAL INC,AZ,566.0,2011,Theft,Paper Records,No
,False,IBM,NY,1900000.0,2011,Other/Unknown,Other (Cloud/Portable Media),Yes
,False,"HEALTHCARE SOLUTIONS TEAM, LLC",IL,675.0,2011,Unauthorized Access/Disclosure,Other (Cloud/Portable Media),Yes
,False,COMMUNITY ACTION PARTNERSHIP OF NATRONA COUNTY,WY,15000.0,2011,Theft,Physical Device (Workstation/Laptop),No
,False,"KEITH & FISHER, DDS, PA",NC,6000.0,2011,Hacking/IT Incident,Network Server,No
,False,PHOENIX HEALTH PLAN,AZ,9393.0,2011,Hacking/IT Incident,Network Server,No
,False,MACNEAL HOSPITAL,IL,845.0,2011,Hacking/IT Incident,Network Server,No
,False,WEST LAKE HOSPITAL,IL,686.0,2011,Hacking/IT Incident,Network Server,No
,False,MACNEAL PHYSICIAN GROUP,IL,532.0,2011,Hacking/IT Incident,Network Server,No
,False,GENESIS CLINICAL LABORATORY,IL,1070.0,2011,Hacking/IT Incident,Network Server,No
360040,True,KNOX COMMUNITY HOSPITAL,OH,500.0,2011,Improper Disposal,Other (Cloud/Portable Media),No
301311,True,SPEARE MEMORIAL HOSPITAL,NH,5960.0,2011,Theft,Physical Device (Workstation/Laptop),No
450723,True,METHODIST CHARLTON MEDICAL CENTER,TX,1500.0,2011,Theft,Physical Device (Workstation/Laptop),No
,False,REID HOSPITAL & HEALTH CARE SERVICES,IN,22001.0,2011,Theft,Physical Device (Workstation/Laptop),No
,False,DRS EDALJI AND KOMER,MA,563.0,2011,Theft,Physical Device (Workstation/Laptop),No
,False,UNION SECURITY INSURANCE COMPANY,MO,850.0,2011,Unauthorized Access/Disclosure,Other (Cloud/Portable Media),No
390173,True,INDIANA REGIONAL MEDICAL CENTER,PA,1388.0,2011,Theft,Paper Records,No
,False,PMC MEDICARE CHOICE,PR,24361.0,2011,Theft,Physical Device (Workstation/Laptop),No
,False,"MMM HEALTHCARE, INC.",PR,32390.0,2011,Theft,Physical Device (Workstation/Laptop),No
,False,CVS CAREMARK,AZ,654.0,2011,Theft,Paper Records,No
,False,CENTER FOR ARTHRITIS & RHEUMATIC DISEASES,FL,8000.0,2011,Theft,Paper Records,No
,False,"ROBERT B. MILLER, MD",CA,620.0,2011,Theft,Physical Device (Workstation/Laptop),No
,False,ST. MARY'S HOSPITAL FOR CHILDREN,NY,550.0,2011,Theft,Paper Records,Yes
,False,IMAGING CENTER OF GARLAND,TX,1031.0,2011,Improper Disposal,Other (Cloud/Portable Media),No
,False,"CAHABA GOVERNMENT BENEFIT ADMINISTRATORS, LLC",AL,13412.0,2011,Unauthorized Access/Disclosure,Paper Records,Yes
,False,AGENT BENEFITS CORPORATION,MI,11387.0,2011,Hacking/IT Incident,Network Server,Yes
,False,VA CARIBBEAN HEALTHCARE SYSTEM,PR,6006.0,2011,Theft,Paper Records,No
,False,SPARTANBURG REGIONAL HEALTHCARE SYSTEM,SC,400000.0,2011,Theft,Physical Device (Workstation/Laptop),No
,False,SAINT JOSEPH - BEREA,KY,1986.0,2011,Theft,Other (Cloud/Portable Media),No
,False,NAVOS,WA,2700.0,2011,Other/Unknown,Paper Records,No
,False,LOWER UMPQUA HOSPITAL,OR,17000.0,2011,Theft,Other (Cloud/Portable Media),Yes
,False,"FOOTHILLS NEPHROLOGY, PC",SC,1280.0,2011,Theft,Other (Cloud/Portable Media),No
,False,"METROPOLITAN COMMUNITY HEALTH SERVICES, INC.",NC,1263.0,2011,Other/Unknown,Email,No
030073,True,TUBA CITY REGIONAL HEALTH CARE CORPORATION,AZ,2000.0,2011,Loss,Paper Records,No
,False,FIDELITY NATIONAL TECHNOLOGY IMAGING (FNTI),CA,1192.0,2011,Loss,Paper Records,Yes
,False,HEALTHCARE PARTNERS,CA,15677.0,2011,Theft,Physical Device (Workstation/Laptop),No
,False,NEW RIVER HEALTH ASSOCIATION,WV,950.0,2011,Unauthorized Access/Disclosure,Paper Records,No
,False,"GENE S. J. LIAW, MD. PS",WA,1105.0,2011,Theft,Other (Cloud/Portable Media),No
,False,BLUE CROSS AND BLUE SHIELD OF FLORIDA,FL,3463.0,2011,Unauthorized Access/Disclosure,Other (Cloud/Portable Media),No
,False,"ADVANCED DIAGNOSTIC IMAGING, P.C.",TN,705.0,2011,Theft,Physical Device (Workstation/Laptop),No
,False,"NOL, LLC D/B/A PREMIER RADIOLOGY",TN,810.0,2011,Theft,Physical Device (Workstation/Laptop),No
260141,True,UNIVERSITY OF MISSOURI HEALTH CARE,MO,1288.0,2011,Other/Unknown,Paper Records,No
,False,"AREA AGENCY ON AGING, OHIO DISTRICT 5",OH,78042.0,2011,Theft,Physical Device (Workstation/Laptop),Yes
,False,"GAIL GILLESPIE AND ASSOCIATES, LLC",LA,2000.0,2011,Theft,Network Server,No
,False,DEPARTMENT OF PERSONNEL AND ADMINISTRATION,CO,3589.0,2011,Theft,Other (Cloud/Portable Media),Yes
,False,HEALTH PLAN OF SAN MATEO,CA,694.0,2011,Unauthorized Access/Disclosure,Paper Records,No
,False,YANEZ DENTAL CORPORATION,CA,10190.0,2011,Theft,Network Server,No
,False,THE MOUNT SINAI HOSPITAL,NY,712.0,2011,Theft,Physical Device (Workstation/Laptop),No
010126,True,TROY REGIONAL MEDICAL CENTER,AL,880.0,2011,Unauthorized Access/Disclosure,Paper Records,No
100022,True,JACKSON HEALTH SYSTEM,FL,1562.0,2011,Unauthorized Access/Disclosure,Electronic Medical Record (EMR),No
,False,LANSING COMMUNITY COLLEGE,MI,5000.0,2011,Hacking/IT Incident,Network Server,Yes
,False,DR AXEL VELEZ,PR,2800.0,2011,Theft,Physical Device (Workstation/Laptop),No
,False,MEMORIAL HEALTH SYSTEMS,CO,2300.0,2011,Unauthorized Access/Disclosure,Network Server,No
,False,"DEKALB MEDICAL CENTER, INC. D/B/A DEKALB MEDICAL HILLANDALE",GA,7500.0,2011,Theft,Paper Records,No
220086,True,BETH ISRAEL DEACONESS MEDICAL CENTER,MA,2021.0,2011,Hacking/IT Incident,Network Server,No
,False,"ASSURECARE RISK MANAGEMENT, INC.",IL,25330.0,2011,Unauthorized Access/Disclosure,Network Server,Yes
,False,"ANDERSEN AIR FORCE BASE, GUAM",VA,700.0,2011,Improper Disposal,Paper Records,No
,False,"RXAMERICA, A SUBSIDIARY OF CVS CAREMARK",TX,4573.0,2011,Unauthorized Access/Disclosure,Paper Records,Yes
,False,WINDSOR HEALTH PLAN,TN,1378.0,2011,Unauthorized Access/Disclosure,Paper Records,Yes
,False,HEALTH CARE SERVICE CORPORATION,IL,501.0,2011,Theft,Paper Records,No
,False,UNIVERSITY OF KENTUCKY - UK HEALTHCARE,KY,3604.0,2011,Theft,Physical Device (Workstation/Laptop),No
,False,"AUSTIN CENTER FOR THERAPY AND ASSESSMENT, LLC",TX,1870.0,2011,Theft,Physical Device (Workstation/Laptop),No
,False,MILLS-PENINSULA HEALTH SERVICES,CA,1500.0,2011,Unauthorized Access/Disclosure,Paper Records,No
,False,TREATMENT SERVICES NORTHWEST,OR,1200.0,2011,Theft,Physical Device (Workstation/Laptop),No
,False,BRIGHAM AND WOMEN'S HOSPITAL AND FAULKNER HOSPITAL,MA,638.0,2011,Theft,Other (Cloud/Portable Media),No
,False,"ASHLEY INDUSTRIAL MOLDING, INC. EMPLOYEE WELFARE BENEFIT PLAN",IN,506.0,2011,Hacking/IT Incident,Network Server,Yes
,False,MED ASSETS,NJ,8795.0,2011,Theft,Other (Cloud/Portable Media),Yes
,False,WASHINGTON STATE DEPARTMENT OF SOCIAL AND HEALTH SERVICES,WA,3950.0,2011,Unauthorized Access/Disclosure,Paper Records,No
,False,ACCUPRINT,PR,5848.0,2011,Theft,Other (Cloud/Portable Media),Yes
,False,THE NEUROLOGICAL INSTITUTE OF SAVANNAH & CENTER FOR SPINE,GA,63425.0,2011,Theft,Other (Cloud/Portable Media),No
,False,COLORADO DEPARTMENT OF HEALTH CARE POLICY AND FINANCING,CO,3589.0,2011,Loss,Other (Cloud/Portable Media),No
,False,TEXAS HEALTH PARTNERS,TX,10345.0,2011,Theft,Physical Device (Workstation/Laptop),Yes
,False,MEDASSETS,NJ,32008.0,2011,Theft,Other (Cloud/Portable Media),Yes
,False,CAPRON RESCUE SQUAD DISTRICT,IL,815.0,2011,Unauthorized Access/Disclosure,Physical Device (Workstation/Laptop),No
,False,LEXINGTON VAMC,KY,1432.0,2011,Theft,Physical Device (Workstation/Laptop),No
,False,"SPAMED SOLUTIONS, LLC, EDWARD MCMENAMIN PRESIDENT,",NJ,3000.0,2011,Theft,Network Server,Yes
,False,"MULTI-SPECIALITY COLLECTION SERVICES, LLC",CA,19651.0,2011,Unauthorized Access/Disclosure,Other (Cloud/Portable Media),Yes
,False,"HEALTH RESEARCH INSTITUTE, INC., PFEIFFER TREATMENT CENTER",IL,2000.0,2011,Theft,Network Server,No
,False,NEA BAPTIST CLINIC,AR,3116.0,2011,Hacking/IT Incident,Network Server,No
,False,"MUIR ORTHOPAEDIC SPECIALISTS, A MEDICAL GROUP INC.",CA,1800.0,2011,Theft,Paper Records,No
,False,JONATHAN NOEL MD,IN,2059.0,2011,Theft,Other (Cloud/Portable Media),No
,False,TEXAS HEALTH AND HUMAN SERVICES COMMISSION,TX,1696.0,2011,Theft,Physical Device (Workstation/Laptop),No
,False,LIVING HEALTHY COMMUNITY CLINIC,WI,3000.0,2011,Hacking/IT Incident,Physical Device (Workstation/Laptop),Yes
,False,CENTRO DE ORTODONCIA INC.,PR,2000.0,2011,Theft,Paper Records,No
,False,"JOHN T. MELVIN, M.D.& ASSOCIATES",TX,2541.0,2011,Theft,Paper Records,No
,False,"DIVERSIFIED RESOURCES, INC.",GA,863.0,2011,Theft,Physical Device (Workstation/Laptop),No
,False,FREDA J BOWMAN  MD PA,TX,1300.0,2011,Hacking/IT Incident,Network Server,No
,False,VA GULF COAST VETERANS HEALTH CARE SYSTEM,MS,1797.0,2011,Theft,Paper Records,No
,False,"BONNEY LAKE MEDICAL CENTER AND MYTHILI R. RAMACHANDRAN, MD",WA,2367.0,2011,Theft,Physical Device (Workstation/Laptop),No
,False,"BENEFITS ADMINISTRATION SERVICES, INC.",VA,4000.0,2011,Loss,Other (Cloud/Portable Media),Yes
,False,HEALTH TEXAS PROVIDER NETWORK,TX,1259.0,2011,Theft,Physical Device (Workstation/Laptop),No
,False,"ALLONE HEALTH MANAGEMENT SOLUTIONS, INC.",PA,507.0,2011,Theft,Physical Device (Workstation/Laptop),Yes
,False,VA ILLIANA HEALTH CARE SYSTEM,IL,518.0,2011,Loss,Paper Records,No
,False,NYU HOSPITAL FOR JOINT DISEASES INVENTORY MANAGEMENT DEPARTMENT,NY,2600.0,2011,Theft,Paper Records,No
,False,FAIRVIEW HEALTH SERVICES,MN,14623.0,2011,Theft,Physical Device (Workstation/Laptop),No
,False,NORTH MEMORIAL HEALTH CARE,MN,9497.0,2011,Theft,Physical Device (Workstation/Laptop),No
,False,"SUMMIT MEDICAL GROUP, PLLC",TN,731.0,2011,Theft,Paper Records,No
,False,FIRST PRIORITY LIFE INSURANCE COMPANY,PA,579.0,2011,Theft,Paper Records,Yes
,False,MAPFRE LIFE,PR,2209.0,2011,Theft,Physical Device (Workstation/Laptop),No
,False,HENRY FORD HEALTH SYSTEM,MI,520.0,2011,Theft,Physical Device (Workstation/Laptop),No
,False,FUTURITY FIRST INSURANCE GROUP,CT,1631.0,2011,Loss,Other (Cloud/Portable Media),Yes
150056,True,INDIANA UNIVERSITY,IN,3266.0,2011,Theft,Physical Device (Workstation/Laptop),No
,False,THE NEMOURS FOUNDATION,FL,1055489.0,2011,Loss,Other (Cloud/Portable Media),No
,False,"THOMAS J O'LAUGHLIN, MD",CA,700.0,2011,Theft,Paper Records,Yes
,False,"ADULT & PEDIATRIC DERMATOLOGY, PC",MA,2200.0,2011,Theft,Other (Cloud/Portable Media),No
,False,FUTURITY FIRST INSURANCE GROUP,CT,3994.0,2011,Theft,Other (Cloud/Portable Media),Yes
,False,LAHEY CLINIC,MA,599.0,2011,Theft,Physical Device (Workstation/Laptop),No
,False,"INSTEP FOOT CLINIC, P.A.",MN,2600.0,2011,Theft,Physical Device (Workstation/Laptop),No
,False,FLORIDA HOSPITAL,FL,12784.0,2011,Unauthorized Access/Disclosure,Electronic Medical Record (EMR),No
,False,"THOMAS JEFFERSON UNIVERSITY HOSPITALS, INC.",PA,3150.0,2011,Theft,Other (Cloud/Portable Media),No
,False,LANKENAU MEDICAL CENTER,PA,500.0,2011,Theft,Other (Cloud/Portable Media),No
,False,MUTUAL OF OMAHA INSURANCE CO,NE,705.0,2011,Theft,Other (Cloud/Portable Media),No
,False,"SPECTRUM HEALTH SSYTEMS, INC.",MA,14750.0,2011,Theft,Physical Device (Workstation/Laptop),No
040029,True,CONWAY REGIONAL MEDICAL CENTER,AR,1472.0,2011,Loss,Other (Cloud/Portable Media),No
,False,"HITS SCANNING SOLUTIONS, INC.",MO,7059.0,2011,Theft,Other (Cloud/Portable Media),Yes
,False,STONE OAK URGENT CARE & FAMILY PRACTICE,TX,6672.0,2011,Theft,Physical Device (Workstation/Laptop),Yes
,False,"BREVARD EMERGENCY SERVICES, P.A.",FL,2200.0,2011,Theft,Paper Records,No
,False,INDIANA UNIVERSITY SCHOOL OF OPTOMETRY,IN,757.0,2011,Theft,Network Server,No
,False,MORRIS HEIGHTS HEALTH CENTER,NY,927.0,2011,Theft,Physical Device (Workstation/Laptop),No
,False,THRESHOLDS INC.,MI,1100.0,2011,Theft,Paper Records,Yes
,False,"PITNEY BOWES MANAGEMENT SERVICES, INC.",CT,1089.0,2011,Theft,Physical Device (Workstation/Laptop),Yes
,False,PREMIER IMAGING,NC,551.0,2011,Other/Unknown,Paper Records,No
,False,"JULIE A. KENNEDY, D.M.D., P.A.",FL,2900.0,2011,Theft,Network Server,No
,False,"KCI USA, INC.",TX,567.0,2011,Theft,Other (Cloud/Portable Media),No
,False,LEBANON INTERNAL MEDICINE ASSOCIATES,PA,55000.0,2011,Improper Disposal,Network Server,No
,False,ST. JOSEPH MEDICAL CENTER,MD,5000.0,2011,Theft,Paper Records,No
,False,SCIENCE APPLICATIONS INTERNATIONAL CORPORATION (SA,VA,4900000.0,2011,Loss,Other (Cloud/Portable Media),Yes
,False,UCLA HEALTH SYSTEM,CA,2761.0,2011,Theft,Other (Cloud/Portable Media),No
,False,LOGAN COUNTY EMERGENY AMBULANCE SERVICE AUTHORITY,WV,12563.0,2011,Theft,Physical Device (Workstation/Laptop),No
,False,"AMERIGROUP COMMUNITY CARE OF NEW MEXICO, INC",NM,1537.0,2011,Theft,Paper Records,No
,False,"MID CONTINENT CREDIT SERVICES, INC.",KS,8275.0,2011,Theft,Other (Cloud/Portable Media),Yes
,False,DALLAS COUNTY HOSPITAL DISTRICT DBA PARKLAND HEALTH & HOSPITAL SYSTEM,TX,2464.0,2011,Unauthorized Access/Disclosure,Paper Records,No
,False,SUTTER MEDICAL FOUNDATION,AL,943434.0,2011,Theft,Physical Device (Workstation/Laptop),No
,False,MEDCENTER ONE,ND,650.0,2011,Theft,Physical Device (Workstation/Laptop),No
,False,SITKA WELLNESS CENTER,AK,566.0,2011,Unauthorized Access/Disclosure,Electronic Medical Record (EMR),No
,False,UNIVERSITY OF KENTUCKY UK HEALTHCARE,KY,878.0,2011,Loss,Other (Cloud/Portable Media),No
,False,STATE OF TENNESSEE SPONSORED GROUP HEALTH PLAN,TN,1770.0,2011,Unauthorized Access/Disclosure,Paper Records,No
,False,CLEVELAND CLINIC FLORIDA,FL,772.0,2011,Loss,Other (Cloud/Portable Media),No
,False,"JAY C. PLATT, DDS",IN,10705.0,2011,Theft,Other (Cloud/Portable Media),No
,False,CONTRA COSTA HEALTH SERVICES,CA,4700.0,2011,Unauthorized Access/Disclosure,Paper Records,No
,False,RITE AID CORPORATION,PA,2900.0,2011,Other/Unknown,Paper Records,No
,False,BLUE VANTAGE GROUP,NY,7226.0,2011,Unauthorized Access/Disclosure,Network Server,Yes
,False,NATION WISE MACHINE BUYERS,IL,2000.0,2011,Improper Disposal,Paper Records,Yes
,False,UNIVERSITY OF NEBRASKA MEDICAL CENTER,NE,611.0,2011,Theft,Paper Records,No
,False,ROBERTS S. SMITH M.D. INC.,GA,17000.0,2011,Theft,Physical Device (Workstation/Laptop),No
,False,"PAUL C. BROWN, MD, PS",WA,4693.0,2011,Theft,Other (Cloud/Portable Media),No
,False,MOLINA HEALTHCARE OF CALIFORNIA,CA,11081.0,2011,Other/Unknown,Paper Records,No
,False,AEGIS SCIENCES CORPORATION,TN,2185.0,2011,Theft,Physical Device (Workstation/Laptop),No
,False,"SOUNDPATH HEALTH, INC",WA,7581.0,2011,Theft,Physical Device (Workstation/Laptop),No
,False,CONCENTRA HEALTH,TX,870.0,2011,Theft,Physical Device (Workstation/Laptop),No
,False,SLEEP HEALTHCENTERS LLC,MA,2988.0,2011,Theft,Physical Device (Workstation/Laptop),No
,False,SMILE DESIGNS,FL,1670.0,2012,Theft,Network Server,No
,False,ALAMANCE CASWELL LOCAL MANAGEMENT ENTITY,NC,50000.0,2012,Unauthorized Access/Disclosure,Network Server,Yes
,False,"CARDIONET, INC",PA,1300.0,2012,Theft,Physical Device (Workstation/Laptop),No
,False,RIGHTNOW TECHNOLOGIES,MT,2700.0,2012,Unauthorized Access/Disclosure,Other (Cloud/Portable Media),Yes
,False,"WAGEWORKS, INC.",CA,1700.0,2012,Other/Unknown,Paper Records,Yes
,False,FOUNDATION MEDICAL PARTNERS,NH,771.0,2012,Theft,Paper Records,No
,False,FOUNDATION MEDICAL PARTNERS,NH,771.0,2012,Unauthorized Access/Disclosure,Paper Records,No
,False,KANSAS DEPARTMENT ON AGING,KS,7757.0,2012,Theft,Physical Device (Workstation/Laptop),No
,False,DELTA DENTAL OF CALIFORNIA,CA,11646.0,2012,Other/Unknown,Paper Records,No
,False,MUSKOGEE REGIONAL MEDICAL CENTER,OK,844.0,2012,Loss,Other (Cloud/Portable Media),No
,False,"ACS, AFFILIATED COMPUTER SERVICES, INC., A XEROX COMPANY",VA,1444.0,2012,Unauthorized Access/Disclosure,Paper Records,Yes
,False,"OLDENDORF MEDICAL SERVICES, PLLC",NY,549.0,2012,Theft,Physical Device (Workstation/Laptop),No
,False,ST.VINCENT PHYSICIAN NETWORK,IN,1423.0,2012,Theft,Paper Records,No
,False,FLEX PHYSICAL THERAPY,WA,3100.0,2012,Theft,Physical Device (Workstation/Laptop),No
,False,METRO COMMUNITY PROVIDER NETWORK,CO,3200.0,2012,Hacking/IT Incident,Email,No
,False,UNIVERSITY OF MIAMI,FL,1219.0,2012,Theft,Other (Cloud/Portable Media),No
,False,"TRIUMPH, LLC",NC,2000.0,2012,Theft,Physical Device (Workstation/Laptop),No
,False,UNITEDHEALTH GROUP HEALTH PLAN SINGLE AFFILIATED COVERED ENTITY,MN,6678.0,2012,Other/Unknown,Paper Records,No
,False,ACCRETIVE HEALTH,IL,14000.0,2012,Theft,Physical Device (Workstation/Laptop),Yes
,False,LOMA LINDA UNIVERSITY MEDICAL CENTER (LLUMC),CA,1366.0,2012,Other/Unknown,Paper Records,No
,False,"AFFILIATED COMPUTER SERVICES, INC.  (ACS, INC.) A XEROX COMPANY",NJ,1700.0,2012,Other/Unknown,Other (Cloud/Portable Media),Yes
,False,"MEDCO HEALTH SOLUTIONS, INC.",NJ,1287.0,2012,Theft,Paper Records,No
,False,LAKEVIEW MEDICAL CENTER,WI,698.0,2012,Theft,Physical Device (Workstation/Laptop),No
,False,"GOSHEN HEALTH SYSTEM, INC.",IN,660.0,2012,Hacking/IT Incident,Other (Cloud/Portable Media),No
,False,MOTION PICTURE INDUSTRY HEALTH PLANS (MPI),CA,703.0,2012,Theft,Other (Cloud/Portable Media),No
,False,ST. JOSEPH HEALTH SYSTEM,CA,12234.0,2012,Unauthorized Access/Disclosure,Network Server,No
,False,GEORGETOWN UNIVERSITY HOSPITAL,DC,1549.0,2012,Unauthorized Access/Disclosure,Paper Records,No
,False,DR. TRANDINH,OR,2300.0,2012,Theft,Physical Device (Workstation/Laptop),Yes
,False,OCHSNER HEALTH SYSTEM,LA,2088.0,2012,Loss,Other (Cloud/Portable Media),No
,False,"CARDIONET, INC.",PA,728.0,2012,Theft,Physical Device (Workstation/Laptop),No
,False,"BETH BARRETT CONSULTING, LLC",NM,7000.0,2012,Theft,Physical Device (Workstation/Laptop),Yes
,False,"CATALYST HEALTH SOLUTIONS, INC.",MD,632.0,2012,Unauthorized Access/Disclosure,Other (Cloud/Portable Media),Yes
,False,"T&P CONSULTING, INC. D/B/A QUANTUM",PR,7706.0,2012,Theft,Physical Device (Workstation/Laptop),Yes
,False,LEE MILLER REHABILITATION ASSOCIATES,MD,10480.0,2012,Theft,Network Server,No
,False,"JEREMAIH J. TWOMEY, F.A.C.P., P.A.",TX,2559.0,2012,Theft,Other (Cloud/Portable Media),Yes
,False,ANCHORAGE COMMUNITY MENTAL HEALTH SERVICES INC.,AK,2743.0,2012,Unauthorized Access/Disclosure,Physical Device (Workstation/Laptop),No
,False,ROBLEY REX VA MEDICAL CENTER,KY,1182.0,2012,Other/Unknown,Paper Records,No
,False,INDIANA INTERNAL MEDICINE CONSULTANTS,IN,20000.0,2012,Theft,Physical Device (Workstation/Laptop),No
,False,QUANTUM HEALTH CONSULTING,PR,4645.0,2012,Theft,Physical Device (Workstation/Laptop),Yes
050315,True,KERN MEDICAL CENTER,CA,1431.0,2012,Theft,Paper Records,No
,False,"T & P CONSULTING, INC. D/B/A QUANTUM HEALTH CONSULTING",PR,10000.0,2012,Theft,Physical Device (Workstation/Laptop),Yes
,False,"T&P CONSULTING, INC. D/B/A QUANTUM HEALTH CONSULTING",PR,27098.0,2012,Theft,Physical Device (Workstation/Laptop),Yes
,False,"WILLIAM F. DELUCA JR., M.D.",NY,577.0,2012,Theft,Physical Device (Workstation/Laptop),No
,False,QUANTUM HEALTH CONSULTING,PR,7923.0,2012,Theft,Physical Device (Workstation/Laptop),Yes
,False,ADVANCED CLINICAL RESEARCH INSTITUTE,CA,875.0,2012,Theft,Paper Records,No
,False,"T&P CONSULTING, INC DBA QUANTUM HC",PR,7606.0,2012,Theft,Physical Device (Workstation/Laptop),Yes
,False,GEORGIA HEALTH SCIENCES UNIVERSITY,GA,513.0,2012,Theft,Physical Device (Workstation/Laptop),No
,False,"BAYLOR HEART AND VASCULAR CENTER, LLP",TX,1972.0,2012,Theft,Other (Cloud/Portable Media),No
,False,DUKE UNIVERSITY HEALTH SYSTEM,NC,1370.0,2012,Unauthorized Access/Disclosure,Other (Cloud/Portable Media),No
,False,CHICAGO MUSCOSKELETAL INSTITUTE,IL,750.0,2012,Unauthorized Access/Disclosure,Network Server,No
,False,"CAREMARK PCS HEALTH, L.L.C. (FORMERLY KNOWN AS CAREMARK PCS HEALTH, L.P.)",IL,3482.0,2012,Other/Unknown,Paper Records,Yes
,False,ST. JOSEPH'S MEDICAL CENTER,CA,712.0,2012,Theft,Paper Records,No
,False,CENTERLIGHT HEALTHCARE,NY,642.0,2012,Unauthorized Access/Disclosure,Email,No
,False,LAKE GRANBURY MEDICL CETER,TX,502.0,2012,Theft,Paper Records,No
,False,COUNTY OF WAYNE DEPARTMENT OF PERSONNEL/HUMAN RESOURCES BENEFITS ADMINISTRATION DIVISION,MI,1229.0,2012,Unauthorized Access/Disclosure,Email,No
,False,ST. ELIZABETH'S MEDICAL CENTER,MA,6831.0,2012,Loss,Paper Records,No
,False,THE NEIGHBORHOOD CHRISTIAN CLINIC,AZ,9565.0,2012,Loss,Other (Cloud/Portable Media),No
,False,DAVID CHARLES RISH,CA,2000.0,2012,Theft,Other (Cloud/Portable Media),Yes
,False,"ACCENTCARE HOME HEALTH OF CALIFORNIA, INC. MEDICARE # 057564    CA STATE LICENSE # 080000226",CA,1000.0,2012,Unauthorized Access/Disclosure,Email,No
,False,AFFINITY HEALTH PLAN,NY,933.0,2012,Unauthorized Access/Disclosure,Email,No
,False,HEALTHLOGIX,MI,555.0,2012,Unauthorized Access/Disclosure,Paper Records,Yes
,False,UTAH DEPARTMENT OF TECHNOLOGY SERVICES,UT,780000.0,2012,Hacking/IT Incident,Network Server,Yes
,False,RHINEBECK HEALTH CENTER/CENTER FOR PROGRESSIVE MEDICINE,NY,6745.0,2012,Theft,Network Server,No
,False,IU MEDICAL GROUP,IN,1000.0,2012,Improper Disposal,Paper Records,No
,False,"ROY E. GONDO, M.D.",WA,2100.0,2012,Theft,Physical Device (Workstation/Laptop),No
,False,MEMORIAL HEALTHCARE SYSTEM,FL,9497.0,2012,Other/Unknown,Other (Cloud/Portable Media),No
,False,"DRD MANAGEMENT, INC. D/B/A DRD KNOXVILLE MEDICAL CLINIC - CENTRAL",TX,1000.0,2012,Improper Disposal,Paper Records,No
,False,EMORY HEALTHCARE,GA,315000.0,2012,Other/Unknown,Other (Cloud/Portable Media),No
,False,DESERT AIDS PROJECT,CA,4400.0,2012,Theft,Physical Device (Workstation/Laptop),No
,False,UNIVERSITY OF ARKANSAS FOR MEDICAL SCIENCES,AR,7121.0,2012,Unauthorized Access/Disclosure,Other (Cloud/Portable Media),No
,False,"TLC DENTAL DANIA, LLC",FL,750.0,2012,Theft,Paper Records,No
,False,SOUTH CAROLINA DEPARTMENT OF HEALTH AND HUMAN SERVICES,SC,228435.0,2012,Unauthorized Access/Disclosure,Email,No
,False,OREGON HEALTH AUTHORITY,OR,550.0,2012,Theft,Paper Records,No
,False,SHIELDS FOR FAMILIES,CA,961.0,2012,Theft,Network Server,No
,False,THOMAS JEFFERSON UNIVERSITY HOSPITALS,PA,590.0,2012,Theft,Paper Records,No
,False,"SAFE RIDE SERVICES, INC",AZ,42000.0,2012,Hacking/IT Incident,Network Server,No
,False,"OAKLAND VISION SERVICES, PC",MI,3000.0,2012,Hacking/IT Incident,Network Server,No
,False,INTRACARE NORTH HOSPITAL,TX,750.0,2012,Theft,Paper Records,No
,False,"STEPHEN HAGGARD, DPM PODIATRY",WA,1597.0,2012,Theft,Network Server,No
,False,BAPTIST HEALTH SYSTEM,AL,1655.0,2012,Improper Disposal,Paper Records,No
,False,UNIVERSITY OF HOUSTON FOR UH COLLEGE OF OPTOMETRY,TX,7000.0,2012,Hacking/IT Incident,Network Server,No
,False,RITE AID STORE 1343,WV,2905.0,2012,Theft,Paper Records,No
,False,IOWA DEPARTMENT OF HUMAN SERVICES,IA,3000.0,2012,Improper Disposal,Paper Records,No
,False,HOGAN SERVICES INC. HEALTH CARE PREMIUM PLAN,MO,1134.0,2012,Unauthorized Access/Disclosure,Email,No
,False,FAMILY HEALTH SERVICES MINNESOTA PA,MN,4000.0,2012,Theft,Physical Device (Workstation/Laptop),No
050191,True,ST. MARY MEDICAL CENTER,CA,3900.0,2012,Loss,Other (Cloud/Portable Media),No
,False,DUKE UNIVERSITY HEALTH SYSTEM,NC,591.0,2012,Unauthorized Access/Disclosure,Other (Cloud/Portable Media),No
,False,WEST DERMATOLOGY,CA,1900.0,2012,Theft,Other (Cloud/Portable Media),No
190064,True,OUR LADY OF THE LAKE REGIONAL MEDICAL CENTER,LA,17000.0,2012,Theft,Physical Device (Workstation/Laptop),No
,False,UNITEDHEALTH GROUP HEALTH PLAN SINGLE AFFILIATED COVERED ENTITY,MN,19100.0,2012,Unauthorized Access/Disclosure,Other (Cloud/Portable Media),No
,False,"LUZ COLON, DPM  PODIATRY",FL,1137.0,2012,Theft,Physical Device (Workstation/Laptop),No
,False,AMERITAS LIFE INSURANCE CORP.,NE,3000.0,2012,Theft,Physical Device (Workstation/Laptop),No
,False,CHILDREN'S HOSPITAL BOSTON,MA,2159.0,2012,Theft,Physical Device (Workstation/Laptop),No
,False,"DATA IMAGE, INC.",OH,15000.0,2012,Unauthorized Access/Disclosure,Other (Cloud/Portable Media),Yes
,False,PHYSICIAN'S AUTOMATED LABORATORY,CA,745.0,2012,Theft,Paper Records,No
110007,True,"PHOEBE PUTNEY MEMORIAL HOSPITAL, INC.",GA,12937.0,2012,Theft,Paper Records,No
,False,INDEPENDENCE PHYSICAL THERAPY,CT,925.0,2012,Theft,Physical Device (Workstation/Laptop),No
450080,True,TITUS REGIONAL MEDICAL CENTER,TX,5700.0,2012,Loss,Physical Device (Workstation/Laptop),No
,False,LUTHERAN COMMUNITY SERVICES NORTHWEST,WA,756.0,2012,Theft,Physical Device (Workstation/Laptop),No
,False,"VOLUNTEER STATE HEALTH PLAN, INC.",TN,1102.0,2012,Loss,Paper Records,No
,False,PREVMED,MD,1444.0,2012,Theft,Physical Device (Workstation/Laptop),Yes
,False,"METCARE OF FLORIDA, INC.",FL,2557.0,2012,Theft,Other (Cloud/Portable Media),No
,False,CHARLIE NORWOOD VA MEDICAL CENTER,GA,824.0,2012,Loss,Other (Cloud/Portable Media),No
,False,"ROBERT WITHAM, MD, FACP",OR,11136.0,2012,Theft,Physical Device (Workstation/Laptop),No
,False,MEMORIAL SLOAN-KETTERING CANCER CENTER,NY,568.0,2012,Theft,Email,No
,False,"GESSLER CLINIC, P.A.",FL,1409.0,2012,Theft,Paper Records,No
,False,UNIVERSITY OF KENTUCKY HEALTHCARE,KY,4490.0,2012,Theft,Physical Device (Workstation/Laptop),No
,False,WOLF & YUN,KY,824.0,2012,Theft,Physical Device (Workstation/Laptop),No
,False,KAREN KIETZMAN,MT,708.0,2012,Theft,Physical Device (Workstation/Laptop),No
,False,"BRUCE G. PELLER, DMD, PA",NC,9953.0,2012,Unauthorized Access/Disclosure,Physical Device (Workstation/Laptop),No
,False,"SHARON L. ROGERS, PH.D., ABPP",TX,585.0,2012,Theft,Physical Device (Workstation/Laptop),No
,False,HEALTH TEXAS PROVIDER NETWORK - CARDIOVASCULAR CONSULTANTS OF NORTH TEXAS,TX,2462.0,2012,Unauthorized Access/Disclosure,Electronic Medical Record (EMR),No
,False,SWEDISHAMERICAN HEALTH SYSTEM,IL,1500.0,2012,Theft,Paper Records,No
,False,"PATTERSON DENTAL, INC.",MN,2533.0,2012,Unauthorized Access/Disclosure,Other (Cloud/Portable Media),Yes
,False,MOLALLA FAMILY DENTAL,OR,4354.0,2012,Hacking/IT Incident,Network Server,No
,False,VISITING NURSE SERVICES OF IOWA,IA,1298.0,2012,Theft,Paper Records,No
,False,"HAMNER SQUARE DENTAL, PRIVACY MANAGER BREACH",CA,1112.0,2012,Theft,Other (Cloud/Portable Media),No
,False,PAMLICO MEDICAL EQUIPMENT LLC,NC,2917.0,2012,Loss,Other (Cloud/Portable Media),No
220086,True,BETH ISRAEL DEACONESS MEDICAL CENTER,MA,3900.0,2012,Theft,Physical Device (Workstation/Laptop),No
,False,NYU SCHOOL OF MEDICINE FACULTY GROUP PRACTICE,NY,8488.0,2012,Theft,Physical Device (Workstation/Laptop),No
,False,"THE SURGEONS OF LAKE COUNTY, LLC",IL,7067.0,2012,Hacking/IT Incident,Network Server,No
,False,KINDRED HEALTHCARE INC D/B/A KINDRED TRANSITIONAL CARE AND REHABILITATION-SELLERSBURG,IN,1504.0,2012,Theft,Other (Cloud/Portable Media),No
,False,JEFFREY PAUL EDELSTEIN M.D.,AZ,4800.0,2012,Theft,Network Server,No
140281,True,NORTHWESTERN MEMORIAL HOSPITAL,IL,4211.0,2012,Theft,Physical Device (Workstation/Laptop),No
,False,WALGREEN CO.,IL,1240.0,2012,Theft,Paper Records,No
,False,EMC,CT,7461.0,2012,Theft,Physical Device (Workstation/Laptop),Yes
,False,OREGON HEALTH & SCIENCE UNIVERSITY,OR,702.0,2012,Theft,Other (Cloud/Portable Media),No
,False,VNA HEALTH CARE HARTFORD HOSPITAL,CT,7461.0,2012,Theft,Physical Device (Workstation/Laptop),No
,False,HARRIS COUNTY HOSPITAL DISTRICT,TX,2875.0,2012,Theft,Paper Records,No
,False,"STANFORD HOSPITAL & CLINICS AND SCHOOL OF MEDICINE, PRIVACY MANAGER BREACH",CA,2300.0,2012,Theft,Physical Device (Workstation/Laptop),No
,False,"SIEMENS MEDICAL SOLUTIONS, USA",PA,66601.0,2012,Theft,Physical Device (Workstation/Laptop),Yes
,False,TEMPLE COMMUNITY HOSPITAL,CA,603.0,2012,Theft,Physical Device (Workstation/Laptop),No
,False,"HEARTLAND PATHOLOGY ASSOCIATES, P.A.",FL,1175.0,2012,Theft,Other (Cloud/Portable Media),No
,False,"APRIA HEALTHCARE, INC., PRIVACY MANAGER BREACH",CA,11000.0,2012,Theft,Physical Device (Workstation/Laptop),No
,False,MEMORIAL HEALTHCARE SYSTEM,FL,105646.0,2012,Theft,Electronic Medical Record (EMR),No
,False,"LIBERTY RESOURCES, INC.",PA,3183.0,2012,Theft,Physical Device (Workstation/Laptop),No
,False,THE UNIVERSITY OF TEXAS MD ANDERSON CANCER CENTER,TX,2264.0,2012,Loss,Other (Cloud/Portable Media),No
,False,CENTRAL STATES SOUTHEAST AND SIOUTHWEST AREAS HEALTH & WELFARE FUND,IL,754.0,2012,Unauthorized Access/Disclosure,Paper Records,No
,False,"CANCER CARE GROUP, P.C.",IN,55000.0,2012,Theft,Other (Cloud/Portable Media),No
,False,LANA MEDICAL CARE,FL,500.0,2012,Theft,Physical Device (Workstation/Laptop),No
,False,TRICOUNTY BEHAVIORAL HEALTH CLINIC,GA,4000.0,2012,Theft,Physical Device (Workstation/Laptop),No
,False,SIERRA PLASTIC SURGERY,NV,800.0,2012,Hacking/IT Incident,Network Server,No
,False,"CHARLOTTE CLARK-NEITZEL, MD",WA,942.0,2012,Theft,Physical Device (Workstation/Laptop),No
,False,UNIVERSITY OF MIAMI,FL,64846.0,2012,Unauthorized Access/Disclosure,Paper Records,No
,False,UNIVERSITY OF NEW MEXICO HEALTH SCIENCES CENTER,NM,2365.0,2012,Hacking/IT Incident,Network Server,No
,False,"VALLEY PLASTIC SURGERY, P.C.",VA,4873.0,2012,Theft,Other (Cloud/Portable Media),No
,False,"ECCO HEALTH, LLC",NV,5713.0,2012,Loss,Other (Cloud/Portable Media),Yes
,False,"BHCARE, INC",CT,5827.0,2012,Theft,Physical Device (Workstation/Laptop),No
,False,THE FEINSTEIN INSTITUTE FOR MEDICAL RESERCH,NY,13000.0,2012,Theft,Physical Device (Workstation/Laptop),No
,False,"ST. THERESE MEDICAL GROUP, INC",CA,3031.0,2012,Theft,Physical Device (Workstation/Laptop),No
,False,COX HEALTH,MO,2435.0,2012,Theft,Physical Device (Workstation/Laptop),No
,False,"CABINET FOR HEALTH AND FAMILY SERVICES, DEPARTMENT FOR COMMUNITY BASED SERVICES",KY,2500.0,2012,Unauthorized Access/Disclosure,Email,No
,False,"PST SERVICES, INC",GA,13074.0,2012,Improper Disposal,Paper Records,Yes
,False,"APRIA HEALTHCARE, INC.",CA,65700.0,2012,Theft,Physical Device (Workstation/Laptop),No
,False,"ALEXANDER J. TIKHTMAN, M.D.",KY,2376.0,2012,Theft,Other (Cloud/Portable Media),No
,False,GULF COAST HEALTH CARE SERVICES INC,FL,13000.0,2012,Hacking/IT Incident,Network Server,No
440011,True,"BLOUNT MEMORIAL HOSPITAL, INC",TN,27799.0,2012,Theft,Physical Device (Workstation/Laptop),No
,False,"ALERE HOME MONITORING, INC",CA,116506.0,2012,Theft,Physical Device (Workstation/Laptop),No
,False,"COASTAL HOME RESPIRATORY, LLP",GA,3440.0,2012,Theft,Other (Cloud/Portable Media),No
,False,"PHILIP P CORNELIUSON, DDS, INC.",CA,980.0,2012,Theft,Physical Device (Workstation/Laptop),No
,False,L.A. CARE HEALTH PLAN,CA,18000.0,2012,Other/Unknown,Paper Records,No
,False,"LOGAN COMMUNITY RESOURCES, INC.",IN,2900.0,2012,Hacking/IT Incident,Network Server,No
,False,"FIRST STEP COUNSELING, INC.",NJ,638.0,2012,Theft,Paper Records,No
,False,CVS CAREMARK,RI,955.0,2012,Theft,Paper Records,No
,False,HEALTH CARE SERVICE CORPORATION,IL,501.0,2012,Theft,Paper Records,No
,False,SWEDISHAMERICAN HEALTH SYSTEM,IL,1500.0,2012,Theft,Paper Records,No
360092,True,MEMORIAL HOSPITAL,OH,500.0,2012,Improper Disposal,Paper Records,No
,False,"WAIPAHU ALOHA CLUBHOUSE, PRIVACY MANAGER BREACH",HI,674.0,2012,Unauthorized Access/Disclosure,Physical Device (Workstation/Laptop),No
,False,QUANTERION SOLUTIONS INC,NY,1017.0,2012,Theft,Network Server,Yes
,False,"UNIVERSITY OF ILLINOIS, COLLEGE OF NURSING",IL,508.0,2012,Theft,Paper Records,Yes
,False,HENRY FORD HEALTH SYSTEM,MI,2777.0,2012,Loss,Other (Cloud/Portable Media),No
,False,UNION COUNTY BOARD OF DEVELOPMENTAL DISABILITIES,OH,1420.0,2012,Theft,Physical Device (Workstation/Laptop),No
150056,True,INDIANA UNIVERSITY,IN,3266.0,2012,Theft,Physical Device (Workstation/Laptop),No
,False,MIAMI BEACH HEALTHCARE GROUP LTD. DBA AVENTURA HOSPITAL AND MEDICAL CENTER,FL,2560.0,2012,Theft,Electronic Medical Record (EMR),No
,False,"WYATT DENTAL GROUP, LLC",LA,10271.0,2012,Theft,Electronic Medical Record (EMR),No
,False,WOMEN AND INFANT'S HOSPITAL,RI,14004.0,2012,Loss,Other (Cloud/Portable Media),No
,False,MEMORIAL HEALTH SYSTEM,CO,6262.0,2012,Loss,Paper Records,No
,False,MARYVILLE ACADEMY,IL,3897.0,2012,Loss,Other (Cloud/Portable Media),No
,False,CHRISTUS ST. JOHN HOSPITAL,TX,5748.0,2012,Loss,Other (Cloud/Portable Media),No
,False,L.A. CARE HEALTH PLAN,CA,18000.0,2012,Other/Unknown,Other (Cloud/Portable Media),No
,False,"HAWAII STATE DEPARTMENT OF HEALTH, ADULT MENTAL HEALTH DIVISION",HI,674.0,2012,Hacking/IT Incident,Physical Device (Workstation/Laptop),No
,False,"ORIGINAL MEDICINE ACUPUNCTURE & WELLNESS, LLC",NM,540.0,2012,Theft,Physical Device (Workstation/Laptop),No
,False,"SOUNDENTAL ASSOCIATES, PC",CT,14511.0,2012,Theft,Other (Cloud/Portable Media),No
,False,DIGITAL ARCHIVE MANAGEMENT,TX,501.0,2012,Theft,Network Server,Yes
220110,True,BRIGHAM AND WOMEN'S HOSPITAL,MA,615.0,2012,Theft,Physical Device (Workstation/Laptop),No
,False,"ADVANTAGE HEALTH SOLUTIONS, INC.",IN,2575.0,2012,Other/Unknown,Other (Cloud/Portable Media),Yes
,False,"JAMES M. MCGEE, D.M.D., P.C.",GA,1306.0,2012,Theft,Paper Records,No
,False,ROBBINS EYE CENTER PC,CT,1749.0,2012,Theft,Physical Device (Workstation/Laptop),No
,False,CUYAHOGA COUNTY BOARD OF DEVELOPMENTAL DISABILITIES,OH,613.0,2012,Theft,Physical Device (Workstation/Laptop),No
,False,ADPI-WEST,CA,1500.0,2012,Theft,Physical Device (Workstation/Laptop),Yes
,False,"CITY OF BERKELEY, PRIVACY MANAGER BREACH",CA,931.0,2012,Theft,Physical Device (Workstation/Laptop),No
,False,"ADVANCED DATA PROCESSING, INC.",FL,10000.0,2012,Theft,Physical Device (Workstation/Laptop),No
,False,VIDANT PUNGO HOSPITAL,NC,1100.0,2012,Improper Disposal,Paper Records,No
,False,BLUE CROSS BLUE SHIELD,IL,500.0,2012,Unauthorized Access/Disclosure,Network Server,Yes
,False,COUNTY OF SAN BERNARDINO DEPARTMENT OF PUBLIC HEATLH,CA,1370.0,2012,Unauthorized Access/Disclosure,Paper Records,No
410011,True,LANDMARK MEDICAL CENTER,RI,683.0,2012,Theft,Physical Device (Workstation/Laptop),No
490009,True,UNIVERSITY OF VIRGINIA MEDICAL CENTER,VA,1846.0,2012,Loss,Other (Cloud/Portable Media),No
,False,CAROLINAS MEDICAL CENTER - RANDOLPH,NC,5600.0,2012,Hacking/IT Incident,Email,No
,False,"COASTAL BEHAVIORAL HEALTHCARE, INC.",FL,4907.0,2012,Theft,Paper Records,No
,False,"CCS MEDICAL, INC.",TX,6601.0,2012,Unauthorized Access/Disclosure,Network Server,No
,False,"NORTH LAKE TAHOE FIRE PROTECTION DISTRICT, PRIVACY MANAGER BREACH",NV,752.0,2012,Theft,Physical Device (Workstation/Laptop),No
,False,"CITY OF CORONA, PRIVACY MANAGER BREACH",CA,958.0,2012,Theft,Physical Device (Workstation/Laptop),No
,False,"CITY OF YUMA, PRIVACY MANAGER BREACH",AZ,905.0,2012,Theft,Physical Device (Workstation/Laptop),No
,False,COLUMBIA UNIVERSITY MEDICAL CENTER AND NEWYORK-PRESBYTERIAN HOSPITAL,NY,4929.0,2012,Theft,Physical Device (Workstation/Laptop),No
,False,HEALTH ADVANTAGE,AR,2863.0,2012,Other/Unknown,Paper Records,No
,False,WESTERVILLE DENTAL CENTER,OH,850.0,2012,Theft,Network Server,No
,False,"OHP PHSP, INC.",NY,28187.0,2012,Unauthorized Access/Disclosure,Other (Cloud/Portable Media),Yes
,False,"CENTER FOR ORTHOPEDIC RESEARCH AND EDUCATION, INC.",AZ,35488.0,2012,Theft,Paper Records,No
,False,CALIF. DEPT. OF HEALTH CARE SERVICES (DHCS),CA,2643.0,2012,Unauthorized Access/Disclosure,Other (Cloud/Portable Media),No
,False,RICHARD SWITZER MD PC,MI,4100.0,2012,Other/Unknown,Physical Device (Workstation/Laptop),No
151319,True,GIBSON GENERAL HOSPITAL,IN,28893.0,2012,Theft,Physical Device (Workstation/Laptop),No
,False,"SOVEREIGN MEDICAL GROUP, LLC",NJ,27800.0,2012,Hacking/IT Incident,Network Server,No
,False,"CLEARPOINT DESIGN, INC.",MA,4343.0,2012,Hacking/IT Incident,Network Server,Yes
,False,HP ENTERPRISE SERVICES,KY,1090.0,2012,Theft,Physical Device (Workstation/Laptop),Yes
,False,"OMNICELL, INC.",CA,56820.0,2012,Theft,Physical Device (Workstation/Laptop),Yes
,False,ST. MARK'S MEDICAL CENTER,TX,2988.0,2012,Hacking/IT Incident,Physical Device (Workstation/Laptop),No
,False,GROUP HEALTH INCORPORATED,NY,1771.0,2013,Theft,Paper Records,No
,False,"CALVIN SCHUSTER,MD",CA,532.0,2013,Theft,Physical Device (Workstation/Laptop),No
,False,"CLEARPOINT DESIGN, INC.",MA,4125.0,2013,Hacking/IT Incident,Network Server,Yes
,False,WORKFLOWONE,OH,635.0,2013,Unauthorized Access/Disclosure,Paper Records,Yes
,False,UNIVERSITY OF NEVADA SCHOOL OF MEDICINE,NV,1483.0,2013,Improper Disposal,Paper Records,No
,False,SILVERSCRIPT INSURANCE COMPANY,AZ,852.0,2013,Unauthorized Access/Disclosure,Paper Records,No
,False,"CLEARPOINT DESIGN, INC.",MA,7250.0,2013,Hacking/IT Incident,Network Server,Yes
,False,POUSSON FAMILY DENTISTRY,LA,1400.0,2013,Theft,Physical Device (Workstation/Laptop),No
,False,"LEE D. POLLAN, DMD, PC",NY,19178.0,2013,Theft,Physical Device (Workstation/Laptop),No
,False,WASHINGTON UNIVERSITY SCHOOL OF MEDICINE,MO,1105.0,2013,Theft,Physical Device (Workstation/Laptop),No
,False,"CALIFORNIA DEPARTMENT OF DEVELOPMENTAL SERVICES, PRIVACY MANAGER BREACH",CA,1312.0,2013,Hacking/IT Incident,Network Server,No
,False,RIDERWOOD VILLAGE,MD,3230.0,2013,Theft,Physical Device (Workstation/Laptop),No
390125,True,WAYNE MEMORIAL HOSPITAL,PA,1184.0,2013,Loss,Other (Cloud/Portable Media),No
,False,BLUECROSS BLUESHIELD OF WESTERN NEW YORK,NY,725.0,2013,Theft,Paper Records,Yes
,False,BAPTIST HEALTH SYSTEM,TX,678.0,2013,Unauthorized Access/Disclosure,Electronic Medical Record (EMR),No
,False,"STANFORD SCHOOL OF MEDICINE & LP CHILDREN HOSP, PRIVACY MANAGER BREACH",CA,56500.0,2013,Theft,Physical Device (Workstation/Laptop),No
,False,THE UNIVERSITY OF TEXAS MD ANDERSON CANCER CENTER,TX,29021.0,2013,Theft,Physical Device (Workstation/Laptop),No
,False,"WESTERN WISCONSIN MEDICAL ASSOCIATION, S.C. - RIVER FALLS MEDICAL CLINICS",WI,2400.0,2013,Theft,Paper Records,No
,False,RR DONNELLEY (A SUB-BA FOR UNITEDHEALTH GROUP),IL,8911.0,2013,Theft,Physical Device (Workstation/Laptop),Yes
,False,KMART PHARMACY #7623,LA,16988.0,2013,Improper Disposal,Paper Records,Yes
,False,COMMUNITY SERVICES NW,AL,2400.0,2013,Theft,Physical Device (Workstation/Laptop),No
,False,LIFEGAS,GA,1103.0,2013,Theft,Physical Device (Workstation/Laptop),Yes
,False,YADKINVILLE CHIROPRACTIC DCPA,NC,1000.0,2013,Theft,Physical Device (Workstation/Laptop),Yes
,False,"INTERVENTION SERVICES, INC.",FL,1200.0,2013,Theft,Physical Device (Workstation/Laptop),No
,False,WEST GEORGIA AMBULANCE,GA,500.0,2013,Loss,Physical Device (Workstation/Laptop),No
,False,FROEDTERT HEALTH,WI,43549.0,2013,Hacking/IT Incident,Network Server,No
,False,"COAST HEALTHCARE MANAGEMENT, LLC",CA,1368.0,2013,Theft,Paper Records,Yes
,False,"CENTER FOR PAIN MANAGEMENT, LLC",MD,5822.0,2013,Theft,Physical Device (Workstation/Laptop),No
100022,True,JACKSON HEALTH SYSTEM,FL,566.0,2013,Other/Unknown,Paper Records,No
,False,"HOMECARE OF MID-MISSOURI, INC.",MO,4027.0,2013,Theft,Physical Device (Workstation/Laptop),No
,False,KINDRED TRANSITIONAL CARE AND REHABILITATION - MARL,MA,716.0,2013,Theft,Other (Cloud/Portable Media),No
,False,HEYMAN HOSPICECARE AT FLOYD,GA,1819.0,2013,Theft,Physical Device (Workstation/Laptop),No
,False,ABQ HEALTHPARTNERS,NM,778.0,2013,Theft,Physical Device (Workstation/Laptop),No
,False,TERRELL COUNTY HEALTH DEPARTMENT,GA,18000.0,2013,Unauthorized Access/Disclosure,Network Server,No
,False,FLORIDA HEALTHY KIDS CORPORATION,FL,3667.0,2013,Unauthorized Access/Disclosure,Paper Records,Yes
,False,"CATOCTIN DENTAL/RICHARD B. LOVE, D.D.S., P.A.",MD,6400.0,2013,Hacking/IT Incident,Network Server,No
,False,"STRONGHOLD COUNSELING SERVICES, INC.",SD,8500.0,2013,Theft,Physical Device (Workstation/Laptop),No
,False,ARIZONA ONCOLOGY,AZ,501.0,2013,Theft,Physical Device (Workstation/Laptop),No
,False,CRESCENT HEALTH INC. - A WALGREENS COMPANY,CA,109000.0,2013,Theft,Physical Device (Workstation/Laptop),No
,False,"COUNTY OF SAN BERNARDINO, DEPARTMENT OF BEHAVIORAL HEALTH",CA,686.0,2013,Theft,Paper Records,No
,False,"WOMENS HEALTH ENTERPRISE, INC.",GA,3000.0,2013,Theft,Physical Device (Workstation/Laptop),No
,False,STANDARD REGISTER,OH,2261.0,2013,Theft,Paper Records,Yes
,False,HEALTH PLUS AMERIGROUP,NY,28187.0,2013,Theft,Other (Cloud/Portable Media),Yes
,False,PLEXUS GROUP,IL,500.0,2013,Unauthorized Access/Disclosure,Other (Cloud/Portable Media),Yes
100154,True,SOUTH MIAMI HOSPITAL,FL,834.0,2013,Unauthorized Access/Disclosure,Electronic Medical Record (EMR),No
,False,LANCASTER GENERAL MEDICAL GROUP,PA,527.0,2013,Theft,Paper Records,No
,False,MAINE MEDICAL CENTER,ME,1920.0,2013,Other/Unknown,Email,No
,False,NORTH LOS ANGELES COUNTY REGIONAL CENTER,CA,18162.0,2013,Theft,Physical Device (Workstation/Laptop),Yes
,False,GOOLD HEALTH SYSTEM (GOOLD),MA,6332.0,2013,Loss,Other (Cloud/Portable Media),Yes
,False,SPORTS REHABILITATION CONSULTANTS,OH,1200.0,2013,Theft,Physical Device (Workstation/Laptop),No
,False,UNIVERSITY OF CONNECTICUT HEALTH CENTER,CT,1382.0,2013,Unauthorized Access/Disclosure,Network Server,No
,False,"UNITED HOMECARE SERVICES, INC.",FL,12299.0,2013,Theft,Physical Device (Workstation/Laptop),No
,False,PATTERSON DENTAL SUPPLY/PATTERSON COMPANIES,MN,6400.0,2013,Hacking/IT Incident,Network Server,Yes
,False,CONNEXTIONS C/O ANTHEM BCBS,IN,1678.0,2013,Theft,Network Server,Yes
,False,MOUNT SINAI MEDICAL CENTER,FL,628.0,2013,Theft,Physical Device (Workstation/Laptop),No
,False,"THOMAS L. DAVIS, JR. DDS",OR,3269.0,2013,Theft,Physical Device (Workstation/Laptop),No
,False,M&C CHILDREN'S CLINIC PA,TX,6300.0,2013,Hacking/IT Incident,Network Server,No
,False,"HEALTHCARE FOR WOMEN, INC.",MA,8727.0,2013,Hacking/IT Incident,Network Server,No
,False,UNIVERSITY OF MISSISSIPPI MEDICAL CENTER,MS,500.0,2013,Loss,Physical Device (Workstation/Laptop),No
,False,GRANGER MEDICAL CLINIC,UT,2600.0,2013,Theft,Paper Records,No
,False,TEXAS TECH UNVERSITY HEALTH SCIENCES CENTER,TX,697.0,2013,Unauthorized Access/Disclosure,Paper Records,No
,False,OREGON HEALTH & SCIENCE UNIVERSITY,OR,1114.0,2013,Theft,Physical Device (Workstation/Laptop),No
,False,RITE AID #10217,RI,2082.0,2013,Other/Unknown,Paper Records,No
,False,"SUNIL KAKAR, PSY.D.",WA,629.0,2013,Theft,Physical Device (Workstation/Laptop),Yes
,False,"QUICKRUNNER, INC. (DBA, ROADRUNNER MAILING SERVICES)",CA,2400.0,2013,Unauthorized Access/Disclosure,Paper Records,Yes
,False,"SHANDS JACKSONVILLE MEDICAL CENTER, INC.",FL,1025.0,2013,Theft,Electronic Medical Record (EMR),No
,False,KMART CORPORATION,IL,12542.0,2013,Theft,Electronic Medical Record (EMR),No
,False,UNIVERSITY OF FLORIDA,FL,14519.0,2013,Theft,Network Server,No
,False,PORTAL HEALTHCARE SOLUTIONS LLC,VA,2360.0,2013,Theft,Network Server,Yes
,False,HOSPICE AND PALLIATIVE CARE CENTER OF ALAMANCE CASWELL,NC,5370.0,2013,Theft,Physical Device (Workstation/Laptop),No
,False,"TEXAS HEALTH CARE, P.L.L.C.",TX,554.0,2013,Theft,Paper Records,No
,False,TMG HEALTH,PA,3794.0,2013,Unauthorized Access/Disclosure,Paper Records,Yes
,False,WM. JENNINGS BRYAN DORN VAMC,SC,7405.0,2013,Theft,Physical Device (Workstation/Laptop),No
,False,JOHN J. PERSHING VA MEDICAL CENTER,MO,589.0,2013,Theft,Paper Records,No
,False,OREGON HEALTH & SCIENCE UNIVERSITY,OR,1076.0,2013,Theft,Physical Device (Workstation/Laptop),No
150065,True,SCHNECK MEDICAL CENTER,IN,3131.0,2013,Unauthorized Access/Disclosure,Other (Cloud/Portable Media),No
,False,THE GUIDANCE CENTER OF WESTCHESTER,NY,1416.0,2013,Theft,Physical Device (Workstation/Laptop),No
,False,HOPE HOSPICE,TX,818.0,2013,Other/Unknown,Email,No
,False,"IHC HEALTH SERVICES, INC. DBA INTERMOUNTAIN LIFE FLIGHT",UT,857.0,2013,Unauthorized Access/Disclosure,Other (Cloud/Portable Media),No
,False,VALLEY MENTAL HEALTH,UT,700.0,2013,Theft,Physical Device (Workstation/Laptop),No
,False,ZDI,CA,14829.0,2013,Loss,Paper Records,Yes
,False,RALEIGH ORTHOPAEDIC CLINIC,NC,17300.0,2013,Theft,Paper Records,No
,False,LABORATORY CORPORATION OF AMERICA,NC,1580.0,2013,Theft,Physical Device (Workstation/Laptop),No
,False,"ARIZONA COUNSELING & TREATMENT SERVICES, LLC",AZ,3800.0,2013,Theft,Other (Cloud/Portable Media),No
360029,True,WOOD COUNTY HOSPITAL,OH,2500.0,2013,Theft,Other (Cloud/Portable Media),No
,False,UNIVERSITY OF ROCHESTER MEDICAL CENTER & AFFILIATES,NY,537.0,2013,Loss,Other (Cloud/Portable Media),No
,False,SEATTLE - KING COUNTY DEPARTMENT OF PUBLIC HEALTH,WA,750.0,2013,Improper Disposal,Paper Records,No
,False,REGIONAL MEDICAL CENTER,TN,1180.0,2013,Unauthorized Access/Disclosure,Email,No
,False,ASSURANCEMD F/K/A HARBOR GROUP,PA,22000.0,2013,Theft,Other (Cloud/Portable Media),Yes
,False,DIGITAL ARCHIVE MANAGEMENT,TX,189489.0,2013,Improper Disposal,Paper Records,Yes
,False,"NORTH ATLANTIC TELECOM, INC.",TN,539.0,2013,Other/Unknown,Physical Device (Workstation/Laptop),Yes
,False,"E-DREAMZ, INC.",NC,9988.0,2013,Hacking/IT Incident,Network Server,Yes
,False,"E-DREAMZ, INC.",NC,1924.0,2013,Hacking/IT Incident,Network Server,Yes
,False,INDIANA UNIVERSITY HEALTH ARNETT,IN,10350.0,2013,Theft,Physical Device (Workstation/Laptop),No
,False,DENT NEUROLOGIC INSTITUTE,NY,10000.0,2013,Unauthorized Access/Disclosure,Email,No
,False,CITY OF NORWOOD,OH,9577.0,2013,Loss,Physical Device (Workstation/Laptop),No
,False,LUTHERAN SOCIAL SERVICES OF SOUTH CENTRAL PENNSYLVANIA,PA,7803.0,2013,Hacking/IT Incident,Network Server,No
,False,JUST THE CONNECTION INC,IN,5388.0,2013,Improper Disposal,Other (Cloud/Portable Media),Yes
,False,ERSKINE FAMILY DENTISTRY,IN,2723.0,2013,Hacking/IT Incident,Physical Device (Workstation/Laptop),No
,False,HEALTH RESOURCES OF ARKANSAS,AR,1900.0,2013,Theft,Other (Cloud/Portable Media),No
050090,True,SONOMA VALLEY HOSPITAL,CA,1386.0,2013,Other/Unknown,Other (Cloud/Portable Media),No
,False,INDEPENDENCE CARE SYSTEM,NY,2434.0,2013,Theft,Physical Device (Workstation/Laptop),No
,False,SYNERMED / INLAND VALLEYS IPA,CA,3164.0,2013,Theft,Physical Device (Workstation/Laptop),Yes
,False,BON SECOURS MARY IMMACULATE HOSPITAL,VA,5764.0,2013,Theft,Electronic Medical Record (EMR),No
,False,UNIVERSITY OF FLORIDA,FL,5875.0,2013,Theft,Electronic Medical Record (EMR),No
,False,"COMMUNITY SUPPORT SERVICES, INC.",OH,1167.0,2013,Theft,Email,No
,False,UMASSAMHERST,MA,1670.0,2013,Hacking/IT Incident,Physical Device (Workstation/Laptop),No
,False,PALM BEACH COUNTY HEALTH DEPARTMENT,FL,877.0,2013,Unauthorized Access/Disclosure,Physical Device (Workstation/Laptop),No
,False,"LUCILE PACKARD CHILDRENS HOSPITAL, PRIVACY MANAGER BREACH",CA,12900.0,2013,Theft,Physical Device (Workstation/Laptop),No
,False,FAYETTEVILLE VAMC,NC,1093.0,2013,Theft,Paper Records,No
,False,LINCOLN COUNTY HEALTH AND HUMAN SERVICES/LINCOLN COMMUNITY HEALTH CENTER,OR,959.0,2013,Unauthorized Access/Disclosure,Paper Records,No
,False,UNION SECURITY INSURANCE COMPANY,MO,1127.0,2013,Improper Disposal,Email,No
,False,"GULF BREEZE FAMILY EYECARE, INC",FL,9626.0,2013,Theft,Network Server,No
,False,JACKSONVILLE SPINE CENTER,FL,5200.0,2013,Theft,Paper Records,No
,False,IOWA DEPARTMENT OF HUMAN SERVICES,IA,7335.0,2013,Loss,Other (Cloud/Portable Media),No
,False,JAMES A. FOSNAUGH,NE,2125.0,2013,Loss,Other (Cloud/Portable Media),No
,False,LONE STAR CIRCLE OF CARE,TX,1955.0,2013,Theft,Physical Device (Workstation/Laptop),No
,False,ALBERTO GERARDO VAZQUEZ RIVERA,PR,679.0,2013,Theft,Physical Device (Workstation/Laptop),Yes
,False,RCR TECHNOLOGY CORPORATION,IN,187533.0,2013,Other/Unknown,Paper Records,Yes
,False,"HEALTH NET, INC.",CA,8331.0,2013,Other/Unknown,Paper Records,No
,False,CVS CAREMARK,AZ,4305.0,2013,Theft,Paper Records,Yes
,False,"SOUTH FLORIDA NEUROLOGY ASSOCIATES, P.A.",FL,900.0,2013,Theft,Physical Device (Workstation/Laptop),No
,False,SAMARITAN REGIONAL HEALTH SYSTEM,OH,2203.0,2013,Theft,Paper Records,No
,False,MED-EL COPRORATION,NC,609.0,2013,Other/Unknown,Email,No
,False,SUTTER HEALTH EAST BAY REGION,CA,4479.0,2013,Unauthorized Access/Disclosure,Email,Yes
,False,FAMILY HEALTH NETWORK,IL,3133.0,2013,Other/Unknown,Paper Records,Yes
,False,ZDI,CA,4718.0,2013,Loss,Paper Records,Yes
,False,CHILDREN'S MEDICAL CENTER OF DALLAS,TX,2462.0,2013,Theft,Physical Device (Workstation/Laptop),No
,False,"MEDTRONIC, INC.",MN,2764.0,2013,Theft,Paper Records,No
,False,LONG BEACH MEMORIAL MEDICAL CENTER,CA,2864.0,2013,Unauthorized Access/Disclosure,Electronic Medical Record (EMR),No
,False,SHRED-IT INTERNATIONAL INC.,TX,277014.0,2013,Improper Disposal,Other (Cloud/Portable Media),Yes
,False,SHEET METAL LOCAL 36 WELFARE FUND,MO,4560.0,2013,Unauthorized Access/Disclosure,Other (Cloud/Portable Media),Yes
,False,ILLINOIS DEPARTMENT OF HEALTHCARE AND FAMILY SERVICES,IL,3133.0,2013,Hacking/IT Incident,Paper Records,No
,False,"HANSEN AND ASSOCIATES, INC.",WY,2700.0,2013,Unauthorized Access/Disclosure,Physical Device (Workstation/Laptop),Yes
,False,HARRIS COUNTY,TX,21000.0,2013,Unauthorized Access/Disclosure,Physical Device (Workstation/Laptop),No
,False,JESLE KUIZON,CA,800.0,2013,Hacking/IT Incident,Network Server,Yes
,False,RITE AID #2255,WV,948.0,2013,Other/Unknown,Paper Records,No
,False,"GEO CARE, LLC",FL,710.0,2013,Theft,Physical Device (Workstation/Laptop),No
,False,THE BROOKDALE HOSPITAL AND MEDICAL CENTER,NY,2700.0,2013,Loss,Other (Cloud/Portable Media),No
,False,LOUISIANA STATE UNIVERSITY HEALTH CARE SERVICES DIVISION,LA,6994.0,2013,Unauthorized Access/Disclosure,Physical Device (Workstation/Laptop),No
,False,LOUISIANA STATE UNIVERSITY HEALTH CARE SERVICES DIVISION,LA,1100.0,2013,Unauthorized Access/Disclosure,Physical Device (Workstation/Laptop),No
,False,OREGON HEALTH & SCIENCE UNIVERSITY,OR,1361.0,2013,Unauthorized Access/Disclosure,Other (Cloud/Portable Media),No
,False,"CALIFORNIA CORRECTIONAL HEALTH CARE SERVICES, PRIVACY MANAGER BREACH",CA,1001.0,2013,Other/Unknown,Other (Cloud/Portable Media),No
,False,ROCKY MOUNTAIN SPINE CLINIC,CO,532.0,2013,Unauthorized Access/Disclosure,Email,No
,False,"VITREO-RETINAL MEDICAL GROUP, INC.",CA,1837.0,2013,Theft,Physical Device (Workstation/Laptop),No
,False,MISSOURI DEPARTMENT OF SOCIAL SERVICES,MO,1357.0,2013,Unauthorized Access/Disclosure,Paper Records,Yes
,False,HEALTH RESOURCES OF ARKANSAS,AR,1911.0,2013,Theft,Physical Device (Workstation/Laptop),Yes
,False,BAYLOR ALL SAINTS MEDICAL CENTER AT FORT WORTH,TX,940.0,2013,Unauthorized Access/Disclosure,Other (Cloud/Portable Media),No
,False,M2COMSYS INC.,NV,32151.0,2013,Unauthorized Access/Disclosure,Network Server,Yes
,False,YOUNG FAMILY MEDICINE INC,OH,2045.0,2013,Theft,Physical Device (Workstation/Laptop),No
,False,HANCOCK OB/GYN,IN,1396.0,2013,Unauthorized Access/Disclosure,Electronic Medical Record (EMR),No
,False,ANTHEM BCBS OF GA,IN,5497.0,2013,Theft,Other (Cloud/Portable Media),Yes
,False,"INFOCROSSING, INC.",MO,1357.0,2013,Unauthorized Access/Disclosure,Paper Records,Yes
,False,FOUNDATIONS RECOVERY NETWORK,TN,5690.0,2013,Unauthorized Access/Disclosure,Physical Device (Workstation/Laptop),No
,False,CALIFORNIA CORRECTIONAL HEALTH CARE SERVICES,CA,1033.0,2013,Other/Unknown,Paper Records,No
,False,NORTH TEXAS COMPREHENSIVE SPINE & PAIN CENTER,TX,3200.0,2013,Theft,Other (Cloud/Portable Media),No
,False,ELBOWOODS MEMORIAL HEALTH CENTER,ND,10000.0,2013,Improper Disposal,Physical Device (Workstation/Laptop),No
100022,True,JACKSON HEALTH SYSTEM,FL,1471.0,2013,Loss,Paper Records,No
,False,"ADVOCATE HEALTH AND HOSPITALS CORPORATION, D/B/A ADVOCATE MEDICAL GROUP",IL,4029530.0,2013,Theft,Physical Device (Workstation/Laptop),No
,False,"SUMMIT COMMUNITY CARE CLINIC, INC.",CO,921.0,2013,Hacking/IT Incident,Physical Device (Workstation/Laptop),No
,False,UT PHYSICIANS,TX,596.0,2013,Theft,Physical Device (Workstation/Laptop),No
,False,"COGENT HEALTHCARE, INC.",TN,32000.0,2013,Theft,Network Server,Yes
,False,ATLANTA CENTER FOR REPRODUCTIVE MEDICINE,GA,654.0,2013,Unauthorized Access/Disclosure,Email,No
,False,ST. ANTHONY'S PHYSICIAN ORGANIZATION,MO,2600.0,2013,Theft,Physical Device (Workstation/Laptop),No
,False,JANNA BENKELMAN LPC LLC,CO,1500.0,2013,Theft,Physical Device (Workstation/Laptop),No
,False,OLSON & WHITE ORTHODONTICS,MO,10000.0,2013,Theft,Network Server,No
,False,KAISER FOUNDATION HEALTH PLAN OF THE NORTHWEST,OR,647.0,2013,Unauthorized Access/Disclosure,Electronic Medical Record (EMR),No
,False,"ICS COLLECTION SERVICE, INC.",IL,1290.0,2013,Hacking/IT Incident,Other (Cloud/Portable Media),Yes
,False,"HANKYU CHUNG, M.D.",CA,2182.0,2013,Theft,Physical Device (Workstation/Laptop),No
,False,PHMHS,PR,5000.0,2013,Theft,Network Server,Yes
,False,DERMATOLOGY ASSOCIATES OF TALLAHASSEE,FL,915.0,2013,Theft,Other (Cloud/Portable Media),No
,False,"NHC HEALTHCARE, OAK RIDGE",TN,4268.0,2013,Loss,Other (Cloud/Portable Media),No
,False,"NHC HEALTHCARE, MAULDIN",SC,4204.0,2013,Improper Disposal,Other (Cloud/Portable Media),No
,False,ADVOCATE HEALTH AND HOSPITALS CORPORATION D/B/A ADVOCATE MEDICAL GROUP,IL,2029.0,2013,Hacking/IT Incident,Network Server,Yes
,False,DREYER MEDICAL CLINIC,IL,998.0,2013,Hacking/IT Incident,Network Server,Yes
,False,"SOUTH SHORE PHYSICIANS, PC",NY,8000.0,2013,Theft,Network Server,No
,False,DERMATOLOGY ASSOCIATES OF TALLAHASSEE,FL,915.0,2013,Other/Unknown,Other (Cloud/Portable Media),No
,False,SIERRA VIEW DISTRICT HOSPITAL,CA,1009.0,2013,Unauthorized Access/Disclosure,Electronic Medical Record (EMR),No
,False,"INFOCROSSING, INC.",MO,25461.0,2013,Unauthorized Access/Disclosure,Paper Records,Yes
100073,True,"HOLY CROSS HOSPITAL, INC.",FL,9900.0,2013,Theft,Network Server,No
,False,REGION TEN COMMUNITY SERVICES BOARD,VA,10228.0,2013,Theft,Email,No
,False,COMPREHENSIVE PODIATRY LLC,OH,1360.0,2013,Theft,Physical Device (Workstation/Laptop),No
050038,True,SANTA CLARA VALLEY MEDICAL CENTER,CA,579.0,2013,Theft,Physical Device (Workstation/Laptop),No
,False,"SARAH BENJAMIN, DPM - LITTLETON PODIATRY",CO,3512.0,2013,Theft,Physical Device (Workstation/Laptop),Yes
,False,CAROL L PATRICK PH. D.,OH,517.0,2013,Theft,Network Server,No
,False,HOPE FAMILY HEALTH,TN,6932.0,2013,Theft,Physical Device (Workstation/Laptop),No
,False,"PAUL G. KLEIN, DPM",NJ,2500.0,2013,Theft,Physical Device (Workstation/Laptop),No
,False,UNITYPOINT HEALTH AFFILIATED,IA,1825.0,2013,Unauthorized Access/Disclosure,Electronic Medical Record (EMR),No
,False,TSYS EMPLOYEE HEALTH PLAN,GA,5232.0,2013,Theft,Email,Yes
,False,"UNIVERSITY OF CALIFORNIA, SAN FRANCISCO",CA,3553.0,2013,Theft,Physical Device (Workstation/Laptop),No
,False,"RECONSTRUCTIVE ORTHOPAEDIC ASSOCIATES II, P.C. D/B/A ROTHMAN INSTITUTE",PA,2350.0,2013,Theft,Paper Records,No
,False,GROUP HEALTH COOPERATIVE,WA,1015.0,2013,Other/Unknown,Paper Records,No
,False,HEALTHCARE MANAGEMENT SYSTEM,TN,4330.0,2013,Unauthorized Access/Disclosure,Paper Records,Yes
,False,CAROMONT MEDICAL GROUP,NC,1310.0,2013,Hacking/IT Incident,Email,No
,False,MOUNT SINAI MEDICAL CENTER,NY,1586.0,2013,Improper Disposal,Paper Records,No
,False,SCHUYLKILL HEALTH SYSTEM LVHN,PA,2810.0,2013,Theft,Physical Device (Workstation/Laptop),No
,False,ST. LOUIS UNIVERSITY,MO,3100.0,2013,Hacking/IT Incident,Email,No
,False,BLACKHAWK,IL,7120.0,2013,Hacking/IT Incident,Network Server,Yes
,False,ACCESS COUNSELING LLC,IN,566.0,2013,Theft,Physical Device (Workstation/Laptop),No
,False,ROSE MEDICAL CENTER,CO,606.0,2013,Improper Disposal,Paper Records,No
,False,BRIOVARX,IL,1067.0,2013,Unauthorized Access/Disclosure,Email,No
471304,True,"NORTH COUNTRY HOSPITAL AND HEALTH CENTER, INC",VT,550.0,2013,Theft,Physical Device (Workstation/Laptop),No
,False,"HOPE COMMUNITY RESOURCES, INC.",AK,1556.0,2013,Unauthorized Access/Disclosure,Email,No
100039,True,BROWARD HEALTH MEDICAL CENTER,FL,960.0,2013,Unauthorized Access/Disclosure,Physical Device (Workstation/Laptop),No
,False,MOUNT SINAI MEDICAL CENTER,NY,610.0,2013,Loss,Other (Cloud/Portable Media),No
,False,TEXAS HEALTH PRESBYTERIAN DALLAS HOSPITAL,TX,949.0,2013,Theft,Physical Device (Workstation/Laptop),No
,False,SETON HEALTHCARE FAMILY,TX,5500.0,2013,Theft,Physical Device (Workstation/Laptop),No
,False,FERRIS STATE UNIVERSITY MI COLLEGE OF OPTOMETRY,MI,3947.0,2013,Hacking/IT Incident,Network Server,No
,False,"MARTIN LUTHER KING JR. HEALTH CENTER, INC.",NY,37000.0,2013,Unauthorized Access/Disclosure,Network Server,Yes
,False,AHMC HEALTHCARE INC. AND AFFILIATED HOSPITALS,CA,729000.0,2013,Theft,Physical Device (Workstation/Laptop),No
,False,BRONX LEBANON HOSPITAL CENTER,NY,10930.0,2013,Unauthorized Access/Disclosure,Network Server,Yes
050257,True,GOOD SAMARITAN HOSPITAL,CA,3833.0,2013,Theft,Physical Device (Workstation/Laptop),No
,False,SSM HEALTH CARE OF WISCONSIN DBA: ST. MARY���S JANESVILLE HOSPITAL,WI,631.0,2013,Theft,Physical Device (Workstation/Laptop),No
,False,"GREATER DALLAS ORTHOPAEDICS, PLLC",TX,5840.0,2013,Theft,Physical Device (Workstation/Laptop),No
,False,"SPIRIT HOME HEALTH CARE, CORP",FL,603.0,2013,Improper Disposal,Paper Records,Yes
,False,ROTECH HEALTHCARE INC.,FL,10680.0,2013,Unauthorized Access/Disclosure,Physical Device (Workstation/Laptop),No
,False,"REIMBURSEMENT TECHNOLOGIES, INC.",PA,2300.0,2013,Unauthorized Access/Disclosure,Network Server,No
,False,COMPREHENSIVE PSYCHOLOGICAL SERVICES LLC,SC,3500.0,2013,Theft,Physical Device (Workstation/Laptop),No
,False,"SUPERIOR HEALTHPLAN, INC.",TX,6284.0,2013,Other/Unknown,Paper Records,No
,False,GENESIS REHABILITATION SERVICES,PA,1167.0,2013,Loss,Other (Cloud/Portable Media),No
,False,ADVOCATE HEALTH AND HOSPITALS CORPORATION,IL,2237.0,2013,Theft,Physical Device (Workstation/Laptop),No
,False,"COLORADO HEALTH & WELLNESS, INC.",CO,651.0,2013,Theft,Electronic Medical Record (EMR),No
,False,ALLINA HEALTH,MN,3807.0,2013,Unauthorized Access/Disclosure,Electronic Medical Record (EMR),No
,False,"BARNABAS HEALTH MEDICAL GROUP, P.C.",NJ,1100.0,2013,Theft,Physical Device (Workstation/Laptop),No
,False,DAVITA,CA,11500.0,2013,Theft,Physical Device (Workstation/Laptop),No
,False,BLUE CROSS AND BLUE SHIELD OF NORTH CAROLINA,NC,687.0,2013,Unauthorized Access/Disclosure,Paper Records,No
,False,ASSOCIATED UROLOGISTS OF NORTH CAROLINA,NC,7300.0,2013,Unauthorized Access/Disclosure,Other (Cloud/Portable Media),No
,False,TRIPLE S SALUD INC.,PR,13336.0,2013,Unauthorized Access/Disclosure,Paper Records,Yes
,False,NORTH CAROLINA DEPARTMENT OF HEALTH AND HUMAN SERVICES - DIVISION OF STATE OPERATED HEALTH CARE FACILITIES,NC,1315.0,2013,Unauthorized Access/Disclosure,Other (Cloud/Portable Media),No
,False,KEMMET DENTAL DESIGN,ND,2000.0,2013,Theft,Paper Records,No
,False,HOSPICE OF THE CHESAPEAKE,MD,7606.0,2013,Theft,Email,No
,False,ALL SOURCE MEDICAL MANAGEMENT,AZ,1456.0,2013,Theft,Other (Cloud/Portable Media),Yes
,False,MEMORIAL SLOAN-KETTERING CANCER CENTER,NY,2279.0,2013,Loss,Other (Cloud/Portable Media),No
,False,HEALTH FITNESS CORPORATION,IL,3804.0,2013,Theft,Physical Device (Workstation/Laptop),Yes
,False,UHS-PRUITT CORPORATION,GA,1300.0,2013,Theft,Physical Device (Workstation/Laptop),No
,False,"UNITED DYNACARE, LLC DBA DYNACARE LABORATORIES",WI,9328.0,2013,Theft,Other (Cloud/Portable Media),No
,False,REDWOOD MEMORIAL HOSPITAL,CA,1039.0,2013,Loss,Other (Cloud/Portable Media),No
,False,NEW JERSEY DEPARTMENT OF HUMAN SERVICES,NJ,9825.0,2013,Loss,Other (Cloud/Portable Media),No
,False,"UNIVERSITY OF CALIFORNIA, SAN FRANCISCO",CA,8294.0,2013,Theft,Physical Device (Workstation/Laptop),No
,False,KAISER FOUNDATION HOSPITAL- ORANGE COUNTY,CA,49000.0,2013,Loss,Other (Cloud/Portable Media),No
,False,"MOLINA HEALTHCARE OF TEXAS, INC.",TX,2826.0,2013,Unauthorized Access/Disclosure,Other (Cloud/Portable Media),No
,False,JONES CHIROPRACTIC AND MAXIMUM HEALTH,IN,1500.0,2013,Theft,Physical Device (Workstation/Laptop),No
,False,RONALD SCHUBERT MD PLLC,WA,950.0,2013,Theft,Physical Device (Workstation/Laptop),No
,False,UPMC,PA,1279.0,2013,Unauthorized Access/Disclosure,Electronic Medical Record (EMR),No
,False,"UW MEDICINE, PRIVACY MANAGER - BREACH",WA,76183.0,2013,Hacking/IT Incident,Physical Device (Workstation/Laptop),No
,False,CITY OF CHICAGO,IL,2080.0,2013,Unauthorized Access/Disclosure,Network Server,No
,False,"AMERICAN ANESTHESIOLOGY, INC.",FL,1000.0,2013,Unauthorized Access/Disclosure,Paper Records,No
450051,True,METHODIST DALLAS MEDICAL CENTER,TX,44000.0,2013,Unauthorized Access/Disclosure,Other (Cloud/Portable Media),No
,False,WALGREEN CO.,IL,17350.0,2013,Other/Unknown,Paper Records,No
,False,PRUITTHEALTH CORPORATION,GA,4500.0,2013,Theft,Physical Device (Workstation/Laptop),No
,False,SIU HEALTHCARE,IL,1891.0,2013,Theft,Physical Device (Workstation/Laptop),No
,False,MEDICAL MUTUAL OF OHIO,OH,643.0,2013,Unauthorized Access/Disclosure,Paper Records,No
,False,THE GOOD SAMARITAN HEALTH CENTER,GA,5000.0,2013,Hacking/IT Incident,Physical Device (Workstation/Laptop),No
,False,"QUALITY HEALTH CLAIMS CONSULTANTS, LLC",IL,1573.0,2013,Theft,Email,Yes
,False,FLORIDA DIGESTIVE HEALTH SPECIALISTS,FL,4400.0,2013,Unauthorized Access/Disclosure,Physical Device (Workstation/Laptop),No
110161,True,"NORTHSIDE HOSPITAL, INC.",GA,4879.0,2013,Loss,Physical Device (Workstation/Laptop),No
,False,"HEALTH HELP, INC.",KY,535.0,2013,Theft,Other (Cloud/Portable Media),No
,False,L.A. GAY & LESBIAN CENTER,CA,59000.0,2013,Hacking/IT Incident,Network Server,No
,False,MOSAIC,NE,3857.0,2013,Unauthorized Access/Disclosure,Email,No
,False,WYOMING DEPARTMENT OF HEALTH,WY,11935.0,2013,Unauthorized Access/Disclosure,Network Server,No
,False,MOLINA HEALTHCARE IN,CA,1499.0,2013,Unauthorized Access/Disclosure,Network Server,Yes
,False,SHILOH MEDICAL CLINIC,MT,1900.0,2013,Unauthorized Access/Disclosure,Email,No
,False,DELOACH & WILLIAMSON,SC,3432.0,2013,Theft,Physical Device (Workstation/Laptop),Yes
,False,WALLA WALLA VA MEDICAL CENTER,WA,1519.0,2013,Unauthorized Access/Disclosure,Email,No
,False,COLBY DEHART,TN,2777.0,2013,Theft,Physical Device (Workstation/Laptop),Yes
,False,WYOMING DEPARTMENT OF HEALTH,WY,11935.0,2013,Hacking/IT Incident,Network Server,No
,False,ZDI,CA,1674.0,2013,Loss,Paper Records,Yes
,False,"MOLINA HEALTHCARE OF TEXAS, INC.",TX,2826.0,2013,Other/Unknown,Paper Records,No
,False,"ROB MEAGLIA, DDS",CA,1400.0,2013,Theft,Physical Device (Workstation/Laptop),No
,False,JEFF SPIEGEL,MA,832.0,2013,Unauthorized Access/Disclosure,Email,No
,False,TRANQUILITY COUNSELING SERVICES,NC,1683.0,2013,Other/Unknown,Paper Records,No
,False,FLORIDA DEPARTMENT OF HEALTH,FL,2354.0,2013,Unauthorized Access/Disclosure,Physical Device (Workstation/Laptop),No
,False,"NEW MEXICO ONCOLOGY HEMATOLOGY CONSULTANTS, LTD",NM,12354.0,2013,Theft,Physical Device (Workstation/Laptop),No
,False,BARRY UNIVERSITY,FL,9017.0,2013,Hacking/IT Incident,Network Server,No
,False,COLORADO COMMUNITY HEALTH ALLIANCE (CCHA)/PHYSICIANS HEALTH PARTNERS,CO,1918.0,2014,Unauthorized Access/Disclosure,Email,Yes
450358,True,HOUSTON METHODIST HOSPITAL,TX,1341.0,2014,Theft,Paper Records,No
,False,"HORIZON HEALTHCARE SERVICES, INC., DOING BUSINESS AS HORIZON BLUE CROSS BLUE SHIELD OF NEW JERSEY, AND ITS AFFILIATES",NJ,839711.0,2014,Theft,Physical Device (Workstation/Laptop),Yes
110007,True,PHOEBE PUTNEY MEMORIAL HOSPITAL,GA,6989.0,2014,Loss,Physical Device (Workstation/Laptop),No
501308,True,COULEE MEDICAL CENTER,WA,2500.0,2014,Theft,Network Server,No
,False,"REVSPRING, INC.",MI,3000.0,2014,Other/Unknown,Paper Records,Yes
,False,NORTH CAROLINA DEPARTMENT OF HEALTH AND HUMAN SERVICES,NC,48752.0,2014,Unauthorized Access/Disclosure,Other (Cloud/Portable Media),No
,False,NORTH CAROLINA DEPARTMENT OF HEALTH AND HUMAN SERVICES,NC,48752.0,2014,Unauthorized Access/Disclosure,Other (Cloud/Portable Media),No
110007,True,PHOEBE PUTNEY MEMORIAL HOSPITAL,GA,12937.0,2014,Theft,Paper Records,No
,False,"101 FAMILY MEDICAL GROUP, PRIVACY MANAGER BREACH",CA,2500.0,2014,Theft,Physical Device (Workstation/Laptop),Yes
,False,VIRGINIA PREMIER HEALTH PLAN (VPHP),VA,25513.0,2014,Theft,Paper Records,Yes
,False,TRI LAKES MEDICAL CENTER,MS,1489.0,2014,Hacking/IT Incident,Network Server,No
,False,COOK COUNTY HEALTH & HOSPITALS SYSTEM,IL,22511.0,2014,Other/Unknown,Email,No
,False,TEMPLE PHYSICIANS INC.,PA,694.0,2014,Theft,Paper Records,No
360155,True,SOUTHWEST GENERAL HEALTH CENTER,OH,953.0,2014,Other/Unknown,Other (Cloud/Portable Media),No
,False,"RGH ENTERPRISES, INC.",OH,4230.0,2014,Theft,Network Server,No
,False,RIVERSIDE MEDICAL GROUP,VA,919.0,2014,Unauthorized Access/Disclosure,Electronic Medical Record (EMR),No
,False,TRI LAKES MEDICAL CENTER,MS,1489.0,2014,Hacking/IT Incident,Network Server,No
,False,NETWORK PHARMACY KNOXVILLE,TN,9602.0,2014,Theft,Physical Device (Workstation/Laptop),No
,False,"ALAMO CONSUMER DIRECT, LLC",TX,520.0,2014,Unauthorized Access/Disclosure,Network Server,No
,False,SAINT FRANCIS HOSPITAL AND MEDICAL CENTER,CT,858.0,2014,Theft,Paper Records,No
,False,SENTARA HEALTHCARE,VA,3861.0,2014,Theft,Electronic Medical Record (EMR),No
,False,HEALTH DIMENSIONS,MI,5370.0,2014,Theft,Network Server,No
330270,True,HOSPITAL FOR SPECIAL SURGERY,NY,937.0,2014,Theft,Physical Device (Workstation/Laptop),No
,False,COMPLETE MEDICAL HOMECARE,KS,1700.0,2014,Unauthorized Access/Disclosure,Other (Cloud/Portable Media),No
,False,THE BROOKLYN HOSPITAL CENTER,NY,2172.0,2014,Theft,Other (Cloud/Portable Media),No
,False,GEISINGER BLOOMSBURG HOSPITAL,PA,3101.0,2014,Loss,Paper Records,No
,False,"ROBERT B. NEVES, M.D.",CA,611.0,2014,Theft,Physical Device (Workstation/Laptop),Yes
,False,"TRIPLE-S SALUD, INC. - BREACH CASE#2",PR,398000.0,2014,Theft,Network Server,Yes
,False,"TRIPLE-C, INC.",PR,8000.0,2014,Theft,Network Server,Yes
,False,"BIRMINGHAM PRINTING AND PUBLISHING, INC DBA PAPER AIRPLANE",AL,1085.0,2014,Other/Unknown,Other (Cloud/Portable Media),Yes
,False,MEDICAL MUTUAL OF OHIO,OH,1420.0,2014,Unauthorized Access/Disclosure,Paper Records,Yes
,False,UNIVERSITY OF WISCONSIN-MADISON SCHOOL OF PHARMACY,WI,41437.0,2014,Loss,Other (Cloud/Portable Media),Yes
,False,THE UNIVERSITY OF TEXAS MD ANDERSON CANCER CENTER,TX,3598.0,2014,Loss,Other (Cloud/Portable Media),No
,False,PRESENCE HEALTH,IL,836.0,2014,Loss,Paper Records,No
080007,True,BEEBE MEDICAL CENTER,DE,1883.0,2014,Other/Unknown,Physical Device (Workstation/Laptop),No
,False,ST JOSEPH HEALTH SYSTEM,TX,405000.0,2014,Hacking/IT Incident,Network Server,No
,False,"MIN YI, M.D.",CA,4676.0,2014,Theft,Other (Cloud/Portable Media),No
,False,"EASTER SEAL SOCIETY OF SUPERIOR CALIFORNIA, PRIVACY MANAGER BREACH",CA,3026.0,2014,Theft,Physical Device (Workstation/Laptop),No
,False,PRUITTHEALTH PHARMACY SERVICES,GA,841.0,2014,Theft,Physical Device (Workstation/Laptop),No
,False,KMART CORPORATION,IL,16446.0,2014,Theft,Electronic Medical Record (EMR),No
,False,WA STATE DEPARTMENT OF SOCIAL & HEALTH SERVICES,WA,3104.0,2014,Unauthorized Access/Disclosure,Paper Records,No
,False,"LEWIS J. SIMS, DPM, PC DBA SIMS AND ASSOCIATES PODIATRY",NY,6475.0,2014,Theft,Physical Device (Workstation/Laptop),No
,False,UNIVERSITY OF MIAMI,FL,13074.0,2014,Loss,Paper Records,No
,False,"SUPPORTIVE CONCEPTS FOR FAMILIES, INC.",PA,593.0,2014,Unauthorized Access/Disclosure,Network Server,No
,False,HEALTH CARE SOLUTIONS AT HOME INC.,OH,1139.0,2014,Theft,Other (Cloud/Portable Media),No
,False,"UC DAVIS MEDICAL CENTER, PRIVACY MANAGER BREACH",CA,2269.0,2014,Hacking/IT Incident,Email,No
,False,ST. VINCENT HOSPITAL AND HEALTHCARE INC,IN,1142.0,2014,Theft,Physical Device (Workstation/Laptop),No
,False,"STAYWELL HEALTH MANAGEMENT, LLC",MN,4786.0,2014,Unauthorized Access/Disclosure,Network Server,Yes
,False,INSPIRA HEALTH NETWORK INC.,NJ,1411.0,2014,Theft,Physical Device (Workstation/Laptop),No
,False,"STAYWELL HEALTH MANAGEMENT, LLC",MN,1511.0,2014,Unauthorized Access/Disclosure,Network Server,Yes
,False,"PALO VERDE HOSPITAL, PRIVACY MANAGER BREACH",CA,1100.0,2014,Unauthorized Access/Disclosure,Other (Cloud/Portable Media),No
,False,"CARE ADVANTAGE, INC.",VA,3458.0,2014,Theft,Physical Device (Workstation/Laptop),No
,False,HEALTHSOURCE OF OHIO INC.,OH,8845.0,2014,Unauthorized Access/Disclosure,Other (Cloud/Portable Media),Yes
,False,"THE KROGER CO., FOR ITSELF AND ITS AFFILIATES AND SUBSIDIARIES",OH,504.0,2014,Other/Unknown,Electronic Medical Record (EMR),No
,False,"CORNERSTONE HEALTH CARE, PA",NC,548.0,2014,Theft,Physical Device (Workstation/Laptop),No
,False,JOSEPH MICHAEL BENSON M.D,TX,7500.0,2014,Theft,Physical Device (Workstation/Laptop),No
,False,DATA MEDIA,GA,600.0,2014,Other/Unknown,Other (Cloud/Portable Media),Yes
,False,EUREKA INTERNAL MEDICINE,CA,3534.0,2014,Improper Disposal,Paper Records,No
,False,BANNER HEALTH,AZ,55207.0,2014,Other/Unknown,Other (Cloud/Portable Media),No
,False,ST. JOSEPH HEALTH SYSTEM,TX,3300.0,2014,Hacking/IT Incident,Network Server,Yes
,False,"PRACMAN, INC.",AL,1145.0,2014,Hacking/IT Incident,Network Server,Yes
,False,IOWA DEPT. OF HUMAN SERVICES,IA,2042.0,2014,Other/Unknown,Email,No
,False,"PRACMAN, INC.",AL,1179.0,2014,Hacking/IT Incident,Network Server,Yes
,False,"UNIVERSITY OF CALIFORNIA SAN FRANCISCO , PRIVACY MANAGER BREACH",CA,9861.0,2014,Theft,Physical Device (Workstation/Laptop),No
,False,MISSION CITY COMMUNITY NETWORK,CA,7800.0,2014,Theft,Email,No
,False,DETROIT MEDICAL CENTER - HARPER UNIVERSITY HOSPITAL,MI,1087.0,2014,Theft,Paper Records,No
,False,"TODD M. BURTON, M.D.",TX,5000.0,2014,Theft,Other (Cloud/Portable Media),No
,False,"PARTNERS IN NEPHROLOGY & ENDOCRINOLOGY, P.C.",PA,5000.0,2014,Other/Unknown,Other (Cloud/Portable Media),No
060075,True,VALLEY VIEW HOSPITAL ASSOCIATION,CO,5415.0,2014,Hacking/IT Incident,Physical Device (Workstation/Laptop),No
,False,HOSPITALISTS OF ARIZONA,AZ,1706.0,2014,Theft,Physical Device (Workstation/Laptop),No
,False,TMA PRACTICE MANAGEMENT GROUP,TX,2260.0,2014,Loss,Other (Cloud/Portable Media),Yes
,False,"STAYWELL HEALTH MANAGEMENT, LLC",MN,1746.0,2014,Unauthorized Access/Disclosure,Network Server,Yes
,False,BEREA COLLEGE,KY,1000.0,2014,Other/Unknown,Electronic Medical Record (EMR),No
,False,SUTHERLAND HEALTHCARE SOLUTIONS,CA,55900.0,2014,Theft,Physical Device (Workstation/Laptop),Yes
,False,"HEALTHPARTNERS ADMINISTRATORS, INC.",MN,715.0,2014,Unauthorized Access/Disclosure,Physical Device (Workstation/Laptop),Yes
,False,HEALTHPARTNERS INC,MN,27839.0,2014,Unauthorized Access/Disclosure,Physical Device (Workstation/Laptop),No
,False,TALYST,WA,1079.0,2014,Theft,Physical Device (Workstation/Laptop),Yes
,False,YELLOWSTONE BOYS AND GIRLS RANCH,MT,543.0,2014,Loss,Paper Records,No
100006,True,"ORLANDO HEALTH, INC.",FL,586.0,2014,Loss,Other (Cloud/Portable Media),No
,False,STOETZEL'S PLANET CHIROPRACTIC,IL,1000.0,2014,Theft,Physical Device (Workstation/Laptop),No
,False,NOVA CHIROPRACTIC & REHAB CENTER,VA,5534.0,2014,Loss,Other (Cloud/Portable Media),No
,False,SUSQUEHANNA HEALTH,PA,657.0,2014,Unauthorized Access/Disclosure,Email,No
,False,"PALOMAR HEALTH, PRIVACY MANAGER BREACH",CA,5499.0,2014,Theft,Other (Cloud/Portable Media),No
,False,FRANCISCAN MEDICAL GROUP,WA,8300.0,2014,Other/Unknown,Email,No
,False,JEWISH HOSPITAL,KY,2992.0,2014,Other/Unknown,Email,No
,False,"MYRIAD GENETIC LABORATORIES, INC.",UT,643.0,2014,Unauthorized Access/Disclosure,Email,No
,False,"POLICY STUDIES, INC. / POSTAL CENTER INTERNATIONAL, INC.",FL,580.0,2014,Unauthorized Access/Disclosure,Paper Records,Yes
,False,"MIDWEST ORTHOPAEDICS AT RUSH, LLC",IL,1256.0,2014,Hacking/IT Incident,Email,No
,False,MEDICAL CENTER OF PLANO,TX,1000.0,2014,Unauthorized Access/Disclosure,Other (Cloud/Portable Media),Yes
,False,INDIAN HEALTH SERVICE,MD,214000.0,2014,Unauthorized Access/Disclosure,Physical Device (Workstation/Laptop),No
,False,KP NORTHERN CA DEPARTMENT OF RESEARCH,CA,5178.0,2014,Hacking/IT Incident,Network Server,No
,False,TRIPLE-S SALUD,PR,5795.0,2014,Theft,Other (Cloud/Portable Media),No
,False,AMERICAN HEALTH INC.,PR,17776.0,2014,Theft,Other (Cloud/Portable Media),No
,False,MICHIGAN DEPARTMENT OF COMMUNITY HEALTH,MI,2595.0,2014,Theft,Other (Cloud/Portable Media),No
,False,PRESENCE ST. JOSEPH'S MEDICAL CENTER,IL,836.0,2014,Other/Unknown,Paper Records,No
,False,CIGNA,CT,527.0,2014,Loss,Paper Records,Yes
,False,FLORIDA HEALTHY KIDS CORPORATION,FL,580.0,2014,Unauthorized Access/Disclosure,Paper Records,No
,False,"CLINICAL REFERENCE LABORATORY, INC.",KS,979.0,2014,Loss,Paper Records,No
,False,"AMERIGROUP TEXAS, INC.",VA,75026.0,2014,Theft,Paper Records,Yes
,False,BLUE CROSS AND BLUE SHIELD OF KANSAS CITY,MO,2546.0,2014,Unauthorized Access/Disclosure,Other (Cloud/Portable Media),No
,False,"UNIVERSITY UROLOGY, P.C.",TN,1144.0,2014,Unauthorized Access/Disclosure,Paper Records,No
,False,"HEALTHY CONNECTIONS, INC",CA,793.0,2014,Loss,Other (Cloud/Portable Media),No
,False,IHS,MD,5000.0,2014,Unauthorized Access/Disclosure,Other (Cloud/Portable Media),No
,False,TRIPLE S SALUD INC.,PR,7911.0,2014,Theft,Other (Cloud/Portable Media),Yes
,False,ADMINISTRACION DE SEGUROS DE SALUD - TRIPLE S SALUD INC (BA),PR,46473.0,2014,Theft,Other (Cloud/Portable Media),Yes
250099,True,GREENWOOD LEFLORE HOSPITAL,MS,3750.0,2014,Theft,Other (Cloud/Portable Media),No
,False,"SERVICE COORDINATION, INC.",MD,10766.0,2014,Hacking/IT Incident,Network Server,Yes
,False,"COURIER EXPRESS/ATLANTA, COURIER EXPRESS/CHARLOTTE & COURIER EXPRESS US, INC.",GA,2523.0,2014,Theft,Paper Records,Yes
,False,LARSEN DENTAL CARE LLC,ID,6900.0,2014,Theft,Other (Cloud/Portable Media),No
,False,VGM HOMELINK,IA,1400.0,2014,Unauthorized Access/Disclosure,Paper Records,Yes
,False,SHAKER CLINIC,OH,617.0,2014,Loss,Paper Records,No
,False,CENTURA HEALTH,CO,12286.0,2014,Hacking/IT Incident,Email,No
,False,"LADIES FIRST CHOICE, INC.",FL,2365.0,2014,Theft,Physical Device (Workstation/Laptop),No
,False,"TUFTS ASSOCIATED HEALTH MAINTENANCE ORGANIZATION, INC. AND TUFTS INSURANCE COMPANY",MA,8830.0,2014,Theft,Other (Cloud/Portable Media),No
,False,INCLUSION RESEARCH INSTITUTE,DC,2200.0,2014,Unauthorized Access/Disclosure,Paper Records,Yes
,False,WILLIS NORTH AMERICA INC. MEDICAL EXPENSE BENEFIT PLAN,NY,4830.0,2014,Unauthorized Access/Disclosure,Email,No
,False,SORENSON COMMUNICATIONS/CAPTIONCALL GROUP HEALTH PLAN,UT,9800.0,2014,Hacking/IT Incident,Network Server,Yes
010055,True,FLOWERS HOSPITAL,AL,629.0,2014,Theft,Paper Records,No
,False,"FERGUSON ADVERTISING, INC.",IN,1361.0,2014,Hacking/IT Incident,Network Server,Yes
,False,IOWA MEDICAID ENTERPRISE,IA,862.0,2014,Unauthorized Access/Disclosure,Paper Records,No
,False,BAYLOR REGIONAL MEDICAL CENTER AT PLANO,TX,1981.0,2014,Hacking/IT Incident,Email,No
,False,BAYLOR MEDICAL CENTER AT IRVING,TX,2308.0,2014,Hacking/IT Incident,Email,No
,False,BAYLOR MEDICAL CENTER AT MCKINNEY,TX,1253.0,2014,Hacking/IT Incident,Email,No
,False,HEALTHTEXAS PROVIDER NETWORK,TX,2742.0,2014,Hacking/IT Incident,Email,No
,False,READING HEALTH SYSTEM,PA,1845.0,2014,Loss,Paper Records,No
220031,True,BOSTON MEDICAL CENTER,MA,15265.0,2014,Unauthorized Access/Disclosure,Network Server,Yes
,False,OPTUMRX,IL,5696.0,2014,Theft,Paper Records,Yes
,False,UMASS MEMORIAL MEDICAL CENTER,MA,2387.0,2014,Unauthorized Access/Disclosure,Paper Records,No
,False,"PORTER, MD, STEVEN",UT,500.0,2014,Improper Disposal,Network Server,No
,False,KEYSTONE INSURERS GROUP,IN,1008.0,2014,Other/Unknown,Email,Yes
,False,OPTIONS COUNSELING CENTER,NJ,2828.0,2014,Theft,Paper Records,No
,False,"MOLINA HEALTHCARE OF NEW MEXICO, INC.",NM,4744.0,2014,Unauthorized Access/Disclosure,Paper Records,Yes
,False,HOWARD L. WEINSTEIN D.P.M.,TX,1000.0,2014,Theft,Physical Device (Workstation/Laptop),No
,False,AMERICAN HEALTH INC.,PR,11531.0,2014,Unauthorized Access/Disclosure,Paper Records,No
,False,BLUE CROSS BLUE SHIELD OF MICHIGAN BLUE CARE NETWORK,MI,502.0,2014,Unauthorized Access/Disclosure,Email,Yes
,False,CENTRAL CITY CONCERN,OR,17914.0,2014,Unauthorized Access/Disclosure,Other (Cloud/Portable Media),No
,False,ELLIOT HEALTH SYSTEM,NH,1208.0,2014,Theft,Physical Device (Workstation/Laptop),No
,False,"SUTHERLAND HEALTHCARE SOLUTIONS, INC.",NJ,342197.0,2014,Theft,Email,Yes
,False,HUMANA INC [CASE #15381],KY,2962.0,2014,Theft,Other (Cloud/Portable Media),No
330014,True,JAMAICA HOSPITAL MEDICAL CENTER,NY,26162.0,2014,Unauthorized Access/Disclosure,Physical Device (Workstation/Laptop),No
,False,BAY PARK HOSPITAL,OH,594.0,2014,Unauthorized Access/Disclosure,Network Server,No
,False,TRIPLE-S SALUD,PR,56853.0,2014,Unauthorized Access/Disclosure,Paper Records,No
,False,"NFP MASCHINO, HUDELSON & ASSOCIATES",OK,3814.0,2014,Theft,Physical Device (Workstation/Laptop),Yes
,False,OPEN CITIES HEALTH CENTER,MN,1304.0,2014,Unauthorized Access/Disclosure,Email,No
,False,SALINA HEALTH EDUCATION DBA SALINA HEALTHCARE CENTER,KS,9640.0,2014,Unauthorized Access/Disclosure,Email,No
,False,MARK A. GILLISPIE,CA,5845.0,2014,Theft,Physical Device (Workstation/Laptop),No
,False,PENN STATE MILTON S. HERSHEY MEDICAL CENTER,PA,1801.0,2014,Unauthorized Access/Disclosure,Email,No
,False,WALGREEN CO.,IL,540.0,2014,Theft,Physical Device (Workstation/Laptop),No
,False,ST. FRANCIS HOSPITAL,GA,1175.0,2014,Unauthorized Access/Disclosure,Email,No
,False,"DOCTORS FIRST CHOICE BILLINGS, INC",FL,9255.0,2014,Theft,Other (Cloud/Portable Media),Yes
,False,"DOCTORS FIRST CHOICE BILLINGS, INC.",FL,1831.0,2014,Hacking/IT Incident,Other (Cloud/Portable Media),Yes
,False,BAYLOR MEDICAL CENTER AT CARROLLTON,TX,2874.0,2014,Unauthorized Access/Disclosure,Electronic Medical Record (EMR),No
,False,"SANTA ROSA MEMORIAL HOSPITAL, PRIVACY MANAGER BREACH",CA,33702.0,2014,Theft,Other (Cloud/Portable Media),No
,False,GROUP HEALTH PLAN OF HURLEY MEDICAL CENTER,MI,2289.0,2014,Unauthorized Access/Disclosure,Email,No
,False,IHS,MD,620.0,2014,Unauthorized Access/Disclosure,Other (Cloud/Portable Media),No
,False,"DAVID DIGIALLORENZO, D.M.D.",PA,11000.0,2014,Hacking/IT Incident,Other (Cloud/Portable Media),No
,False,"NRAD MEDICAL ASSOCIATES, P.C.",NY,97000.0,2014,Hacking/IT Incident,Physical Device (Workstation/Laptop),No
,False,NYU HOSPITALS CENTER,NY,872.0,2014,Theft,Physical Device (Workstation/Laptop),No
,False,"ABRHAM TEKOLA, M.D.,INC",CA,5471.0,2014,Theft,Physical Device (Workstation/Laptop),No
,False,"COLORADO NEURODIAGNOSTICS, PLLC",CO,750.0,2014,Theft,Physical Device (Workstation/Laptop),No
,False,"SLOANE STECKER PHYSICAL THERAPY, PC",NY,2000.0,2014,Theft,Electronic Medical Record (EMR),No
,False,RIVERSIDE COUNTY REGIONAL MEDICAL CENTER,CA,563.0,2014,Theft,Physical Device (Workstation/Laptop),No
053303,True,RADY CHILDREN'S HOSPITAL - SAN DIEGO,CA,14121.0,2014,Unauthorized Access/Disclosure,Email,No
053303,True,RADY CHILDREN'S HOSPITAL - SAN DIEGO,CA,6307.0,2014,Unauthorized Access/Disclosure,Email,No
,False,ALABAMA DEPARTMENT OF PUBLIC HEALTH,AL,1200.0,2014,Theft,Electronic Medical Record (EMR),No
,False,THE UNION LABOR LIFE INSURANCE COMPANY,MD,42713.0,2014,Theft,Physical Device (Workstation/Laptop),No
05027F,True,VA LONG BEACH HEALTHCARE SYSTEM,CA,592.0,2014,Unauthorized Access/Disclosure,Paper Records,No
,False,D&J OPTICAL INC.,AL,1100.0,2014,Hacking/IT Incident,Physical Device (Workstation/Laptop),No
,False,MONTANA DEPARTMENT OF PUBLIC HEALTH & HUMAN SERVICES,MT,1062509.0,2014,Hacking/IT Incident,Network Server,No
,False,HIGHMARK INC.,PA,2589.0,2014,Theft,Paper Records,Yes
,False,HALEY CHIROPRACTIC CLINIC,WA,6000.0,2014,Theft,Physical Device (Workstation/Laptop),No
,False,"ST. VINCENT HOSPITAL AND HEALTH CARE CENTER, INC.",IN,63325.0,2014,Unauthorized Access/Disclosure,Paper Records,Yes
,False,"INSYNC COMPUTER SOLUTIONS, INC.",AL,50918.0,2014,Other/Unknown,Network Server,Yes
,False,WESTERN REGIONAL CENTER FOR BRAIN AND SPINE SURGERY,NV,12000.0,2014,Theft,Network Server,No
,False,INDIAN HEALTH SERVICE -ROSEBUD,MD,620.0,2014,Loss,Paper Records,No
,False,BAY AREA PAIN MEDICAL ASSOCIATES,CA,2780.0,2014,Theft,Physical Device (Workstation/Laptop),No
,False,UNIVERSITY OF PENNSYLVANIA HEALTH SYSTEM,PA,661.0,2014,Theft,Paper Records,No
,False,MINNEAPOLIS VA HEALTH CARE SYSTEM,MN,500.0,2014,Unauthorized Access/Disclosure,Paper Records,No
,False,ADMINISTRACION DE SEGUROS DE SALUD - TRIPLE S SALUD INC (BA),PR,7911.0,2014,Unauthorized Access/Disclosure,Other (Cloud/Portable Media),No
,False,MIDWEST ORTHOPAEDIC CENTER SC,IL,680.0,2014,Unauthorized Access/Disclosure,Network Server,Yes
,False,BIOREFERENCE LABORATORIES INC,NJ,3334.0,2014,Unauthorized Access/Disclosure,Network Server,Yes
420071,True,SELF REGIONAL HEALTHCARE,SC,38906.0,2014,Theft,Physical Device (Workstation/Laptop),No
,False,"UROLOGICAL ASSOCIATES OF SOUTHERN ARIZONA, P.C.",AZ,3529.0,2014,Improper Disposal,Other (Cloud/Portable Media),No
,False,DR. VERONICA JOANN BARBER,CA,4000.0,2014,Unauthorized Access/Disclosure,Network Server,Yes
,False,"PRN MEDICAL SERVICES, LLC DBA SYMBIUS MEDICAL, LLC",AZ,13877.0,2014,Theft,Network Server,No
,False,MIDWEST UROLOGICAL GROUP,IL,982.0,2014,Theft,Physical Device (Workstation/Laptop),No
,False,RITE AID STORE 5256,WA,522.0,2014,Theft,Paper Records,No
,False,CANCER SPECIALISTS OF TIDEWATER,VA,2318.0,2014,Theft,Electronic Medical Record (EMR),No
,False,"STAYWELL HEALTH MANAGEMENT, LLC",MN,4487.0,2014,Hacking/IT Incident,Network Server,Yes
,False,MOBILEXUSA,OH,605.0,2014,Loss,Paper Records,No
,False,DIAMOND COMPUTING COMPANY,GA,7016.0,2014,Unauthorized Access/Disclosure,Network Server,Yes
310074,True,JERSEY CITY MEDICAL CENTER,NJ,36400.0,2014,Loss,Other (Cloud/Portable Media),No
,False,CENTRAL UTAH CLINIC,UT,31677.0,2014,Hacking/IT Incident,Network Server,No
,False,"PST SERVICES INC, A MCKESSON CO.",GA,10104.0,2014,Hacking/IT Incident,Network Server,Yes
,False,ONSITE HEALTH DIAGNOSTICS (OHD),TX,60582.0,2014,Hacking/IT Incident,Network Server,Yes
,False,APPLE VALLEY CARE CENTER,CA,1251.0,2014,Hacking/IT Incident,Network Server,No
,False,KAISER FOUNDATION HEALTH PLAN OF COLORADO,CO,11551.0,2014,Unauthorized Access/Disclosure,Other (Cloud/Portable Media),No
,False,"CAREALL MANAGEMENT, LLC",TN,28300.0,2014,Improper Disposal,Other (Cloud/Portable Media),No
,False,IRON MOUNTAIN RECORDS MANAGEMENT,CA,1674.0,2014,Theft,Other (Cloud/Portable Media),Yes
,False,"24 ON PHYSICIANS, PC/IN COMPASS HEALTH,INC.",GA,520.0,2014,Hacking/IT Incident,Network Server,Yes
,False,UNIVERSITY HEALTH,LA,6073.0,2014,Hacking/IT Incident,Network Server,No
,False,CHILDREN'S MERCY HOSPITAL,MO,4067.0,2014,Hacking/IT Incident,Network Server,Yes
,False,IRON MOUNTAIN,CA,49714.0,2014,Theft,Paper Records,Yes
,False,STATE OF TENNESSEE STATE INSURANCE PLAN,TN,60582.0,2014,Hacking/IT Incident,Network Server,No
,False,24 ON PHYSICIANS PC,GA,10104.0,2014,Hacking/IT Incident,Network Server,No
,False,IRON MOUNTAIN INCORPORATED,MA,10000.0,2014,Theft,Paper Records,Yes
050128,True,TRI-CITY MEDICAL CENTER,CA,500.0,2014,Theft,Paper Records,No
,False,DENNIS FLYNN MD,IL,13646.0,2014,Theft,Physical Device (Workstation/Laptop),No
,False,COMMUNITY HEALTH SYSTEMS PROFESSIONAL SERVICES CORPORATION,TN,4500000.0,2014,Theft,Network Server,Yes
,False,COMMUNITY HEALTH SYSTEMS PROFESSIONAL SERVICES CORPORATIONS,TN,6121158.0,2014,Hacking/IT Incident,Network Server,No
,False,OKLAHOMA CITY INDIAN CLINIC,OK,6000.0,2014,Unauthorized Access/Disclosure,Email,No
,False,"STEVEN A. GOLDMAN, MD INC.",OH,6141.0,2014,Theft,Network Server,No
,False,SPECIALTY CLINICS OF GEORGIA - ORTHOPAEDICS,GA,2350.0,2014,Theft,Paper Records,No
,False,MIDWEST WOMENS HEALTHCARE SPECIALIST,MO,1376.0,2014,Improper Disposal,Paper Records,No
,False,AVENTURA HOSPITAL AND MEDICAL CENTER,FL,948.0,2014,Theft,Physical Device (Workstation/Laptop),No
,False,ST. ELIZABETH'S MEDICAL CENTER,MA,595.0,2014,Theft,Physical Device (Workstation/Laptop),No
,False,GROUP HEALTH INCORPORATED,NY,802.0,2014,Unauthorized Access/Disclosure,Paper Records,No
,False,"THE LONGSTREET CLINIC, P. C.",GA,720.0,2014,Improper Disposal,Other (Cloud/Portable Media),No
,False,METROPOLITAN GOVERNMENT OF NASHVILLE AND DAVIDSON COUNTY (METRO) PUBLIC HEALTH DEPARTMENT,TN,1717.0,2014,Other/Unknown,Other (Cloud/Portable Media),No
,False,DUKE UNIVERSITY HEALTH SYSTEM,NC,10993.0,2014,Theft,Other (Cloud/Portable Media),No
,False,MEMORIAL HERMANN HEALTH SYSTEM,TX,10604.0,2014,Unauthorized Access/Disclosure,Physical Device (Workstation/Laptop),No
,False,ALTAMED HEALTH SERVICES CORPORATION,CA,3206.0,2014,Theft,Network Server,No
,False,"BULLOCH PEDIATRIC GROUP, LLC",GA,10000.0,2014,Unauthorized Access/Disclosure,Paper Records,No
,False,EMDEON,TN,566.0,2014,Theft,Paper Records,Yes
,False,TEMPLE UNIVERSITY PHYSICIANS,PA,3780.0,2014,Theft,Physical Device (Workstation/Laptop),No
,False,THE WELLPOINT AFFILIATED COVERED ENTITIES,IN,1464.0,2014,Unauthorized Access/Disclosure,Paper Records,No
,False,VALESCO VENTURES,FL,82601.0,2014,Theft,Electronic Medical Record (EMR),Yes
,False,BON SECOURS KENTUCKY,KY,697.0,2014,Unauthorized Access/Disclosure,Other (Cloud/Portable Media),No
,False,"THOMAS CRISTELLO, CHIROPRACTOR PC",NY,914.0,2014,Loss,Other (Cloud/Portable Media),No
,False,"ENT PARTNERS OF TEXAS (LEGALLY KNOWN AS IRVING-COPPELL EAR, NOSE AND THROAT)",TX,789.0,2014,Theft,Physical Device (Workstation/Laptop),No
,False,WM. JENNINGS BRYAN DORN VA MEDICAL CENTER,SC,3637.0,2014,Unauthorized Access/Disclosure,Paper Records,No
,False,KMART CORPORATION,IL,1866.0,2014,Unauthorized Access/Disclosure,Paper Records,No
,False,"XEROX STATE HEALTHCARE, LLC",TX,2000000.0,2014,Unauthorized Access/Disclosure,Network Server,Yes
,False,CEDARS-SINAI HEALTH SYSTEM,CA,33136.0,2014,Theft,Physical Device (Workstation/Laptop),No
,False,AVENTURA HOSPITAL AND MEDICAL CENTER,FL,82601.0,2014,Theft,Network Server,No
100128,True,TAMPA GENERAL HOSPITAL,FL,675.0,2014,Unauthorized Access/Disclosure,Electronic Medical Record (EMR),No
,False,SANTA FE MEDICAL GROUP,NM,843.0,2014,Theft,Other (Cloud/Portable Media),No
,False,EMDEON,TN,800.0,2014,Theft,Paper Records,Yes
,False,COOK COUNTY HEALTH AND HOSPITALS SYSTEM,IL,767.0,2014,Hacking/IT Incident,Email,Yes
,False,SOUTH SUBURBAN HIV/AIDS REGIONAL CLINICS,IL,767.0,2014,Other/Unknown,Email,Yes
,False,NEW MEXICO VA HEALTH CARE SYSTEM,NM,2657.0,2014,Unauthorized Access/Disclosure,Paper Records,No
,False,"RESEARCH INTEGRITY, LLC",KY,4077.0,2014,Unauthorized Access/Disclosure,Other (Cloud/Portable Media),Yes
,False,"OWENSBORO MEDICAL PRACTICE, PLLC",KY,4077.0,2014,Unauthorized Access/Disclosure,Other (Cloud/Portable Media),No
,False,"COMPASSIONATE CARE HOSPICE OF CENTRAL LOUISIANA, LLC",LA,707.0,2014,Theft,Physical Device (Workstation/Laptop),No
,False,MADISON STREET PROVIDER NETWORK,CO,523.0,2014,Theft,Physical Device (Workstation/Laptop),No
,False,"AMERICAN FAMILY CARE, INC.",AL,2588.0,2014,Theft,Physical Device (Workstation/Laptop),No
,False,"U.S. HEALTH HOLDINGS, LTD. O/B/O MACOMB COUNTY, MICHIGAN",MI,6302.0,2014,Unauthorized Access/Disclosure,Other (Cloud/Portable Media),No
330169,True,MOUNT SINAI BETH ISRAEL,NY,10793.0,2014,Theft,Physical Device (Workstation/Laptop),No
,False,"TOUCHSTONE MEDICAL IMAGING, LLC",TN,307528.0,2014,Unauthorized Access/Disclosure,Network Server,No
,False,ALBERTINA KERR CENTERS,OR,1320.0,2014,Theft,Physical Device (Workstation/Laptop),No
,False,VCARVE LLC D/B/A MD MANAGE,NJ,585.0,2014,Unauthorized Access/Disclosure,Network Server,Yes
,False,VARO HEALTHCARE,PA,1667.0,2014,Unauthorized Access/Disclosure,Paper Records,Yes
,False,VONICA CHAU DDS PA,TX,810.0,2014,Theft,Physical Device (Workstation/Laptop),No
,False,"UC DAVIS MEDICAL CENTER, PRIVACY MANAGER BREACH",CA,1326.0,2014,Hacking/IT Incident,Email,No
,False,REGION SIX OF THE GEORGIA DEPARTMENT OF BEHAVIORAL HEALTH AND DEVELOPMENTAL DISABILITIES,GA,3397.0,2014,Theft,Physical Device (Workstation/Laptop),No
,False,SOUTH TEXAS VETERANS HEALTH CARE SYSTEM,TX,4000.0,2014,Unauthorized Access/Disclosure,Paper Records,No
,False,CONE HEALTH MEDICAL GROUP,NC,1872.0,2014,Unauthorized Access/Disclosure,Paper Records,No
,False,NYU UROLOGY ASSOCIATES,NY,835.0,2014,Unauthorized Access/Disclosure,Other (Cloud/Portable Media),No
,False,COLORADO DEPARTMENT OF HEALTH CARE POLICY & FINANCING,CO,15380.0,2014,Unauthorized Access/Disclosure,Other (Cloud/Portable Media),Yes
,False,M&M COMPUTER SERVICES,TX,4500.0,2014,Hacking/IT Incident,Network Server,Yes
,False,NEW YORK CITY HEALTH & HOSPITALS CORPORATION,NY,10058.0,2014,Unauthorized Access/Disclosure,Paper Records,No
,False,SOUTHWEST VIRGINIA PHYSICIANS FOR WOMEN,VA,568.0,2014,Theft,Paper Records,No
,False,CITY OF DALLAS FIRE-RESCUE DEPARTMENT,TX,1000.0,2014,Theft,Physical Device (Workstation/Laptop),No
,False,CONE HEALTH MEDICAL GROUP,NC,1872.0,2014,Unauthorized Access/Disclosure,Paper Records,No
,False,GRAYBILL MEDICAL GROUP,CA,1863.0,2014,Theft,Other (Cloud/Portable Media),No
,False,"QURAISHI, NISAR A",NY,20000.0,2014,Theft,Paper Records,No
,False,"SEVEN COUNTIES SERVICES, INC.",KY,727.0,2014,Unauthorized Access/Disclosure,Paper Records,No
,False,HEARD COUNTY EMA,GA,672.0,2014,Theft,Physical Device (Workstation/Laptop),No
,False,MD MANAGE (VCARVE LLC),NJ,35357.0,2014,Unauthorized Access/Disclosure,Network Server,Yes
,False,BURLINGTON NORTHERN SANTA FE GROUP BENEFITS PLAN,TX,507.0,2014,Loss,Other (Cloud/Portable Media),No
,False,"MULTILINGUAL PSYCHOTHERAPY CENTERS, INC",FL,3500.0,2014,Theft,Network Server,No
38003F,True,PORTLAND VA MEDICAL CENTER,OR,1740.0,2014,Theft,Paper Records,No
,False,MEMORIAL HEALTHCARE SYSTEM,FL,1782.0,2014,Unauthorized Access/Disclosure,Email,No
,False,MEMORIAL HEALTHCARE SYSTEM,FL,1782.0,2014,Unauthorized Access/Disclosure,Email,No
,False,COORDINATED HEALTH,PA,13907.0,2014,Theft,Physical Device (Workstation/Laptop),No
,False,"JESSIE TRICE COMMUNITY HEALTH CENTER, INC.",FL,7888.0,2014,Theft,Network Server,No
,False,"CENTRAL DERMATOLOGY CENTER, P.A.",NC,76258.0,2014,Theft,Network Server,No
,False,WEILL CORNELL MEDICAL COLLEGE,NY,3936.0,2014,Theft,Physical Device (Workstation/Laptop),No
,False,VISIONWORKS INC.,TX,74944.0,2014,Loss,Network Server,No
,False,"INDIAN HEALTH SERVICE, ABERDEEN AREA OFFICE",SD,1632.0,2014,Unauthorized Access/Disclosure,Email,No
,False,IRON MOUNTAIN,CA,2691.0,2014,Theft,Paper Records,Yes
,False,COLORADO RIVER INDIAN TRIBES,AZ,1296.0,2014,Other/Unknown,Email,No
,False,LOI LUU,CA,13177.0,2014,Theft,Network Server,No
,False,REEVE-WOODS EYE CENTER,CA,30000.0,2014,Theft,Network Server,No
220110,True,BRIGHAM AND WOMEN'S HOSPITAL,MA,999.0,2014,Theft,Physical Device (Workstation/Laptop),No
,False,KIRKBRIDE CENTER,PA,860.0,2014,Theft,Paper Records,No
,False,"METROPLUS HEALTH PLAN, INC.",NY,31980.0,2014,Other/Unknown,Email,No
,False,"BAPTIST PRIMARY CARE, INC.",FL,1449.0,2014,Unauthorized Access/Disclosure,Electronic Medical Record (EMR),No
,False,VISIONWORKS INC.,TX,47683.0,2014,Theft,Network Server,No
,False,TRUE VISION EYECARE,OH,542.0,2014,Theft,Physical Device (Workstation/Laptop),No
,False,NORTHFIELD HOSPITAL & CLINICS,MN,1778.0,2014,Improper Disposal,Paper Records,No
,False,ADMINISTEP,TX,4469.0,2014,Unauthorized Access/Disclosure,Paper Records,Yes
,False,"COMPUTER PROGRAMS AND SYSTEMS, INC.",AL,25764.0,2014,Theft,Network Server,Yes
,False,NORTH BIG HORN HOSPITAL,WY,1607.0,2014,Loss,Paper Records,No
,False,THE HEARING ZONE,UT,623.0,2014,Theft,Physical Device (Workstation/Laptop),No
,False,FLORIDA DEPARTMENT OF HEALTH,FL,2477.0,2014,Other/Unknown,Email,No
,False,REACHOUT HOME CARE [CASE #16687],KY,4500.0,2014,Theft,Physical Device (Workstation/Laptop),No
,False,HIGHLANDS CASHIER HOSPITAL,NC,26115.0,2014,Unauthorized Access/Disclosure,Network Server,No
,False,SONY PICTURES ENTERTAINMENT HEALTH AND WELFARE BENEFITS PLAN (THE PLAN),CA,30000.0,2014,Hacking/IT Incident,Network Server,No
,False,"DISTRICT MEDICAL GROUP, PRIVACY MANAGER BREACH",AZ,616.0,2014,Unauthorized Access/Disclosure,Other (Cloud/Portable Media),No
141351,True,CLAY COUNTY HOSPITAL,IL,12621.0,2014,Unauthorized Access/Disclosure,Other (Cloud/Portable Media),No
,False,ST. MARY MERCY HOSPITAL,MI,1488.0,2014,Unauthorized Access/Disclosure,Email,No
,False,WALGREEN CO.,IL,160000.0,2014,Other/Unknown,Paper Records,No
,False,PEDIATRIC GASTROENTEROLOGY CONSULTANTS,CO,5000.0,2014,Theft,Physical Device (Workstation/Laptop),No
,False,"THE CORVALLIS CLINIC, P.C.",OR,41000.0,2014,Theft,Physical Device (Workstation/Laptop),No
,False,"MERCY MEDICAL CENTER REDDING - ONCOLOGY CLINIC, PRIVACY MANAGER BREACH",CA,616.0,2014,Hacking/IT Incident,Other (Cloud/Portable Media),No
,False,NORTHWESTERN MEMORIAL HEALTHCARE,IL,2813.0,2014,Theft,Physical Device (Workstation/Laptop),No
,False,INDEPENDENCE BLUE CROSS AND AMERIHEALTH NEW JERSEY,PA,12450.0,2014,Improper Disposal,Paper Records,No
,False,"MURALI MENON, PRIVACY MANAGER BREACH",CA,2855.0,2014,Theft,Physical Device (Workstation/Laptop),No
,False,MDINR LLC,FL,1859.0,2015,Unauthorized Access/Disclosure,Email,No
,False,VA CORPORATE DATA CENTER OPERATIONS/AUSTIN INFORMATION TECHNOLOGY CENTER,TX,7029.0,2015,Hacking/IT Incident,Network Server,No
,False,SAINT LOUIS COUNTY DEPARTMENT OF HEALTH,MO,4000.0,2015,Unauthorized Access/Disclosure,Network Server,No
,False,"ASPIRE INDIANA, INC.",IN,43890.0,2015,Theft,Physical Device (Workstation/Laptop),No
,False,HENRY FORD HEALTH SYSTEM,MI,2336.0,2015,Loss,Other (Cloud/Portable Media),No
,False,CHILDREN'S EYEWEAR SIGHT,CA,1030.0,2015,Theft,Physical Device (Workstation/Laptop),No
,False,TENNESSEE RURAL HEALTH IMPROVEMENT ASSOCIATION,TN,79000.0,2015,Unauthorized Access/Disclosure,Other (Cloud/Portable Media),No
,False,NATIONAL PAIN INSTITUTE,FL,500.0,2015,Improper Disposal,Physical Device (Workstation/Laptop),No
,False,UNIVERSITY HOSPITALS,OH,848.0,2015,Unauthorized Access/Disclosure,Electronic Medical Record (EMR),No
,False,"RAINIER SURGICAL, INCORPORATED",TX,4920.0,2015,Theft,Paper Records,No
,False,"RONALD D. GARRETT-ROE, MD",TX,1600.0,2015,Hacking/IT Incident,Physical Device (Workstation/Laptop),No
,False,CALIFORNIA PACIFIC MEDICAL CENTER,CA,845.0,2015,Unauthorized Access/Disclosure,Electronic Medical Record (EMR),No
,False,ST. PETER'S HEALTH PARTNERS,NY,5117.0,2015,Theft,Other (Cloud/Portable Media),No
,False,DIANA S. GUTH DBA HOME RESPIRATORY CARE,CA,1285.0,2015,Unauthorized Access/Disclosure,Email,No
,False,DAVID E. HANSEN DDS PS,WA,2000.0,2015,Theft,Paper Records,No
,False,"KAISER FOUNDATION HEALTH PLAN OF THE MID-ATLANTIC STATES, INC.",MD,630.0,2015,Unauthorized Access/Disclosure,Paper Records,No
,False,RIVERSIDE COUNTY REGIONAL MEDICAL CENTER,CA,7925.0,2015,Theft,Physical Device (Workstation/Laptop),No
,False,"NORTH DALLAS UROGYNECOLOGY, PLLC.",TX,678.0,2015,Theft,Physical Device (Workstation/Laptop),No
,False,"UMASS MEMORIAL MEDICAL GROUP, INC.",MA,14100.0,2015,Unauthorized Access/Disclosure,Paper Records,No
,False,BOSTON BASKIN CANCER FOUNDATION,TN,56694.0,2015,Theft,Other (Cloud/Portable Media),No
250095,True,SOUTH SUNFLOWER COUNTY HOSPITAL,MS,19000.0,2015,Improper Disposal,Paper Records,No
,False,PLANNED PARENTHOOD SOUTHWEST OHIO,OH,5000.0,2015,Improper Disposal,Paper Records,No
,False,"SENIOR HEALTH PARTNERS, A HEALTHFIRST COMPANY",NY,2772.0,2015,Theft,Physical Device (Workstation/Laptop),No
,False,"TOMAS, ARTURO",IL,680.0,2015,Loss,Paper Records,Yes
,False,HAYWOOD COUNTY NC,NC,955.0,2015,Loss,Paper Records,No
,False,COURIER CORPORATION OF HAWAII,HI,2809.0,2015,Loss,Paper Records,Yes
,False,PATHWAY TO HOPE,FL,600.0,2015,Unauthorized Access/Disclosure,Email,No
,False,ANTHEM INC.,IN,78800000.0,2015,Hacking/IT Incident,Network Server,No
,False,HUNT REGIONAL MEDICAL PARTNERS,TX,3000.0,2015,Unauthorized Access/Disclosure,Other (Cloud/Portable Media),No
,False,MARKETING CLIQUE,TX,8700.0,2015,Unauthorized Access/Disclosure,Other (Cloud/Portable Media),Yes
,False,CHILDREN'S NATIONAL MEDICAL CENTER,DC,18000.0,2015,Hacking/IT Incident,Email,No
,False,"RAYMOND MARK TURNER, M.D.",NV,2153.0,2015,Theft,Physical Device (Workstation/Laptop),No
,False,AVENTURA HOSPITAL AND MEDICAL CENTER,FL,686.0,2015,Unauthorized Access/Disclosure,Physical Device (Workstation/Laptop),No
,False,"ST.VINCENT HOSPITAL AND HEALTH CARE CENTER, INC.",IN,63325.0,2015,Unauthorized Access/Disclosure,Paper Records,No
,False,"CATHRINE STEINBORN, DDS",CA,3224.0,2015,Theft,Network Server,No
,False,AMEDISYS,LA,6909.0,2015,Unauthorized Access/Disclosure,Physical Device (Workstation/Laptop),No
,False,GEORGIA DEPARTMENT OF COMMUNITY HEALTH,GA,355127.0,2015,Hacking/IT Incident,Network Server,Yes
,False,ADVANCE REHABILITATION & CONSULTING LTD,GA,570.0,2015,Hacking/IT Incident,Network Server,No
,False,"CLINICAL REFERENCE LABORATORY, INC.",KS,4668.0,2015,Loss,Paper Records,No
,False,MOSAIC MEDICAL,OR,2207.0,2015,Unauthorized Access/Disclosure,Paper Records,No
,False,ST. MARY'S HEALTH,IN,3952.0,2015,Hacking/IT Incident,Email,No
,False,SHARON J. JONES M.D.,CA,1342.0,2015,Theft,Paper Records,Yes
,False,SAN FRANCISO GENERAL HOSPITAL AND TRAUMA CENTER,CA,2500.0,2015,Theft,Other (Cloud/Portable Media),No
,False,VALLEY COMMUNITY HEALTHCARE,CA,1233.0,2015,Loss,Physical Device (Workstation/Laptop),No
,False,INDIANA STATE MEDICAL ASSOCIATION,IN,38351.0,2015,Theft,Other (Cloud/Portable Media),No
,False,DR. ANTHONY T. R. GREEN DDS,NY,7448.0,2015,Unauthorized Access/Disclosure,Paper Records,No
,False,VIRGINIA DEPARTMENT OF MEDICAL ASSISTANCE SERVICES (VA-DMAS),VA,697586.0,2015,Hacking/IT Incident,Network Server,Yes
,False,EYECARE OF BARTLESVILLE,OK,4000.0,2015,Hacking/IT Incident,Network Server,No
,False,"SACRED HEART HEALTH SYSTEM, INC.",FL,14177.0,2015,Hacking/IT Incident,Email,Yes
,False,PREMERA BLUE CROSS,WA,11000000.0,2015,Hacking/IT Incident,Network Server,No
,False,BLUE CROSS BLUE SHIELD OF MICHIGAN,MI,3903.0,2015,Theft,Paper Records,No
,False,ADVANTAGE CONSOLIDATED LLC,OR,151626.0,2015,Hacking/IT Incident,Other (Cloud/Portable Media),No
,False,CAREER EDUCATION CORPORATION,IL,2743.0,2015,Hacking/IT Incident,Network Server,Yes
,False,KANE HALL BARRY NEUROLOGY,TX,600.0,2015,Theft,Physical Device (Workstation/Laptop),No
,False,FLORIDA HOSPITAL,FL,8700.0,2015,Unauthorized Access/Disclosure,Other (Cloud/Portable Media),No
,False,MOUNT SINAI MEDICAL CENTER,FL,1406.0,2015,Unauthorized Access/Disclosure,Paper Records,No
,False,LIFE CARE CENTER OF ATTLEBORO,MA,2473.0,2015,Loss,Paper Records,Yes
,False,COMMUNITY HEALTH NETWORK,IN,650.0,2015,Loss,Paper Records,No
,False,AT&T GROUP HEALTH PLAN,TX,50000.0,2015,Hacking/IT Incident,Network Server,No
,False,FREELANCERS INSURANCE COMPANY,NY,43068.0,2015,Hacking/IT Incident,Network Server,No
,False,PEDIATRIC ASSOCIATES,FL,627.0,2015,Loss,Paper Records,No
,False,MCDERMOTT WILL & EMERY LLP IS THE PLAN SPONSOR FOR THE MCDERMOTT MEDICAL PLAN,IL,880.0,2015,Hacking/IT Incident,Network Server,Yes
,False,"7-ELEVEN, INC. COMPREHENSIVE WELFARE BENEFITS PLAN NO. 525",TX,1688.0,2015,Hacking/IT Incident,Network Server,Yes
,False,PROJECT VIDA HEALTH CENTER,TX,7700.0,2015,Theft,Network Server,No
,False,NEW,FL,500.0,2015,Hacking/IT Incident,Network Server,No
,False,"TRIPLE S ADVANTAGE, INC",PR,1458.0,2015,Unauthorized Access/Disclosure,Other (Cloud/Portable Media),No
,False,CIGNA-HEALTHSPRING,TN,862.0,2015,Unauthorized Access/Disclosure,Paper Records,No
,False,SCHAEFFLER GROUP USA,SC,550.0,2015,Hacking/IT Incident,Network Server,No
,False,PIH HEALTH HOSPITAL - WHITTIER,CA,826.0,2015,Theft,Paper Records,No
,False,CDC/NIOSH WORLD TRADE CENTER HEALTH PROGRAM (WTCHP),GA,958.0,2015,Unauthorized Access/Disclosure,Paper Records,No
,False,CITY OF PHILADELPHIA FIRE DEPARTMENT EMERGENCY MEDICAL SERVICES UNIT,PA,81463.0,2015,Unauthorized Access/Disclosure,Physical Device (Workstation/Laptop),Yes
,False,WESTERN MONTANA CLINIC,MT,7038.0,2015,Hacking/IT Incident,Network Server,No
,False,TULARE COUNTY HEALTH & HUMAN SERVICES AGENCY,CA,845.0,2015,Unauthorized Access/Disclosure,Email,No
,False,VA EASTERN COLORADO HEALTH CARE SYSTEM(ECHCS),CO,508.0,2015,Unauthorized Access/Disclosure,Paper Records,No
,False,"ELIZABETH KERNER, M.D.",TX,873.0,2015,Unauthorized Access/Disclosure,Email,No
,False,CHILDREN'S HEART CENTER,NV,8791.0,2015,Unauthorized Access/Disclosure,Electronic Medical Record (EMR),No
,False,HEALTH PLAN SPONSORED BY COVENANT MINISTRIES OF BENEVOLANCE,IL,782.0,2015,Hacking/IT Incident,Network Server,Yes
,False,SUPERVALU GROUP HEALTH PLAN,MN,10946.0,2015,Hacking/IT Incident,Network Server,Yes
,False,ALLINA HEALTH,MN,838.0,2015,Unauthorized Access/Disclosure,Paper Records,No
,False,ADT LLC GROUP HEALTH & WELFARE PLAN,FL,3074.0,2015,Hacking/IT Incident,Network Server,No
,False,"INTERNATIONAL UNION OF OPERATING ENGINEERS LOCAL UNIONS 181, 320 & TVA HEALTH AND WELFARE TRUST FUND",KY,5440.0,2015,Hacking/IT Incident,Network Server,Yes
,False,DENTON COUNTY HEALTH DEPARTMENT,TX,874.0,2015,Unauthorized Access/Disclosure,Other (Cloud/Portable Media),No
,False,"ST.VINCENT MEDICAL GROUP, INC.",IN,756.0,2015,Hacking/IT Incident,Email,No
,False,NEW YORK STATE OFFICE OF MENTAL HEALTH,NY,563.0,2015,Loss,Physical Device (Workstation/Laptop),No
,False,SUBURBAN LUNG ASSOCIATES,IL,2984.0,2015,Unauthorized Access/Disclosure,Paper Records,Yes
,False,CONCORDIA PLAN SERVICES ON BEHALF OF THE CONCORDIA HEALTH PLAN,MO,12500.0,2015,Hacking/IT Incident,Network Server,No
,False,AMERICAN SLEEP MEDICINE,CA,1787.0,2015,Theft,Other (Cloud/Portable Media),No
310074,True,JERSEY CITY MEDICAL CENTER,NJ,1447.0,2015,Unauthorized Access/Disclosure,Email,No
,False,PUERTO RICO DEPARTMENT OF HEATLH - MEDICAID PROGRAM,Unknown,500.0,2015,Theft,Other (Cloud/Portable Media),No
,False,COMPUNET CLINICAL LABORATORIES,OH,2584.0,2015,Loss,Paper Records,No
,False,WELLMONT HEALTH SYSTEM,TN,1726.0,2015,Improper Disposal,Paper Records,No
,False,"SAINT AGNES HEALTH CARE, INC.",MD,24967.0,2015,Hacking/IT Incident,Email,No
,False,SETON FAMILY OF HOSPITALS,TX,39000.0,2015,Hacking/IT Incident,Email,No
,False,COMMUNITY MERCY HEALTH PARTNERS,OH,2000.0,2015,Unauthorized Access/Disclosure,Paper Records,No
,False,"CEMEX, INC.",TX,880.0,2015,Hacking/IT Incident,Network Server,Yes
,False,"CLINICAL REFERENCE LABORATORY, INC.",KS,864.0,2015,Loss,Paper Records,No
,False,UNIVERSITY OF ILLINOIS AT CHICAGO,IL,3000.0,2015,Theft,Physical Device (Workstation/Laptop),No
,False,"CONSOLIDATED TRIBAL HEALTH PROJECT, INC.",CA,4885.0,2015,Unauthorized Access/Disclosure,Network Server,No
330204,True,BELLEVUE HOSPITAL CENTER,NY,3334.0,2015,Unauthorized Access/Disclosure,Email,No
330127,True,JACOBI MEDICAL CENTER,NY,90060.0,2015,Unauthorized Access/Disclosure,Email,No
,False,COUNTY OF LOS ANGELES,CA,880.0,2015,Theft,Paper Records,No
,False,"PARTNERS HEALTHCARE SYSTEM, INC.",MA,3321.0,2015,Hacking/IT Incident,Network Server,No
,False,WALGREEN CO.,IL,1138.0,2015,Loss,Paper Records,No
,False,VENTURA COUNTY HEALTH CARE AGENCY,CA,1339.0,2015,Loss,Paper Records,No
,False,"UNITY RECOVERY GROUP, INC.,STARTING POINT DETOX LLC, LAKESIDE TREATMENT CENTER LLC, CHANGING TIDES TRANSITIONAL LIVING LLC, UNITY RECOVERY CENTER, INC",FL,1000.0,2015,Unauthorized Access/Disclosure,Network Server,No
,False,UPMC,PA,2259.0,2015,Theft,Other (Cloud/Portable Media),Yes
,False,"MEDICAL MANAGEMENT, LLC (MML)",NC,20512.0,2015,Theft,Other (Cloud/Portable Media),Yes
,False,DUKE LIFEPOINT CONEMAUGH MEMORIAL MEDICAL CENTER,PA,1551.0,2015,Theft,Physical Device (Workstation/Laptop),No
,False,THE METROHEALTH SYSTEM,OH,981.0,2015,Hacking/IT Incident,Physical Device (Workstation/Laptop),No
,False,AFLAC,GA,6166.0,2015,Unauthorized Access/Disclosure,Paper Records,No
,False,ASSOCIATED DENTISTS-ROSEVILLE OFFICE,MN,4725.0,2015,Theft,Physical Device (Workstation/Laptop),No
,False,ALEXIAN BROTHERS MEDICAL CENTER,IL,632.0,2015,Unauthorized Access/Disclosure,Physical Device (Workstation/Laptop),No
,False,"SHARON J. JONES, M.D.",CA,1342.0,2015,Theft,Physical Device (Workstation/Laptop),Yes
,False,CAREFIRST BLUE CROSS BLUE SHIELD,MD,1300000.0,2015,Hacking/IT Incident,Network Server,No
,False,"SUCCESS 4 KIDS & FAMILIES, INC.",FL,506.0,2015,Theft,Physical Device (Workstation/Laptop),No
141300,True,THOMAS H. BOYD MEMORIAL HOSPITAL,IL,8300.0,2015,Unauthorized Access/Disclosure,Paper Records,No
,False,UNIVERSITY OF ROCHESTER MEDICAL CENTER AND AFFILIATES,NY,3403.0,2015,Unauthorized Access/Disclosure,Paper Records,No
,False,BEACON HEALTH SYSTEM,IN,306789.0,2015,Hacking/IT Incident,Email,No
,False,BUFFALO HEART GROUP,NY,567.0,2015,Unauthorized Access/Disclosure,Electronic Medical Record (EMR),No
,False,NEW YORK CITY HEALTH AND HOSPITALS CORPORATION - METROPOLITAN HOSPITAL CENTER,NY,3957.0,2015,Unauthorized Access/Disclosure,Email,No
,False,OREGON'S HEALTH CO-OP,OR,14000.0,2015,Theft,Physical Device (Workstation/Laptop),No
,False,RITE AID CORPORATION,PA,2345.0,2015,Theft,Paper Records,No
,False,"GALLANT RISK & INSURANCE SERVICES, INC.",CA,995.0,2015,Theft,Physical Device (Workstation/Laptop),Yes
,False,LANCASTER COUNTY EMS,SC,50000.0,2015,Improper Disposal,Other (Cloud/Portable Media),No
050726,True,STANISLAUS SURGICAL HOSPITAL,CA,1170.0,2015,Theft,Physical Device (Workstation/Laptop),No
,False,FRED FINCH YOUTH CENTER,CA,6871.0,2015,Theft,Network Server,No
,False,CALIFORNIA PHYSICIANS' SERVICE D/B/A BLUE SHIELD OF CALIFORNIA,CA,843.0,2015,Unauthorized Access/Disclosure,Network Server,No
,False,"KEYSTONE PHARMACY, INC.",MD,500.0,2015,Unauthorized Access/Disclosure,Paper Records,No
,False,"TRUMAN MEDICAL CENTER, INCORPORATED",MO,503.0,2015,Unauthorized Access/Disclosure,Other (Cloud/Portable Media),No
,False,"UNITED SEATING AND MOBILITY, LLC D/B/A NUMOTION",CT,2722.0,2015,Theft,Physical Device (Workstation/Laptop),No
,False,"IMPLANTS, DENTURES & DENTAL",NV,12000.0,2015,Theft,Network Server,No
,False,THE DEPARTMENT OF AGING AND DISABILITY SERVICES,TX,6600.0,2015,Unauthorized Access/Disclosure,Network Server,No
,False,"NATIONAL SEATING & MOBILITY, INC.",TN,9627.0,2015,Theft,Email,No
,False,"GLOBAL CARE DELIVERY, INC.",TX,18213.0,2015,Theft,Physical Device (Workstation/Laptop),Yes
,False,ST. MARTIN PARISH SCHOOL BASED HEALTH CENTERS,LA,3000.0,2015,Theft,Physical Device (Workstation/Laptop),No
,False,UNIVERSITY OF CALIFORNIA IRVINE MEDICAL CENTER,CA,4859.0,2015,Unauthorized Access/Disclosure,Electronic Medical Record (EMR),No
,False,"CENTRAL BROOKLYN MEDICAL GROUP, PC",NY,4223.0,2015,Unauthorized Access/Disclosure,Other (Cloud/Portable Media),No
,False,"HEARTLAND DENTAL, LLC",IL,2860.0,2015,Hacking/IT Incident,Network Server,Yes
,False,EPISCOPAL HEALTH SERVICES INC. D/B/A ST. JOHN'S EPISCOPAL HOSPITAL,NY,509.0,2015,Theft,Electronic Medical Record (EMR),Yes
210001,True,"MERITUS MEDICAL CENTER, INC.",MD,1029.0,2015,Unauthorized Access/Disclosure,Electronic Medical Record (EMR),No
,False,CVS HEALTH,RI,12914.0,2015,Theft,Physical Device (Workstation/Laptop),No
100006,True,ORLANDO HEALTH,FL,3421.0,2015,Unauthorized Access/Disclosure,Electronic Medical Record (EMR),No
,False,UPMC HEALTH PLAN,PA,722.0,2015,Unauthorized Access/Disclosure,Email,No
,False,FIREKEEPERS CASINO HOTEL,MI,7666.0,2015,Hacking/IT Incident,Network Server,No
,False,"UNIVERSITY OF OKLAHOMA, DEPARTMENT OF OBSTETRICS AND GYNECOLOGY",OK,7693.0,2015,Theft,Physical Device (Workstation/Laptop),No
220071,True,MASSACHUSETTS GENERAL HOSPITAL,MA,648.0,2015,Unauthorized Access/Disclosure,Email,No
,False,GEORGIA DEPARTMENT OF HUMAN SERVICES,GA,2983.0,2015,Unauthorized Access/Disclosure,Email,No
,False,"INTEGRAL HEALTH PLAN, INC.",FL,7549.0,2015,Unauthorized Access/Disclosure,Paper Records,Yes
,False,HOWARD UNIVERSITY,DC,1445.0,2015,Unauthorized Access/Disclosure,Paper Records,No
,False,AMSTERDAM NURSING HOME CORPORATION (1992),NY,621.0,2015,Loss,Paper Records,Yes
,False,MAYO CLINIC HEALTH SYSTEM- RED WING,MN,601.0,2015,Unauthorized Access/Disclosure,Electronic Medical Record (EMR),No
,False,MARICOPA SPECIAL  HEALTH CARE DISTRICT - MARICOPA INTEGRATED HEALTH SYSTEM,AZ,633.0,2015,Loss,Other (Cloud/Portable Media),No
,False,ARKANSAS BLUE CROSS AND BLUE SHIELD,AR,560.0,2015,Theft,Physical Device (Workstation/Laptop),Yes
,False,"UNIVERSITY OF CALIFORNIA, LOS ANGELES HEALTH",CA,4500000.0,2015,Hacking/IT Incident,Network Server,No
,False,SPECIAL AGENTS MUTUAL BENEFIT ASSOCIATION,MD,1475.0,2015,Hacking/IT Incident,Network Server,Yes
330059,True,MONTEFIORE MEDICAL CENTER,NY,12517.0,2015,Theft,Electronic Medical Record (EMR),No
,False,MEDICAL INFORMATICS ENGINEERING,IN,3500000.0,2015,Hacking/IT Incident,Network Server,Yes
,False,"UROLOGY ASSOCIATES, PROFESSIONAL CORPORATION",MT,6500.0,2015,Unauthorized Access/Disclosure,Paper Records,No
,False,"HEALTHFIRST AFFILIATES THAT INCLUDE HEALTHFIRST PHSP, INC., MANAGED HEALTH, INC., HF MANAGEMENT SERVICES, LLC, AND SENIOR HEALTH PARTNERS",NY,5338.0,2015,Hacking/IT Incident,Electronic Medical Record (EMR),No
,False,"ADVANCED RADIOLOGY CONSULTANTS, LLC",CT,855.0,2015,Unauthorized Access/Disclosure,Electronic Medical Record (EMR),No
,False,OHIOHEALTH,OH,1006.0,2015,Loss,Other (Cloud/Portable Media),No
,False,THE MCLEAN HOSPITAL CORPORATION,MA,12673.0,2015,Loss,Other (Cloud/Portable Media),No
,False,EAST BAY PERINATAL MEDICAL ASSOCIATES,CA,1494.0,2015,Unauthorized Access/Disclosure,Physical Device (Workstation/Laptop),Yes
,False,"PRIMA CARE, PC",MA,1651.0,2015,Unauthorized Access/Disclosure,Paper Records,No
,False,SIOUX FALLS VA HEALTH CARE SYSTEM,SD,1111.0,2015,Loss,Paper Records,No
,False,NORTH EAST MEDICAL SERVICES (NEMS),CA,69246.0,2015,Theft,Physical Device (Workstation/Laptop),No
,False,"SIOUXLAND ANESTHESIOLOGY, LTD.",SD,13000.0,2015,Hacking/IT Incident,Network Server,No
,False,"ORLANTINO DYOCO, M.D.",CA,9000.0,2015,Theft,Physical Device (Workstation/Laptop),No
,False,VA BLACK HILLS HEALTH CARE SYSTEM,SD,1168.0,2015,Unauthorized Access/Disclosure,Paper Records,No
220010,True,LAWRENCE GENERAL HOSPITAL,MA,2071.0,2015,Loss,Other (Cloud/Portable Media),No
,False,T.J. SAMSON COMMUNITY HOSPITAL,KY,2060.0,2015,Unauthorized Access/Disclosure,Email,No
,False,"MAX M BAYARD MD, PC",VT,2000.0,2015,Theft,Physical Device (Workstation/Laptop),No
,False,BAYLOR COLLEGE OF MEDICINE,TX,1004.0,2015,Theft,Paper Records,No
,False,WALGREEN CO.,IL,8345.0,2015,Unauthorized Access/Disclosure,Paper Records,No
,False,"ENDOCRINOLOGY ASSOCIATES, INC.",OH,1400.0,2015,Unauthorized Access/Disclosure,Other (Cloud/Portable Media),No
,False,CANCER CARE NORTHWEST,WA,1426.0,2015,Loss,Paper Records,No
,False,COLORADO DEPARTMENT OF HEALTH CARE POLICY AND FINANCING,CO,1622.0,2015,Unauthorized Access/Disclosure,Paper Records,Yes
,False,"EMPI INC AND DJO, LLC",MN,160000.0,2015,Theft,Physical Device (Workstation/Laptop),No
,False,"PT NORTHWEST, LLC",OR,1500.0,2015,Unauthorized Access/Disclosure,Email,No
,False,PEDIATRIC GROUP LLC,IL,10000.0,2015,Hacking/IT Incident,Network Server,No
,False,"PEDIATRIC GASTROENTEROLOGY, HEPATOLOGY & NUTRITION OF FLORIDA, P.A.",FL,13000.0,2015,Theft,Paper Records,No
,False,"LANCASTER CARDIOLOGY MEDICAL GROUP, AND SUNDER HEART INSTITUTE AND VASCULAR MEDICAL CLINIC",CA,1200.0,2015,Theft,Network Server,No
,False,CHILDREN'S HOSPITAL MEDICAL CENTER OF AKRON,OH,7664.0,2015,Loss,Other (Cloud/Portable Media),No
,False,"ROBERT SOPER, M.D.",CA,2000.0,2015,Theft,Physical Device (Workstation/Laptop),No
,False,MERIT HEALTH NORTHWEST MISSISSIPPI,MS,846.0,2015,Theft,Electronic Medical Record (EMR),No
,False,METROPOLITAN ATLANTA RAPID TRANSIT AUTHORITY,GA,800.0,2015,Unauthorized Access/Disclosure,Paper Records,No
,False,"MINNEAPOLIS CLINIC OF NEUROLOGY, LTD.",MN,1450.0,2015,Theft,Physical Device (Workstation/Laptop),No
,False,"UNIVERSITY OF CALIFORNIA, LOS ANGELES HEALTH",CA,1242.0,2015,Theft,Physical Device (Workstation/Laptop),No
,False,LEE MEMORIAL HEALTH SYSTEM,FL,1508.0,2015,Unauthorized Access/Disclosure,Paper Records,No
,False,"EXCELLUS HEALTH PLAN, INC.",NY,9358891.0,2015,Hacking/IT Incident,Network Server,No
,False,OAKLAND FAMILY SERVICES,MI,16107.0,2015,Hacking/IT Incident,Email,No
,False,SUTTER MEDICAL FOUNDATION,CA,2302.0,2015,Unauthorized Access/Disclosure,Email,Yes
,False,BLUE CROSS BLUE SHIELD OF NORTH CAROLINA,NC,807.0,2015,Unauthorized Access/Disclosure,Paper Records,No
,False,"AFFINITY HEALTH PLAN, INC.",NY,721.0,2015,Unauthorized Access/Disclosure,Paper Records,No
,False,LOUISIANA STATE UNIVERSITY HEALTH SCIENCES CENTER-NEW ORLEANS,LA,14500.0,2015,Theft,Physical Device (Workstation/Laptop),No
,False,"DANIEL A. SHELDON, M.D., P.A.",FL,2075.0,2015,Hacking/IT Incident,Network Server,No
,False,HEALTH CARE SERVICE CORPORATION,IL,501.0,2015,Theft,Paper Records,No
,False,MOLINA HEALTHCARE,CA,54203.0,2015,Theft,Physical Device (Workstation/Laptop),Yes
,False,HEARTLAND HEALTH CLINIC,VA,3650.0,2015,Hacking/IT Incident,Network Server,No
,False,SKIN AND CANCER CENTER OF ARIZONA,AZ,3311.0,2015,Unauthorized Access/Disclosure,Paper Records,No
,False,"BARRINGTON ORTHOPEDIC SPECIALISTS, LTD",IL,1009.0,2015,Theft,Physical Device (Workstation/Laptop),No
,False,SUNQUEST INFORMATION SYSTEMS,AZ,2100.0,2015,Theft,Physical Device (Workstation/Laptop),Yes
,False,"HORIZON HEALTHCARE SERVICES, INC., DOING BUSINESS AS HORIZON BLUE CROSS BLUE SHIELD OF NEW JERSEY, AND ITS AFFILIATES",NJ,1173.0,2015,Unauthorized Access/Disclosure,Electronic Medical Record (EMR),No
,False,"KINDRED NURSING CENTERS WEST, L.L.C.",CA,1125.0,2015,Theft,Physical Device (Workstation/Laptop),No
,False,SILVERBERG SURGICAL AND MEDICAL GROUP,CA,857.0,2015,Unauthorized Access/Disclosure,Network Server,No
,False,HUMANA INC [CASE 18652],KY,2815.0,2015,Theft,Physical Device (Workstation/Laptop),No
,False,BAPTIST HEALTH AND ARKANSAS HEALTH GROUP,AR,6500.0,2015,Unauthorized Access/Disclosure,Electronic Medical Record (EMR),No
,False,SENTARA HEALTHCARE,VA,1040.0,2015,Theft,Other (Cloud/Portable Media),No
,False,CAREPLUS HEALTH PLANS [CASE 18772],KY,2873.0,2015,Unauthorized Access/Disclosure,Paper Records,No
,False,INSURANCE DATA SERVICES,MI,2918.0,2015,Theft,Paper Records,Yes
,False,ANNE ARUNDEL HEALTH SYSTEM,MD,2208.0,2015,Unauthorized Access/Disclosure,Paper Records,No
,False,ASPIRE HOME CARE AND HOSPICE,OK,4278.0,2015,Hacking/IT Incident,Email,No
,False,THE JOHNS HOPKINS HOSPITAL,MD,571.0,2015,Theft,Physical Device (Workstation/Laptop),No
,False,SSM HEALTH CANCER CARE,MO,643.0,2015,Unauthorized Access/Disclosure,Paper Records,No
,False,UNIVERSITY OF OKLAHOMA DEPARTMENT OF UROLOGY,OK,9300.0,2015,Theft,Physical Device (Workstation/Laptop),No
,False,CENTENE MANAGEMENT CORPORATION,MO,8208.0,2015,Theft,Other (Cloud/Portable Media),No
,False,EMERGENCE HEALTH NETWORK,TX,11100.0,2015,Hacking/IT Incident,Network Server,No
,False,"NEPHROPATHOLOGY ASSOCIATES, PLC",AR,1260.0,2015,Unauthorized Access/Disclosure,Email,No
,False,ROBERT D. CHATLOS DMD & ASSOC,PA,2900.0,2015,Theft,Other (Cloud/Portable Media),Yes
,False,WOODHULL MEDICAL AND MENTAL HEALTH CENTER,NY,1581.0,2015,Theft,Physical Device (Workstation/Laptop),No
,False,"BEHEALTHY FLORIDA, INC.",FL,835.0,2015,Unauthorized Access/Disclosure,Paper Records,Yes
,False,NORTH CAROLINA DEPARTMENT OF HEALTH AND HUMAN SERVICES,NC,1615.0,2015,Hacking/IT Incident,Email,No
,False,OSTEOMED LP,TX,1134.0,2015,Theft,Other (Cloud/Portable Media),No
,False,HUNTINGTON MEDICAL RESEARCH INSTITUTES,CA,4300.0,2015,Unauthorized Access/Disclosure,Physical Device (Workstation/Laptop),No
,False,INDIAN TERRITORY HOME HEALTH AND HOSPICE,OK,4500.0,2015,Hacking/IT Incident,Email,No
,False,ENVISIONRX,OH,540.0,2015,Unauthorized Access/Disclosure,Paper Records,Yes
,False,"FLORIDA DEPARTMENT OF HEALTH, CHILDREN'S MEDICAL SERVICES",FL,500.0,2015,Unauthorized Access/Disclosure,Paper Records,No
,False,BON SECOURS SAINT FRANCIS,SC,1997.0,2015,Unauthorized Access/Disclosure,Electronic Medical Record (EMR),No
,False,"LTC DENTAL, P.C.",AL,1680.0,2015,Theft,Physical Device (Workstation/Laptop),No
,False,CHILDREN'S MEDICAL CLINICS OF EAST TEXAS,TX,16000.0,2015,Unauthorized Access/Disclosure,Physical Device (Workstation/Laptop),No
140119,True,RUSH UNIVERSITY MEDICAL CENTER,IL,1529.0,2015,Unauthorized Access/Disclosure,Paper Records,Yes
,False,DEAN HEALTH PLAN,WI,960.0,2015,Loss,Paper Records,No
,False,"GOOD CARE PEDIATRIC, LLP",NY,2300.0,2015,Hacking/IT Incident,Physical Device (Workstation/Laptop),No
,False,NORTH CAROLINA DEPARTMENT OF HEALTH AND HUMAN SERVICES,NC,524.0,2015,Unauthorized Access/Disclosure,Email,No
,False,"OH MUHLENBERG, LLC",KY,84681.0,2015,Hacking/IT Incident,Network Server,No
,False,HEALTHPOINT,WA,1300.0,2015,Theft,Physical Device (Workstation/Laptop),No
,False,"MIDLANDS ORTHOPAEDICS, P.A.",SC,3902.0,2015,Hacking/IT Incident,Network Server,Yes
,False,"UC HEALTH, LLC",OH,1064.0,2015,Unauthorized Access/Disclosure,Email,No
,False,"ALASKA ORTHOPEDIC SPECIALISTS, INC.",AK,553.0,2015,Theft,Email,No
,False,CIGNA HOME DELIVERY PHARMACY,CT,592.0,2015,Unauthorized Access/Disclosure,Paper Records,No
,False,PATHWAYS PROFESSIONAL COUNSELING,AL,986.0,2015,Theft,Physical Device (Workstation/Laptop),No
,False,"NEW DIMENSION GROUP, LLC",NC,1275.0,2015,Loss,Other (Cloud/Portable Media),No
,False,"CAROLYN B LYDE, MD, PA",TX,1500.0,2015,Theft,Physical Device (Workstation/Laptop),No
,False,PEACEHEALTH,WA,1407.0,2015,Unauthorized Access/Disclosure,Other (Cloud/Portable Media),No
,False,KEENAN & ASSOCIATES,CA,35404.0,2015,Unauthorized Access/Disclosure,Network Server,Yes
,False,CENTEGRA HEALTH SYSTEM,IL,2929.0,2015,Unauthorized Access/Disclosure,Paper Records,Yes
,False,COTTAGE HEALTH,CA,11000.0,2015,Unauthorized Access/Disclosure,Network Server,No
,False,UNIVERSITY OF COLORADO HEALTH,CO,827.0,2015,Unauthorized Access/Disclosure,Electronic Medical Record (EMR),No
,False,CAMELBACK WOMEN'S HEALTH,AZ,810.0,2015,Unauthorized Access/Disclosure,Paper Records,No
,False,BLUE CROSS AND BLUE SHIELD OF NEBRASKA,NE,1872.0,2015,Unauthorized Access/Disclosure,Paper Records,No
070020,True,MIDDLESEX HOSPITAL,CT,946.0,2015,Hacking/IT Incident,Email,No
,False,MAINE GENERAL HEALTH,ME,500.0,2015,Hacking/IT Incident,Network Server,No
,False,"MARY RUTH BUCHNESS, MD, DERMATOLOGIST, P.C.",NY,14910.0,2015,Unauthorized Access/Disclosure,Email,Yes
,False,NORTHWEST PRIMARY CARE GROUP,OR,5327.0,2015,Theft,Physical Device (Workstation/Laptop),No
,False,NEW MEXICO DEPARTMENT OF HEALTH,NM,561.0,2015,Theft,Physical Device (Workstation/Laptop),No
,False,FIDELIS CARE,NY,687.0,2015,Unauthorized Access/Disclosure,Paper Records,No
,False,BELGRADE REGIONAL HEALTH CENTER,ME,854.0,2015,Unauthorized Access/Disclosure,Paper Records,No
,False,"PHYSICIANS HEALTH PLAN OF NORTHERN INDIANA, INC.",IN,1708.0,2015,Unauthorized Access/Disclosure,Paper Records,No
,False,"OCEANS ACQUISITION, INC.",TX,659.0,2015,Theft,Physical Device (Workstation/Laptop),No
,False,WHITEGLOVE HEALTH,TX,975.0,2015,Unauthorized Access/Disclosure,Email,No
,False,ALLINA HEALTH,MN,6195.0,2015,Improper Disposal,Paper Records,No
,False,"ST PSYCHOTHERAPY, LLC",WI,509.0,2015,Theft,Physical Device (Workstation/Laptop),No
,False,HEALTHSOUTH REHABILITATION HOSPITAL OF ROUND ROCK,TX,1359.0,2015,Theft,Physical Device (Workstation/Laptop),No
,False,"MICHAEL BENJAMIN, M.D., INC.",CA,1300.0,2015,Theft,Paper Records,No
,False,HILLSIDES,CA,502.0,2015,Unauthorized Access/Disclosure,Email,No
,False,ST. LUKE'S CORNWALL HOSPITAL,NY,29156.0,2015,Theft,Other (Cloud/Portable Media),No
,False,PITTMAN FAMILY DENTAL,OH,8830.0,2015,Hacking/IT Incident,Network Server,No
,False,ELITE IMAGING,FL,1457.0,2016,Theft,Paper Records,No
,False,AHRC NASSAU,NY,1200.0,2016,Unauthorized Access/Disclosure,Paper Records,No
220110,True,BRIGHAM AND WOMEN'S HOSPITAL,MA,1009.0,2016,Hacking/IT Incident,Email,No
,False,"G&S MEDICAL ASSOCIATES, LLC",NJ,3000.0,2016,Hacking/IT Incident,Physical Device (Workstation/Laptop),No
,False,"FELICIA LEWIS, MD LAKEWOOD HILLS INTERNAL MEDICINE",TX,1500.0,2016,Hacking/IT Incident,Electronic Medical Record (EMR),No
,False,BLUE SHIELD OF CALIFORNIA,CA,20764.0,2016,Unauthorized Access/Disclosure,Network Server,No
,False,CDC/NIOSH/ WORLD TRADE CENTER HEALTH PROGRAM (WTCHP),GA,597.0,2016,Unauthorized Access/Disclosure,Paper Records,No
,False,HAWAI‘I MEDICAL SERVICE ASSOCIATION,HI,10179.0,2016,Unauthorized Access/Disclosure,Paper Records,No
,False,NEW WEST HEALTH SERVICES D/B/A NEW WEST MEDICARE,MT,28209.0,2016,Loss,Physical Device (Workstation/Laptop),No
,False,THE UNIVERSITY OF TEXAS SYSTEM ADMINISTRATION,TX,794.0,2016,Unauthorized Access/Disclosure,Email,No
,False,"LIVONGO HEALTH, INC.",IL,1950.0,2016,Unauthorized Access/Disclosure,Paper Records,No
,False,COMMUNITY MERCY HEALTH PARTNERS,OH,113528.0,2016,Improper Disposal,Paper Records,No
,False,CROWN POINT HEALTH CENTER,IN,1854.0,2016,Improper Disposal,Paper Records,No
,False,LOUISIANA HEALTHCARE CONNECTIONS,LA,13086.0,2016,Theft,Other (Cloud/Portable Media),No
,False,"GRX HOLDINGS, LLC DBA MEDICAP PHARMACY",IA,2300.0,2016,Loss,Other (Cloud/Portable Media),No
,False,RITE AID STORE 01617,NY,976.0,2016,Unauthorized Access/Disclosure,Physical Device (Workstation/Laptop),No
,False,BORGESS MEDICAL CENTER D/B/A BORGESS RHEUMATOLOGY,MI,700.0,2016,Unauthorized Access/Disclosure,Paper Records,No
,False,"SEIM JOHNSON, LLP",NE,30972.0,2016,Theft,Physical Device (Workstation/Laptop),Yes
,False,WASHINGTON STATE HEALTH CARE AUTHORITY (HCA),WA,91187.0,2016,Unauthorized Access/Disclosure,Email,No
,False,BLUECROSS BLUESHIELD OF SOUTH CAROLINA,SC,998.0,2016,Unauthorized Access/Disclosure,Paper Records,Yes
,False,"DATASTAT, INC.",MI,552.0,2016,Unauthorized Access/Disclosure,Paper Records,Yes
,False,"RADIOLOGY REGIONAL CENTER, PA",FL,483063.0,2016,Loss,Paper Records,Yes
,False,"ALLIANCE HEALTH NETWORKS, LLC",UT,42372.0,2016,Hacking/IT Incident,Network Server,No
,False,"PUBLIC HEALTH TRUST OF MIAMI-DADE COUNTY, FLORIDA",FL,24188.0,2016,Unauthorized Access/Disclosure,Electronic Medical Record (EMR),No
,False,ROARK'S PHARMACY,TN,3000.0,2016,Theft,Network Server,No
,False,ELLIOT J MARTIN CHIROPRACTIC PC,NY,1200.0,2016,Hacking/IT Incident,Physical Device (Workstation/Laptop),No
,False,LOCUST FORK PHARMACY,AL,5000.0,2016,Unauthorized Access/Disclosure,Other (Cloud/Portable Media),No
,False,EYE INSTITUTE OF CORPUS CHRISTI,TX,43961.0,2016,Theft,Electronic Medical Record (EMR),No
,False,FREEPORT MEMORIAL HOSPITAL,IL,1349.0,2016,Theft,Other (Cloud/Portable Media),No
,False,ECOLAB HEALTH AND WELFARE BENEFITS PLAN,MN,1550.0,2016,Hacking/IT Incident,Network Server,Yes
,False,"BJC HEALTHCARE ACO, LLC",MO,2393.0,2016,Unauthorized Access/Disclosure,Email,No
,False,VALLEY HOPE ASSOCIATION,KS,52076.0,2016,Theft,Physical Device (Workstation/Laptop),No
,False,"VANCOUVER RADIOLOGISTS, PC",WA,603.0,2016,Unauthorized Access/Disclosure,Paper Records,No
,False,NINTENDO OF AMERICA INC.,WA,6248.0,2016,Hacking/IT Incident,Network Server,No
,False,MIND SPRINGS HEALTH,CO,2147.0,2016,Unauthorized Access/Disclosure,Network Server,Yes
,False,GROUP LIFE HOSPITAL AND MEDICAL PROGRAM,CT,3000.0,2016,Hacking/IT Incident,Network Server,No
,False,"WALMART STORES, INC.",AR,4800.0,2016,Unauthorized Access/Disclosure,Electronic Medical Record (EMR),No
,False,CENTERS PLAN FOR HEALTHY LIVING,NY,6893.0,2016,Theft,Physical Device (Workstation/Laptop),No
,False,WALGREEN CO.,IL,880.0,2016,Theft,Paper Records,No
,False,"PREMIER HEALTHCARE, LLC",IN,205748.0,2016,Theft,Physical Device (Workstation/Laptop),No
,False,CITY OF HOPE,CA,1024.0,2016,Hacking/IT Incident,Email,No
,False,"CARDIOLOGY ASSOCIATES OF JONESBORO, INC.",AR,1669.0,2016,Unauthorized Access/Disclosure,Paper Records,No
,False,21ST CENTURY ONCOLOGY,FL,2213597.0,2016,Hacking/IT Incident,Network Server,No
,False,COMPLETE FAMILY FOOT CARE,NE,5883.0,2016,Hacking/IT Incident,Network Server,No
,False,ILLINOIS VALLEY PODIATRY GROUP,IL,26588.0,2016,Hacking/IT Incident,Network Server,No
,False,CROMWELL FIRE DISTRICT,CT,500.0,2016,Unauthorized Access/Disclosure,Paper Records,No
,False,VIDANT HEALTH,NC,897.0,2016,Unauthorized Access/Disclosure,Other (Cloud/Portable Media),No
,False,UHHS GEAUGA MEDICAL CENTER,OH,677.0,2016,Unauthorized Access/Disclosure,Electronic Medical Record (EMR),No
230297,True,KARMANOS CANCER CENTER,MI,2808.0,2016,Loss,Other (Cloud/Portable Media),Yes
,False,VIBRANT BODY WELLNESS,CA,726.0,2016,Theft,Physical Device (Workstation/Laptop),No
,False,VIRTUA MEDICAL GROUP,NJ,1654.0,2016,Unauthorized Access/Disclosure,Network Server,No
,False,JASACARE,NY,1154.0,2016,Hacking/IT Incident,Email,No
,False,"LABORERS FUNDS ADMINISTRATIVE OFFICE OF NORTHERN CALIFORNIA, INC.",CA,2373.0,2016,Unauthorized Access/Disclosure,Paper Records,No
,False,W. CHRISTOPHER BRYANT DDS PC,MI,2200.0,2016,Loss,Other (Cloud/Portable Media),No
330270,True,HOSPITAL FOR SPECIAL SURGERY,NY,647.0,2016,Unauthorized Access/Disclosure,Email,No
,False,"LINDSAY HOUSE SURGERY CENTER, LLC",NY,773.0,2016,Theft,Paper Records,No
450154,True,VAL VERDE REGIONAL MEDICAL CENTER,TX,2000.0,2016,Hacking/IT Incident,Network Server,No
270057,True,BOZEMAN HEALTH DEACONESS HOSPITAL,MT,1124.0,2016,Unauthorized Access/Disclosure,Paper Records,No
,False,NATIONAL COUNSELING GROUP,VA,23000.0,2016,Hacking/IT Incident,Email,No
,False,"METROPOLITAN JEWISH HEALTH SYSTEM, INC. D/B/A MJHS",NY,50000.0,2016,Hacking/IT Incident,Email,Yes
,False,"EXCEL PLUS HOME HEALTH, INCORPORATED",TX,524.0,2016,Theft,Physical Device (Workstation/Laptop),No
,False,NORTHGATE MEDICAL PC,MA,2500.0,2016,Unauthorized Access/Disclosure,Email,Yes
,False,"MORTON MEDICAL CENTER, PLLC",WA,3000.0,2016,Hacking/IT Incident,Network Server,No
,False,MERCY IOWA CITY,IA,15625.0,2016,Hacking/IT Incident,Network Server,No
,False,EINSTEIN HEALTHCARE NETWORK,PA,2939.0,2016,Unauthorized Access/Disclosure,Other (Cloud/Portable Media),No
,False,"AURORA HEALTH CARE, INC.",WI,869.0,2016,Unauthorized Access/Disclosure,Network Server,Yes
,False,"POINTE MEDICAL SERVICES, INC.",FL,2000.0,2016,Theft,Physical Device (Workstation/Laptop),No
,False,SISTERS OF CHARITY OF LEAVENWORTH HEALTH SYSTEM HEALTH BENEFITS PLAN,CO,540.0,2016,Unauthorized Access/Disclosure,Paper Records,Yes
,False,TARGET CORPORATION HEALTH PLAN,MN,719.0,2016,Unauthorized Access/Disclosure,Paper Records,Yes
,False,PACIFIC GAS AND ELECTRIC COMPANY,CA,2426.0,2016,Unauthorized Access/Disclosure,Paper Records,Yes
,False,RMA MEDICAL CENTERS OF FLORIDA,FL,3906.0,2016,Theft,Physical Device (Workstation/Laptop),No
,False,INDIAN HEALTH SERVICE NORTHERN NAVAJO MEDICAL CENTER,NM,7421.0,2016,Theft,Paper Records,No
,False,"BIOREFERENCE LABORATORIES, INC",NJ,3563.0,2016,Unauthorized Access/Disclosure,Other (Cloud/Portable Media),No
,False,PAIN TREATMENT CENTERS OF AMERICA,AR,19397.0,2016,Hacking/IT Incident,Network Server,Yes
,False,"OPTUMRX, INC.",CA,6229.0,2016,Theft,Physical Device (Workstation/Laptop),No
,False,UNITED COMMUNITY & FAMILY SERVICES,CT,1000.0,2016,Unauthorized Access/Disclosure,Email,No
,False,"SACRED HEART HEALTH SYSTEM, INC",FL,532.0,2016,Unauthorized Access/Disclosure,Other (Cloud/Portable Media),Yes
,False,"MARK ANTHONY QUINTERO, M.D., L.L.C.",FL,650.0,2016,Hacking/IT Incident,Network Server,No
,False,AMERICAN FIDELITY ASSURANCE COMPANY,OK,2664.0,2016,Unauthorized Access/Disclosure,Paper Records,No
,False,FLORIDA DEPARTMENT OF HEALTH,FL,1076.0,2016,Unauthorized Access/Disclosure,Paper Records,No
,False,ONEIDA TRIBE OF INDIANS OF WISCONSIN,WI,2734.0,2016,Theft,Physical Device (Workstation/Laptop),No
,False,ATIQUE ORTHODONTICS,OR,1506.0,2016,Hacking/IT Incident,Physical Device (Workstation/Laptop),No
,False,"VAIL CLINIC, INC. DBA VAIL VALLEY MEDICAL CENTER, AND DBA HOWARD HEAD SPORTS MEDICINE",CO,3118.0,2016,Unauthorized Access/Disclosure,Network Server,No
,False,FLORIDA HOSPITAL MEDICAL GROUP,FL,1906.0,2016,Unauthorized Access/Disclosure,Email,Yes
,False,"QUARLES & BRADY, LLP",WI,1032.0,2016,Theft,Physical Device (Workstation/Laptop),Yes
,False,LAKE PULMONARY CRITICAL CARE PA,FL,648.0,2016,Theft,Paper Records,No
,False,LAKE PULMONARY CRITICAL PA,FL,648.0,2016,Theft,Paper Records,No
,False,WYOMING MEDICAL CENTER,WY,3184.0,2016,Hacking/IT Incident,Email,No
,False,"KAISER FOUNDATION HEALTH PLAN, INC.",CA,2451.0,2016,Theft,Paper Records,Yes
,False,EDWIN SHAW REHABILITATION,OH,975.0,2016,Loss,Other (Cloud/Portable Media),No
,False,OHIO DEPARTMENT OF MENTAL HEALTH AND ADDICTION SERVICES,OH,59000.0,2016,Unauthorized Access/Disclosure,Paper Records,No
,False,MAYFIELD CLINIC INC,OH,23341.0,2016,Hacking/IT Incident,Email,No
,False,CHILDREN'S NATIONAL MEDICAL CENTER,DC,4107.0,2016,Unauthorized Access/Disclosure,Network Server,Yes
,False,COMANCHE COUNTY HOSPITAL AUTHORITY,OK,2199.0,2016,Hacking/IT Incident,Email,No
,False,"FAMILY & CHILDREN'S SERVICES OF MID MICHIGAN, INC.",MI,981.0,2016,Hacking/IT Incident,Network Server,No
,False,NORTHSTAR HEALTHCARE ACQUISITIONS LLC,TX,19898.0,2016,Theft,Physical Device (Workstation/Laptop),Yes
,False,PRUITTHEALTH HOME HEALTH -- LOW COUNTRY,SC,1500.0,2016,Unauthorized Access/Disclosure,Paper Records,No
,False,MANAGED HEALTH SERVICES,IN,610.0,2016,Unauthorized Access/Disclosure,Paper Records,No
,False,"FLORIDA MEDICAL CLINIC, PA",FL,1000.0,2016,Unauthorized Access/Disclosure,Electronic Medical Record (EMR),No
,False,UNITEDHEALTH GROUP SINGLE AFFILIATED COVERED ENTITY (SACE),MN,5330.0,2016,Unauthorized Access/Disclosure,Paper Records,No
,False,"SOUTHEAST EYE INSTITUTE, P.A. DBA EYE ASSOCIATES OF PINELLAS",FL,87314.0,2016,Hacking/IT Incident,Network Server,Yes
,False,LAFAYETTE PAIN CARE PC,IN,7500.0,2016,Hacking/IT Incident,Network Server,Yes
,False,"MEDICAL COLLEAGUES OF TEXAS, LLP",TX,68631.0,2016,Hacking/IT Incident,Network Server,No
,False,"NORTHWEST ONCOLOGY & HEMATOLOGY, S.C.",IL,1625.0,2016,Unauthorized Access/Disclosure,Email,No
,False,HEARTCARE CONSULTANTS,FL,16000.0,2016,Hacking/IT Incident,Electronic Medical Record (EMR),No
,False,UNITYPOINT HEALTH AFFILIATED COVERED ENTITY,IA,1620.0,2016,Unauthorized Access/Disclosure,Electronic Medical Record (EMR),No
,False,FAMILY MEDICINE OF WESTON,FL,500.0,2016,Hacking/IT Incident,Network Server,No
,False,PULASKI COUNTY SPECIAL SCHOOL DISTRICT-EMPLOYEE BENEFITS DIVISION,AR,2602.0,2016,Unauthorized Access/Disclosure,Email,Yes
,False,"IMPERIAL VALLEY FAMILY CARE MEDICAL GROUP, APC",CA,649.0,2016,Theft,Physical Device (Workstation/Laptop),No
,False,CALIFORNIA CORRECTIONAL HEALTH CARE SERVICES,CA,400000.0,2016,Theft,Physical Device (Workstation/Laptop),No
,False,"ASSOCIATES IN EYECARE, P.S.C.",KY,971.0,2016,Theft,Physical Device (Workstation/Laptop),No
,False,SURGICAL CARE AFFILIATES,AL,9009.0,2016,Theft,Physical Device (Workstation/Laptop),Yes
,False,SAN JUAN COUNTY NEW MEXICO,NM,12500.0,2016,Hacking/IT Incident,Physical Device (Workstation/Laptop),No
,False,COMPLETE CHIROPRACTIC & BODYWORK THERAPIES,MI,4082.0,2016,Hacking/IT Incident,Network Server,No
,False,EMERGENCY ROOM ASSOCIATES DOING BUSINESS AS EMERGENCY MEDICINE ASSOCIATES,AZ,1067.0,2016,Theft,Paper Records,No
,False,AFLAC,GA,930.0,2016,Unauthorized Access/Disclosure,Paper Records,No
,False,"COORDINATED HEALTH MUTUAL, INC.",OH,591.0,2016,Unauthorized Access/Disclosure,Paper Records,No
100135,True,"TALLAHASSEE MEMORIAL HEALTHCARE, INC.",FL,505.0,2016,Hacking/IT Incident,Other (Cloud/Portable Media),No
,False,BERKELEY ENDOCRINE CLINIC,CA,1370.0,2016,Unauthorized Access/Disclosure,Email,Yes
,False,"KEYSTONE RURAL HEALTH CONSORTIA, INC.",PA,800.0,2016,Theft,Paper Records,No
,False,INTEGRATED HEALTH SOLUTIONS PC,PA,19776.0,2016,Hacking/IT Incident,Network Server,Yes
,False,CALIFORNIA HEALTH & LONGEVITY INSTITUTE,CA,4386.0,2016,Unauthorized Access/Disclosure,Electronic Medical Record (EMR),No
,False,STAMFORD PODIATRY GROUP .P.C,CT,40491.0,2016,Hacking/IT Incident,Network Server,No
,False,"ORCHID MPS HOLDINGS, LLC WELFARE BENEFIT PLAN",MI,771.0,2016,Unauthorized Access/Disclosure,Paper Records,No
09002F,True,WASHINGTON DC VA MEDICAL CENTER,DC,1062.0,2016,Theft,Paper Records,No
,False,ENT AND ALLERGY CENTER,AR,16200.0,2016,Hacking/IT Incident,Network Server,No
,False,"MY PEDIATRICIAN, PA",FL,2500.0,2016,Hacking/IT Incident,Network Server,Yes
,False,THE VEIN DOCTOR,MO,3000.0,2016,Hacking/IT Incident,Network Server,No
,False,THE UNIVERSITY OF NEW MEXICO,NM,2827.0,2016,Unauthorized Access/Disclosure,Paper Records,No
,False,MIDLAND COUNTY HOSPITAL DISTRICT D/B/A MIDLAND MEMORIAL HOSPITAL,TX,1468.0,2016,Unauthorized Access/Disclosure,Paper Records,No
,False,VINCENT VEIN CENTER,CO,2250.0,2016,Hacking/IT Incident,Electronic Medical Record (EMR),Yes
,False,"GRACE PRIMARY CARE, PC",TN,6853.0,2016,Hacking/IT Incident,Network Server,Yes
,False,"WAL-MART STORES, INC.",AR,27393.0,2016,Unauthorized Access/Disclosure,Paper Records,Yes
,False,NORTH OTTAWA MEDICAL GROUP,MI,22000.0,2016,Unauthorized Access/Disclosure,Network Server,Yes
,False,PRUITTHEALTH HOSPICE BEAUFORT,SC,1437.0,2016,Unauthorized Access/Disclosure,Paper Records,No
,False,SAINTS MARY AND ELIZABETH HOSPITAL,KY,1682.0,2016,Unauthorized Access/Disclosure,Email,No
,False,EDWARD G. MYERS D.O. INC,OH,6441.0,2016,Hacking/IT Incident,Network Server,No
,False,RIVERSIDE HEALTH SYSTEM,VA,578.0,2016,Unauthorized Access/Disclosure,Paper Records,No
,False,LASER & DERMATOLOGIC SURGERY CENTER,MO,31000.0,2016,Hacking/IT Incident,Network Server,No
,False,KERN COUNTY MENTAL HEALTH,CA,1212.0,2016,Improper Disposal,Paper Records,No
,False,TEXAS HEALTH AND HUMAN SERVICES COMMISSION,TX,600.0,2016,Loss,Paper Records,Yes
,False,"ALLERGY, ASTHMA & IMMUNOLOGY OF THE ROCKIES, PC",CO,6851.0,2016,Hacking/IT Incident,Network Server,No
,False,MIDLAND WOMEN'S CLINIC,TX,717.0,2016,Unauthorized Access/Disclosure,Paper Records,No
,False,"UNCOMMON CARE, P.A.",NC,13674.0,2016,Hacking/IT Incident,Network Server,Yes
,False,CEATON C FALGIANO,NY,650.0,2016,Unauthorized Access/Disclosure,Email,No
,False,"LINDA J WHITE, DDS, PC",VA,2000.0,2016,Improper Disposal,Other (Cloud/Portable Media),No
220071,True,MASSACHUSETTS GENERAL HOSPITAL,MA,4293.0,2016,Hacking/IT Incident,Network Server,Yes
050280,True,MERCY MEDICAL CENTER REDDING,CA,520.0,2016,Unauthorized Access/Disclosure,Other (Cloud/Portable Media),Yes
,False,PLANNED PARENTHOOD OF THE HEARTLAND,IA,2506.0,2016,Unauthorized Access/Disclosure,Paper Records,No
,False,THE AMBULATORY SURGERY CENTER AT ST. MARY (ACASM),PA,13000.0,2016,Hacking/IT Incident,Network Server,No
,False,"HEART CENTER OF SOUTHERN MARYLAND, L.L.P.",MD,1350.0,2016,Hacking/IT Incident,Electronic Medical Record (EMR),No
,False,"LASAIR AESTHETIC HEALTH, P.C.",CO,1835.0,2016,Unauthorized Access/Disclosure,Email,No
,False,DR. Q PAIN AND SPINE D/B/A ARKANSAS SPINE AND PAIN,AR,17100.0,2016,Hacking/IT Incident,Network Server,Yes
,False,"HEALTH INCENT, LLC",TN,1100.0,2016,Hacking/IT Incident,Other (Cloud/Portable Media),No
,False,KAISER PERMANENTE NORTHERN CALIFORNIA,CA,1136.0,2016,Theft,Other (Cloud/Portable Media),No
,False,"SUNSHINE STATE HEALTH PLAN, INC.",FL,1479.0,2016,Unauthorized Access/Disclosure,Email,No
,False,BLAINE CHIROPRACTIC CENTER,MN,1945.0,2016,Hacking/IT Incident,Network Server,No
,False,"CEFALU EYE-TECH OF GREEN, INC.",OH,850.0,2016,Unauthorized Access/Disclosure,Electronic Medical Record (EMR),No
,False,"LEE RICE D.O., MEDICAL CORP DBA LIFEWELLNESS INSTITUTE",CA,2473.0,2016,Hacking/IT Incident,Electronic Medical Record (EMR),Yes
,False,PROVIDENCE MEDICAL GROUP- GATEWAY CLINICS,OR,5978.0,2016,Unauthorized Access/Disclosure,Electronic Medical Record (EMR),No
,False,"ACCESS HEALTH CARE PHYSICIANS, LLC",FL,2500.0,2016,Theft,Paper Records,No
,False,NEUROLOGY PHYSICIANS LLC,MD,4831.0,2016,Hacking/IT Incident,Other (Cloud/Portable Media),No
,False,"PREMIER FAMILY CARE I, INC.",TX,1326.0,2016,Unauthorized Access/Disclosure,Paper Records,No
,False,BRIAN HALEVIE-GOLDMAN,CA,2000.0,2016,Theft,Physical Device (Workstation/Laptop),No
,False,"MEMORIAL HERMANN HEALTH SYSTEM, REPORTING ON BEHALF OF MEMORIAL HERMANN HEALTH SYSTEM EMPLOYEE GROUP HEALTH PLAN",TX,12061.0,2016,Unauthorized Access/Disclosure,Paper Records,No
,False,SUNBURY PLAZA DENTAL,OH,7784.0,2016,Theft,Paper Records,Yes
,False,"AMBUCOR HEALTH SOLUTIONS, AN UNINCORPORATED DIVISION OF THE SCOTTCARE CORPORATION",DE,1679.0,2016,Unauthorized Access/Disclosure,Email,Yes
,False,"CARING FOR WOMEN, PA",TX,697.0,2016,Unauthorized Access/Disclosure,Email,Yes
,False,"AMERICAN FAMILY CARE, INC.",AL,7200.0,2016,Unauthorized Access/Disclosure,Electronic Medical Record (EMR),No
,False,STARCARE SPECIALITY HEALTH SYSTEM,TX,2844.0,2016,Theft,Physical Device (Workstation/Laptop),No
,False,MIDWEST ORTHOPEDIC PAIN AND SPINE,MO,29153.0,2016,Hacking/IT Incident,Network Server,No
,False,"ATHLETES' PERFORMANCE LOS ANGELES, LLC",AZ,854.0,2016,Theft,Physical Device (Workstation/Laptop),No
,False,"ATHENS ORTHOPEDIC CLINIC, P.A.",GA,201000.0,2016,Unauthorized Access/Disclosure,Electronic Medical Record (EMR),No
,False,"JEFFERSON MEDICAL ASSOCIATES, P.A.",MS,10401.0,2016,Hacking/IT Incident,Network Server,No
,False,BANNER HEALTH,AZ,3620000.0,2016,Hacking/IT Incident,Network Server,No
,False,THE CARLE FOUNDATION,IL,1185.0,2016,Unauthorized Access/Disclosure,Network Server,No
,False,CENTER FOR MINIMMALLY INVASIVE BARIATRIC AND GENERAL SURGERY,PA,992.0,2016,Unauthorized Access/Disclosure,Email,No
,False,"PROSTHETIC & ORTHOTIC CARE, INC.",MO,23015.0,2016,Hacking/IT Incident,Network Server,No
,False,"PROFESSIONAL DERMATOLOGY CARE, P.C.",VA,13237.0,2016,Hacking/IT Incident,Network Server,No
,False,"NEWKIRK PRODUCTS, INC.",NY,3466120.0,2016,Hacking/IT Incident,Network Server,Yes
,False,CARDIOLOGY ASSOCIATES,MD,907.0,2016,Unauthorized Access/Disclosure,Email,No
,False,AUTISM HOME SUPPORT SERVICES,IL,533.0,2016,Unauthorized Access/Disclosure,Email,No
,False,ROTECH HEALTHCARE INC.,FL,957.0,2016,Unauthorized Access/Disclosure,Paper Records,No
,False,BON SECOURS HEALTH SYSTEM INCORPORATED,MD,651971.0,2016,Unauthorized Access/Disclosure,Network Server,Yes
,False,"VALLEY ANESTHESIOLOGY CONSULTANTS, INC. D/B/A VALLEY ANESTHESIOLOGY AND PAIN CONSULTANTS",AZ,882590.0,2016,Hacking/IT Incident,Network Server,No
,False,JOHN E. GONZALEZ DDS,CA,1025.0,2016,Theft,Other (Cloud/Portable Media),No
,False,PHOENIX DENTAL CARE,TN,500.0,2016,Theft,Paper Records,No
,False,NEW YORK STATE OFFICE OF MENTAL HEALTH,NY,21880.0,2016,Hacking/IT Incident,Network Server,No
,False,"VILLAGE OF OAK PARK, ILLINOIS",IL,688.0,2016,Unauthorized Access/Disclosure,Email,No
341324,True,THE OUTER BANKS HOSPITAL,NC,1000.0,2016,Loss,Other (Cloud/Portable Media),No
,False,ORLEANS MEDICAL CLINIC,IN,6890.0,2016,Hacking/IT Incident,Network Server,No
,False,CALOPTIMA,CA,1000.0,2016,Unauthorized Access/Disclosure,Other (Cloud/Portable Media),No
,False,SCAN HEALTH PLAN,CA,87069.0,2016,Unauthorized Access/Disclosure,Other (Cloud/Portable Media),No
,False,"SUMMIT MEDICAL GROUP, INC. DBA ST. ELIZABETH PHYSICIANS",KY,674.0,2016,Unauthorized Access/Disclosure,Email,No
,False,PLANNED PARENTHOOD OF GREATER WASHINGTON AND NORTH IDAHO,WA,10700.0,2016,Unauthorized Access/Disclosure,Email,Yes
,False,"HOWARD R. JARVIS, D.M.D., L.L.C. DBA SOUTHWEST PORTLAND DENTAL",OR,1980.0,2016,Hacking/IT Incident,Network Server,No
,False,COUNTY OF LOS ANGELES,CA,743.0,2016,Theft,Paper Records,No
,False,"CENTER FOR NEUROSURGICAL & SPINE DISORDERS, LLC",LA,824.0,2016,Hacking/IT Incident,Physical Device (Workstation/Laptop),No
,False,WILLOW BEND DENTAL,TX,625.0,2016,Theft,Other (Cloud/Portable Media),No
,False,"FRANCISCAN HEALTH, HIGHLINE MEDICAL CENTER",WA,18399.0,2016,Unauthorized Access/Disclosure,Network Server,Yes
,False,SANTA CRUZ COUNTY HEALTH SERVICES AGENCY,CA,25000.0,2016,Unauthorized Access/Disclosure,Paper Records,No
,False,BURRELL BEHAVIORAL HEALTH,MO,7748.0,2016,Unauthorized Access/Disclosure,Email,No
,False,MEDICAL COLLEGE OF WISCONSIN,WI,3179.0,2016,Hacking/IT Incident,Email,No
,False,DECATUR HEALTH SYSTEMS,KS,707.0,2016,Theft,Paper Records,No
,False,GEISINGER HEALTH PLAN,PA,2814.0,2016,Unauthorized Access/Disclosure,Other (Cloud/Portable Media),No
,False,"MAN ALIVE, INC. AND LANE TREATMENT CENTER, LLC",MD,860.0,2016,Hacking/IT Incident,Physical Device (Workstation/Laptop),No
,False,"UNIVERSITY GASTROENTEROLOGY, INC.",RI,15478.0,2016,Hacking/IT Incident,Network Server,No
,False,PUBLIC EDUCATION EMPLOYEES' HEALTH INSURANCE PLAN,AL,1349.0,2016,Unauthorized Access/Disclosure,Network Server,No
,False,MARTIN ARMY COMMUNITY HOSPITAL,GA,1000.0,2016,Theft,Paper Records,No
,False,ASANTE,OR,2400.0,2016,Unauthorized Access/Disclosure,Electronic Medical Record (EMR),No
,False,U.S. HEALTHWORKS,CA,1400.0,2016,Theft,Physical Device (Workstation/Laptop),No
,False,YUBA SUTTER MEDICAL CLINIC,CA,1500.0,2016,Hacking/IT Incident,Network Server,Yes
,False,CODMAN SQUARE HEALTH CENTER,MA,3840.0,2016,Unauthorized Access/Disclosure,Physical Device (Workstation/Laptop),No
,False,"PRATAP S. KURRA, M.D.",CA,2029.0,2016,Loss,Paper Records,No
,False,KING OF PRUSSIA DENTAL ASSOCIATES,PA,16228.0,2016,Hacking/IT Incident,Network Server,No
,False,"HERITAGE MEDICAL PARTNERS, LLC",SC,812.0,2016,Unauthorized Access/Disclosure,Paper Records,No
,False,"CHI FRANCISCAN HEALTH, ST. CLARE HOSPITAL AND ST. JOSEPH MEDICAL CENTER",WA,2818.0,2016,Unauthorized Access/Disclosure,Electronic Medical Record (EMR),No
,False,KIDSPEACE,PA,1456.0,2016,Loss,Paper Records,No
,False,VENTURA COUNTY HEALTH CARE AGENCY,CA,777.0,2016,Unauthorized Access/Disclosure,Paper Records,No
,False,MCLAREN GREATER LANSING CARDIOVASCULAR GROUP,MI,1000.0,2016,Unauthorized Access/Disclosure,Physical Device (Workstation/Laptop),No
,False,USC KECK AND NORRIS HOSPITALS,CA,16000.0,2016,Hacking/IT Incident,Network Server,No
,False,NEW JERSEY SPINE CENTER,NJ,28000.0,2016,Hacking/IT Incident,Network Server,No
180051,True,JENNIE STUART MEDICAL CENTER,KY,1500.0,2016,Hacking/IT Incident,Network Server,No
,False,"HAL MEADOWS, M.D.",CA,6000.0,2016,Hacking/IT Incident,Physical Device (Workstation/Laptop),No
,False,"CENTRAL OHIO UROLOGY GROUP, INC.",OH,300000.0,2016,Hacking/IT Incident,Network Server,No
,False,GROUP HEALTH,WA,668.0,2016,Unauthorized Access/Disclosure,Paper Records,No
,False,PRIMA MEDICAL FOUNDATION,CA,2933.0,2016,Hacking/IT Incident,Network Server,Yes
,False,MARIN HEALTHCARE DISTRICT,CA,2292.0,2016,Hacking/IT Incident,Network Server,Yes
,False,THOMASVILLE EYE CENTER,GA,10891.0,2016,Unauthorized Access/Disclosure,Physical Device (Workstation/Laptop),No
,False,"FRED'S STORES OF TENNESSEE, INCORPORATED",TN,9624.0,2016,Theft,Physical Device (Workstation/Laptop),No
,False,SAN JUAN ONCOLOGY ASSOCIATES,NM,500.0,2016,Hacking/IT Incident,Network Server,No
,False,URGENT CARE CLINIC OF OXFORD,MS,64000.0,2016,Hacking/IT Incident,Network Server,No
,False,UNIVERSITY OF WISCONSIN HOSPITALS AND CLINICS AUTHORITY,WI,6923.0,2016,Unauthorized Access/Disclosure,Paper Records,No
,False,RAINBOW CHILDREN'S CLINIC,TX,33698.0,2016,Hacking/IT Incident,Network Server,No
,False,"FRANCISCO JAUME, D.O.",AZ,14236.0,2016,Hacking/IT Incident,Network Server,No
,False,APRIA HEALTHCARE,CA,1987.0,2016,Unauthorized Access/Disclosure,Email,No
,False,BAXTER REGIONAL MEDICAL CENTER - HOME HEALTH FACILITY,AR,2124.0,2016,Unauthorized Access/Disclosure,Other (Cloud/Portable Media),No
,False,NAPA VALLEY DENTISTRY,CA,4262.0,2016,Theft,Other (Cloud/Portable Media),No
,False,THE SEATTLE INDIAN HEALTH BOARD,WA,793.0,2016,Hacking/IT Incident,Email,No
,False,WARREN CLINIC,OK,2938.0,2016,Hacking/IT Incident,Network Server,No
,False,"GENESIS PHYSICAL THERAPY, INC.",CA,2245.0,2016,Unauthorized Access/Disclosure,Electronic Medical Record (EMR),No
,False,NORTHWEST COMMUNITY HEALTHCARE,IL,540.0,2016,Unauthorized Access/Disclosure,Other (Cloud/Portable Media),Yes
,False,BAXTER HEALTHCARE,IL,992.0,2016,Unauthorized Access/Disclosure,Email,No
,False,MERCY HOSPITAL AND MEDICAL CENTER,IL,547.0,2016,Loss,Paper Records,Yes
,False,INTEGRITY TRANSITIONAL HOSPITAL,TX,29514.0,2016,Hacking/IT Incident,Network Server,No
,False,"GIBSON INSURANCE AGENCY, INC.",IN,7242.0,2016,Theft,Physical Device (Workstation/Laptop),Yes
,False,PEABODY RETIREMENT COMMUNITY,IN,1466.0,2016,Hacking/IT Incident,Network Server,No
,False,"FOUR STAR DRUG OF BETHANY, INC.",NE,647.0,2016,Improper Disposal,Paper Records,No
,False,"MGA HOME HEALTHCARE COLORADO, INC.",AZ,3119.0,2016,Loss,Physical Device (Workstation/Laptop),No
,False,"YOU AND YOUR HEALTH FAMILY CARE, INC.",FL,3000.0,2016,Hacking/IT Incident,Network Server,No
,False,"HARRISONBURG OB GYN ASSOCIATES, P.C.",VA,800.0,2016,Theft,Electronic Medical Record (EMR),No
,False,THE FINLEY CENTER,NV,3000.0,2016,Theft,Physical Device (Workstation/Laptop),No
,False,"SINGH AND ARORA ONCOLOGY HEMATOLOGY, P.C.",MI,22000.0,2016,Hacking/IT Incident,Network Server,Yes
,False,"BAYSTATE HEALTH, INC.",MA,13112.0,2016,Hacking/IT Incident,Email,No
,False,FLORIDA HOSPITAL MEDICAL GROUP,FL,6786.0,2016,Loss,Paper Records,No
,False,"DR. DENNIS T. MYERS, D.D.S., P.A.",MO,3364.0,2016,Hacking/IT Incident,Network Server,No
,False,"SILVER CREEK FITNESS & PHYSICAL THERAPY, SILVER CREEK PHYSICAL THERAPY GILROY, SILVER CREEK PHYSICAL THERAPY SUNNYVALE, SILVER CREEK PHYSICAL THERAPY",CA,8009.0,2016,Unauthorized Access/Disclosure,Network Server,Yes
,False,"ANTHEM, INC.",IN,3525.0,2016,Unauthorized Access/Disclosure,Email,No
,False,"KINETOREHAB PHYSICAL THERAPY, PLLC",NY,665.0,2016,Theft,Physical Device (Workstation/Laptop),No
,False,"WAL-MART STORES, INC.",AR,771.0,2016,Unauthorized Access/Disclosure,Paper Records,No
,False,KAISER FOUNDATION HEALTH PLAN OF THE NORTHWEST,OR,544.0,2016,Unauthorized Access/Disclosure,Network Server,No
,False,"KAISER FOUNDATION HEALTHPLAN, INC. OF SOUTHERN CALIFORNIA",CA,3044.0,2016,Unauthorized Access/Disclosure,Network Server,No
,False,AUSTIN PULMONARY CONSULTANTS,TX,889.0,2016,Improper Disposal,Paper Records,No
,False,"KAISER PERMANENTE HEALTH PLAN, INC OF NORTHERN CALIFORNIA",CA,4432.0,2016,Unauthorized Access/Disclosure,Network Server,No
,False,"HP ENTERPRISE SERVICES, LLC",TX,1235.0,2016,Theft,Other (Cloud/Portable Media),Yes
,False,"CONSULTANTS IN NEUROLOGICAL SURGERY, LLP",FL,800.0,2016,Unauthorized Access/Disclosure,Paper Records,No
,False,VA EASTERN COLORADO HEALTH CARE SYSTEM,CO,2130.0,2016,Unauthorized Access/Disclosure,Email,No
,False,LISTER HEALTHCARE,AL,1349.0,2016,Theft,Physical Device (Workstation/Laptop),No
,False,BRIAR HILL MANAGEMENT,MS,2000.0,2016,Loss,Physical Device (Workstation/Laptop),Yes
,False,"BEST HEALTH PHYSICAL THERAPY, LLC",CT,1100.0,2016,Unauthorized Access/Disclosure,Other (Cloud/Portable Media),No
,False,VASCULAR SURGICAL ASSOCIATES,GA,36496.0,2016,Hacking/IT Incident,Network Server,No
,False,"LEBANON CARDIOLOGY ASSOCIATES, PC",PA,537.0,2016,Unauthorized Access/Disclosure,Other (Cloud/Portable Media),Yes
,False,"VISION CARE FLORIDA, LLC",FL,7500.0,2016,Unauthorized Access/Disclosure,Physical Device (Workstation/Laptop),No
,False,THE BIOMECHANICS LLC,AZ,1049.0,2016,Hacking/IT Incident,Other (Cloud/Portable Media),Yes
,False,"WATSONVILLE CHIROPRACTIC, INC.",CA,829.0,2016,Unauthorized Access/Disclosure,Network Server,Yes
,False,"LUQUE CHIROPRACTIC, INC.",CA,1341.0,2016,Unauthorized Access/Disclosure,Network Server,Yes
,False,OPTUMHEALTH NEW MEXICO,MN,2006.0,2016,Loss,Other (Cloud/Portable Media),No
,False,PEACHTREE ORTHOPAEDIC CLINIC,GA,531000.0,2016,Hacking/IT Incident,Network Server,No
,False,WASHINGTON NATIONAL INSURANCE COMPANY,IN,1458.0,2016,Theft,Paper Records,Yes
,False,PINELLAS COUNTY BOARD OF COUNTY COMMISSIONERS,FL,2800.0,2016,Unauthorized Access/Disclosure,Email,No
,False,"NORTH TEXAS HEART CENTER, P.A.",TX,4210.0,2016,Theft,Other (Cloud/Portable Media),No
,False,"CAMAS CENTER CLINIC, KALISPEL TRIBE OF INDIANS",WA,504.0,2016,Unauthorized Access/Disclosure,Physical Device (Workstation/Laptop),No
,False,"STONY BROOK INTERNISTS, UNIVERSITY FACULTY PRACTICE CORPORATION (UFPC)",NY,1878.0,2016,Theft,Email,Yes
,False,UNITED HEALTH GROUP SINGLE AFFILIATED COVERED ENTITY,MN,1408.0,2016,Hacking/IT Incident,Network Server,No
,False,EMBLEM HEALTH - GHI,NY,81122.0,2016,Unauthorized Access/Disclosure,Network Server,No
,False,"LCS WESTMINSTER PARTNERSHIP IV, LLP D/B/A SAGEWOOD",AZ,863.0,2016,Hacking/IT Incident,Network Server,No
220046,True,BERKSHIRE MEDICAL CENTER,MA,1745.0,2016,Unauthorized Access/Disclosure,Email,Yes
360027,True,AKRON GENERAL MEDICAL CENTER,OH,730.0,2016,Unauthorized Access/Disclosure,Other (Cloud/Portable Media),Yes
,False,NEW MEXICO HEART INSTITUTE,NM,4185.0,2016,Unauthorized Access/Disclosure,Other (Cloud/Portable Media),Yes
050239,True,GLENDALE ADVENTIST MEDICAL CENTER,CA,528.0,2016,Unauthorized Access/Disclosure,Electronic Medical Record (EMR),No
,False,CHI FRANCISCAN HEALTH HOSPICE-TACOMA,WA,12413.0,2016,Theft,Physical Device (Workstation/Laptop),No
,False,AETNA INC.,CT,18854.0,2016,Loss,Other (Cloud/Portable Media),Yes
,False,"YOUNG ADULT INSTITUTE, INC.",NY,913.0,2016,Theft,Other (Cloud/Portable Media),No
,False,MANAGED HEALTH SERVICES,IN,5500.0,2016,Unauthorized Access/Disclosure,Email,No
,False,"LOUISIANA HEALTH COOPERATIVE, INC. IN REHABILITATION",LA,8000.0,2016,Hacking/IT Incident,Other (Cloud/Portable Media),Yes
,False,"SEGUIN DERMATOLOGY, OFFICE OF ROBERT J. MAGNON, MD",TX,29969.0,2016,Hacking/IT Incident,Network Server,No
,False,ADVANCED FERTILITY CENTER OF CHICAGO,IL,19000.0,2016,Hacking/IT Incident,Network Server,No
,False,WASHINGTON HEALTH SYSTEM,PA,544.0,2016,Theft,Electronic Medical Record (EMR),No
,False,CVS HEALTH,RI,626.0,2016,Theft,Paper Records,No
,False,MEIGS COUNTY EMS,OH,817.0,2016,Hacking/IT Incident,Network Server,No
,False,DR. MELISSA D. SELKE,NJ,4277.0,2016,Hacking/IT Incident,Physical Device (Workstation/Laptop),No
,False,"PREVENTICE SERVICES, LLC",TX,6800.0,2016,Unauthorized Access/Disclosure,Other (Cloud/Portable Media),Yes
,False,BLACK HAWK COLLEGE,IL,1000.0,2016,Hacking/IT Incident,Network Server,No
,False,"APPALACHIAN GASTROENTEROLOGY, P.A.",NC,11000.0,2016,Hacking/IT Incident,Network Server,No
,False,CHARLES STAMITOLES,FL,5600.0,2016,Improper Disposal,Paper Records,No
,False,QUEST DIAGNOSTICS,NJ,34055.0,2016,Hacking/IT Incident,Network Server,No
,False,OAK CLIFF ORTHOPAEDIC ASSOCIATES,TX,1057.0,2016,Theft,Paper Records,No
,False,"EAST VALLEY COMMUNITY HEALTH CENTER, INC.",CA,65000.0,2016,Hacking/IT Incident,Network Server,No
,False,FAIRBANKS HOSPITAL,IN,12994.0,2016,Unauthorized Access/Disclosure,Network Server,No
,False,SOUTHCENTRAL FOUNDATION,AK,14719.0,2016,Hacking/IT Incident,Email,No
,False,COUNTY OF LOS ANGELES DEPARTMENTS OF HEALTH AND MENTAL HEALTH,CA,749017.0,2016,Hacking/IT Incident,Email,No
,False,HUMANA INC. [CASE #HU16004F3],KY,3674.0,2016,Unauthorized Access/Disclosure,Paper Records,No
,False,BRODHEAD DENTAL CENTER,PA,5872.0,2016,Hacking/IT Incident,Physical Device (Workstation/Laptop),No
,False,"ALLIANT HEALTH PLANS, INC.",GA,1042.0,2016,Hacking/IT Incident,Network Server,No
,False,DESERT CARE FAMILY AND SPORTS MEDICINE,AZ,500.0,2016,Hacking/IT Incident,Network Server,No
,False,HENRY COUNTY HEALTH DEPARTMENT,OH,574.0,2016,Theft,Email,No
,False,COMMUNITY HEALTH PLAN OF WASHINGTON,WA,381504.0,2016,Hacking/IT Incident,Network Server,No
,False,"STEPHEN J. HELVIE, M.D.",CA,2013.0,2016,Theft,Paper Records,No
,False,ADVANTAGE HEALTH SOLUTIONS,IN,2387.0,2016,Hacking/IT Incident,Network Server,No
,False,WAITING ROOM SOLUTIONS LIMITED LIABILITY LIMITED PARTNERSHIP,NY,700.0,2016,Unauthorized Access/Disclosure,Email,Yes
,False,"BRANDYWINE PEDIATRICS, P.A.",DE,26873.0,2016,Hacking/IT Incident,Network Server,No
,False,SUSAN M HUGHES CENTER,NJ,11400.0,2016,Hacking/IT Incident,Network Server,No
,False,MARYLAND MEDICAL CENTER/DR. MORRILL,MD,10000.0,2016,Hacking/IT Incident,Physical Device (Workstation/Laptop),No
,False,PRIMEWEST HEALTH,MN,2441.0,2016,Hacking/IT Incident,Network Server,Yes
,False,PATHGROUP,TN,1443.0,2016,Unauthorized Access/Disclosure,Other (Cloud/Portable Media),No
,False,HORIZON HEALTHCARE SERVICES INC. DOING BUSINESS AS HORIZON BLUE CROSS BLUE SHIELD OF NEW JERSEY AND ITS AFFILIATES,NJ,55700.0,2016,Unauthorized Access/Disclosure,Paper Records,No
,False,"STATE OF NEW HAMPSHIRE, DEPARTMENT OF HEALTH AND HUMAN SERVICES",NH,14947.0,2016,Hacking/IT Incident,Physical Device (Workstation/Laptop),No
,False,"BRYAN MYERS, MD PC, ASHLEY DEWITT, DO PC, MICHAEL NOBLES, MD PC",TN,13150.0,2016,Hacking/IT Incident,Network Server,No
,False,METROPLUS HEALTH PLAN,NY,808.0,2017,Unauthorized Access/Disclosure,Other (Cloud/Portable Media),No
,False,COMMUNITY HEALTH PLAN OF WASHINGTON,WA,1375.0,2017,Hacking/IT Incident,Network Server,No
,False,"AMERICAN URGENT CARE CENTER, PSC",KY,822.0,2017,Theft,Other (Cloud/Portable Media),No
,False,COMPLETE WELLNESS,MD,600.0,2017,Loss,Other (Cloud/Portable Media),No
,False,OFFICE OF DR. DAVID ELBAUM,CA,500.0,2017,Theft,Paper Records,No
,False,SSM DEAN MEDICAL GROUP,WI,4800.0,2017,Unauthorized Access/Disclosure,Email,No
,False,VERITY MEDICAL FOUNDATION,CA,10164.0,2017,Hacking/IT Incident,Network Server,No
,False,"ESCAMBIA COUNTY ALABAMA COMMUNITY HOSPITALS, INC. D/B/A ATMORE COMMUNITY HOSPITAL",AL,1090.0,2017,Unauthorized Access/Disclosure,Electronic Medical Record (EMR),No
,False,CHILDRENS HOSPITAL OF LOS ANGELES,CA,3594.0,2017,Theft,Physical Device (Workstation/Laptop),No
,False,"UNIVERSITY OF MARYLAND ORTHOPAEDIC ASSOCIATES, P.A.",MD,1320.0,2017,Hacking/IT Incident,Email,No
,False,ST. LUKE'S MEDICAL CENTER,ND,600.0,2017,Hacking/IT Incident,Network Server,No
,False,SENTARA HEALTHCARE,VA,5454.0,2017,Hacking/IT Incident,Network Server,Yes
,False,"TRIHEALTH, INC.",OH,1126.0,2017,Unauthorized Access/Disclosure,Network Server,No
,False,MULTNOMAH COUNTY,OR,1700.0,2017,Unauthorized Access/Disclosure,Email,No
,False,WONDERFUL CENTER FOR HEALTH INNOVATION,CA,3358.0,2017,Theft,Physical Device (Workstation/Laptop),No
,False,ASSOCIATED CATHOLIC CHARITIES INCORPORATED,MD,1145.0,2017,Unauthorized Access/Disclosure,Email,No
230070,True,"COVENANT MEDICAL CENTER, INC.",MI,6197.0,2017,Unauthorized Access/Disclosure,Electronic Medical Record (EMR),No
,False,STEPHENVILLE MEDICAL & SURGICAL CLINIC,TX,75000.0,2017,Unauthorized Access/Disclosure,Physical Device (Workstation/Laptop),No
,False,ROPER ST. FRANCIS HEALTHCARE,SC,576.0,2017,Loss,Other (Cloud/Portable Media),No
,False,THE R.O.A.D.S. FOUNDATION INC. DBA R.O.A.D.S. COMMUNITY CARE CLINIC,CA,670.0,2017,Loss,Paper Records,No
,False,MULTICARE HEALTH SYSTEM,WA,1249.0,2017,Hacking/IT Incident,Email,No
,False,PRINCETON PAIN MANAGEMENT,NJ,4668.0,2017,Hacking/IT Incident,Network Server,No
,False,"SYNERGY SPECIALISTS MEDICAL GROUP, INC / JAY S. BERENTER, DPM",CA,569.0,2017,Hacking/IT Incident,Email,No
,False,SHIEL SEXTON,IN,710.0,2017,Unauthorized Access/Disclosure,Other (Cloud/Portable Media),Yes
,False,"WELLCARE HEALTH PLANS, INC.",FL,24809.0,2017,Hacking/IT Incident,Network Server,No
,False,VERTIV CO. HEALTH & WELFARE PLAN,OH,955.0,2017,Unauthorized Access/Disclosure,Paper Records,No
,False,THE AFFILIATED SANTE GROUP,MD,550.0,2017,Unauthorized Access/Disclosure,Electronic Medical Record (EMR),Yes
,False,"JEFFREY D. RICE, O.D., L.L.C.",OH,1586.0,2017,Theft,Paper Records,No
,False,CATALINA POST-ACUTE CARE AND REHABILITATION,AZ,2953.0,2017,Improper Disposal,Paper Records,No
,False,WALGREEN CO.,IL,4500.0,2017,Unauthorized Access/Disclosure,Paper Records,No
,False,"FAMILY MEDICINE EAST, CHARTERED",KS,6800.0,2017,Theft,Physical Device (Workstation/Laptop),No
,False,MO. DEPT. OF MENTAL HEALTH,MO,5685.0,2017,Hacking/IT Incident,Email,Yes
,False,"MEDICAL INFORMATION MANAGEMENT SYSTEMS, LLC",FL,11707.0,2017,Hacking/IT Incident,Network Server,Yes
,False,"BLOOM PHYSICAL THERAPY, LLC DBA PHYSICIANS PHYSICAL THERAPY SERVICE",AZ,500.0,2017,Unauthorized Access/Disclosure,Email,No
,False,CALIFORNIA CORRECTIONAL HEALTH CARE SERVICES,CA,738.0,2017,Unauthorized Access/Disclosure,Email,No
,False,"CAPITAL PROSTHETIC AND ORTHOTIC CENTER, INC.",OH,1134.0,2017,Theft,Paper Records,Yes
,False,"UNIVERSAL CARE, INC. DBA BRAND NEW DAY",CA,14005.0,2017,Unauthorized Access/Disclosure,Other (Cloud/Portable Media),No
030024,True,ST. JOSEPH'S HOSPITAL AND MEDICAL CENTER,AZ,623.0,2017,Unauthorized Access/Disclosure,Electronic Medical Record (EMR),No
,False,2020 ON-SITE OPTOMETRY,MA,15400.0,2017,Hacking/IT Incident,Network Server,Yes
,False,HILLSBOROUGH COUNTY AGING SERVICES DEPARTMENT,FL,650.0,2017,Loss,Paper Records,No
,False,EMBLEM HEALTH - GHI,NY,703.0,2017,Unauthorized Access/Disclosure,Paper Records,Yes
,False,FAMILY SERVICE ROCHESTER,MN,17037.0,2017,Hacking/IT Incident,Network Server,No
,False,"ROBERT E TORTI, MD, PA DBA RETINA SPECIALISTS",TX,887.0,2017,Theft,Paper Records,No
281341,True,CHADRON COMMUNITY HOSPITAL AND HEALTH SERVICES,NE,702.0,2017,Unauthorized Access/Disclosure,Electronic Medical Record (EMR),No
,False,EMORY HEALTHCARE,GA,79930.0,2017,Hacking/IT Incident,Network Server,No
,False,"SYED AHMED, MD PA",TX,500.0,2017,Theft,Paper Records,No
,False,ALLINA HEALTH SYSTEM,MN,776.0,2017,Improper Disposal,Paper Records,No
,False,NORTH CAROLINA DEPARTMENT OF HEALTH AND HUMAN SERVICES,NC,12731.0,2017,Unauthorized Access/Disclosure,Email,No
,False,"WEST VIRGINIA UNIVERSITY HOSPITALS-EAST, INC. DBA UNIVERSITY HEALTHCARE",WV,7445.0,2017,Theft,Electronic Medical Record (EMR),No
440039,True,VANDERBILT UNIVERSITY MEDICAL CENTER,TN,3247.0,2017,Unauthorized Access/Disclosure,Electronic Medical Record (EMR),No
,False,"LEO EDWARDS, JR., M.D.",TX,19564.0,2017,Hacking/IT Incident,Network Server,No
050100,True,SHARP MEMORIAL HOSPITAL,CA,754.0,2017,Theft,Physical Device (Workstation/Laptop),No
,False,COMMONWEALTH HEALTH CORPORATION,KY,697800.0,2017,Unauthorized Access/Disclosure,Other (Cloud/Portable Media),No
,False,"STEPHEN P. COURTNEY, M.D.",TX,1140.0,2017,Unauthorized Access/Disclosure,Paper Records,No
,False,VA ST. LOUIS HEALTH CARE SYSTEM,MO,724.0,2017,Unauthorized Access/Disclosure,Paper Records,No
44013F,True,MEMPHIS VA MEDICAL CENTER,TN,687.0,2017,Unauthorized Access/Disclosure,Paper Records,No
,False,VISIONQUEST EYECARE,IN,85995.0,2017,Hacking/IT Incident,Network Server,No
050746,True,ORANGE COUNTY GLOBAL MEDICAL CENTER,CA,677.0,2017,Unauthorized Access/Disclosure,Email,No
,False,SALIBA'S EXTENDED CARE PHARMACY,AZ,6599.0,2017,Unauthorized Access/Disclosure,Email,No
,False,AMERICAN HOME PATIENT,TN,13709.0,2017,Theft,Other (Cloud/Portable Media),No
,False,TARLETON MEDICAL,CA,3929.0,2017,Hacking/IT Incident,Network Server,No
,False,CVS HEALTH,RI,724.0,2017,Theft,Paper Records,No
,False,"PRIMARY CARE SPECIALISTS, INC.",TN,65000.0,2017,Hacking/IT Incident,Network Server,No
263301,True,ST. LOUIS CHILDREN'S HOSPITAL,MO,643.0,2017,Unauthorized Access/Disclosure,Email,No
,False,DENTON HEART GROUP - AFFILIATE OF HEALTHTEXAS PROVIDER NETWORK,TX,21665.0,2017,Theft,Other (Cloud/Portable Media),No
,False,VIRGINIA COMMONWEALTH UNIVERSITY HEALTH SYSTEM,VA,2716.0,2017,Unauthorized Access/Disclosure,Electronic Medical Record (EMR),No
,False,METROPOLITAN UROLOGY GROUP,WI,17634.0,2017,Hacking/IT Incident,Network Server,Yes
,False,LOCAL 693 PLUMBERS & PIPEFITTERS HEALTH & WELFARE FUND,VT,1291.0,2017,Theft,Other (Cloud/Portable Media),No
,False,"ESTILL COUNTY CHIROPRACTIC, PLLC",KY,5335.0,2017,Hacking/IT Incident,Network Server,No
,False,ST. CHARLES HEALTH SYSTEM,OR,2459.0,2017,Unauthorized Access/Disclosure,Electronic Medical Record (EMR),No
450358,True,HOUSTON METHODIST HOSPITAL,TX,1417.0,2017,Unauthorized Access/Disclosure,Email,No
,False,"ROCKY MOUNTAIN HEALTH MAINTENANCE ORGANIZATION, INC.",CO,1320.0,2017,Unauthorized Access/Disclosure,Paper Records,No
,False,HIGHLAND RIVERS COMMUNITY SERVICE BOARD,GA,967.0,2017,Unauthorized Access/Disclosure,Paper Records,No
,False,UNC HEALTH CARE,NC,1298.0,2017,Unauthorized Access/Disclosure,Paper Records,No
,False,"UROLOGY AUSTIN, PLLC",TX,279663.0,2017,Hacking/IT Incident,Network Server,No
,False,"SPECIALTY DENTAL PARTNERS OF PHILADELPHIA, PLLC.- DBA RICH ORTHODONTICS",PA,960.0,2017,Theft,Physical Device (Workstation/Laptop),No
,False,WELLSPAN HEALTH,PA,732.0,2017,Unauthorized Access/Disclosure,Paper Records,Yes
,False,WASHINGTON UNIVERSITY SCHOOL OF MEDICINE,MO,80270.0,2017,Hacking/IT Incident,Email,No
,False,LANE COMMUNITY COLLEGE HEALTH CLINIC,OR,1911.0,2017,Hacking/IT Incident,Physical Device (Workstation/Laptop),No
,False,"ABCD PEDIATRICS, P.A.",TX,55447.0,2017,Hacking/IT Incident,Network Server,No
,False,"APEX EDI, INC.",UT,1132.0,2017,Hacking/IT Incident,Network Server,Yes
,False,WOMEN'S CARE OF SOMERSET,KY,1806.0,2017,Unauthorized Access/Disclosure,Email,No
,False,"SKIN CANCER SPECIALISTS, P.C.",GA,3365.0,2017,Hacking/IT Incident,Network Server,No
230121,True,MEMORIAL HEALTHCARE,MI,685.0,2017,Unauthorized Access/Disclosure,Paper Records,Yes
,False,ASHLAND WOMEN'S HEALTH,KY,19727.0,2017,Hacking/IT Incident,Network Server,No
,False,"UNIVERSITY OF OKLAHOMA, OU PHYSICIANS",OK,1637.0,2017,Unauthorized Access/Disclosure,Email,No
,False,CARSON VALLEY MEDICAL CENTER,NV,11368.0,2017,Unauthorized Access/Disclosure,Email,No
,False,CARDIOLOGY CENTER OF ACADIANA,LA,9681.0,2017,Hacking/IT Incident,Network Server,No
,False,"AMEDISYS WEST VIRGINIA, LLC",WV,611.0,2017,Improper Disposal,Paper Records,Yes
,False,MADISON STREET PROVIDER NETWORK,CO,9129.0,2017,Unauthorized Access/Disclosure,Paper Records,Yes
,False,AREA AGENCY OF AGING 1-B,MI,1741.0,2017,Unauthorized Access/Disclosure,Email,No
,False,"BIOREFERENCE LABORATORIES, INC.",NJ,1772.0,2017,Improper Disposal,Paper Records,No
,False,WESTERN HEALTH SCREENING,MT,15326.0,2017,Theft,Other (Cloud/Portable Media),Yes
,False,"MVP HEALTH CARE, INC.",NY,951.0,2017,Unauthorized Access/Disclosure,Paper Records,No
,False,HUMANA INC [CASE # HU17001CC],KY,3831.0,2017,Hacking/IT Incident,Network Server,No
,False,"VALLEY WOMEN'S HEALTH, S.C.",IL,5155.0,2017,Hacking/IT Incident,Network Server,No
,False,BEHAVIORAL HEALTH CENTER,ME,4229.0,2017,Hacking/IT Incident,Network Server,No
,False,LIFESPAN CORPORATION,RI,20431.0,2017,Theft,Physical Device (Workstation/Laptop),No
,False,IOWA VETERANS HOME,IA,2969.0,2017,Unauthorized Access/Disclosure,Email,No
450604,True,HILL COUNTRY MEMORIAL HOSPITAL,TX,8449.0,2017,Hacking/IT Incident,Email,No
,False,ATLANTIC DIGESTIVE SPECIALISTS,NH,2081.0,2017,Hacking/IT Incident,Network Server,No
,False,ORTHODONTIC SPECIALISTS OF GREEN BAY,WI,742.0,2017,Hacking/IT Incident,Email,No
,False,MEMORIAL HOSPITAL CLINIC WEST,TX,521.0,2017,Hacking/IT Incident,Network Server,No
,False,MEMORIAL HOSPITAL CLINIC SOUTH,TX,842.0,2017,Hacking/IT Incident,Network Server,No
,False,"DEERING THERAPY SERVICES, LTD.",NJ,1710.0,2017,Unauthorized Access/Disclosure,Physical Device (Workstation/Laptop),Yes
,False,MICHIGAN FACIAL AESTHETIC SURGEONS D/B/A UNIVERSITY PHYSICIAN GROUP,MI,3467.0,2017,Theft,Physical Device (Workstation/Laptop),No
,False,"DIAMOND INSTITUTE FOR FERTILITY AND MENOPAUSE, LLC",NJ,14633.0,2017,Hacking/IT Incident,Network Server,No
,False,HARRISBURG GASTROENTEROLOGY LTD,PA,93323.0,2017,Hacking/IT Incident,Network Server,No
,False,HARRISBURG ENDOSCOPY AND SURGERY CENTER,PA,9092.0,2017,Hacking/IT Incident,Network Server,No
,False,SPINE SPECIALIST,NJ,600.0,2017,Theft,Physical Device (Workstation/Laptop),No
,False,NOVA SOUTHEASTERN UNIVERSITY,FL,1086.0,2017,Theft,Other (Cloud/Portable Media),No
,False,CAPITAL NEPHROLOGY,MD,4000.0,2017,Hacking/IT Incident,Network Server,No
,False,LSU HEALTHCARE NETWORK,LA,2200.0,2017,Theft,Other (Cloud/Portable Media),Yes
,False,AEROCARE HOLDINGS,FL,860.0,2017,Unauthorized Access/Disclosure,Email,No
,False,"MECKLENBURG COUNTY, NORTH CAROLINA",NC,2000.0,2017,Unauthorized Access/Disclosure,Other (Cloud/Portable Media),No
,False,"JONES FAMILY PRACTICE, P.A.",NC,742.0,2017,Unauthorized Access/Disclosure,Network Server,No
,False,BLUE CROSS AND BLUE SHIELD OF KANSAS CITY,MO,725.0,2017,Unauthorized Access/Disclosure,Other (Cloud/Portable Media),No
,False,CLINTON COUNTY BOARD OF DEVELOPMENTAL DISABILITIES,OH,1243.0,2017,Hacking/IT Incident,Network Server,No
,False,NEW YORK CITY HEALTH AND HOSPITALS CORPORATION - CONEY ISLAND HOSPITAL,NY,3494.0,2017,Unauthorized Access/Disclosure,Paper Records,No
,False,WALNUT PLACE,TX,5000.0,2017,Hacking/IT Incident,Network Server,No
,False,"ELIZABETH L. BROWN, MD, PLLC",WV,8436.0,2017,Hacking/IT Incident,Network Server,No
,False,PACIFIC OCEAN PEDIATRICS,CA,18637.0,2017,Theft,Other (Cloud/Portable Media),No
,False,KENNEWICK GENERAL HOSPITAL DBA TRIOS HEALTH,WA,569.0,2017,Unauthorized Access/Disclosure,Electronic Medical Record (EMR),No
,False,"NEELEY-NEMETH, LLP D/B/A BARTON OAKS DENTAL GROUP",TX,17090.0,2017,Hacking/IT Incident,Network Server,No
,False,CHILDREN'S MERCY HOSPITAL,MO,5511.0,2017,Unauthorized Access/Disclosure,Other (Cloud/Portable Media),No
,False,"D. ANDREW LOOMIS MD, PAULA SCHULZE MD,TAMMARA STEFANELLI MD, CHRISTEN VU DO, ANJA CRIDER MD",WA,9000.0,2017,Hacking/IT Incident,Network Server,No
,False,UW HEALTH,WI,2036.0,2017,Hacking/IT Incident,Email,No
,False,ARIZONA DEPARTMENT OF HEALTH SERVICES,AZ,2500.0,2017,Loss,Paper Records,No
,False,"SOUND COMMUNITY SERVICES, INC.",CT,1278.0,2017,Hacking/IT Incident,Email,No
,False,"AU MEDICAL CENTER, INC.",GA,5600.0,2017,Hacking/IT Incident,Email,No
,False,MISSISSIPPI DIVISION OF MEDICAID,MS,5220.0,2017,Unauthorized Access/Disclosure,Email,No
,False,BEACON HEALTH SYSTEM,IN,1239.0,2017,Unauthorized Access/Disclosure,Electronic Medical Record (EMR),No
,False,"N. FRED EAGLSTEIN, D.O. D/B/A DERMATOLOGY AND LASER CENTER",FL,2000.0,2017,Unauthorized Access/Disclosure,Electronic Medical Record (EMR),No
,False,ADVANCED ENT HEAD & NECK SURGERY,CA,15000.0,2017,Theft,Email,No
,False,"LKM ENTERPRISES, INC.",OK,3400.0,2017,Theft,Physical Device (Workstation/Laptop),No
,False,NORTH DAKOTA DEPARTMENT OF HUMAN SERVICES,ND,2452.0,2017,Improper Disposal,Paper Records,No
,False,TOTH ENTERPRISES II D/B/A VICTORY MEDICAL,TX,2000.0,2017,Unauthorized Access/Disclosure,Email,No
,False,"DURANGO FAMILY MEDICINE, P.C.",CO,18790.0,2017,Theft,Other (Cloud/Portable Media),No
,False,SOUTHWEST COMMUNITY HEALTH CENTER,CT,6000.0,2017,Theft,Physical Device (Workstation/Laptop),No
,False,TENNESSEE RURAL HEALTH IMPROVEMENT ASSOCIATION,TN,588.0,2017,Loss,Paper Records,Yes
,False,SSM HEALTH  (DR. SYED KHADER),MO,836.0,2017,Theft,Other (Cloud/Portable Media),No
,False,"COVE FAMILY AND SPORTS MEDICINE, LLC",AL,4300.0,2017,Hacking/IT Incident,Network Server,No
,False,BAY AREA PAIN AND WELLNESS CENTER,CA,548.0,2017,Theft,Physical Device (Workstation/Laptop),No
,False,TEXAS HEALTH AND HUMAN SERVICES,TX,1842.0,2017,Improper Disposal,Paper Records,No
,False,"AIRWAY OXYGEN, INC.",MI,500000.0,2017,Hacking/IT Incident,Network Server,No
470005,True,RUTLAND REGIONAL MEDICAL CENTER,VT,665.0,2017,Unauthorized Access/Disclosure,Email,No
,False,LITTLE RIVER HEALTHCARE,TX,542.0,2017,Theft,Physical Device (Workstation/Laptop),No
050351,True,TORRANCE MEMORIAL MEDICAL CENTER,CA,46632.0,2017,Hacking/IT Incident,Email,No
,False,FAMILY TREE HEALTH CLINIC,TX,13402.0,2017,Hacking/IT Incident,Network Server,No
,False,"CLEVELAND MEDICAL ASSOCIATES, PLLC",TN,22000.0,2017,Hacking/IT Incident,Network Server,No
,False,TAMPA BAY SURGERY CENTER,FL,25848.0,2017,Hacking/IT Incident,Other (Cloud/Portable Media),No
,False,AETNA INC.,CT,5002.0,2017,Unauthorized Access/Disclosure,Network Server,No
,False,"ADAMS INDUSTRIES, INC.",NE,647.0,2017,Hacking/IT Incident,Network Server,No
,False,ATCHAFALAYA INTERNAL MEDICINE ASSOCIATES,LA,2000.0,2017,Hacking/IT Incident,Email,No
440053,True,SAINT THOMAS RUTHERFORD HOSPITAL,TN,2837.0,2017,Improper Disposal,Paper Records,No
,False,UNIVERSITY OF IOWA HOSPITALS & CLINICS,IA,5292.0,2017,Unauthorized Access/Disclosure,Other (Cloud/Portable Media),No
,False,PHARMA MEDICA RESEARCH INC.,MO,2718.0,2017,Unauthorized Access/Disclosure,Network Server,No
,False,SOUTHERN ILLINOIS HOSPITAL SERVICES,IL,613.0,2017,Unauthorized Access/Disclosure,Network Server,No
,False,HENRY FORD HEALTH SYSTEM,MI,596.0,2017,Theft,Paper Records,No
,False,GI CARE FOR KIDS ENDOSCOPY CENTER,GA,1923.0,2017,Hacking/IT Incident,Network Server,No
,False,ENTERPRISE SERVICES LLC,IN,56075.0,2017,Unauthorized Access/Disclosure,Network Server,Yes
,False,"PEDIATRIC HEALTHCARE SOLUTIONS, P.C.",NY,6932.0,2017,Hacking/IT Incident,Network Server,No
,False,"PAUL C. GERING, JR., M.D.",OR,2000.0,2017,Theft,Physical Device (Workstation/Laptop),No
,False,FASTHEALTH CORPORATION,AL,18192.0,2017,Hacking/IT Incident,Network Server,Yes
,False,ENTERPRISE SERVICES LLC,CO,822.0,2017,Hacking/IT Incident,Network Server,Yes
,False,WHITE BLOSSOM CARE CENTER,CA,800.0,2017,Unauthorized Access/Disclosure,Other (Cloud/Portable Media),No
,False,COMMUNITY LINK INC,WI,5524.0,2017,Hacking/IT Incident,Email,No
,False,BAPTIST MEDICAL CENTER SOUTH,FL,531.0,2017,Loss,Other (Cloud/Portable Media),No
,False,CALIFORNIA PACIFIC ORTHOPAEDICS AND SPORTS MEDICINE,CA,2271.0,2017,Theft,Physical Device (Workstation/Laptop),No
,False,KENNEBUNK CENTER FOR DENTISTRY,ME,1900.0,2017,Unauthorized Access/Disclosure,Paper Records,No
,False,"PVHS-ICM EMPLOYEE HEALTH AND WELLNESS, LLC AS COVERED ENTITY AND BUSINESS ASSOCIATE",CO,10143.0,2017,Hacking/IT Incident,Network Server,No
,False,THE DERMATOLOGY CENTER OF RALEIGH PA,NC,3000.0,2017,Unauthorized Access/Disclosure,Email,No
,False,WALNUT PLACE,TX,5000.0,2017,Hacking/IT Incident,Network Server,No
,False,UNIVERSITY OF CALIFORNIA DAVIS HEALTH,CA,14900.0,2017,Hacking/IT Incident,Email,No
,False,"PEACHTREE NEUROLOGICAL CLINIC, P.C.",GA,183505.0,2017,Hacking/IT Incident,Network Server,No
,False,"UNCONDITIONAL LOVE, INCORPORATED",FL,643.0,2017,Unauthorized Access/Disclosure,Paper Records,No
,False,UNIVERSITY OF MISSISSIPPI MEDICAL CENTER,MS,7492.0,2017,Hacking/IT Incident,Network Server,No
,False,LEDET FAMILY CHIROPRACTIC CENER,PA,530.0,2017,Hacking/IT Incident,Network Server,No
,False,ROSALIND FRANKLIN UNIVERSITY OF MEDICINE,IL,859.0,2017,Hacking/IT Incident,Email,No
,False,"ANDREA YALEY, DDS",CA,1200.0,2017,Hacking/IT Incident,Network Server,No
,False,WHITE COATS WELLNESS,FL,10000.0,2017,Hacking/IT Incident,Email,Yes
,False,LC&Z GENERAL AND COSMETIC DENTISTRY,FL,4391.0,2017,Unauthorized Access/Disclosure,Email,No
,False,DETROIT MEDICAL CENTER,MI,1529.0,2017,Theft,Physical Device (Workstation/Laptop),No
,False,PROFESSIONAL COUNSELING & MEDICAL ASSOCIATES,TN,2500.0,2017,Hacking/IT Incident,Electronic Medical Record (EMR),Yes
,False,"BRAUN INTERNAL MEDICINE, P.C.",GA,680.0,2017,Unauthorized Access/Disclosure,Email,No
,False,"WOMEN'S HEALTH CARE GROUP OF PA, LLC",PA,300000.0,2017,Hacking/IT Incident,Network Server,No
,False,"SAGE DENTAL MANAGEMENT, LLC",FL,5000.0,2017,Theft,Other (Cloud/Portable Media),Yes
,False,METROPOLITAN LIFE INSURANCE COMPANY,NY,4220.0,2017,Unauthorized Access/Disclosure,Other (Cloud/Portable Media),No
,False,"VISION CARE SPECIALISTS, INC.",CO,703.0,2017,Theft,Paper Records,No
330005,True,KALEIDA HEALTH,NY,2789.0,2017,Hacking/IT Incident,Email,No
,False,MASSACHUSETTS DEPARTMENT OF PUBLIC HEALTH - TEWKSBURY HOSPITAL,MA,1176.0,2017,Unauthorized Access/Disclosure,Electronic Medical Record (EMR),No
,False,PERFORMANCE PHYSICAL THERAPY AND WELLNESS,CT,571.0,2017,Hacking/IT Incident,Email,No
,False,THE UNIVERSITY OF VERMONT MEDICAL CENTER,VT,2300.0,2017,Hacking/IT Incident,Email,No
,False,"BLUECROSS BLUESHIELD OF TN, INC.",TN,2117.0,2017,Unauthorized Access/Disclosure,Paper Records,No
,False,"ANTHEM, INC.",IN,18580.0,2017,Unauthorized Access/Disclosure,Email,Yes
,False,PLASTIC SURGERY ASSOCIATES OF SOUTH DAKOTA,SD,10229.0,2017,Hacking/IT Incident,Network Server,No
,False,"CHRISTINE D. COLLINS, APC & ANN HOFSTADTER, MD INC.",CA,1500.0,2017,Hacking/IT Incident,Email,No
,False,NORTHWEST BEHAVIORAL HEALTHCARE SERVICES,OR,500.0,2017,Unauthorized Access/Disclosure,Email,No
,False,BRAUN DERMATOLOGY & SKIN CANCER CENTER,DC,1200.0,2017,Unauthorized Access/Disclosure,Email,No
,False,NORTHWEST RHEUMATOLOGY,AZ,7468.0,2017,Hacking/IT Incident,Network Server,No
,False,SPORT AND SPINE REHAB,MD,31120.0,2017,Hacking/IT Incident,Network Server,No
,False,DANIEL DRAKE CENTER FOR POST-ACUTE CARE,OH,4721.0,2017,Unauthorized Access/Disclosure,Electronic Medical Record (EMR),No
,False,BLUETAIL MEDICAL GROUP,MO,11000.0,2017,Hacking/IT Incident,Physical Device (Workstation/Laptop),No
230038,True,SPECTRUM HEALTH SYSTEM,MI,902.0,2017,Theft,Other (Cloud/Portable Media),No
,False,CITY OF HOPE,CA,3400.0,2017,Hacking/IT Incident,Email,No
,False,"ELDERPLAN, INC.",NY,65235.0,2017,Hacking/IT Incident,Email,No
,False,SURGICAL DERMATOLOGY GROUP,AL,13308.0,2017,Hacking/IT Incident,Network Server,Yes
,False,NATIONAL DCP HEALTH PLAN,GA,1190.0,2017,Hacking/IT Incident,Email,No
,False,"ST. MARK'S SURGICAL CENTER, LLC",FL,33877.0,2017,Hacking/IT Incident,Network Server,No
,False,PACIFIC ALLIANCE MEDICAL CENTER,CA,266123.0,2017,Hacking/IT Incident,Network Server,No
,False,"MDEVERYWHERE, INC.",TX,1396.0,2017,Unauthorized Access/Disclosure,Network Server,Yes
,False,SILVER CROSS HOSPITAL,IL,8862.0,2017,Unauthorized Access/Disclosure,Network Server,Yes
,False,"WELLCARE HEALTH PLANS, INC.",FL,1214.0,2017,Unauthorized Access/Disclosure,Paper Records,Yes
,False,MJHS HOME CARE,NY,8413.0,2017,Hacking/IT Incident,Email,No
,False,TRUEBENEFITS LLC,WA,17309.0,2017,Hacking/IT Incident,Email,Yes
,False,"LAKE HOSPITAL SYSTEM, INC. DBA LAKE HEALTH",OH,750.0,2017,Loss,Paper Records,No
,False,SALINA FAMILY HEALTHCARE CENTER,KS,77337.0,2017,Hacking/IT Incident,Network Server,No
,False,"CENTURA HEALTH, MERCY FAMILY MEDICINE",CO,2069.0,2017,Loss,Other (Cloud/Portable Media),No
,False,NORTHEAST OB/GYN ASSOCIATES,TX,10198.0,2017,Hacking/IT Incident,Network Server,No
,False,INSTITUTE FOR WOMEN'S HEALTH,TX,15761.0,2017,Hacking/IT Incident,Network Server,No
,False,SOUTH BEND ORTHOPAEDIC ASSOCIATES INC,IN,1272.0,2017,Theft,Physical Device (Workstation/Laptop),No
,False,FEINSTEIN AND ROE MDS INC.,CA,6642.0,2017,Hacking/IT Incident,Network Server,No
,False,"ONCOLOGY CONSULTANTS, P.A.",TX,19114.0,2017,Hacking/IT Incident,Network Server,No
,False,"MCLAREN MEDICAL GROUP, MID-MICHIGAN PHYSICIANS IMAGING CENTER",MI,106008.0,2017,Hacking/IT Incident,Network Server,No
330005,True,KALEIDA HEALTH,NY,744.0,2017,Hacking/IT Incident,Email,No
,False,"WACO OTOLARYNGOLOGY ASSOCIATES D/B/A WACO EAR, NOSE, & THROAT",TX,500.0,2017,Hacking/IT Incident,Network Server,No
,False,"MEDICAL ONCOLOGY HEMATOLOGY CONSULTANTS,PA",DE,19203.0,2017,Hacking/IT Incident,Network Server,No
,False,AETNA INC.,CT,11887.0,2017,Unauthorized Access/Disclosure,Paper Records,Yes
371317,True,MERCY HOSPITAL LOGAN COUNTY,OK,629.0,2017,Loss,Paper Records,No
,False,HAND & UPPER EXTREMITY CENTERS DBA HAND REHABILITATION SPECIALISTS,CA,12806.0,2017,Hacking/IT Incident,Network Server,No
,False,ADULT INTERNAL MEDICINE OF NORTH SCOTTSDALE,AZ,11798.0,2017,Hacking/IT Incident,Network Server,No
,False,STATE OF ALASKA DEPARTMENT OF HEALTH AND SOCIAL SERVICES,AK,501.0,2017,Hacking/IT Incident,Physical Device (Workstation/Laptop),No
,False,"METROPLUS HEALTH PLAN, INC.",NY,15212.0,2017,Unauthorized Access/Disclosure,Email,No
,False,"THE NEUROLOGY FOUNDATION, INC.",RI,12861.0,2017,Unauthorized Access/Disclosure,Network Server,No
,False,"CONSULTANTS CHOICE, P.A.",FL,1458.0,2017,Hacking/IT Incident,Physical Device (Workstation/Laptop),No
,False,"MED-CERT, INC.",FL,7253.0,2017,Hacking/IT Incident,Network Server,Yes
,False,CBS CONSOLIDATED DBA CORNERSTONE BUSINESS AND MANAGEMENT SOLUTIONS,NE,21856.0,2017,Hacking/IT Incident,Network Server,Yes
,False,COMMUNITY MEMORIAL HEALTH SYSTEM,CA,959.0,2017,Hacking/IT Incident,Email,No
,False,FLORIDA HEALTHY KIDS CORPORATION,FL,2000.0,2017,Hacking/IT Incident,Network Server,No
,False,"DEPARTMENT OF HUMAN SERVICES, COMMONWEALTH OF PENNSYLVANIA",PA,517.0,2017,Unauthorized Access/Disclosure,Other (Cloud/Portable Media),No
,False,UNIVERSITY OF WISCONSIN - MADISON,WI,1000.0,2017,Unauthorized Access/Disclosure,Paper Records,No
240056,True,RIDGEVIEW MEDICAL CENTER,MN,1074.0,2017,Unauthorized Access/Disclosure,Email,No
,False,KAISER FOUNDATION HEALTH PLAN,CA,609.0,2017,Unauthorized Access/Disclosure,Email,No
,False,NETWORK HEALTH,WI,51232.0,2017,Hacking/IT Incident,Email,No
063301,True,CHILDREN'S HOSPITAL COLORADO,CO,3370.0,2017,Hacking/IT Incident,Email,No
,False,"ABB, INC.",NC,28012.0,2017,Hacking/IT Incident,Email,No
,False,"INDIANA HEALTH CENTERS, INC.",IN,1697.0,2017,Theft,Physical Device (Workstation/Laptop),No
,False,"COMMUNITY FAMILY CARE MEDICAL GROUP IPA, INC.",CA,763.0,2017,Unauthorized Access/Disclosure,Other (Cloud/Portable Media),No
,False,"AU MEDICAL CENTER, INC.",GA,6109.0,2017,Hacking/IT Incident,Email,No
,False,ARKANSAS DEPARTMENT OF HUMAN SERVICES,AR,26000.0,2017,Unauthorized Access/Disclosure,Email,No
,False,PREMIER MEDICAL ASSOCIATES,PA,876.0,2017,Unauthorized Access/Disclosure,Other (Cloud/Portable Media),No
,False,MOREHEAD MEMORIAL HOSPITAL,NC,66000.0,2017,Hacking/IT Incident,Email,No
,False,MEDICAL MUTUAL OF OHIO,OH,6119.0,2017,Unauthorized Access/Disclosure,Email,No
,False,THE MS CENTER OF SAINT LOUIS AND MERCY CLINIC NEUROLOGY - TOWN AND COUNTRY,MO,1081.0,2017,Unauthorized Access/Disclosure,Other (Cloud/Portable Media),No
,False,UROLOGICAL ASSOCIATES OF CENTRAL JERSEY P.A.,NJ,1800.0,2017,Hacking/IT Incident,Network Server,No
,False,"W. W. GRAINGER, INC.",IL,1594.0,2017,Theft,Physical Device (Workstation/Laptop),No
,False,MN UROLOGY,MN,939.0,2017,Unauthorized Access/Disclosure,Email,No
,False,PEACEHEALTH,WA,1969.0,2017,Unauthorized Access/Disclosure,Electronic Medical Record (EMR),No
50011F,True,SPOKANE VA MEDICAL CENTER,WA,3275.0,2017,Loss,Physical Device (Workstation/Laptop),No
,False,MERCY HEALTH LOVE COUNTY HOSPITAL AND CLINIC,OK,13004.0,2017,Theft,Physical Device (Workstation/Laptop),No
190312,True,OUR LADY OF THE ANGELS HOSPITAL,LA,1140.0,2017,Unauthorized Access/Disclosure,Electronic Medical Record (EMR),No
,False,ARKANSAS ORAL & FACIAL SURGERY CENTER,AR,128000.0,2017,Hacking/IT Incident,Network Server,No
450358,True,HOUSTON METHODIST HOSPITAL,TX,1359.0,2017,Unauthorized Access/Disclosure,Email,No
,False,PATIENTS CHOICE,TX,1069.0,2017,Hacking/IT Incident,Network Server,No
,False,"KRAIG R. PEPPER, D.O., P.A.",TX,653.0,2017,Unauthorized Access/Disclosure,Other (Cloud/Portable Media),No
,False,ADVANCED SPINE & PAIN CENTER,TX,8352.0,2017,Hacking/IT Incident,Network Server,No
,False,"RIAZ BABER, M.D., S.C.",IL,10500.0,2017,Unauthorized Access/Disclosure,Paper Records,No
,False,BRIGGS & STRATTON CORPORATION,WI,12789.0,2017,Hacking/IT Incident,Network Server,No
,False,AMIDA CARE,NY,6231.0,2017,Unauthorized Access/Disclosure,Paper Records,No
,False,LSU HEALTH CARE SERVICES DIVISION,LA,1200.0,2017,Unauthorized Access/Disclosure,Other (Cloud/Portable Media),No
,False,CHASE BREXTON HEALTH CARE,MD,16562.0,2017,Hacking/IT Incident,Email,No
,False,JOHN HANCOCK LIFE INSURANCE COMPANY (U.S.A.),MA,1715.0,2017,Hacking/IT Incident,Network Server,No
,False,"RIVERMEND HEALTH, LLC",GA,1300.0,2017,Hacking/IT Incident,Email,No
,False,LIFESTYLE THERAPY & COACHING,AL,550.0,2017,Unauthorized Access/Disclosure,Network Server,No
,False,BRIDGET P EARLY MD LLC D/B/A NAMASTE HEALTH CARE,MO,1617.0,2017,Hacking/IT Incident,Network Server,No
,False,"ORTHOPEDICS NY, LLP",NY,2493.0,2017,Unauthorized Access/Disclosure,Other (Cloud/Portable Media),No
,False,MARTINSVILLE HENRY COUNTY COALITION FOR HEALTH AND WELLNESS,VA,5806.0,2017,Theft,Physical Device (Workstation/Laptop),No
,False,CVS PHARMACY,RI,836.0,2017,Theft,Paper Records,No
,False,CAROLINA ONCOLOGY SPECIALISTS,NC,1551.0,2017,Unauthorized Access/Disclosure,Electronic Medical Record (EMR),No
,False,INSULET CORPORATION,MA,1469.0,2017,Unauthorized Access/Disclosure,Network Server,Yes
,False,THE UNION LABOR LIFE INSURANCE COMPANY,MD,664.0,2017,Unauthorized Access/Disclosure,Email,Yes
,False,MANN-GRANDSTAFF VA MEDICAL CENTER,WA,1915.0,2017,Theft,Other (Cloud/Portable Media),No
,False,EMERGENCY COVERAGE CORPORATION,TN,719.0,2017,Loss,Paper Records,No
,False,KAISER FOUNDATION HEALTH PLAN,CA,720.0,2017,Unauthorized Access/Disclosure,Paper Records,No
,False,IOWA DEPARTMENT OF HUMAN SERVICES,IA,811.0,2017,Hacking/IT Incident,Email,No
,False,RECOVERY INSTITUTE OF THE SOUTH EAST P.A.,FL,689.0,2017,Hacking/IT Incident,Network Server,No
,False,"AETNA, INC.",CT,1506.0,2017,Unauthorized Access/Disclosure,Network Server,Yes
,False,BREVARD PHYSICIAN ASSOCIATES,FL,7976.0,2017,Theft,Physical Device (Workstation/Laptop),No
,False,TJ SAMSON COMMUNITY HOSPITAL,KY,683.0,2017,Unauthorized Access/Disclosure,Electronic Medical Record (EMR),No
,False,"MGA HOME HEALTHCARE COLORADO, INC.",AZ,2898.0,2017,Hacking/IT Incident,Email,No
,False,ARCH CITY DENTAL,OH,1716.0,2017,Unauthorized Access/Disclosure,Email,No
,False,TEXAS CHILDREN'S HEALTH PLAN,TX,932.0,2017,Unauthorized Access/Disclosure,Email,No
,False,CATHOLIC CHARITIES OF THE DIOCESE OF ALBANY,NY,4624.0,2017,Hacking/IT Incident,Network Server,No
,False,FLORIDA BLUE,FL,939.0,2017,Unauthorized Access/Disclosure,Paper Records,Yes
,False,COOK COUNTY HEALTH & HOSPITALS SYSTEM,IL,727.0,2017,Unauthorized Access/Disclosure,Network Server,Yes
,False,EAST CENTRAL KANSAS AREA AGENCY ON AGING,KS,8750.0,2017,Hacking/IT Incident,Network Server,Yes
,False,"SHOP-RITE SUPERMARKETS, INC.",NY,12172.0,2017,Improper Disposal,Other (Cloud/Portable Media),No
,False,VALLEY FAMILY MEDICINE,VA,8450.0,2017,Unauthorized Access/Disclosure,Paper Records,No
150056,True,INDIANA UNIVERSITY HEALTH,IN,1399.0,2017,Improper Disposal,Paper Records,No
,False,THE CENTER FOR HEALTH CARE SERVICES,TX,501.0,2017,Theft,Paper Records,No
,False,AETNA INC.,CT,1600.0,2017,Unauthorized Access/Disclosure,Paper Records,No
,False,THE LOWELL GENERAL HOSPITAL,MA,769.0,2017,Unauthorized Access/Disclosure,Electronic Medical Record (EMR),No
,False,"OTOLARYNGOLOGY ASSOCIATES OF CENTRAL NEW JERSEY, P.C.",NJ,1551.0,2017,Theft,Paper Records,No
,False,FAMILY & COSMETIC DENTISTRY OF THE ROCKIES,CO,1850.0,2017,Improper Disposal,Paper Records,Yes
,False,"SPORTS MEDICINE & REHABILITATION THERAPY, INC.",MA,8800.0,2017,Hacking/IT Incident,Network Server,No
,False,UPMC SUSQUEHANNA,PA,1208.0,2017,Hacking/IT Incident,Email,No
,False,WASHINGTON STATE DEPARTMENT OF SOCIAL AND HEALTH SERVICES,WA,515.0,2017,Unauthorized Access/Disclosure,Email,No
,False,ROCKY MOUNTAIN HEALTH CARE SERVICES,CO,909.0,2017,Theft,Physical Device (Workstation/Laptop),No
,False,"THE MEDICAL COLLEGE OF WISCONSIN, INC.",WI,9500.0,2017,Hacking/IT Incident,Email,No
,False,CLINICAL PATHOLOGY LABORATORIES SOUTHEAST,FL,500.0,2017,Theft,Physical Device (Workstation/Laptop),No
,False,DALLAS COUNTY MENTAL HEALTH MENTAL RETARDATION CENTER DBA METROCARE SERVICES,TX,120259.0,2017,Hacking/IT Incident,Email,No
,False,HUMANA INC,KY,5764.0,2017,Unauthorized Access/Disclosure,Network Server,Yes
180130,True,BAPTIST HEALTH LOUISVILLE,KY,880.0,2017,Hacking/IT Incident,Email,No
,False,SUTTER VALLEY MEDICAL FOUNDATION D/B/A SUTTER MEDICAL FOUNDATION,CA,1303.0,2017,Theft,Physical Device (Workstation/Laptop),No
,False,UNIVERSITY OF ALABAMA AT BIRMINGHAM,AL,652.0,2017,Loss,Other (Cloud/Portable Media),No
,False,"PULMONARY SPECIALISTS OF LOUISVILLE, PSC",KY,32000.0,2017,Hacking/IT Incident,Electronic Medical Record (EMR),No
,False,ALERE TOXICOLOGY,MA,2146.0,2017,Unauthorized Access/Disclosure,Paper Records,No
,False,HACKENSACK SLEEP AND PULMONARY CENTER,NJ,16474.0,2017,Hacking/IT Incident,Network Server,No
,False,"CCRM MINNEAPOLIS, P.C.",MN,3280.0,2017,Hacking/IT Incident,Network Server,No
,False,WASHINGTON HEALTH SYSTEM GREENE,PA,4145.0,2017,Theft,Other (Cloud/Portable Media),No
,False,HENRY FORD HEALTH SYSTEM,MI,43563.0,2017,Hacking/IT Incident,Email,No
,False,SINAI HEALTH SYSTEM,IL,11347.0,2017,Hacking/IT Incident,Email,No
,False,GOLDEN RULE INSURANCE COMPANY,IN,9305.0,2017,Unauthorized Access/Disclosure,Network Server,Yes
,False,OKLAHOMA DEPARTMENT OF HUMAN SERVICES,OK,47000.0,2017,Hacking/IT Incident,Network Server,Yes
,False,ECLECTIC CHIROPRACTIC REHAB,MI,650.0,2017,Unauthorized Access/Disclosure,Email,No
,False,BRONSON HEALTHCARE GROUP,MI,8256.0,2017,Hacking/IT Incident,Email,No
,False,AUSTIN MANUAL THERAPY ASSOCIATES,TX,1750.0,2017,Hacking/IT Incident,Network Server,No
,False,"COLUMBUS SURGERY CENTER, LLC",NE,7221.0,2017,Hacking/IT Incident,Network Server,No
,False,"EYE PHYSICIANS, P.C.",NE,2620.0,2017,Hacking/IT Incident,Network Server,No
,False,UNC HEALTH CARE SYSTEM,NC,27113.0,2017,Theft,Physical Device (Workstation/Laptop),No
,False,MOUNT CARMEL HEALTH SYSTEM,OH,836.0,2017,Unauthorized Access/Disclosure,Email,No
,False,CENTRAL IOWA HOSPITAL CORPORATION D/B/A BLANK CHILDREN'S HOSPITAL,IA,557.0,2017,Unauthorized Access/Disclosure,Paper Records,No
,False,"FRANCISCAN PHYSICIAN NETWORK OF ILLINOIS AND SPECIALTY PHYSICIANS OF ILLINOIS, LLC (FORMERLY KNOWN AS WELLGROUP HEALTH PARTNERS, LLC)",IL,23000.0,2017,Loss,Paper Records,No
,False,"UNIVERSITY OF SOUTH FLORIDA, USF HEALTH CARE",FL,1279.0,2017,Unauthorized Access/Disclosure,Paper Records,No
,False,PHARMACY INNOVATIONS,NY,1205.0,2017,Hacking/IT Incident,Network Server,No
,False,MIDLAND COUNTY HOSPITAL DISTRICT D/B/A MIDLAND MEMORIAL HOSPITAL,TX,1160.0,2017,Hacking/IT Incident,Email,No
,False,"KAISER FOUNDATION HEALTH PLAN, INC.",CA,4389.0,2017,Hacking/IT Incident,Email,No
,False,MEMPHIS PATHOLOGY LABORATORY D/B/A AMERICAN ESOTERIC LABORATORY,TN,500.0,2017,Theft,Physical Device (Workstation/Laptop),No
,False,"COMPASSION CARE HOSPICE LAS VEGAS, LLC",NV,1128.0,2017,Hacking/IT Incident,Network Server,No
,False,EMORY HEALTHCARE,GA,24000.0,2017,Unauthorized Access/Disclosure,Email,No
,False,NYU SCHOOL OF MEDICINE - PEDIATRIC SURGERY ASSOCIATES,NY,2158.0,2017,Improper Disposal,Paper Records,No
310017,True,CHILTON MEDICAL CENTER,NJ,4600.0,2017,Theft,Other (Cloud/Portable Media),No
,False,MIDMICHIGAN MEDICAL CENTER-ALPENA,MI,1900.0,2017,Loss,Paper Records,No
,False,"SHELDON M. GOLDEN O.D., OPTOMETRIC CORPORATION",CA,7583.0,2017,Hacking/IT Incident,Network Server,No
,False,DIGNITY HEALTH MEDICAL FOUNDATION,CA,2189.0,2017,Unauthorized Access/Disclosure,Paper Records,Yes
,False,"ABSOLUTE DENTAL HYGIENE, LLC",OR,871.0,2017,Hacking/IT Incident,Network Server,No
,False,"BEE RENO DENTAL, LLC",NV,3898.0,2017,Hacking/IT Incident,Network Server,No
,False,MOLINA HEALTHCARE,FL,1380.0,2017,Unauthorized Access/Disclosure,Other (Cloud/Portable Media),No
,False,SAY SAN DIEGO,CA,1272.0,2017,Loss,Paper Records,No
,False,"KAISER FOUNDATION HEALTH PLAN, INC.",CA,638.0,2017,Unauthorized Access/Disclosure,Paper Records,No
,False,BLUE CROSS BLUE SHIELD OF MASSACHUSETTS,MA,1843.0,2017,Unauthorized Access/Disclosure,Email,No
,False,"LONGS PEAK FAMILY PRACTICE, P.C.",CO,16238.0,2017,Hacking/IT Incident,Network Server,No
,False,UNITEDHEALTHCARE COMMUNITY PLAN OF PENNSYLVANIA,PA,614.0,2017,Unauthorized Access/Disclosure,Paper Records,Yes
,False,COLORADO DEPARTMENT OF HUMAN SERVICES,CO,639.0,2017,Hacking/IT Incident,Physical Device (Workstation/Laptop),No
,False,SSM HEALTH,MO,29579.0,2017,Unauthorized Access/Disclosure,Electronic Medical Record (EMR),No
,False,"MIRACLE-EAR, INC. AND AMPLIFON (USA), INC.",MN,554.0,2017,Hacking/IT Incident,Email,Yes
,False,COPLIN HEALTH SYSTEMS,WV,43000.0,2017,Theft,Physical Device (Workstation/Laptop),No
,False,PENN MEDICINE,PA,1050.0,2018,Theft,Physical Device (Workstation/Laptop),No
,False,OKLAHOMA STATE UNIVERSITY,OK,279865.0,2018,Hacking/IT Incident,Network Server,No
,False,AGENCY FOR HEALTH CARE ADMINISTRATION,FL,30000.0,2018,Hacking/IT Incident,Email,No
,False,"DJO, LLC",CA,1203.0,2018,Loss,Paper Records,Yes
,False,"CHARLES RIVER MEDICAL ASSOCIATES, PC",MA,9387.0,2018,Loss,Other (Cloud/Portable Media),No
,False,PALOMAR HEALTH (PALOMAR MEDICAL CENTER (ESCONDIDO),CA,1309.0,2018,Unauthorized Access/Disclosure,Electronic Medical Record (EMR),No
,False,ALICIA ANN OSWALD,CA,800.0,2018,Unauthorized Access/Disclosure,Email,No
,False,WESTERN WASHINGTON MEDICAL GROUP INC.,WA,842.0,2018,Improper Disposal,Paper Records,No
,False,"PEDES ORANGE COUNTY, INC.",CA,917.0,2018,Unauthorized Access/Disclosure,Electronic Medical Record (EMR),No
,False,ONCO360 AND CAREMED SPECIALTY PHARMACY,KY,53173.0,2018,Hacking/IT Incident,Email,No
,False,HIGH PLAINS SURGICAL ASSOCIATES,WY,607.0,2018,Unauthorized Access/Disclosure,Paper Records,Yes
,False,GILLETTE MEDICAL IMAGING,WY,4476.0,2018,Unauthorized Access/Disclosure,Paper Records,Yes
,False,THE PEDIATRIC ENDOCRINOLOGY AND DIABETES SPECIALISTS,NV,1021.0,2018,Hacking/IT Incident,Physical Device (Workstation/Laptop),No
,False,"WESTMINSTER INGLESIDE KING FARM PRESBYTERIAN RETIREMENT COMMUNITIES, INC.",MD,5228.0,2018,Hacking/IT Incident,Network Server,No
,False,"ROBERT SMITH DMD, PC",TN,1500.0,2018,Hacking/IT Incident,Network Server,No
,False,"RGH ENTERPRISES, INC.",OH,4586.0,2018,Unauthorized Access/Disclosure,Paper Records,No
,False,CENTRAL STATES SOUTHEAST AND SOUTHWEST AREAS HEALTH AND WELFARE FUND,IL,634.0,2018,Unauthorized Access/Disclosure,Paper Records,No
,False,"ZACHARY E. ADKINS, DDS",NM,3677.0,2018,Theft,Other (Cloud/Portable Media),No
,False,"ROCKY MOUNTAIN WOMEN'S HEALTH CENTER, INC.",UT,1123.0,2018,Improper Disposal,Paper Records,No
,False,"STEVEN YANG, D.D.S., INC.",CA,3202.0,2018,Theft,Physical Device (Workstation/Laptop),No
,False,DECATUR COUNTY GENERAL HOSPITAL,TN,24000.0,2018,Hacking/IT Incident,Network Server,No
,False,"QUADMED, LLC (WHIRLPOOL)",WI,4549.0,2018,Unauthorized Access/Disclosure,Electronic Medical Record (EMR),No
,False,CHILDREN'S MERCY HOSPITAL,MO,65930.0,2018,Hacking/IT Incident,Email,No
250078,True,FORREST GENERAL HOSPITAL,MS,1670.0,2018,Hacking/IT Incident,Email,Yes
,False,"COASTAL CAPE FEAR EYE ASSOCIATES, P.A.",NC,925.0,2018,Hacking/IT Incident,Network Server,No
,False,RON'S PHARMACY SERVICES,CA,6781.0,2018,Hacking/IT Incident,Email,No
,False,"TRIPLE-S ADVANTAGE, INC.",Unknown,36305.0,2018,Unauthorized Access/Disclosure,Paper Records,No
,False,EASTERN MAINE MEDICAL CENTER,ME,660.0,2018,Theft,Other (Cloud/Portable Media),Yes
,False,CITY OF DETROIT,MI,544.0,2018,Loss,Other (Cloud/Portable Media),No
,False,CAREPLUS HEALTH PLAN [CASE #HU1800066],KY,11248.0,2018,Unauthorized Access/Disclosure,Paper Records,No
,False,"PARTNERS HEALTHCARE SYSTEM, INC.",MA,2450.0,2018,Hacking/IT Incident,Network Server,No
,False,"TUFTS ASSOCIATED HEALTH MAINTENANCE ORGANIZATION, INC.",MA,70320.0,2018,Unauthorized Access/Disclosure,Paper Records,Yes
,False,"JEMISON INTERNAL MEDICINE, PC",AL,6550.0,2018,Hacking/IT Incident,Network Server,No
,False,FLEXIBLE BENEFIT SERVICE CORPORATION,IL,5123.0,2018,Hacking/IT Incident,Email,Yes
,False,CONNECTICARE,CT,1834.0,2018,Unauthorized Access/Disclosure,Paper Records,Yes
490009,True,UNIVERSITY OF VIRGINIA MEDICAL CENTER,VA,1882.0,2018,Hacking/IT Incident,Physical Device (Workstation/Laptop),No
,False,MISSOURI DEPT. OF MENTAL HEALTH,MO,1000.0,2018,Unauthorized Access/Disclosure,Other (Cloud/Portable Media),No
,False,"WALMART, INC.",AR,735.0,2018,Unauthorized Access/Disclosure,Electronic Medical Record (EMR),No
,False,CENTER FOR SPORTS MEDICINE AND ORTHOPEDICS,TN,800.0,2018,Unauthorized Access/Disclosure,Paper Records,Yes
,False,CALIFORNIA COLLEGE OF ARTS,CA,623.0,2018,Theft,Physical Device (Workstation/Laptop),No
,False,RHODE ISLAND EXECUTIVE OFFICE OF HEALTH AND HUMAN SERVICES,RI,1100.0,2018,Unauthorized Access/Disclosure,Paper Records,No
,False,FASTHEALTH CORPORATION,AL,18192.0,2018,Hacking/IT Incident,Network Server,Yes
320030,True,ARTESIA GENERAL HOSPITAL,NM,864.0,2018,Hacking/IT Incident,Network Server,Yes
250019,True,MEMORIAL HOSPITAL AT GULFPORT,MS,1512.0,2018,Unauthorized Access/Disclosure,Email,No
,False,"UNION LAKE SUPERMARKET, LLC",NJ,9956.0,2018,Improper Disposal,Other (Cloud/Portable Media),No
,False,ST. PETER'S AMBULATORY SURGERY CENTER LLC - D/B/A ST. PETER'S SURGERY & ENDOSCOPY CENTER,NY,134512.0,2018,Hacking/IT Incident,Network Server,No
,False,"ESTHER V. RETTIG, M.D., P.A.",KS,12974.0,2018,Hacking/IT Incident,Network Server,No
,False,FLORIDA AGENCY FOR PERSONS WITH DISABILITIES,FL,63627.0,2018,Hacking/IT Incident,Email,No
,False,JOHN J. PERSHING VA MEDICAL CENTER,MO,1843.0,2018,Unauthorized Access/Disclosure,Paper Records,No
,False,"FRONT RANGE DERMATOLOGY ASSOCIATES, P.C.",CO,1070.0,2018,Unauthorized Access/Disclosure,Email,No
,False,INSITE DIGESTIVE HEALTH CARE,CA,1424.0,2018,Theft,Paper Records,No
,False,THE ARC OF ERIE COUNTY,NY,3751.0,2018,Unauthorized Access/Disclosure,Network Server,No
,False,BARNES-JEWISH HOSPITAL,MO,18436.0,2018,Unauthorized Access/Disclosure,Network Server,No
260191,True,BARNES-JEWISH ST. PETERS HOSPITAL,MO,15046.0,2018,Unauthorized Access/Disclosure,Network Server,No
,False,"ROXSAN PHARMACY, INC.",CA,1049.0,2018,Unauthorized Access/Disclosure,Email,No
,False,"ATI HOLDINGS, LLC",IL,45800.0,2018,Hacking/IT Incident,Email,No
,False,SPECIAL AGENTS MUTUAL BENEFIT ASSOCIATION,MD,13942.0,2018,Unauthorized Access/Disclosure,Paper Records,No
,False,"SERENE SEDATION, LLC",MD,5207.0,2018,Hacking/IT Incident,Network Server,No
,False,SAINT FRANCIS HOSPITAL,GA,1412.0,2018,Improper Disposal,Other (Cloud/Portable Media),No
450090,True,NORTH TEXAS MEDICAL CENTER,TX,3350.0,2018,Unauthorized Access/Disclosure,Physical Device (Workstation/Laptop),No
,False,UNITEDHEALTH GROUP,MN,1755.0,2018,Unauthorized Access/Disclosure,Paper Records,No
,False,"PRIMARY HEALTH CARE, INC.",IA,10313.0,2018,Hacking/IT Incident,Email,No
,False,"PRESTERA CENTER FOR MENTAL HEALTH SERVICES, INC.",WV,670.0,2018,Hacking/IT Incident,Email,No
,False,"CAREMERIDIAN, LLC",MA,1922.0,2018,Loss,Other (Cloud/Portable Media),Yes
,False,"CENTER FOR COMPREHENSIVE SERVICES, INC.",MA,1176.0,2018,Loss,Other (Cloud/Portable Media),Yes
,False,"MENTOR ABI, LLC",MA,994.0,2018,Loss,Other (Cloud/Portable Media),Yes
,False,"NATIONAL MENTOR HEALTHCARE, LLC.",MA,1015.0,2018,Loss,Other (Cloud/Portable Media),Yes
,False,CITY OF HOUSTON MEDICAL PLAN,TX,34637.0,2018,Theft,Physical Device (Workstation/Laptop),No
,False,VA PALO ALTO HEALTH CARE SYSTEM,CA,1600.0,2018,Unauthorized Access/Disclosure,Paper Records,No
,False,MISSISSIPPI STATE DEPARTMENT OF HEALTH,MS,30799.0,2018,Unauthorized Access/Disclosure,Email,No
,False,WALMART INC.,AR,741.0,2018,Unauthorized Access/Disclosure,Email,No
220011,True,CAMBRIDGE HEALTH ALLIANCE,MA,2280.0,2018,Hacking/IT Incident,Other (Cloud/Portable Media),No
,False,MIDDLETOWN MEDICAL P.C.,NY,63551.0,2018,Unauthorized Access/Disclosure,Electronic Medical Record (EMR),No
,False,NEW YORK CITY HEALTH AND HOSPITALS CORPORATION - HARLEM HOSPITAL,NY,595.0,2018,Theft,Physical Device (Workstation/Laptop),No
,False,CHILDREN’S NATIONAL MEDICAL CENTER,DC,722.0,2018,Theft,Physical Device (Workstation/Laptop),No
,False,"SONOMA COUNTY INDIAN HEALTH PROJECT, INC",CA,662.0,2018,Unauthorized Access/Disclosure,Email,No
,False,"MILLIGAN CHIROPRACTIC GROUP, INC. D/B/A DEL MAR CHIROPRACTIC SPORTS GROUP",CA,2640.0,2018,Theft,Physical Device (Workstation/Laptop),No
,False,GUARDIAN PHARMACY OF JACKSONVILLE,FL,11521.0,2018,Hacking/IT Incident,Email,No
,False,QUALITY-CARE PHARMACY,CA,2000.0,2018,Theft,Physical Device (Workstation/Laptop),No
100314,True,WEST KENDALL BAPTIST HOSPITAL,FL,1480.0,2018,Unauthorized Access/Disclosure,Other (Cloud/Portable Media),No
,False,FONDREN ORTHOPEDIC GROUP L.L.P.,TX,11552.0,2018,Unauthorized Access/Disclosure,Paper Records,Yes
,False,WISCONSIN DEPARTMENT OF HEALTH SERVICES,WI,779.0,2018,Theft,Physical Device (Workstation/Laptop),Yes
,False,"DIAGNOSTIC RADIOLOGY & IMAGING, LLC",NC,800.0,2018,Hacking/IT Incident,Email,No
,False,CA DEPARTMENT OF DEVELOPMENTAL SERVICES,CA,582174.0,2018,Theft,Paper Records,No
,False,CHESAPEAKE REGIONAL MEDICAL CENTER,VA,2100.0,2018,Theft,Other (Cloud/Portable Media),No
,False,WALGREEN CO.,IL,910.0,2018,Theft,Other (Cloud/Portable Media),No
,False,INTEGRATED REHAB CONSULTANTS,IL,4292.0,2018,Unauthorized Access/Disclosure,Network Server,Yes
,False,UNITEDHEALTH GROUP,MN,896.0,2018,Unauthorized Access/Disclosure,Paper Records,No
,False,HENRY FORD HEALTH SYSTEM,MI,1658.0,2018,Loss,Other (Cloud/Portable Media),No
,False,"VIATECH PUBLISHING SOLUTIONS, INC.",MN,2431.0,2018,Unauthorized Access/Disclosure,Paper Records,No
,False,ATCHISON HOSPITAL ASSOCIATION,KS,667.0,2018,Hacking/IT Incident,Network Server,Yes
,False,"POLK COUNTY HEALTH SERVICES, INC",IA,1071.0,2018,Unauthorized Access/Disclosure,Email,No
,False,TEXAS HEALTH PHYSICIANS GROUP,TX,3808.0,2018,Hacking/IT Incident,Email,No
,False,"MORSHEDEYE, PLLC",KY,1100.0,2018,Unauthorized Access/Disclosure,Email,No
,False,"ATI HOLDINGS, LLC",IL,2645.0,2018,Hacking/IT Incident,Email,Yes
,False,CALIFORNIA PHYSICIANS SERVICE D/B/A BLUE SHIELD OF CALIFORNIA,CA,1717.0,2018,Unauthorized Access/Disclosure,Email,No
,False,IOWA HEALTH SYSTEM D/B/A UNITYPOINT HEALTH,IA,16429.0,2018,Hacking/IT Incident,Email,Yes
,False,CORNERSTONE FOOT & ANKLE,NJ,533.0,2018,Unauthorized Access/Disclosure,Email,No
,False,"ATHENS HEART CENTER, P.C.",GA,12158.0,2018,Hacking/IT Incident,Electronic Medical Record (EMR),No
,False,"INOGEN, INC.",CA,29528.0,2018,Hacking/IT Incident,Email,No
,False,KANSAS DEPARTMENT FOR AGING AND DISABILITY SERVICES,KS,11000.0,2018,Unauthorized Access/Disclosure,Physical Device (Workstation/Laptop),No
,False,"MAXIMUS, INC. / BUSINESS INK, CO.",VA,3029.0,2018,Unauthorized Access/Disclosure,Paper Records,Yes
,False,CENTER FOR ORTHOPAEDIC SPECIALISTS - PROVIDENCE MEDICAL INSTITUTE (PMI),CA,81550.0,2018,Hacking/IT Incident,Network Server,No
,False,GRUBER DENTAL,NJ,4624.0,2018,Hacking/IT Incident,Email,No
,False,CAPITAL DISTRICT PHYSICIANS’ HEALTH PLAN,NY,839.0,2018,Unauthorized Access/Disclosure,Paper Records,Yes
140186,True,RIVERSIDE MEDICAL CENTER,IL,501.0,2018,Theft,Physical Device (Workstation/Laptop),No
,False,"CAPITAL DIGESTIVE CARE, INC.",MD,17639.0,2018,Unauthorized Access/Disclosure,Network Server,Yes
,False,SCENIC BLUFFS HEALTH CENTER INC,WI,2889.0,2018,Hacking/IT Incident,Email,No
,False,"CAROLINA DIGESTIVE HEALTH ASSOCIATES, PA",NC,10988.0,2018,Unauthorized Access/Disclosure,Electronic Medical Record (EMR),No
,False,ILLINOIS DEPARTMENT OF HEALTHCARE AND FAMILY SERVICES,IL,8000.0,2018,Unauthorized Access/Disclosure,Paper Records,No
,False,CAREFIRST BLUE CROSS BLUE SHIELD,MD,6200.0,2018,Hacking/IT Incident,Email,No
,False,"EYE CARE SURGERY CENTER, INC.",LA,2553.0,2018,Theft,Physical Device (Workstation/Laptop),No
,False,MEDWATCH LLC,FL,40621.0,2018,Unauthorized Access/Disclosure,Network Server,Yes
270004,True,BILLINGS CLINIC,MT,949.0,2018,Hacking/IT Incident,Email,No
,False,"KNOXVILLE HEART GROUP, INC.",TN,15995.0,2018,Hacking/IT Incident,Email,No
,False,WALGREEN CO.,IL,703.0,2018,Theft,Paper Records,No
,False,"TIGER VISION, LLC",LA,2553.0,2018,Theft,Physical Device (Workstation/Laptop),No
,False,MEDICAL CENTER OPHTHALMOLOGY ASSOCIATES,TX,3017.0,2018,Unauthorized Access/Disclosure,Email,No
,False,"COMPLETE FAMILY MEDICINE, LLC",NE,1331.0,2018,Theft,Physical Device (Workstation/Laptop),No
,False,"WORLDWIDE INSURANCE SERVICES, LLC",PA,1692.0,2018,Hacking/IT Incident,Email,Yes
,False,FLORIDA HOSPITAL,FL,12724.0,2018,Hacking/IT Incident,Network Server,No
,False,"BAYSTATE FAMILY DENTAL, INC.",MA,500.0,2018,Theft,Paper Records,No
,False,BAPTIST HEALTH,AR,3453.0,2018,Unauthorized Access/Disclosure,Network Server,No
,False,"THE OREGON CLINIC, P.C. (“THE OREGON CLINIC”)",OR,64487.0,2018,Hacking/IT Incident,Email,No
,False,"CEREBRAL PALSY RESEARCH FOUNDATION OF KANSAS, INC.",KS,8300.0,2018,Unauthorized Access/Disclosure,Network Server,No
,False,"USACS MANAGEMENT GROUP, LTD.",OH,15552.0,2018,Hacking/IT Incident,Email,Yes
283300,True,BOYS TOWN NATIONAL RESEARCH HOSPITAL,NE,2182.0,2018,Hacking/IT Incident,Email,Yes
,False,CAMBRIDGE DENTAL CONSULTING GROUP,NV,3758.0,2018,Unauthorized Access/Disclosure,Other (Cloud/Portable Media),Yes
,False,DIGNITY HEALTH ST. ROSE DOMINICAN HOSPITALS - SAN MARTIN,NV,1764.0,2018,Unauthorized Access/Disclosure,Paper Records,No
,False,DIGNITY HEALTH ST. ROSE DOMINICAN HOSPITALS-DELIMA,NV,2174.0,2018,Unauthorized Access/Disclosure,Paper Records,No
,False,DIGNITY HEALTH ST. ROSE DOMINICAN HOSPITALS - SIENA,NV,2098.0,2018,Unauthorized Access/Disclosure,Paper Records,No
,False,"CAPITOL ADMINISTRATORS, INC",CA,1733.0,2018,Hacking/IT Incident,Email,Yes
,False,NEW YORK CITY HUMAN RESOURCES ADMINISTRATION/DEPARTMENT OF SOCIAL SERVICES,NY,2078.0,2018,Unauthorized Access/Disclosure,Paper Records,No
,False,"ORTHOWEST, LTD.",OH,2300.0,2018,Unauthorized Access/Disclosure,Network Server,Yes
,False,HIGHMARK DELAWARE,DE,508.0,2018,Unauthorized Access/Disclosure,Paper Records,Yes
,False,"LIFEBRIDGE HEALTH, INC",MD,538127.0,2018,Hacking/IT Incident,Network Server,No
,False,HANCOCK COUNTY BOARD OF DEVELOPMENTAL DISABILITIES,OH,607.0,2018,Unauthorized Access/Disclosure,Paper Records,No
,False,ASSOCIATES IN PSYCHIATRY AND PSYCHOLOGY,MN,6546.0,2018,Hacking/IT Incident,Network Server,No
,False,UT PHYSICIANS,TX,2793.0,2018,Unauthorized Access/Disclosure,Email,No
,False,HOLLAND EYE SURGERY AND LASER CENTER,MI,42200.0,2018,Hacking/IT Incident,Physical Device (Workstation/Laptop),No
,False,"ECHO CANYON HEALTHCARE, INCORPORATED DBA HERITAGE COURT POST ACUTE OF SCOTTSDALE",AZ,1765.0,2018,Theft,Paper Records,No
,False,"ELMCROFT SENIOR LIVING, INC.",TX,10000.0,2018,Hacking/IT Incident,Network Server,No
,False,"MUIR MEDICAL GROUP, IPA, INC.",CA,5485.0,2018,Unauthorized Access/Disclosure,Network Server,Yes
,False,MSK GROUP,TN,566236.0,2018,Hacking/IT Incident,Network Server,No
,False,BIOIQ INC.,CA,4059.0,2018,Unauthorized Access/Disclosure,Email,Yes
360084,True,AULTMAN HOSPITAL,OH,42625.0,2018,Hacking/IT Incident,Email,No
,False,THE TRUSTEES OF PURDUE UNIVERSITY,IN,1711.0,2018,Hacking/IT Incident,Physical Device (Workstation/Laptop),No
,False,CARE PARTNERS HOSPICE AND PALLIATIVE CARE,OR,600.0,2018,Hacking/IT Incident,Email,No
,False,AFLAC,GA,10396.0,2018,Hacking/IT Incident,Email,Yes
,False,DINO-PEDS,CO,1357.0,2018,Unauthorized Access/Disclosure,Electronic Medical Record (EMR),No
,False,DIGNITY HEALTH,CA,55947.0,2018,Unauthorized Access/Disclosure,Email,Yes
,False,THE UNIVERSITY OF TEXAS MD ANDERSON CANCER CENTER,TX,1266.0,2018,Unauthorized Access/Disclosure,Email,No
,False,SIMPLYWELL,TX,597.0,2018,Unauthorized Access/Disclosure,Other (Cloud/Portable Media),Yes
,False,FLORIDA AGENCY FOR PERSONS WITH DISABILITIES,FL,1951.0,2018,Hacking/IT Incident,Email,No
,False,UNIVERSITY OF UTAH HEALTH,UT,607.0,2018,Theft,Physical Device (Workstation/Laptop),No
,False,TERROS INCORPORATED,AZ,1618.0,2018,Hacking/IT Incident,Email,No
,False,BENEFIT OUTSOURCING SOLUTIONS,MI,1144.0,2018,Unauthorized Access/Disclosure,Network Server,Yes
,False,"RISE WISCONSIN, INC.",WI,3731.0,2018,Hacking/IT Incident,Network Server,No
,False,MASSAC COUNTY SURGERY CENTER DBA ORTHOPAEDIC INSTITUTE SURGERY CENTER,IL,2000.0,2018,Hacking/IT Incident,Email,No
,False,NEW ENGLAND BAPTIST HEALTH,MA,7582.0,2018,Unauthorized Access/Disclosure,Email,No
,False,HEALTHLAND INC.,MN,614.0,2018,Unauthorized Access/Disclosure,Other (Cloud/Portable Media),Yes
,False,"DENISE M. BOWDEN, LAC",CA,538.0,2018,Theft,Physical Device (Workstation/Laptop),No
,False,"HEALTHEQUITY, INC.",UT,16000.0,2018,Hacking/IT Incident,Email,Yes
,False,"WELLCARE HEALTH PLANS, INC.",FL,1101.0,2018,Unauthorized Access/Disclosure,Other (Cloud/Portable Media),Yes
,False,BLACK RIVER MEDICAL CENTER,MO,13443.0,2018,Hacking/IT Incident,Email,No
,False,GWENN S ROBINSON MD,NM,2500.0,2018,Hacking/IT Incident,Physical Device (Workstation/Laptop),No
,False,"MED ASSOCIATES, INC.",NY,276057.0,2018,Hacking/IT Incident,Physical Device (Workstation/Laptop),Yes
,False,DEAN HEALTH PLAN,WI,1311.0,2018,Unauthorized Access/Disclosure,Paper Records,No
,False,CHRISTUS SPOHN HOSPITAL CORPUS CHRISTI-SHORELINE,TX,1805.0,2018,Theft,Paper Records,No
,False,NEW JERSEY DEPARTMENT OF HUMAN SERVICES,NJ,1263.0,2018,Unauthorized Access/Disclosure,Paper Records,No
,False,"DAVID S. NG, O.D.",CA,758.0,2018,Theft,Other (Cloud/Portable Media),No
,False,"PETER J PARKER, M.D., INC.",CA,628.0,2018,Unauthorized Access/Disclosure,Electronic Medical Record (EMR),Yes
,False,FAMILY HEALTHCARE OF LAKE NORMAN,NC,500.0,2018,Hacking/IT Incident,Network Server,No
,False,"INFUSYSTEM, INC.",MI,3882.0,2018,Hacking/IT Incident,Email,No
05027F,True,VA LONG BEACH HEALTHCARE SYSTEM,CA,1030.0,2018,Unauthorized Access/Disclosure,Paper Records,No
,False,SAN FRANCISCO DEPARTMENT OF PUBLIC HEALTH,CA,900.0,2018,Unauthorized Access/Disclosure,Network Server,Yes
,False,"PROGRESSIONS BEHAVIORAL HEALTH SERVICES, INC.",PA,1303.0,2018,Hacking/IT Incident,Email,No
,False,UNIVERSITY OF MICHIGAN/MICHIGAN MEDICINE,MI,871.0,2018,Theft,Physical Device (Workstation/Laptop),No
,False,CHILDREN'S MERCY HOSPITAL,MO,1463.0,2018,Hacking/IT Incident,Other (Cloud/Portable Media),No
,False,"ASSOCIATED DERMATOLOGY & SKIN CANCER CLINIC OF HELENA, PC",MT,1254.0,2018,Theft,Paper Records,No
,False,STATE OF ALASKA DEPARTMENT OF HEALTH AND SOCIAL SERVICES,AK,501.0,2018,Hacking/IT Incident,Email,No
043300,True,ARKANSAS CHILDREN'S HOSPITAL,AR,4521.0,2018,Unauthorized Access/Disclosure,Electronic Medical Record (EMR),No
,False,HUNT MEMORIAL HOSPITAL DISTRICT,TX,1887.0,2018,Unauthorized Access/Disclosure,Email,No
,False,PLANNED PARENTHOOD OF THE HEARTLAND,IA,515.0,2018,Unauthorized Access/Disclosure,Paper Records,No
,False,ADVANCED ORTHOPEDIC CENTER,FL,1647.0,2018,Hacking/IT Incident,Network Server,Yes
,False,"PHYSICIAN ASSOCIATES, LLC",FL,710.0,2018,Unauthorized Access/Disclosure,Other (Cloud/Portable Media),Yes
,False,HOME FOR LITTLE WANDERERS,MA,861.0,2018,Unauthorized Access/Disclosure,Paper Records,No
,False,HEALTH ALLIANCE PLAN,MI,2814.0,2018,Hacking/IT Incident,Email,No
,False,"THE TERTELING CO., INC., GROUP BENEFIT PLAN",ID,4824.0,2018,Hacking/IT Incident,Email,No
,False,VCU HEALTH SYSTEM,VA,4686.0,2018,Unauthorized Access/Disclosure,Electronic Medical Record (EMR),No
,False,OVERLAKE ARTHRITIS AND OSTEOPOROSIS CENTER,WA,627.0,2018,Hacking/IT Incident,Physical Device (Workstation/Laptop),No
,False,GOLDEN HEART ADMINISTRATIVE PROFESSIONALS,AK,44600.0,2018,Hacking/IT Incident,Network Server,Yes
,False,MEDEVOLVE,AR,205434.0,2018,Unauthorized Access/Disclosure,Network Server,Yes
,False,"BLUE SPRINGS FAMILY CARE, P.C.",MO,44979.0,2018,Hacking/IT Incident,Network Server,No
,False,"MIDWESTERN REGIONAL MEDICAL CENTER, INC.",IL,2675.0,2018,Unauthorized Access/Disclosure,Other (Cloud/Portable Media),No
,False,ROCKY MOUNTAIN HEALTH CARE SERVICES,CO,2442.0,2018,Theft,Physical Device (Workstation/Laptop),No
,False,CHARLES COLE MEMORIAL HOSPITAL,PA,790.0,2018,Hacking/IT Incident,Email,No
,False,"NEW ENGLAND DERMATOLOGY, P.C.",MA,16154.0,2018,Improper Disposal,Paper Records,No
270004,True,BILLINGS CLINIC,MT,9417.0,2018,Hacking/IT Incident,Email,No
,False,CENTRAL NEW YORK CARDIOLOGY,NY,824.0,2018,Loss,Paper Records,No
,False,ALIVE HOSPICE,TN,1868.0,2018,Hacking/IT Incident,Email,No
,False,SUNSPIRE HEALTH,NJ,6737.0,2018,Hacking/IT Incident,Email,No
,False,PA DEPT. OF HUMAN SERVICES,PA,2130.0,2018,Unauthorized Access/Disclosure,Other (Cloud/Portable Media),No
,False,"RUBEN U. CARVAJAL, MD",NY,3775.0,2018,Hacking/IT Incident,Physical Device (Workstation/Laptop),No
,False,FAIRBANKS NORTH STAR BOROUGH,AK,6346.0,2018,Hacking/IT Incident,Network Server,Yes
,False,FAMILY PHYSICIANS OF OLD TOWN FAIRFAX PC,VA,500.0,2018,Hacking/IT Incident,Network Server,No
,False,ORLANDO ORTHOPAEDIC CENTER,FL,19101.0,2018,Unauthorized Access/Disclosure,Network Server,Yes
,False,STATCARE GROUP LLC,MD,679.0,2018,Hacking/IT Incident,Email,Yes
,False,"MEDSPRING OF TEXAS, PA",TX,13034.0,2018,Hacking/IT Incident,Email,Yes
,False,NORTHSTAR ANESTHESIA,TX,19807.0,2018,Hacking/IT Incident,Email,No
283300,True,BOYS TOWN NATIONAL RESEARCH HOSPITAL,NE,105309.0,2018,Hacking/IT Incident,Email,No
,False,INSTITUTE ON AGING,CA,3907.0,2018,Hacking/IT Incident,Email,No
,False,CONFLUENCE HEALTH,WA,33821.0,2018,Hacking/IT Incident,Email,No
,False,"LONGWOOD ORTHOPEDIC ASSOCIATES, INC.",MA,10000.0,2018,Unauthorized Access/Disclosure,Email,No
,False,"AMBERCARE CORPORATION, INC.",NM,2284.0,2018,Theft,Physical Device (Workstation/Laptop),No
260011,True,SSM HEALTH ST. MARY'S HOSPITAL - JEFFERSON CITY,MO,301000.0,2018,Improper Disposal,Paper Records,No
,False,IOWA HEALTH SYSTEM D/B/A UNITYPOINT HEALTH,IA,1421107.0,2018,Hacking/IT Incident,Email,Yes
,False,SOUTHWESTERN EYE CENTER,AZ,667.0,2018,Unauthorized Access/Disclosure,Paper Records,No
,False,LANE COUNTY HEALTH & HUMAN SERVICES,OR,715.0,2018,Loss,Paper Records,No
,False,KAISER FOUNDATION HEALTH PLAN OF COLORADO,CO,900.0,2018,Unauthorized Access/Disclosure,Paper Records,No
,False,"DON WHITE, RN, DC, PC DBA CANYON RD CHIROPRACTIC AND MASSAGE",OR,2900.0,2018,Hacking/IT Incident,Network Server,No
,False,"CORESOURCE, INC.",IL,769.0,2018,Unauthorized Access/Disclosure,Other (Cloud/Portable Media),Yes
,False,"CENTRAL COLORADO DERMATOLOGY, PC",CO,4065.0,2018,Hacking/IT Incident,Network Server,No
,False,"CORELINK ADMINISTRATIVE SOLUTIONS, LLC",ND,1813.0,2018,Hacking/IT Incident,Email,Yes
,False,"INTERACT OF MICHIGAN, INC.",MI,1290.0,2018,Hacking/IT Incident,Email,No
,False,"ANNE ARUNDEL DERMATOLOGY, P.A.",MD,1310.0,2018,Theft,Paper Records,No
,False,GORDON SCHANZLIN NEW VISION INSTITUTE,CA,1130.0,2018,Theft,Paper Records,No
,False,WELLS PHARMACY NETWORK,FL,10000.0,2018,Unauthorized Access/Disclosure,Email,No
,False,"WARDELL ORTHOPAEDICS, P.C.",VA,552.0,2018,Unauthorized Access/Disclosure,Other (Cloud/Portable Media),No
,False,"AU MEDICAL CENTER, INC",GA,472413.0,2018,Hacking/IT Incident,Email,No
,False,UNIVERSITY MEDICAL CENTER PHYSICIANS,TX,18500.0,2018,Hacking/IT Incident,Email,No
,False,"ACADIANA COMPUTER SYSTEMS, INC.",LA,31151.0,2018,Hacking/IT Incident,Email,Yes
,False,"AUTHENTIC RECOVERY CENTER, LLC",CA,1790.0,2018,Hacking/IT Incident,Email,No
,False,"MONROE OPERATIONS, LLC D/B/A NEWPORT ACADEMY AND CENTER FOR FAMILIES",TN,1165.0,2018,Hacking/IT Incident,Email,No
,False,"CHAPMAN & CHAPMAN, INC.",OH,2032.0,2018,Hacking/IT Incident,Email,Yes
,False,LEGACY HEALTH,OR,38000.0,2018,Hacking/IT Incident,Email,No
,False,"HEALTH MANAGEMENT CONCEPTS, INC.",FL,502416.0,2018,Hacking/IT Incident,Network Server,Yes
,False,FAMILY MEDICAL GROUP NORTHEAST PC,OR,2077.0,2018,Unauthorized Access/Disclosure,Physical Device (Workstation/Laptop),No
,False,FIRST COAST PODIATRIC SURGERY AND WOUND,FL,500.0,2018,Unauthorized Access/Disclosure,Network Server,Yes
,False,CROSSROADS BEHAVIORAL HEALTH,IA,5000.0,2018,Improper Disposal,Paper Records,No
,False,FAMILY TREE RELIEF NURSERY,OR,2000.0,2018,Hacking/IT Incident,Network Server,No
,False,SOUTH ALAMO MEDICAL GROUP P.A,TX,2180.0,2018,Unauthorized Access/Disclosure,Network Server,No
,False,"GREIGH I. HIRATA M.D. INC, DBA. FETAL DIAGNOSTIC INSTITUTE OF THE PACIFIC",HI,40800.0,2018,Hacking/IT Incident,Network Server,No
,False,UNITED METHODIST HOMES,NY,843.0,2018,Unauthorized Access/Disclosure,Email,No
,False,HOPEBRIDGE,IN,1411.0,2018,Hacking/IT Incident,Email,No
,False,CARPENTERS BENEFIT FUNDS OF PHILADELPHIA,PA,20015.0,2018,Hacking/IT Incident,Email,No
,False,PORT CITY OPERATING COMPANY DOING BUSINESS AS ST. JOSEPH'S MEDICAL CENTER,CA,4984.0,2018,Loss,Other (Cloud/Portable Media),Yes
,False,"DAVID G. SIMON, DMD, PA, D/B/A SIMON ORTHODONTICS",FL,15129.0,2018,Hacking/IT Incident,Network Server,No
,False,RELIABLE RESPIRATORY,MA,21311.0,2018,Hacking/IT Incident,Email,No
,False,NEBRASKA DEPARTMENT OF HEALTH AND HUMAN SERVICES,NE,516.0,2018,Unauthorized Access/Disclosure,Paper Records,No
,False,J.A. STOKES LTD.,NV,3200.0,2018,Hacking/IT Incident,Network Server,No
,False,TMC HEALTHCARE,AZ,1776.0,2018,Unauthorized Access/Disclosure,Paper Records,No
,False,OHIO LIVING,OH,6510.0,2018,Hacking/IT Incident,Email,No
,False,"ROCKDALE BLACKHAWK, LLC D/B/A LITTLE RIVER HEALTHCARE",TX,1494.0,2018,Unauthorized Access/Disclosure,Electronic Medical Record (EMR),No
,False,"CATHOLIC CHARITIES NEIGHBORHOOD SERVICES, INC.",NY,565.0,2018,Hacking/IT Incident,Email,No
,False,BOSTON HEALTH CARE FOR THE HOMELESS PROGRAM,MA,861.0,2018,Unauthorized Access/Disclosure,Paper Records,No
,False,"SIMONIAN SPORTS MEDICINE CLINIC, A MEDICAL CORPORATION",CA,1541.0,2018,Unauthorized Access/Disclosure,Network Server,Yes
,False,"TOTAL DIAGNOSTIX II, LLC",TX,855.0,2018,Unauthorized Access/Disclosure,Network Server,No
,False,LEOMINSTER DERMATOLOGY LLP,MA,500.0,2018,Unauthorized Access/Disclosure,Paper Records,No
,False,BLUE CROSS & BLUE SHIELD OF RHODE ISLAND,RI,1567.0,2018,Unauthorized Access/Disclosure,Paper Records,Yes
,False,"WELLCARE HEALTH PLANS, INC.",FL,26942.0,2018,Unauthorized Access/Disclosure,Paper Records,No
,False,"GUARDANT HEALTH, INC.",CA,1112.0,2018,Hacking/IT Incident,Email,No
,False,"INDEPENDENCE BLUE CROSS, LLC",PA,16762.0,2018,Unauthorized Access/Disclosure,Other (Cloud/Portable Media),Yes
,False,SOUTHWEST OREGON IPA,OR,1449.0,2018,Unauthorized Access/Disclosure,Paper Records,No
,False,THE UNIVERSITY OF TEXAS HEALTH SCIENCE CENTER AT HOUSTON,TX,500.0,2018,Theft,Paper Records,No
,False,"PULSE SYSTEMS, INC.",KS,722.0,2018,Unauthorized Access/Disclosure,Paper Records,Yes
,False,"PERSONAL ASSISTANCE SERVICES OF COLORADO, LLC",CO,1839.0,2018,Hacking/IT Incident,Email,No
,False,RANSOM MEMORIAL HOSPITAL,KS,16366.0,2018,Hacking/IT Incident,Email,No
,False,J&J MEDICAL SERVICE NETWORK INC,TX,2500.0,2018,Hacking/IT Incident,Network Server,Yes
,False,GENTLE DENTISTRY GROUP PC,NJ,831.0,2018,Unauthorized Access/Disclosure,Email,No
,False,UNIVERSITY OF MICHIGAN/MICHIGAN MEDICINE,MI,3624.0,2018,Unauthorized Access/Disclosure,Paper Records,Yes
,False,"TOYOTA INDUSTRIES NORTH AMERICA, INC. AS PLAN SPONSOR TO THE TOYOTA INDUSTRIES NORTH AMERICA, INC. WELFARE BENEFIT PLAN",IN,19320.0,2018,Hacking/IT Incident,Email,No
,False,"REICHERT PROSTHETICS & ORTHOTICS, LLC",WI,3380.0,2018,Theft,Other (Cloud/Portable Media),Yes
,False,NEW MEXICO RETIREE HEALTH CARE AUTHORITY,NM,586.0,2018,Unauthorized Access/Disclosure,Paper Records,No
,False,"TILLAMOOK CHIROPRACTIC, PC",OR,4058.0,2018,Hacking/IT Incident,Network Server,No
,False,GOLD COAST HEALTH PLAN,CA,37005.0,2018,Hacking/IT Incident,Email,Yes
,False,"NORTHWEST SURGICAL SPECIALISTS, P.C.",WA,2050.0,2018,Hacking/IT Incident,Email,No
,False,"HEALTH FIRST, INC",FL,42000.0,2018,Hacking/IT Incident,Email,No
,False,NATIONAL AMBULATORY HERNIA INSTITUTE,CA,15974.0,2018,Hacking/IT Incident,Network Server,No
,False,UNIVERSITY OF MISSOURI HEALTH,MO,706.0,2018,Unauthorized Access/Disclosure,Paper Records,No
,False,DR. AMY WOODRUFF,TX,10862.0,2018,Hacking/IT Incident,Network Server,No
,False,DR. ROBERT CARPENTER,TX,3000.0,2018,Hacking/IT Incident,Network Server,No
,False,OKLAHOMA DEPARTMENT OF HUMAN SERVICES,OK,813.0,2018,Hacking/IT Incident,Paper Records,Yes
,False,MINNESOTA DEPARTMENT OF HUMAN SERVICES,MN,20800.0,2018,Hacking/IT Incident,Email,No
,False,CIGNA,CT,3500.0,2018,Hacking/IT Incident,Network Server,No
,False,HORMONE LOGICS,FL,3000.0,2018,Theft,Network Server,No
,False,THE MAY EYE CARE CENTER,PA,30000.0,2018,Hacking/IT Incident,Network Server,No
,False,INDIANA UNIVERSITY SCHOOL OF MEDICINE,IN,1431.0,2018,Theft,Paper Records,No
,False,WEST SOUND TREATMENT CENTER,WA,2300.0,2018,Theft,Physical Device (Workstation/Laptop),No
,False,BLUE CROSS AND BLUE SHIELD OF NORTH CAROLINA (BLUE CROSS NC),NC,631.0,2018,Unauthorized Access/Disclosure,Paper Records,No
340143,True,CATAWBA VALLEY MEDICAL CENTER,NC,20000.0,2018,Hacking/IT Incident,Email,No
,False,FIRSTCARE HEALTH PLANS,TX,8056.0,2018,Unauthorized Access/Disclosure,Email,No
,False,HEALTHFITNESS,IL,550.0,2018,Unauthorized Access/Disclosure,Other (Cloud/Portable Media),Yes
,False,EMPLOYEES RETIREMENT SYSTEM OF TEXAS,TX,1248263.0,2018,Unauthorized Access/Disclosure,Other (Cloud/Portable Media),No
,False,YALE UNIVERSITY,CT,1102.0,2018,Unauthorized Access/Disclosure,Paper Records,No
,False,SMITH DENTAL CARE,TX,5000.0,2018,Hacking/IT Incident,Email,No
,False,"JONES EYE CENTER, P.C.",IA,39605.0,2018,Hacking/IT Incident,Network Server,No
,False,"CJ ELMWOOD PARTNERS, L.P.",IA,22416.0,2018,Hacking/IT Incident,Network Server,No
,False,DAY KIMBALL HEALTHCARE,CT,698.0,2018,Unauthorized Access/Disclosure,Electronic Medical Record (EMR),No
,False,THE CHILDREN'S HOSPITAL OF PHILADELPHIA,PA,5368.0,2018,Hacking/IT Incident,Email,No
,False,MISSOURI DEPARTMENT OF MENTAL HEALTH,MO,9000.0,2018,Unauthorized Access/Disclosure,Other (Cloud/Portable Media),Yes
,False,CNO ACE,IN,566217.0,2018,Hacking/IT Incident,Network Server,No
,False,"RALEY'S/BEL AIR MART/NOB HILL GENERAL STORE, INC.",CA,10124.0,2018,Theft,Physical Device (Workstation/Laptop),No
,False,HEALTHFITNESS,IL,614.0,2018,Unauthorized Access/Disclosure,Other (Cloud/Portable Media),Yes
,False,DALLAS COUNTY MENTAL HEALTH MENTAL RETARDATION CENTER DBA METROCARE SERVICES,TX,1804.0,2018,Hacking/IT Incident,Email,No
,False,INOVA HEALTH SYSTEM,VA,12331.0,2018,Hacking/IT Incident,Paper Records,No
,False,"OPREX SURGERY (BAYTOWN), L.P. D/B/A ALTUS BAYTOWN HOSPITAL",TX,40000.0,2018,Hacking/IT Incident,Network Server,No
,False,SUMMIT MEDICAL GROUP,NJ,525.0,2018,Loss,Paper Records,No
,False,ADVENTHEALTH ROLLINS BROOK HOSPITAL,TX,5019.0,2018,Loss,Paper Records,No
,False,FHN FAMILY COUNSELING CENTER,IL,4458.0,2018,Theft,Physical Device (Workstation/Laptop),No
,False,VETERANS HEALTH ADMINISTRATION,DC,19254.0,2018,Unauthorized Access/Disclosure,Paper Records,Yes
,False,"SOUTHWEST WASHINGTON REGIONAL SURGERY CENTER, LLC",WA,2393.0,2018,Hacking/IT Incident,Email,No
,False,UTAH HEALING CENTER,UT,543.0,2018,Unauthorized Access/Disclosure,Paper Records,No
,False,"AMERICAN MEDICAL RESPONSE, INC.",TX,912.0,2018,Hacking/IT Incident,Email,Yes
,False,ARTHRITIS & OSTEOPOROSIS CONSULTANTS OF THE CAROLINAS,NC,3930.0,2018,Improper Disposal,Paper Records,No
,False,"JAMES R. ETZKORN, MD",MO,6845.0,2018,Hacking/IT Incident,Network Server,No
,False,SUNY UPSTATE MEDICAL UNIVERSITY,NY,1216.0,2018,Unauthorized Access/Disclosure,Electronic Medical Record (EMR),No
050113,True,SAN MATEO MEDICAL CENTER,CA,5000.0,2018,Unauthorized Access/Disclosure,Other (Cloud/Portable Media),No
,False,"GEORGIA SPINE & ORTHOPAEDICS OF ATLANTA, LLC",GA,7012.0,2018,Hacking/IT Incident,Email,No
,False,CENTER FOR VITREO-RETINAL DISEASES,IL,20371.0,2018,Hacking/IT Incident,Network Server,No
,False,"NEW YORK ONCOLOGY HEMATOLOGY, P.C.",NY,128400.0,2018,Hacking/IT Incident,Email,No
,False,"TEXAS VSI, LLC",TX,500.0,2018,Hacking/IT Incident,Network Server,Yes
,False,"HEALTHEQUITY, INC.",UT,165800.0,2018,Hacking/IT Incident,Email,Yes
,False,"JAMES R. ETZKORN, MD",MO,6845.0,2018,Unauthorized Access/Disclosure,Paper Records,No
,False,INOVA HEALTH SYSTEM,VA,1265.0,2018,Hacking/IT Incident,Electronic Medical Record (EMR),Yes
,False,EPISCOPAL HEALTH SERVICES,NY,218055.0,2018,Hacking/IT Incident,Email,No
,False,"EAST END DISABILITY ASSOCIATES, INC.",NY,896.0,2018,Hacking/IT Incident,Email,No
,False,TANDIGM HEALTH,PA,7376.0,2018,Hacking/IT Incident,Network Server,Yes
,False,CANCER TREATMENT CENTERS OF AMERICA (CTCA) AT WESTERN REGIONAL MEDICAL CENTER,AZ,41948.0,2018,Hacking/IT Incident,Email,No
450853,True,BAYLOR SCOTT & WHITE MEDICAL CENTER - FRISCO,TX,47984.0,2018,Hacking/IT Incident,Network Server,Yes
,False,MERCY MEDICAL CENTER- NORTH IOWA,IA,1971.0,2018,Unauthorized Access/Disclosure,Electronic Medical Record (EMR),No
,False,"ACCUDOC SOLUTIONS, INC.",NC,2652537.0,2018,Hacking/IT Incident,Network Server,Yes
,False,"ORTHOTEXAS PHYSICIANS AND SURGEONS, PLLC",TX,2172.0,2018,Unauthorized Access/Disclosure,Paper Records,Yes
,False,STEWARD MEDICAL GROUP,MA,16276.0,2018,Hacking/IT Incident,Network Server,Yes
,False,THIELEN STUDENT HEALTH CENTER,IA,599.0,2018,Unauthorized Access/Disclosure,Email,No
,False,GEORGIA DEPARTMENT OF HUMAN SERVICES,GA,435339.0,2018,Unauthorized Access/Disclosure,Network Server,Yes
,False,"CHI HEALTH CARE, INC.",MD,722.0,2018,Unauthorized Access/Disclosure,Paper Records,No
,False,"PRAIRIE FIELDS FAMILY MEDICINE, PC",NE,6450.0,2018,Unauthorized Access/Disclosure,Email,No
,False,CCRM DALLAS-FORT WORTH,TX,1117.0,2018,Hacking/IT Incident,Email,No
,False,"MIND AND MOTION, LLC",GA,16000.0,2018,Hacking/IT Incident,Network Server,No
,False,BUTLER COUNTY BOARD OF COUNTY COMMISSIONERS,OH,1912.0,2018,Unauthorized Access/Disclosure,Email,No
,False,"LEON A COHEN MM.,PA",FL,2122.0,2018,Improper Disposal,Paper Records,No
,False,ADAMS COUNTY,WI,258120.0,2018,Unauthorized Access/Disclosure,Network Server,No
,False,RAMSEY COUNTY,MN,117905.0,2018,Hacking/IT Incident,Email,No
,False,"ALPHA-OMEGA ENDOCRINOLOGY, DIABETES AND METABOLISM CENTER, PC",AZ,1000.0,2018,Unauthorized Access/Disclosure,Network Server,No
,False,SMILE DESIGNS BY SANDWICK,MN,900.0,2018,Hacking/IT Incident,Other (Cloud/Portable Media),No
,False,CONTRA COSTA HEALTH PLAN,CA,862.0,2018,Unauthorized Access/Disclosure,Email,No
220071,True,MASSACHUSETTS GENERAL HOSPITAL,MA,588.0,2018,Unauthorized Access/Disclosure,Paper Records,No
,False,"BEN-ORA, HANSEN & VANESIAN IMAGING, LTD D/B/A SOLIS MAMMOGRAPHY",AZ,500.0,2018,Theft,Physical Device (Workstation/Laptop),No
030071,True,FORT DEFIANCE INDIAN HOSPITAL,AZ,1000.0,2018,Hacking/IT Incident,Physical Device (Workstation/Laptop),No
,False,UNIVERSITY OF VERMONT HEALTH NETWORK - ELIZABETHTOWN COMMUNITY HOSPITAL,NY,32470.0,2018,Hacking/IT Incident,Email,No
110095,True,TIFT REGIONAL MEDICAL CENTER,GA,1045.0,2018,Hacking/IT Incident,Email,No
,False,BARNES-JEWISH HOSPITAL,MO,5850.0,2018,Hacking/IT Incident,Network Server,No
,False,"VIRTUAL RADIOLOGIC PROFESSIONALS, LLC",MN,846.0,2018,Hacking/IT Incident,Other (Cloud/Portable Media),Yes
,False,DERMATOLOGISTS OF SOUTHWEST OHIO,OH,733.0,2018,Improper Disposal,Paper Records,No
,False,THE PODIATRIC OFFICES OF BOBBY YEE,CA,24000.0,2018,Hacking/IT Incident,Physical Device (Workstation/Laptop),No
,False,WARBY PARKER INC. (F/K/A JAND INC. D/B/A WARBY PARKER),NY,197986.0,2018,Hacking/IT Incident,Network Server,No
,False,DEPAUL UNIVERSITY,IL,656.0,2018,Unauthorized Access/Disclosure,Email,No
,False,KENT COUNTY COMMUNITY MENTAL HEALTH AUTHORITY,MI,2284.0,2018,Hacking/IT Incident,Email,No
,False,"SEIU LOCAL 32BJ, DISTRICT 36 BUILDING OPERATORS WELFARE TRUST FUND",PA,911.0,2018,Unauthorized Access/Disclosure,Email,Yes
,False,WEA INSURANCE CORPORATION,WI,850.0,2018,Hacking/IT Incident,Email,No
,False,WOLVERINE SOLUTIONS GROUP,MI,1024731.0,2018,Hacking/IT Incident,Network Server,Yes
,False,DENTAL CENTER OF NORTHWEST OHIO,OH,85874.0,2018,Hacking/IT Incident,Network Server,Yes
,False,CHOICE REHABILITATION,MO,4309.0,2018,Hacking/IT Incident,Email,Yes
,False,HUMANA INC,KY,684.0,2018,Theft,Paper Records,No
,False,CENTERSTONE INSURANCE AND FINANCIAL SERVICES (D/B/A BENEFITMALL),TX,111589.0,2019,Hacking/IT Incident,Email,Yes
,False,MANAGED HEALTH SERVICES,IN,576.0,2019,Unauthorized Access/Disclosure,Paper Records,No
,False,NORTH ATLANTA MEDICAL CLINIC,GA,2800.0,2019,Hacking/IT Incident,Physical Device (Workstation/Laptop),No
,False,DERMACARE BRICKELL,FL,1800.0,2019,Improper Disposal,Paper Records,No
,False,"FAMILY PHYSICIANS OF WINTER PARK, INC.",KY,8429.0,2019,Hacking/IT Incident,Email,No
,False,HUMANA INC,KY,1211.0,2019,Unauthorized Access/Disclosure,Other (Cloud/Portable Media),Yes
,False,SACRED HEART REHABILITATION CENTER,MI,2266.0,2019,Hacking/IT Incident,Email,No
,False,"PREMIER SPECIALTIES, INCORPORATED",TX,1300.0,2019,Unauthorized Access/Disclosure,Paper Records,No
,False,HUMANA INC.,KY,598.0,2019,Hacking/IT Incident,Other (Cloud/Portable Media),No
39006F,True,LEBANON VA MEDICAL CENTER,PA,1002.0,2019,Unauthorized Access/Disclosure,Email,No
,False,ABB INC. ACTIVE EMPLOYEE GROUP BENEFIT PLAN,NC,6877.0,2019,Unauthorized Access/Disclosure,Paper Records,Yes
,False,"LAS COLINAS ORTHOPEDIC SURGERY & SPORTS MEDICINE, PA",TX,76000.0,2019,Theft,Other (Cloud/Portable Media),Yes
,False,"INTEGRITY, INC. D/B/A INTEGRITY HOUSE",NJ,7206.0,2019,Theft,Physical Device (Workstation/Laptop),No
,False,"FABEN OBSTETRICS AND GYNECOLOGY, LLC",FL,6092.0,2019,Hacking/IT Incident,Network Server,No
,False,TRI-CITIES CHAPLAINCY,WA,1086.0,2019,Hacking/IT Incident,Email,No
,False,VALLEY HOPE ASSOCIATION,KS,70799.0,2019,Hacking/IT Incident,Email,No
,False,"CRITICAL CARE, PULMONARY AND SLEEP ASSOCIATES, PLLP",CO,23377.0,2019,Hacking/IT Incident,Email,No
,False,STONEHAVEN DENTAL,TX,6289.0,2019,Theft,Network Server,No
,False,EYESOUTH PARTNERS,GA,24113.0,2019,Hacking/IT Incident,Email,Yes
,False,"UNUM GROUP, ON BEHALF OF ITS SUBSIDIARIES - UNUM LIFE INSURANCE AND COLONIAL LIFE & ACCIDENT INSURANCE",TN,532.0,2019,Hacking/IT Incident,Email,No
,False,YOUSSEF M AOUN DPM PLLC,MI,700.0,2019,Theft,Physical Device (Workstation/Laptop),No
,False,HEALTHFITNESS,IL,1808.0,2019,Unauthorized Access/Disclosure,Other (Cloud/Portable Media),Yes
,False,VALLEY PROFESSIONALS COMMUNITY HEALTH CENTER,IN,12029.0,2019,Hacking/IT Incident,Email,No
,False,"DR. DELUCA DR. MARCIANO & ASSOCIATES, P.C.",CT,23578.0,2019,Hacking/IT Incident,Network Server,No
,False,SUNFLOWER STATE HEALTH PLAN,KS,1625.0,2019,Unauthorized Access/Disclosure,Other (Cloud/Portable Media),No
,False,"VERITY HEALTH SYSTEM OF CALIFORNIA, INC.",CA,2988.0,2019,Hacking/IT Incident,Email,Yes
281302,True,PAWNEE COUNTY MEMORIAL HOSPITAL,NE,7175.0,2019,Hacking/IT Incident,Email,No
,False,"LANIER FAMILY & COSMETIC DENTISTRY, P.C.",GA,1950.0,2019,Unauthorized Access/Disclosure,Email,No
,False,"SCHRODER'S I.T., INC.",OH,85874.0,2019,Hacking/IT Incident,Network Server,Yes
,False,ROPER ST. FRANCIS HEALTHCARE,SC,35253.0,2019,Hacking/IT Incident,Email,No
,False,"CAMBRIDGE HEALTHCARE SERVICES, LLC",CA,10866.0,2019,Theft,Physical Device (Workstation/Laptop),Yes
,False,CVS PHARMACY,RI,5645.0,2019,Theft,Paper Records,Yes
,False,AETNA,CT,2030.0,2019,Hacking/IT Incident,Email,Yes
,False,CHI - LAKEWOOD HEALTH,MN,885.0,2019,Unauthorized Access/Disclosure,Email,No
,False,"REPRODUCTIVE MEDICINE AND INFERTILITY ASSOCIATES, P.A.",MN,40000.0,2019,Hacking/IT Incident,Network Server,No
,False,ANESTHESIA ASSOCIATES OF KANSAS CITY,KS,3472.0,2019,Theft,Paper Records,No
,False,RAINBOW DENTAL CARE PLLC,TX,7186.0,2019,Hacking/IT Incident,Physical Device (Workstation/Laptop),No
,False,"LAKELAND CARE, INC.",WI,1300.0,2019,Hacking/IT Incident,Email,No
241369,True,"UNITED HOSPITAL DISTRICT, INC.",MN,2143.0,2019,Hacking/IT Incident,Email,No
,False,ADVENTHEALTH MEDICAL GROUP,FL,42161.0,2019,Hacking/IT Incident,Network Server,No
,False,AZ PLASTIC SURGERY CENTER,AZ,5524.0,2019,Hacking/IT Incident,Network Server,No
,False,"USR HOLDINGS, LLC",FL,2903.0,2019,Hacking/IT Incident,Network Server,Yes
,False,ROCKY MOUNTAIN HEALTH CARE SERVICES,CO,971.0,2019,Hacking/IT Incident,Email,No
,False,"SHARECARE HEALTH DATA SERVICES, LLC",CA,7300.0,2019,Hacking/IT Incident,Network Server,Yes
,False,"GREEN RIDGE BEHAVIORAL HEALTH, LLC",MD,14000.0,2019,Hacking/IT Incident,Network Server,No
,False,"KENTUCKY COUNSELING CENTER, LLC",KY,16440.0,2019,Unauthorized Access/Disclosure,Electronic Medical Record (EMR),No
140119,True,RUSH UNIVERSITY MEDICAL CENTER,IL,908.0,2019,Unauthorized Access/Disclosure,Paper Records,No
,False,"CRAWFORD WELLNESS CENTER, INC",TX,1500.0,2019,Theft,Paper Records,No
,False,PORTSMOUTH COMMUNITY HEALTH CENTER,VA,12000.0,2019,Hacking/IT Incident,Network Server,No
,False,ALTAMED HEALTH SERVICES CORPORATION,CA,6000.0,2019,Hacking/IT Incident,Network Server,Yes
,False,BLUE CROSS BLUE SHIELD OF MASSACHUSETTS,MA,1262.0,2019,Hacking/IT Incident,Email,Yes
250019,True,MEMORIAL HOSPITAL AT GULFPORT,MS,30642.0,2019,Hacking/IT Incident,Email,No
,False,KIDS CENTRAL INC.,FL,3250.0,2019,Unauthorized Access/Disclosure,Email,Yes
,False,CALIFORNIA PHYSICIANS' SERVICE D/B/A BLUE SHIELD OF CALIFORNIA,CA,18416.0,2019,Hacking/IT Incident,Network Server,Yes
,False,"ONEDIGITAL/DIGITAL INSURANCE, LLC",GA,2763.0,2019,Theft,Physical Device (Workstation/Laptop),Yes
,False,COLUMBIA SURGICAL SPECIALIST OF SPOKANE,WA,400000.0,2019,Hacking/IT Incident,Network Server,No
,False,"RUTLAND HOSPITAL, INC. D/B/A/ RUTLAND REGIONAL MEDICAL CENTER",VT,72224.0,2019,Hacking/IT Incident,Email,No
,False,HENRY FORD HEALTH SYSTEM,MI,5590.0,2019,Unauthorized Access/Disclosure,Paper Records,No
,False,UW MEDICINE,WA,973024.0,2019,Hacking/IT Incident,Network Server,No
,False,ROCKY BOY HEALTH CENTER,MT,6000.0,2019,Theft,Other (Cloud/Portable Media),No
,False,UCONN HEALTH,CT,326629.0,2019,Hacking/IT Incident,Email,No
,False,"DELAWARE GUIDANCE SERVICES FOR CHILDREN AND YOUTH, INC.",DE,50000.0,2019,Hacking/IT Incident,Email,No
,False,MOLINA HEALTHCARE,CA,895.0,2019,Hacking/IT Incident,Network Server,Yes
,False,WEST VIRGINIA PUBLIC EMPLOYEES INSURANCE AGENCY,WV,1400.0,2019,Hacking/IT Incident,Network Server,Yes
,False,HUMANA INC,KY,5569.0,2019,Hacking/IT Incident,Network Server,Yes
140119,True,RUSH UNIVERSITY MEDICAL CENTER,IL,44924.0,2019,Unauthorized Access/Disclosure,Network Server,Yes
,False,PASQUOTANK-CAMDEN EMERGENCY MEDICAL SERVICE,NC,20420.0,2019,Hacking/IT Incident,Network Server,No
,False,"ARTHRITIS AND RHEUMATISM ASSOCIATES, P.C.",MD,500.0,2019,Hacking/IT Incident,Electronic Medical Record (EMR),No
,False,"RSC INSURANCE BROKERAGE, INC.",MA,2088.0,2019,Theft,Physical Device (Workstation/Laptop),Yes
,False,ST. FRANCIS PHYSICIAN SERVICES,SC,32178.0,2019,Hacking/IT Incident,Network Server,No
,False,"COVENANT CARE CALIFORNIA, LLC, ON BEHALF OF RELEVANT AFFILIATED NURSING FACILITIES",CA,7678.0,2019,Hacking/IT Incident,Email,No
,False,MAFFI CLINICS,AZ,10465.0,2019,Hacking/IT Incident,Network Server,No
,False,DIRECT SCRIPTS,OH,9319.0,2019,Hacking/IT Incident,Network Server,No
370215,True,"OKLAHOMA HEART HOSPITAL, LLC",OK,1221.0,2019,Theft,Physical Device (Workstation/Laptop),No
,False,VERITY MEDICAL FOUNDATION,CA,14894.0,2019,Hacking/IT Incident,Email,No
220084,True,EMERSON HOSPITAL,MA,6314.0,2019,Unauthorized Access/Disclosure,Other (Cloud/Portable Media),Yes
,False,EQUITAS HEALTH,OH,569.0,2019,Hacking/IT Incident,Email,No
,False,"LITTLE ROCK CANCER CLINIC, P.A.",AR,3804.0,2019,Hacking/IT Incident,Network Server,No
,False,ARIZONA HEALTH CARE COST CONTAINMENT SYSTEM,AZ,3146.0,2019,Unauthorized Access/Disclosure,Paper Records,No
,False,ALL FLORIDA ORTHOPAEDICS,FL,1700.0,2019,Unauthorized Access/Disclosure,Electronic Medical Record (EMR),No
,False,"LCP TRANSPORTATION, INC",IN,54528.0,2019,Hacking/IT Incident,Email,Yes
,False,SOUTHERN HILLS EYE CARE,IA,14609.0,2019,Hacking/IT Incident,Network Server,No
,False,L.A. CARE HEALTH PLAN,CA,1506.0,2019,Unauthorized Access/Disclosure,Paper Records,No
,False,FREDERICK MEMORIAL HOSPITAL,MD,760.0,2019,Hacking/IT Incident,Email,No
,False,ZOLL SERVICES LLC,PA,277319.0,2019,Hacking/IT Incident,Network Server,Yes
,False,PROVIDENCE HEALTH PLAN,OR,651.0,2019,Theft,Physical Device (Workstation/Laptop),Yes
,False,MAYO CLINIC,MN,1902.0,2019,Unauthorized Access/Disclosure,Other (Cloud/Portable Media),No
,False,OREGON DEPARTMENT OF HUMAN SERVICES,OR,625000.0,2019,Hacking/IT Incident,Email,Yes
,False,HUMAN DEVELOPMENT CENTER,MN,1200.0,2019,Hacking/IT Incident,Email,No
,False,"NAVICENT HEALTH, INC.",GA,404993.0,2019,Hacking/IT Incident,Email,No
,False,SUPERIOR DENTAL CARE,OH,38260.0,2019,Hacking/IT Incident,Email,No
,False,SUPERIOR DENTAL CARE ALLIANCE,OH,38260.0,2019,Hacking/IT Incident,Email,Yes
,False,"GULFPORT ANESTHESIA SERVICES, PA",MS,20000.0,2019,Theft,Other (Cloud/Portable Media),No
,False,DESERT VALLEY DENTAL OF GLENDALE,AZ,7500.0,2019,Unauthorized Access/Disclosure,Network Server,No
,False,"NORTHEAST PHILADELPHIA VASCULAR SURGEONS, P.C.",PA,8193.0,2019,Hacking/IT Incident,Network Server,No
,False,DEPAUL,NY,902.0,2019,Hacking/IT Incident,Email,No
,False,PALMETTO HEALTH,SC,23811.0,2019,Hacking/IT Incident,Email,No
,False,BURRELL BEHAVIORAL HEALTH,MO,67493.0,2019,Hacking/IT Incident,Network Server,Yes
,False,"AMERIGROUP IOWA, INC.",IA,1191.0,2019,Unauthorized Access/Disclosure,Paper Records,Yes
,False,MAIN LINE ENDOSCOPY CENTERS,PA,14305.0,2019,Hacking/IT Incident,Email,No
,False,"DAVID E. BENESON, DPM",MI,12542.0,2019,Hacking/IT Incident,Network Server,No
,False,"WOMEN’S HEALTH USA, INC.",CT,17531.0,2019,Hacking/IT Incident,Email,Yes
,False,REGIONAL HEALTH MEDICAL CLINIC - FLORMANN STREET,SD,696.0,2019,Unauthorized Access/Disclosure,Paper Records,No
,False,"MYRIAD GENETIC LABORATORIES, INC.",UT,1719.0,2019,Unauthorized Access/Disclosure,Email,No
,False,"INTERNATIONAL REHABILITATIVE SCIENCES INC., DBA RS MEDICAL",WA,1911.0,2019,Hacking/IT Incident,Email,No
,False,OREGON ENDODONTIC GROUP,OR,2952.0,2019,Hacking/IT Incident,Email,No
,False,OB PHARMACY,CA,3241.0,2019,Hacking/IT Incident,Physical Device (Workstation/Laptop),No
,False,DALLAS COUNTY MENTAL HEALTH MENTAL RETARDATION CENTER DBA METROCARE SERVICES,TX,5290.0,2019,Hacking/IT Incident,Email,No
,False,UNIVERSITY HOSPITALS RAINBOW BABIES & CHILDREN'S HOSPITAL,OH,838.0,2019,Unauthorized Access/Disclosure,Email,No
,False,BAYSTATE HEALTH,MA,11658.0,2019,Hacking/IT Incident,Email,No
,False,"HEALTH RECOVERY SERVICES, INC.",OH,20485.0,2019,Hacking/IT Incident,Network Server,No
,False,"KLAUSSNER FURNITURE INDUSTRIES, INC. EMPLOYEE BENEFITS PLAN (THROUGH ITS SPONSOR, KLAUSSNER FURNITURE INDUSTRIES, INC.)",NC,9352.0,2019,Hacking/IT Incident,Network Server,No
,False,"GULF COAST PAIN CONSULTANTS, LLC D/B/A CLEARWAY PAIN SOLUTIONS INSTITUTE",FL,35000.0,2019,Unauthorized Access/Disclosure,Electronic Medical Record (EMR),No
,False,WESLACO REGIONAL REHABILITATION HOSPITAL,TX,1434.0,2019,Hacking/IT Incident,Email,No
,False,REHABILITATION HOSPITAL OF NORTHWEST OHIO,OH,1143.0,2019,Hacking/IT Incident,Email,No
,False,MINNESOTA DEPARTMENT OF HUMAN SERVICES,MN,10263.0,2019,Hacking/IT Incident,Email,No
51005F,True,MARTINSBURG VA MEDICAL CENTER,WV,4882.0,2019,Unauthorized Access/Disclosure,Paper Records,No
,False,"RIVERPLACE COUNSELING CENTER, INC.",MN,11639.0,2019,Hacking/IT Incident,Network Server,No
,False,DAKOTA COUNTY,MN,1026.0,2019,Hacking/IT Incident,Email,No
,False,"QUESTCARE MEDICAL SERVICES, PLLC",TX,5573.0,2019,Hacking/IT Incident,Email,No
,False,HARBOR,OH,29972.0,2019,Hacking/IT Incident,Email,No
,False,"MID-CITIES HOME MEDICAL DELIVERY SERVICE, LLC",TX,4000.0,2019,Loss,Paper Records,No
,False,"METRO SANTURCE, INC. D/B/A HOSPITAL PAVIA SANTURCE AND METRO HATO REY, INC. D/B/A HOSPITAL PAVIA HATO REY",Unknown,305737.0,2019,Hacking/IT Incident,Network Server,No
,False,"NATIONAL SEATING & MOBILITY, INC.",TN,3800.0,2019,Hacking/IT Incident,Email,No
,False,"CENTRELAKE MEDICAL GROUP, INC.",CA,197661.0,2019,Hacking/IT Incident,Network Server,No
,False,GARDNER FAMILY HEALTH NETWORK,CA,5064.0,2019,Unauthorized Access/Disclosure,Paper Records,No
,False,MINNESOTA EYE CONSULTANTS,MN,4556.0,2019,Improper Disposal,Paper Records,No
,False,DELTA DENTAL OF ILLINOIS,IL,5092.0,2019,Hacking/IT Incident,Email,No
,False,"TOWER IMAGING, LLC",FL,810.0,2019,Theft,Physical Device (Workstation/Laptop),No
,False,DELTA DENTAL OF ILLINOIS,IL,4216.0,2019,Hacking/IT Incident,Email,Yes
,False,CENTER FOR SIGHT & HEARING,IL,5319.0,2019,Hacking/IT Incident,Email,No
,False,ALANA HEALTHCARE,TN,2691.0,2019,Hacking/IT Incident,Email,No
,False,MADISON PARISH HOSPITAL SERVICE DISTRICT,LA,1436.0,2019,Unauthorized Access/Disclosure,Email,No
,False,ELENA MARIA BURUIANA PHYSICIAN P.C.,NY,1308.0,2019,Hacking/IT Incident,Network Server,No
,False,GARY W PEER MD,CA,3400.0,2019,Hacking/IT Incident,Network Server,No
,False,"PEDIATRIC ORTHOPEDIC SPECIALTIES, PA, DBA ACTIVYOUTH ORTHOPAEDICS",NJ,24176.0,2019,Hacking/IT Incident,Network Server,No
,False,ALTAMED HEALTH SERVICES CORPORATION,CA,5500.0,2019,Hacking/IT Incident,Network Server,Yes
,False,"BODYBUILDING.COM LLC, OPERATED BY VITALIZE, LLC (“VITALIZE, LLC”)",ID,3193.0,2019,Hacking/IT Incident,Network Server,No
,False,"PEOPLE, INC.",NY,970.0,2019,Hacking/IT Incident,Email,No
,False,"BLUE CROSS OF IDAHO HEALTH SERVICE, INC.",ID,6045.0,2019,Unauthorized Access/Disclosure,Other (Cloud/Portable Media),No
,False,"KIM P. KORNEGAY, DMD",AL,27000.0,2019,Theft,Physical Device (Workstation/Laptop),No
,False,"PARTNERS FOR QUALITY, INC.",PA,3673.0,2019,Hacking/IT Incident,Email,No
,False,"EMCARE, INC.",FL,31236.0,2019,Hacking/IT Incident,Email,No
,False,AREA AGENCY ON AGING AND DISABILITIES OF SOUTHWEST WASHINGTON,WA,7000.0,2019,Unauthorized Access/Disclosure,Email,No
,False,"LISA ROSE DURSO, M.D. PLLC",NY,537.0,2019,Hacking/IT Incident,Network Server,No
,False,"DOCTORS MANAGEMENT SERVICES, INC.",MA,206695.0,2019,Hacking/IT Incident,Network Server,Yes
,False,LOGANSPORT MEMORIAL HOSPITAL,IN,7877.0,2019,Hacking/IT Incident,Email,No
,False,HEALTH CARE SERVICE CORPORATION,IL,1182.0,2019,Unauthorized Access/Disclosure,Other (Cloud/Portable Media),No
,False,"MEDICAL ONCOLOGY HEMATOLOGY CONSULTANTS, PA",DE,8591.0,2019,Hacking/IT Incident,Email,No
,False,PARTNERS IN CARE,OR,3048.0,2019,Hacking/IT Incident,Email,No
,False,THE CITY OF FORT LAUDERDALE,FL,757.0,2019,Unauthorized Access/Disclosure,Other (Cloud/Portable Media),No
,False,AA OBGYN PLLC,TX,930.0,2019,Unauthorized Access/Disclosure,Other (Cloud/Portable Media),No
,False,THE SOUTHEASTERN COUNCIL ON ALCOHOLISM AND DRUG DEPENDENCE,CT,25148.0,2019,Hacking/IT Incident,Network Server,No
,False,"INSPIRA BEHAVIORAL CARE, CORP",Unknown,4246.0,2019,Theft,Physical Device (Workstation/Laptop),No
,False,"OS, INC.",WI,7880.0,2019,Hacking/IT Incident,Email,Yes
,False,KELSEY RESEARCH FOUNDATION,TX,1228.0,2019,Unauthorized Access/Disclosure,Email,Yes
,False,"VERITY HEALTH SYSTEM OF CALIFORNIA, INC.",CA,662.0,2019,Hacking/IT Incident,Email,Yes
,False,"HOSPICE CARE PLUS, INC.",KY,2033.0,2019,Unauthorized Access/Disclosure,Physical Device (Workstation/Laptop),No
,False,"COMMUNITY HEALTH NETWORK, INC.",IN,3600.0,2019,Hacking/IT Incident,Email,No
,False,"AMERICAN INDIAN HEALTH & SERVICES, INC.",CA,3784.0,2019,Unauthorized Access/Disclosure,Email,No
,False,"AMERICAN MEDICAL RESPONSE, INC.",TX,4300.0,2019,Hacking/IT Incident,Email,Yes
,False,AMERICAN BAPTIST HOMES OF THE MIDWEST,MN,10993.0,2019,Hacking/IT Incident,Network Server,No
,False,SPECTRUM HEALTH LAKELAND,MI,1100.0,2019,Hacking/IT Incident,Email,Yes
,False,INMEDIATA HEALTH GROUP,Unknown,1565338.0,2019,Unauthorized Access/Disclosure,Network Server,No
,False,"INDEPENDENT HEALTH ASSOCIATION, INC.",NY,7605.0,2019,Unauthorized Access/Disclosure,Email,No
,False,UNITEDHEALTH GROUP HEALTH PLAN SINGLE AFFILIATED COVERED ENTITY,MN,20536.0,2019,Unauthorized Access/Disclosure,Network Server,No
,False,BLOODWORKS NORTHWEST,WA,1893.0,2019,Loss,Paper Records,No
,False,"FORT HEALTHCARE, INC.",WI,19000.0,2019,Hacking/IT Incident,Email,Yes
,False,UNITED SEATING AND MOBILITY LLC DBA NUMOTION,CT,3578.0,2019,Theft,Physical Device (Workstation/Laptop),No
,False,CANCER TREATMENT CENTERS OF AMERICA® (CTCA) AT SOUTHEASTERN REGIONAL MEDICAL CENTER,GA,16819.0,2019,Hacking/IT Incident,Email,No
,False,UNIVERSITY MEDICAL CENTER PHYSICIANS,TX,3300.0,2019,Unauthorized Access/Disclosure,Network Server,No
141302,True,MIDWEST MEDICAL CENTER,IL,8010.0,2019,Hacking/IT Incident,Email,Yes
,False,"HEALTH NET, LLC.",CA,2404.0,2019,Unauthorized Access/Disclosure,Paper Records,No
,False,ENCOMPASS FAMILY AND INTERNAL MEDICINE GROUP,CA,507.0,2019,Unauthorized Access/Disclosure,Physical Device (Workstation/Laptop),No
,False,MEMORIAL HERMANN HEALTH SYSTEM,TX,604.0,2019,Unauthorized Access/Disclosure,Email,No
,False,PROFESSIONAL DENTAL ALLIANCE OF FLORIDA PLLC D/B/A ALL SMILES DENTISTRY,FL,1505.0,2019,Unauthorized Access/Disclosure,Physical Device (Workstation/Laptop),No
,False,"YOUTH OPPORTUNITY CENTER, INC.",IN,1150.0,2019,Unauthorized Access/Disclosure,Paper Records,No
,False,AGING DISABILITY AND TRANSIT SERVICES OF ROCKINGHAM COUNTY,NC,14000.0,2019,Hacking/IT Incident,Network Server,No
,False,"COMMUNITIES CONNECTED FOR KIDS, INC.",FL,192041.0,2019,Hacking/IT Incident,Network Server,Yes
,False,AEROFLOW INC.,NC,4450.0,2019,Hacking/IT Incident,Network Server,No
,False,CIGNA,CT,3720.0,2019,Hacking/IT Incident,Other (Cloud/Portable Media),Yes
,False,ACADIA MONTANA TREATMENT CENTER,MT,14794.0,2019,Hacking/IT Incident,Email,No
,False,"SPECIAL HEALTH RESOURCES FOR TEXAS, INC.",TX,567.0,2019,Unauthorized Access/Disclosure,Electronic Medical Record (EMR),No
,False,PENN MEDICINE,PA,917.0,2019,Unauthorized Access/Disclosure,Electronic Medical Record (EMR),No
,False,"HEMATOLOGY ONCOLOGY ASSOCIATES, PC",OR,16073.0,2019,Hacking/IT Incident,Email,No
,False,NORTHWESTERN HEALTH SCIENCES UNIVERSITY,MN,1198.0,2019,Hacking/IT Incident,Email,No
,False,CENTURA HEALTH,CO,7515.0,2019,Hacking/IT Incident,Email,No
,False,"HUGGINS INSURANCE SERVICES, INC.",OR,667.0,2019,Hacking/IT Incident,Email,Yes
,False,MARANATHA VILLAGE INC.,MO,520.0,2019,Hacking/IT Incident,Email,No
,False,HEALTHFIRST,NY,1811.0,2019,Unauthorized Access/Disclosure,Paper Records,No
,False,TRIHEALTH PHYSICIAN PRACTICES,OH,2433.0,2019,Unauthorized Access/Disclosure,Email,No
,False,FARMACIA LA AMISTAD INC.,Unknown,2500.0,2019,Hacking/IT Incident,Network Server,No
,False,"TALLEY MEDICAL SURGICAL EYECARE ASSOCIATES, PC",IN,106000.0,2019,Hacking/IT Incident,Network Server,No
230059,True,MERCY HEALTH SAINT MARY'S,MI,976.0,2019,Hacking/IT Incident,Network Server,No
111318,True,MONROE COUNTY HOSPITAL,GA,10970.0,2019,Hacking/IT Incident,Email,No
,False,SUNSHINE FAMILY DENTISTRY,TX,800.0,2019,Theft,Network Server,No
,False,"TAKAI, HOOVER, AND HSU, P.A.",MD,16542.0,2019,Unauthorized Access/Disclosure,Physical Device (Workstation/Laptop),No
,False,"HEALTH QUEST SYSTEMS, INC.",NY,372043.0,2019,Hacking/IT Incident,Email,No
,False,CITY OF GEORGETOWN FIRE DEPARTMENT,TX,719.0,2019,Loss,Other (Cloud/Portable Media),No
,False,"BROOME COUNTY, NEW YORK",NY,7048.0,2019,Hacking/IT Incident,Email,No
,False,THE UNION LABOR LIFE INSURANCE COMPANY,MD,87400.0,2019,Hacking/IT Incident,Email,No
,False,CAPITAL CITY PAINCARE,OH,1012.0,2019,Hacking/IT Incident,Network Server,No
,False,"CERPASSRX, LLC",TX,2513.0,2019,Hacking/IT Incident,Email,No
,False,HUMANA INC,KY,863.0,2019,Unauthorized Access/Disclosure,Network Server,No
,False,ROSENBAUM DENTAL GROUP,FL,1200.0,2019,Hacking/IT Incident,Physical Device (Workstation/Laptop),No
,False,SHINGLE SPRINGS HEALTH AND WELLNESS CENTER,CA,21513.0,2019,Hacking/IT Incident,Network Server,No
,False,SOUTHERN MARYLAND MEDICAL GROUP LLC,MD,1400.0,2019,Unauthorized Access/Disclosure,Physical Device (Workstation/Laptop),Yes
,False,CAPITOL CARDIOLOGY ASSOCIATES,MD,1980.0,2019,Unauthorized Access/Disclosure,Physical Device (Workstation/Laptop),Yes
,False,WORCESTER EYE CONSULTANTS,MA,2634.0,2019,Loss,Other (Cloud/Portable Media),Yes
,False,ELIM CARE,MN,2500.0,2019,Hacking/IT Incident,Network Server,Yes
,False,KINGMAN HEALTHCARE INCORPORATED,AZ,1100.0,2019,Unauthorized Access/Disclosure,Other (Cloud/Portable Media),No
,False,"TENX SYSTEMS, LLC D/B/A RESIDEX SOFTWARE",MN,90000.0,2019,Hacking/IT Incident,Network Server,Yes
,False,"SUNSHINE STATE HEALTH PLAN, INC.",FL,2000.0,2019,Unauthorized Access/Disclosure,Other (Cloud/Portable Media),Yes
,False,KANSAS CITY VAMC,MO,534.0,2019,Unauthorized Access/Disclosure,Paper Records,No
,False,"DESERT HEALTHCARE SERVICES, LLC",AZ,8000.0,2019,Hacking/IT Incident,Network Server,No
,False,"INFORM DIAGNOSTICS, INC.",TX,173617.0,2019,Hacking/IT Incident,Network Server,Yes
,False,COMMUNITY HEALTHLINK,MA,4598.0,2019,Hacking/IT Incident,Email,No
,False,CLEAR DERMATOLOGY AND AESTHETICS CENTER,AZ,1282.0,2019,Theft,Physical Device (Workstation/Laptop),No
,False,HUNTRIDGE FAMILY CLINIC,NV,2000.0,2019,Unauthorized Access/Disclosure,Paper Records,No
,False,HENRY FORD HEALTH SYSTEM,MI,1404.0,2019,Unauthorized Access/Disclosure,Email,No
,False,"EYECARE PARTNERS, LLC",MO,141165.0,2019,Hacking/IT Incident,Network Server,No
,False,COMMUNITY PHYSICIANS GROUP,AR,5400.0,2019,Hacking/IT Incident,Email,No
,False,BOULEVARD SURGICAL ASSOCIATES,CA,542.0,2019,Theft,Paper Records,No
,False,ADVENTIST HEALTH PHYSICIAN SERVICES,CA,3797.0,2019,Improper Disposal,Paper Records,No
,False,"DOMINION DENTAL SERVICES, INC., DOMINION NATIONAL INSURANCE COMPANY, AND DOMINION DENTAL SERVICES USA, INC.",VA,2964778.0,2019,Hacking/IT Incident,Network Server,No
,False,"FRANCISCAN ALLIANCE, INC.",IN,2180.0,2019,Unauthorized Access/Disclosure,Electronic Medical Record (EMR),No
,False,WYOMING DEPARTMENT OF HEALTH,WY,2154.0,2019,Unauthorized Access/Disclosure,Email,No
,False,UNIVERSITY OF IOWA HOSPITALS & CLINICS,IA,950.0,2019,Unauthorized Access/Disclosure,Email,No
,False,ADDISON COUNTY HOME HEALTH & HOSPICE,VT,758.0,2019,Hacking/IT Incident,Email,No
,False,BYHAM'S INSURANCE SERVICES INC.,PA,1600.0,2019,Unauthorized Access/Disclosure,Network Server,No
,False,SOUTHWEST GASTROENTEROLOGY,IL,1600.0,2019,Theft,Electronic Medical Record (EMR),No
360020,True,SUMMA HEALTH,OH,2904.0,2019,Hacking/IT Incident,Email,No
,False,"OPTUM360, LLC",MN,11500000.0,2019,Hacking/IT Incident,Network Server,Yes
,False,"HENDERSON COUNTY URGENT CARE CENTERS, INC. DBA MARGARET R. PARDEE MEMORIAL HOSPITAL",NC,590.0,2019,Theft,Paper Records,No
,False,MEMORIAL HERMANN HEALTH SYSTEM,TX,507.0,2019,Unauthorized Access/Disclosure,Email,No
,False,"ADIRONDACKS ACO, LLC",NY,39649.0,2019,Hacking/IT Incident,Email,Yes
,False,MERCY HEALTH SYSTEM CORPORATION,WI,5946.0,2019,Hacking/IT Incident,Email,Yes
,False,ALIVE HOSPICE,TN,608.0,2019,Hacking/IT Incident,Email,No
,False,"RGH ENTERPRISES, INC. D/B/A EDGEPARK MEDICAL SUPPLIES",OH,6572.0,2019,Hacking/IT Incident,Network Server,No
,False,MULTNOMAH COUNTY DEPARTMENT OF HUMAN SERVICES,OR,713.0,2019,Unauthorized Access/Disclosure,Other (Cloud/Portable Media),Yes
,False,AMERITAS LIFE INSURANCE CORP.,NE,39675.0,2019,Hacking/IT Incident,Email,No
,False,NEMADJI RESEARCH CORPORATION D/B/A CALIFORNIA REIMBURSEMENT ENTERPRISES,MN,14591.0,2019,Hacking/IT Incident,Email,Yes
,False,ST. CROIX HOSPICE,MN,21407.0,2019,Hacking/IT Incident,Email,No
,False,"BENEFITFOCUS.COM, INC.",SC,827.0,2019,Unauthorized Access/Disclosure,Paper Records,Yes
,False,ESSENTIA HEALTH - DULUTH,MN,1377.0,2019,Hacking/IT Incident,Email,Yes
,False,"CARECENTRIX, INC.",CT,467621.0,2019,Hacking/IT Incident,Network Server,Yes
,False,"NORTHWOOD, INC.",MI,5000.0,2019,Unauthorized Access/Disclosure,Email,Yes
,False,CENTRACARE HEALTH SYSTEM,MN,2085.0,2019,Hacking/IT Incident,Network Server,Yes
,False,"ROGERSON HOUSE, INC.",MA,500.0,2019,Hacking/IT Incident,Network Server,Yes
,False,CANCER TREATMENT CENTERS OF AMERICA (CTCA) AT EASTERN REGIONAL MEDICAL CENTER,PA,3904.0,2019,Hacking/IT Incident,Email,No
,False,"PENOBSCOT COMMUNITY HEALTH CENTER, INC.",ME,13299.0,2019,Hacking/IT Incident,Other (Cloud/Portable Media),Yes
,False,CANCER TREATMENT CENTERS OF AMERICA (CTCA) AT SOUTHEASTERN REGIONAL MEDICAL CENTER,GA,4559.0,2019,Hacking/IT Incident,Email,No
450352,True,HUNT REGIONAL MEDICAL CENTER,TX,3700.0,2019,Hacking/IT Incident,Network Server,No
,False,WISE HEALTH SYSTEM,TX,35899.0,2019,Hacking/IT Incident,Email,No
,False,LABORATORY CORPORATION OF AMERICA HOLDINGS DBA LABCORP,NC,10251784.0,2019,Hacking/IT Incident,Network Server,Yes
,False,"NATERA, INC.",CA,3035.0,2019,Hacking/IT Incident,Network Server,Yes
,False,MEMPHIS PATHOLOGY LABORATORY D/B/A AMERICAN ESOTERIC LABORATORIES,TN,417146.0,2019,Hacking/IT Incident,Network Server,No
,False,COLORADO EYE CENTER,CO,4478.0,2019,Hacking/IT Incident,Other (Cloud/Portable Media),No
,False,"CLINICAL PATHOLOGY LABORATORIES, INC.",TX,1733836.0,2019,Hacking/IT Incident,Network Server,No
,False,"CBLPATH, INC.",NY,141956.0,2019,Unauthorized Access/Disclosure,Network Server,No
,False,"SUNRISE MEDICAL LABORATORIES, INC.",NY,401901.0,2019,Hacking/IT Incident,Network Server,No
,False,"NORTHWOOD, INC",MI,5563.0,2019,Unauthorized Access/Disclosure,Email,Yes
,False,"ASSOCIATES IN DERMATOLOGY, PLLC",KY,9020.0,2019,Hacking/IT Incident,Email,No
,False,"NORTHWOOD, INC.",MI,583.0,2019,Unauthorized Access/Disclosure,Email,Yes
,False,BREWER PORCH CHILDREN'S CENTER / THE UNIVERSITY OF ALABAMA,AL,727.0,2019,Hacking/IT Incident,Network Server,No
,False,COMPREHENSIVE CANCER CENTERS OF NEVADA,NV,2251.0,2019,Theft,Paper Records,No
,False,ROCKVILLE EYE SURGERY CENTER LLC DBA PALISADES EYE SURGERY CENTER,MD,2696.0,2019,Hacking/IT Incident,Email,No
,False,"IMPERIAL HEALTH, LLP",LA,116262.0,2019,Hacking/IT Incident,Network Server,No
,False,"SECURITY HEALTH PLAN OF WISCONSIN, INC.",WI,3657.0,2019,Hacking/IT Incident,Email,Yes
,False,"PUERTO RICO WOMEN AND CHILDREN'S HOSPITAL, LLC",Unknown,99943.0,2019,Hacking/IT Incident,Network Server,No
,False,BAYAMON MEDICAL CENTER CORP.,Unknown,422496.0,2019,Hacking/IT Incident,Network Server,No
,False,CITY OF PHILADELPHIA,PA,1458.0,2019,Loss,Physical Device (Workstation/Laptop),No
,False,"COSMETIC SURGERY SPECIALISTS, P.C.",PA,3000.0,2019,Improper Disposal,Paper Records,Yes
,False,RCCA MSO LLC,NJ,102000.0,2019,Hacking/IT Incident,Email,Yes
,False,"LABORATORY MEDICINE CONSULTANTS, LTD.",NV,140590.0,2019,Hacking/IT Incident,Network Server,No
,False,SEACOAST PATHOLOGY,NH,8992.0,2019,Hacking/IT Incident,Network Server,No
,False,LABORATORY OF DERMATOPATHOLOGY,NY,4082.0,2019,Hacking/IT Incident,Network Server,No
,False,ARIZONA DERMATOPATHOLOGY,AZ,5903.0,2019,Hacking/IT Incident,Network Server,No
,False,AUSTIN PATHOLOGY,TX,43676.0,2019,Hacking/IT Incident,Network Server,No
,False,"SUSAN MARSHALL, M.D.,PC",NY,774.0,2019,Theft,Physical Device (Workstation/Laptop),No
,False,"PATHOLOGY SOLUTIONS, LLC",NJ,13270.0,2019,Hacking/IT Incident,Network Server,No
,False,WAYNE COUNTY BOARD OF DEVELOPMENTAL DISABILITIES,OH,536.0,2019,Hacking/IT Incident,Network Server,No
,False,WESTERN PATHOLOGY,NV,4079.0,2019,Hacking/IT Incident,Network Server,No
,False,"HENNEPIN HEALTHCARE SYSTEM, INC. DBA HENNEPIN HEALTHCARE",MN,820.0,2019,Hacking/IT Incident,Email,Yes
,False,TEMPLE UNIVERSITY HEALTH SYSTEM,PA,2399.0,2019,Hacking/IT Incident,Email,Yes
,False,PERRY COUNTY MEDICAL CENTER INC. D/B/A THREE RIVERS COMMUNITY HEALTH GROUP,TN,3812.0,2019,Hacking/IT Incident,Email,No
,False,FORDLAND CLINIC INC.,MO,881.0,2019,Hacking/IT Incident,Email,No
,False,WALMART INC.,AR,3135.0,2019,Loss,Paper Records,No
,False,"COMPUNET CLINICAL LABORATORIES, LLC",OH,111555.0,2019,Hacking/IT Incident,Network Server,Yes
,False,BIOREFERENCE LABORATORIES INC.,NJ,425749.0,2019,Hacking/IT Incident,Other (Cloud/Portable Media),Yes
,False,WISCONSIN DIAGNOSTIC LABORATORIES,WI,68212.0,2019,Hacking/IT Incident,Network Server,Yes
260141,True,UNIVERSITY OF MISSOURI HEALTH CARE,MO,14402.0,2019,Hacking/IT Incident,Email,No
330024,True,MOUNT SINAI HOSPITAL,NY,33730.0,2019,Hacking/IT Incident,Other (Cloud/Portable Media),Yes
,False,PRESBYTERIAN HEALTHCARE SERVICES,NM,1120629.0,2019,Hacking/IT Incident,Email,No
,False,"INTEGRATED REGIONAL LABORATORIES, LLC",FL,29644.0,2019,Hacking/IT Incident,Network Server,Yes
,False,"ONE CARE MEDICAL, LLC",VA,651.0,2019,Hacking/IT Incident,Network Server,No
,False,WEST HILLS HOSPITAL & MEDICAL CENTER,CA,10650.0,2019,Hacking/IT Incident,Network Server,Yes
,False,DREXEL MEDICINE,PA,4340.0,2019,Hacking/IT Incident,Email,No
,False,"MICHAEL AMARO, MD, PA",TX,500.0,2019,Unauthorized Access/Disclosure,Paper Records,No
,False,"COMMUNITY HEALTH CHOICE, INC.",TX,7855.0,2019,Unauthorized Access/Disclosure,Paper Records,Yes
,False,WISCONSIN DEPARTMENT OF CORRECTIONS,WI,1041.0,2019,Unauthorized Access/Disclosure,Email,No
,False,"HARBOR HEALTH SERVICES, INC.",MA,17380.0,2019,Hacking/IT Incident,Email,No
,False,RENOWN HEALTH,NV,27004.0,2019,Loss,Other (Cloud/Portable Media),No
,False,MID-VALLEY BEHAVIORAL CARE NETWORK,OR,10710.0,2019,Hacking/IT Incident,Email,Yes
,False,WALMART INC.,AR,4738.0,2019,Loss,Paper Records,No
,False,CANCER CENTER OF KANSAS,KS,773.0,2019,Hacking/IT Incident,Network Server,No
,False,ENLIGHTENED SOLUTIONS LLC,NJ,844.0,2019,Hacking/IT Incident,Email,No
,False,"ILLINICARE HEALTH PLAN, INC.",IL,3517.0,2019,Unauthorized Access/Disclosure,Physical Device (Workstation/Laptop),No
,False,FIRE DEPARTMENT CITY OF NEW YORK,NY,10292.0,2019,Theft,Other (Cloud/Portable Media),No
,False,"TIMOTHEE T. WILKIN, D.O.",AR,15113.0,2019,Hacking/IT Incident,Network Server,No
,False,"PRIMARY MEDICINE OF SHERMAN, PA/ROBERT J. HERNANDEZ MD",TX,1335.0,2019,Unauthorized Access/Disclosure,Electronic Medical Record (EMR),No
,False,QUORUM HEALTH,TN,1269.0,2019,Unauthorized Access/Disclosure,Email,No
500031,True,GRAYS HARBOR COMMUNITY HOSPITAL,WA,88399.0,2019,Hacking/IT Incident,Network Server,No
,False,BAYVIEW DENTAL,MN,1938.0,2019,Hacking/IT Incident,Network Server,No
360072,True,FAIRFIELD MEDICAL CENTER,OH,1182.0,2019,Unauthorized Access/Disclosure,Paper Records,No
,False,COMMUNITY PSYCHIATRIC CLINIC,WA,3030.0,2019,Hacking/IT Incident,Email,No
161349,True,VIRGINIA GAY HOSPITAL,IA,5030.0,2019,Hacking/IT Incident,Email,No
,False,UNIVERSITY OF MICHIGAN/MICHIGAN MEDICINE,MI,5466.0,2019,Hacking/IT Incident,Email,No
,False,"RHODE ISLAND EAR, NOSE AND THROAT PHYSICIANS, INC.",RI,2943.0,2019,Hacking/IT Incident,Network Server,No
,False,HOSPICE OF SAN JOAQUIN,CA,13000.0,2019,Hacking/IT Incident,Network Server,No
,False,CLEVELAND CLINIC FOUNDATION,OH,604.0,2019,Loss,Other (Cloud/Portable Media),No
,False,WESTERN CONNECTICUT HEALTH NETWORK,CT,1293.0,2019,Unauthorized Access/Disclosure,Paper Records,No
,False,WILSON COUNTY MEMORIAL HOSPITAL DISTRICT DBA CONNALLY MEMORIAL MEDICAL CENTER,TX,7358.0,2019,Theft,Physical Device (Workstation/Laptop),Yes
,False,REGENCE BLUESHIELD WASHINGTON,OR,684.0,2019,Unauthorized Access/Disclosure,Paper Records,Yes
220071,True,MASSACHUSETTS GENERAL HOSPITAL,MA,9900.0,2019,Hacking/IT Incident,Network Server,No
,False,"NORTHSTAR ANESTHESIA, P.A.",TX,19807.0,2019,Unauthorized Access/Disclosure,Paper Records,Yes
,False,THE CARLE FOUNDATION HOSPITAL,IL,1653.0,2019,Hacking/IT Incident,Email,No
,False,LYONS COMPANIES,PA,1982.0,2019,Hacking/IT Incident,Email,Yes
,False,THE CARDIOVASCULAR GROUP,GA,2168.0,2019,Unauthorized Access/Disclosure,Electronic Medical Record (EMR),No
,False,CONWAY REGIONAL HEALTH SYSTEM,AR,37000.0,2019,Hacking/IT Incident,Email,No
,False,"NAVICENT HEALTH, INC.",GA,634.0,2019,Hacking/IT Incident,Email,No
370172,True,CHOCTAW NATION HEALTH SERVICES AUTHORITY,OK,550.0,2019,Hacking/IT Incident,Email,No
,False,EMPLOYERS AND LABORERS LOCALS 100 AND 397 HEALTH & WELFARE FUND,MO,560.0,2019,Hacking/IT Incident,Email,Yes
320030,True,ARTESIA GENERAL HOSPITAL,NM,13905.0,2019,Hacking/IT Incident,Email,No
,False,SOURCE 1 HEALTHCARE SOLUTIONS LLC,PA,15450.0,2019,Hacking/IT Incident,Email,Yes
,False,"FEDCAP REHABILITATION SERVICES, INC.",NY,2158.0,2019,Hacking/IT Incident,Email,No
,False,FRASER,MN,2890.0,2019,Hacking/IT Incident,Email,No
,False,EAST CENTRAL INDIANA SCHOOL TRUST,IN,3259.0,2019,Hacking/IT Incident,Email,No
,False,UC HEALTH,OH,95339.0,2019,Hacking/IT Incident,Email,No
,False,PRISMA - MIDLANDS,SC,2770.0,2019,Theft,Paper Records,No
,False,ALIVE HOSPICE,TN,533.0,2019,Unauthorized Access/Disclosure,Paper Records,No
,False,SHORE SPECIALTY CONSULTANTS PULMONOLOGY GROUP,NJ,9700.0,2019,Hacking/IT Incident,Network Server,No
,False,HEALTH CARE SERVICE CORPORATION,IL,998.0,2019,Unauthorized Access/Disclosure,Paper Records,Yes
,False,RURAL HEALTH ACCESS CORPORATION DBA COALFIELD HEALTH CENTER,WV,874.0,2019,Unauthorized Access/Disclosure,Email,Yes
,False,SIMMONS FAMILY CHIROPRACTIC,GA,2000.0,2019,Theft,Physical Device (Workstation/Laptop),No
,False,PREMIER FAMILY MEDICAL,UT,320000.0,2019,Hacking/IT Incident,Network Server,No
,False,BERRY FAMILY SERVICES,TX,1751.0,2019,Hacking/IT Incident,Network Server,No
364044,True,LINDNER CENTER OF HOPE,OH,3537.0,2019,Hacking/IT Incident,Email,No
,False,CRISTO REY COMMUNITY CENTER - FAMILY HEALTH CENTER,MI,1500.0,2019,Hacking/IT Incident,Network Server,No
,False,JUNE E. NYLEN CANCER CENTER,IA,927.0,2019,Hacking/IT Incident,Email,No
,False,PIMA COUNTY,AZ,1498.0,2019,Hacking/IT Incident,Email,Yes
,False,SARRELL DENTAL,AL,363617.0,2019,Hacking/IT Incident,Network Server,No
,False,PEOPLES INJURY NETWORK NORTHWEST,WA,27000.0,2019,Hacking/IT Incident,Network Server,No
,False,"ROCKY MOUNTAIN HEALTH MAINTENANCE ORGANIZATION, INC.",CO,1835.0,2019,Unauthorized Access/Disclosure,Paper Records,Yes
,False,BATES TECHNICAL COLLEGE,WA,2112.0,2019,Hacking/IT Incident,Network Server,No
,False,KILGORE VISION CENTER,AR,46353.0,2019,Hacking/IT Incident,Network Server,No
,False,SWEETSER,ME,22000.0,2019,Hacking/IT Incident,Email,No
,False,"PARAGON HEALTH, P.C.",MI,4674.0,2019,Hacking/IT Incident,Email,No
,False,INTRAMURAL PRACTICE PLAN - MEDICAL SCIENCES CAMPUS - UNIVERSITY OF PUERTO RICO,Unknown,439753.0,2019,Hacking/IT Incident,Network Server,No
,False,NATIONAL IMAGING ASSOCIATES,MD,589.0,2019,Hacking/IT Incident,Email,Yes
,False,MAGELLAN HEALTHCARE,MD,55637.0,2019,Hacking/IT Incident,Email,Yes
,False,"MEDICO OF SOUTH CAROLINA, INC.",SC,6489.0,2019,Unauthorized Access/Disclosure,Network Server,Yes
,False,"LITTLE ROCK PLASTIC SURGERY, P.A.",AR,6300.0,2019,Unauthorized Access/Disclosure,Email,No
,False,WOOD RANCH MEDICAL,CA,5835.0,2019,Hacking/IT Incident,Network Server,No
,False,PREMIER GASTROENTEROLOGY SPECIALISTS,OH,1260.0,2019,Unauthorized Access/Disclosure,Paper Records,No
,False,CHIROBODY,WA,525.0,2019,Unauthorized Access/Disclosure,Physical Device (Workstation/Laptop),No
,False,"PERFECT TEETH YALE, P.C.",CO,15000.0,2019,Loss,Other (Cloud/Portable Media),No
,False,"WOMEN'S CARE FLORIDA, LLC",FL,527310.0,2019,Hacking/IT Incident,Network Server,No
,False,KAISER PERMANENTE,CA,990.0,2019,Hacking/IT Incident,Email,No
,False,CALIBRE CPA GROUP,MD,912.0,2019,Hacking/IT Incident,Network Server,Yes
,False,CANCER TREATMENT CENTERS OF AMERICA (CTCA) AT SOUTHEASTERN REGIONAL MEDICAL CENTER,GA,3290.0,2019,Hacking/IT Incident,Email,No
,False,BEATITUDES CAMPUS,AZ,514.0,2019,Hacking/IT Incident,Email,No
,False,CHOCTAW NATION HEALTH SERVICE AUTHORITY,OK,500.0,2019,Hacking/IT Incident,Email,No
,False,CHI HEALTH ORTHOPEDICS CLINIC -LAKESIDE,NE,48000.0,2019,Hacking/IT Incident,Electronic Medical Record (EMR),No
,False,GOSHEN HEALTH,IN,9160.0,2019,Hacking/IT Incident,Email,No
,False,TELECARE CORPORATION,CA,823.0,2019,Hacking/IT Incident,Email,No
,False,SIOUX FALLS VA HEALTH CARE SYSTEM,SD,564.0,2019,Unauthorized Access/Disclosure,Paper Records,No
,False,HUMANA INC,KY,756.0,2019,Unauthorized Access/Disclosure,Email,No
,False,SAN FRANCISCO DEPARTMENT OF PUBLIC HEALTH,CA,622.0,2019,Unauthorized Access/Disclosure,Paper Records,Yes
,False,UNIVERSITY OF ALABAMA AT BIRMINGHAM,AL,19557.0,2019,Hacking/IT Incident,Email,No
,False,GARY SMITH AND ASSOC INC DBA GARY SMITH AGENCY,MS,2000.0,2019,Unauthorized Access/Disclosure,Other (Cloud/Portable Media),No
,False,"EUPHEMIA R. BRUMSKINE, MD, LLC",MD,850.0,2019,Hacking/IT Incident,Physical Device (Workstation/Laptop),No
,False,DEFENSE HEALTH HEADQUARTERS,VA,3500.0,2019,Unauthorized Access/Disclosure,Electronic Medical Record (EMR),No
,False,"THE METHODIST HOSPITALS, INC.",IN,68039.0,2019,Hacking/IT Incident,Email,No
,False,ARKANSAS HEALTH GROUP,AR,903.0,2019,Unauthorized Access/Disclosure,Other (Cloud/Portable Media),Yes
,False,SOUTH TEXAS DERMATOPATHOLOGY LABORATORY,TX,15982.0,2019,Hacking/IT Incident,Network Server,No
,False,MAGNOLIA PEDIATRICS,LA,11100.0,2019,Hacking/IT Incident,Network Server,No
,False,"ABDUL MEMON, MD PLLC",AZ,1000.0,2019,Theft,Physical Device (Workstation/Laptop),Yes
,False,CENTRAL VALLEY REGIONAL CENTER,CA,15975.0,2019,Hacking/IT Incident,Email,Yes
,False,MONTEREY HEALTH CENTER,OR,5400.0,2019,Hacking/IT Incident,Network Server,No
,False,SOUTHERN NEW MEXICO NEUROSURGERY LLC,NM,11754.0,2019,Improper Disposal,Network Server,No
,False,"HAMLIN & BURTON LIABILITY MANAGEMENT, INC.",FL,1500.0,2019,Hacking/IT Incident,Email,Yes
,False,LABORDE THERAPY CENTER LLC,LA,7000.0,2019,Hacking/IT Incident,Email,No
,False,SEATTLE CANCER CARE ALLIANCE,WA,944.0,2019,Unauthorized Access/Disclosure,Email,No
,False,CHRONIC CARE MANAGEMENT INC.,OH,612.0,2019,Unauthorized Access/Disclosure,Email,Yes
,False,"BUCKHEAD SMILE CENTER, P.C.",GA,1655.0,2019,Unauthorized Access/Disclosure,Email,No
,False,WALMART INC.,AR,4211.0,2019,Loss,Other (Cloud/Portable Media),No
320030,True,ARTESIA GENERAL HOSPITAL,NM,858.0,2019,Hacking/IT Incident,Physical Device (Workstation/Laptop),No
,False,ROSWELL PARK COMPREHENSIVE CANCER CENTER,NY,584.0,2019,Unauthorized Access/Disclosure,Electronic Medical Record (EMR),No
,False,"UNITED STATES MEDICAL SUPPLY, LLC.",FL,674.0,2019,Unauthorized Access/Disclosure,Email,No
420071,True,SELF REGIONAL HEALTHCARE,SC,52327.0,2019,Hacking/IT Incident,Email,No
,False,KALISPELL REGIONAL HEALTHCARE,MT,149661.0,2019,Hacking/IT Incident,Email,No
,False,TEXAS HEALTH HARRIS METHODIST HOSPITAL HURST-EULESS-BEDFORD,TX,4804.0,2019,Unauthorized Access/Disclosure,Other (Cloud/Portable Media),No
450462,True,TEXAS HEALTH PRESBYTERIAN HOSPITAL DALLAS,TX,12415.0,2019,Unauthorized Access/Disclosure,Other (Cloud/Portable Media),No
670085,True,TEXAS HEALTH HARRIS METHODIST HOSPITAL ALLIANCE,TX,3784.0,2019,Unauthorized Access/Disclosure,Other (Cloud/Portable Media),No
450743,True,TEXAS HEALTH PRESBYTERIAN HOSPITAL DENTON,TX,6688.0,2019,Unauthorized Access/Disclosure,Other (Cloud/Portable Media),No
450419,True,TEXAS HEALTH HARRIS METHODIST HOSPITAL AZLE,TX,2113.0,2019,Unauthorized Access/Disclosure,Other (Cloud/Portable Media),No
450148,True,TEXAS HEALTH HARRIS METHODIST HOSPITAL CLEBURNE,TX,2737.0,2019,Unauthorized Access/Disclosure,Other (Cloud/Portable Media),No
,False,TEXAS HEALTH HARRIS METHODIST HOSPITAL STEPHENVILLE,TX,1348.0,2019,Unauthorized Access/Disclosure,Other (Cloud/Portable Media),No
670044,True,TEXAS HEALTH PRESBYTERIAN HOSPITAL ROCKWALL,TX,4789.0,2019,Unauthorized Access/Disclosure,Other (Cloud/Portable Media),No
,False,TEXAS HEALTH HARRIS METHODIST SOUTHLAKE,TX,525.0,2019,Unauthorized Access/Disclosure,Other (Cloud/Portable Media),No
,False,TEXAS HEALTH ARLINGTON MEMORIAL,TX,6187.0,2019,Unauthorized Access/Disclosure,Other (Cloud/Portable Media),No
450771,True,TEXAS HEALTH PRESBYTERIAN HOSPITAL PLANO,TX,9678.0,2019,Unauthorized Access/Disclosure,Other (Cloud/Portable Media),No
,False,TEXAS HEALTH HARRIS METHODIST HOSPITAL KAUFMAN,TX,2157.0,2019,Unauthorized Access/Disclosure,Other (Cloud/Portable Media),No
,False,TEXAS HEALTH HARRIS METHODIST HOSPITAL FORT WORTH,TX,14881.0,2019,Unauthorized Access/Disclosure,Other (Cloud/Portable Media),No
450840,True,TEXAS HEALTH PRESBYTERIAN HOSPITAL ALLEN,TX,2993.0,2019,Unauthorized Access/Disclosure,Other (Cloud/Portable Media),No
,False,TEXAS HEALTH HARRIS METHODIST HOSPITAL SOUTHWEST FORT WORTH,TX,7478.0,2019,Unauthorized Access/Disclosure,Other (Cloud/Portable Media),No
,False,"GREATER CINCINNATI PATHOLOGISTS, INC.",OH,7725.0,2019,Hacking/IT Incident,Email,No
,False,CORPUS CHRISTI TOTS & TEENS PEDIATRICS,TX,31787.0,2019,Hacking/IT Incident,Network Server,No
,False,WHEATLAND DENTAL CARE,IL,955.0,2019,Hacking/IT Incident,Other (Cloud/Portable Media),Yes
,False,THE AFFILIATED SANTE GROUP,MD,679.0,2019,Theft,Physical Device (Workstation/Laptop),No
,False,"THE KROGER CO., FOR ITSELF AND ITS AFFILIATES AND SUBSIDIARIES",OH,2752.0,2019,Loss,Paper Records,No
,False,BETTY JEAN KERR PEOPLE'S HEALTH CENTERS,MO,152000.0,2019,Hacking/IT Incident,Network Server,No
,False,VIRGINIA DEPARTMENT OF BEHAVIORAL HEALTH & DEVELOPMENTAL SERVICES,VA,1442.0,2019,Unauthorized Access/Disclosure,Network Server,No
,False,DELTA DENTAL OF ILLINOIS,IL,15466.0,2019,Hacking/IT Incident,Email,No
,False,CHILDREN'S MINNESOTA,MN,37942.0,2019,Unauthorized Access/Disclosure,Network Server,No
,False,THE GUIDANCE CENTER,CA,1189.0,2019,Hacking/IT Incident,Email,No
,False,PRISMA HEALTH - MIDLANDS,SC,19060.0,2019,Hacking/IT Incident,Other (Cloud/Portable Media),No
,False,THE BROOKLYN HOSPITAL CENTER,NY,26312.0,2019,Hacking/IT Incident,Network Server,No
,False,WASHINGTON UNIVERSITY SCHOOL OF MEDICINE,MO,3237.0,2019,Unauthorized Access/Disclosure,Email,No
,False,EVERGREEN PSYCHOLOGICAL SERVICES,TX,4174.0,2019,Theft,Physical Device (Workstation/Laptop),No
,False,UTAH VALLEY EYE CENTER,UT,20418.0,2019,Hacking/IT Incident,Physical Device (Workstation/Laptop),No
,False,AEGIS MEDICAL GROUP,FL,9800.0,2019,Unauthorized Access/Disclosure,Network Server,No
,False,KAISER FOUNDATION HEALTH PLAN (KAISER PERMANENTE),CA,515.0,2019,Unauthorized Access/Disclosure,Paper Records,No
,False,"ARIZONA DENTAL INSURANCE SERVICES, INC. D.B.A. DELTA DENTAL OF ARIZONA",AZ,24769.0,2019,Hacking/IT Incident,Email,No
,False,OUTREACH HEALTH SERVICES,TX,60414.0,2019,Hacking/IT Incident,Email,No
,False,MAIN STREET CLINICAL ASSOCIATES,NC,3031.0,2019,Unauthorized Access/Disclosure,Physical Device (Workstation/Laptop),No
,False,"STARLING PHYSICIANS, P.C.",CT,977.0,2019,Hacking/IT Incident,Email,No
,False,UNIVERSITY OF NORTH CAROLINA AT CHAPEL HILL SCHOOL OF MEDICINE,NC,3716.0,2019,Hacking/IT Incident,Email,No
,False,SALIH M MAYALIDAG DENTAL CORP,CA,6000.0,2019,Hacking/IT Incident,Network Server,No
,False,SELECT HEALTH NETWORK,IN,56790.0,2019,Hacking/IT Incident,Email,Yes
,False,"SOLARA MEDICAL SUPPLIES, LLC",CA,114007.0,2019,Hacking/IT Incident,Email,No
,False,GATEWAY HEALTH PLAN LP,PA,753.0,2019,Hacking/IT Incident,Email,Yes
,False,ASCENSION BORGESS HOSPITAL,MI,996.0,2019,Unauthorized Access/Disclosure,Email,No
,False,CHOICE CANCER CARE,TX,14673.0,2019,Hacking/IT Incident,Email,No
,False,"MEDICAL PARK FAMILY CARE, INC.",AK,500.0,2019,Unauthorized Access/Disclosure,Electronic Medical Record (EMR),Yes
,False,"HUMAN SERVICES, INC.",PA,1559.0,2019,Hacking/IT Incident,Email,No
260183,True,SAINT FRANCIS MEDICAL CENTER,MO,107054.0,2019,Hacking/IT Incident,Electronic Medical Record (EMR),No
,False,VA ST. LOUIS HEALTH CARE SYSTEM,MO,595.0,2019,Unauthorized Access/Disclosure,Paper Records,No
,False,"RONALD E. ROSENBAUM DMD, PA",FL,1522.0,2019,Hacking/IT Incident,Paper Records,No
,False,"OMNISEQ, INC.",NY,3977.0,2019,Hacking/IT Incident,Email,No
,False,"LA CLINICA DE LA RAZA, INC.",CA,2477.0,2019,Theft,Other (Cloud/Portable Media),No
,False,SOUTHEASTERN MINNESOTA ORAL & MAXILLOFACIAL SURGERY,MN,80000.0,2019,Hacking/IT Incident,Network Server,No
,False,"GENEDX, INC.",NJ,851.0,2019,Hacking/IT Incident,Network Server,Yes
,False,ELIZABETH FAMILY HEALTH,CO,28375.0,2019,Theft,Paper Records,No
,False,"ILLINOIS GASTROENTEROLOGY GROUP, LLC",IL,1481.0,2019,Hacking/IT Incident,Email,No
,False,UPPER PENINSULA HEALTH PLAN,MI,812.0,2019,Hacking/IT Incident,Email,Yes
,False,PENN-MAR HUMAN SERVICES,MD,536.0,2019,Hacking/IT Incident,Email,No
,False,"IVY REHAB NETWORK, INC. AND ITS AFFILIATED COMPANIES",NY,125000.0,2019,Hacking/IT Incident,Email,No
,False,NEBRASKA MEDICINE,NE,1149.0,2019,Unauthorized Access/Disclosure,Electronic Medical Record (EMR),No
,False,"LOUDOUN MEDICAL GROUP D/B/A COMPREHENSIVE SLEEP CARE CENTER (""CSCC"")",VA,15575.0,2019,Hacking/IT Incident,Email,No
,False,BEER INDUSTRY - LOCAL UNION NO. 703 HEALTH AND WELFARE FUND,IL,9279.0,2019,Unauthorized Access/Disclosure,Email,No
,False,SAN FRANCISCO VA HEALTH CARE SYSTEM,CA,735.0,2019,Theft,Paper Records,No
,False,KATHERINE SHAW BETHEA HOSPITAL,IL,3983.0,2019,Hacking/IT Incident,Email,No
,False,RIVERKIDS PEDIATRIC HOME HEALTH,TX,10000.0,2019,Hacking/IT Incident,Email,No
,False,"SUNSHINE BEHAVIORAL HEALTH GROUP, LLC",CA,3638.0,2019,Unauthorized Access/Disclosure,Network Server,Yes
,False,HEALTHCARE ADMINISTRATIVE PARTNERS,PA,17693.0,2019,Hacking/IT Incident,Email,Yes
,False,WALGREEN COMPANY,IL,3700.0,2019,Hacking/IT Incident,Electronic Medical Record (EMR),No
,False,CHILDREN'S HOPE ALLIANCE,NC,4564.0,2019,Hacking/IT Incident,Email,Yes
,False,"TRUMAN MEDICAL CENTER, INCORPORATED",MO,114466.0,2019,Theft,Physical Device (Workstation/Laptop),No
420049,True,CONWAY MEDICAL CENTER,SC,2550.0,2019,Hacking/IT Incident,Email,No
,False,SUNRISE COMMUNITY HEALTH,CO,18404.0,2019,Hacking/IT Incident,Email,No
,False,"EQUINOX, INC.",NY,1021.0,2019,Hacking/IT Incident,Email,No
,False,"SPEIGHT FAMILY MEDICAL, LLC",TN,2000.0,2019,Hacking/IT Incident,Network Server,No
,False,BEECH BROOK,OH,2636.0,2019,Hacking/IT Incident,Email,No
,False,CHILDREN’S HOPE ALLIANCE,NC,1002.0,2019,Theft,Physical Device (Workstation/Laptop),No
050236,True,ADVENTIST HEALTH SIMI VALLEY,CA,54708.0,2019,Hacking/IT Incident,Email,No
,False,"FAMILY CARE MEDICAL SPECIALISTS GROUP, INC.",CA,2490.0,2019,Unauthorized Access/Disclosure,Paper Records,No
,False,ANWAN WELLNESS LLC,GA,530.0,2019,Unauthorized Access/Disclosure,Electronic Medical Record (EMR),No
,False,STARMOUNT LIFE INSURANCE COMPANY,LA,630.0,2019,Hacking/IT Incident,Email,No
530014,True,CHEYENNE REGIONAL MEDICAL CENTER,WY,17549.0,2019,Hacking/IT Incident,Email,No
,False,SERVICE BENEFIT PLAN ADMINISTRATIVE SERVICES CORPORATION,DC,11536.0,2019,Unauthorized Access/Disclosure,Network Server,Yes
,False,JEWISH SOCIAL SERVICES AGENCY,MD,3145.0,2019,Hacking/IT Incident,Email,No
,False,WESTERN HEALTH ADVANTAGE,CA,869.0,2019,Unauthorized Access/Disclosure,Network Server,Yes
,False,"VIMLY BENEFIT SOLUTIONS, INC.",WA,2675.0,2019,Hacking/IT Incident,Email,Yes
,False,SINAI HEALTH SYSTEM,IL,12578.0,2019,Hacking/IT Incident,Email,No
,False,AETNA AFFILIATED COVERED ENTITY (ACE),CT,5991.0,2019,Hacking/IT Incident,Email,Yes
,False,THERAPEUTIC OASIS OF THE PALM BEACHES LLC,FL,1100.0,2019,Theft,Physical Device (Workstation/Laptop),No
,False,PRESTIGE HEALTH CHOICE,FL,4665.0,2019,Unauthorized Access/Disclosure,Other (Cloud/Portable Media),No
,False,"MARION EYE CENTER, LTD.",IL,811.0,2019,Loss,Paper Records,No
,False,COLORADO DEPARTMENT OF HUMAN SERVICES,CO,12230.0,2019,Unauthorized Access/Disclosure,Other (Cloud/Portable Media),No
,False,"INTEGRIS HEALTH, INC.",OK,1245218.0,2019,Loss,Other (Cloud/Portable Media),No
,False,NORTH OTTAWA COMMUNITY HEALTH SYSTEM,MI,4013.0,2019,Unauthorized Access/Disclosure,Electronic Medical Record (EMR),No
453304,True,TEXAS CHILDREN'S HOSPITAL,TX,597.0,2019,Unauthorized Access/Disclosure,Paper Records,No
,False,AFLAC,GA,1601.0,2019,Unauthorized Access/Disclosure,Network Server,No
,False,SAN FRANCISCO DEPARTMENT OF PUBLIC HEALTH - ZUCKERBERG SF GENERAL HOSPITAL,CA,1174.0,2019,Improper Disposal,Paper Records,No
,False,"TEXAS FAMILY PSYCHOLOGY ASSOCIATES, P.C. DBA COMPASS PSYCHOLOGICAL ASSOCIATES",TX,12000.0,2019,Unauthorized Access/Disclosure,Electronic Medical Record (EMR),No
320084,True,ROOSEVELT GENERAL HOSPITAL,NM,28847.0,2019,Hacking/IT Incident,Network Server,No
,False,"PEDIHEALTH, PLLC, DBA CHILDREN'S CHOICE PEDIATRICS",TX,12689.0,2019,Hacking/IT Incident,Network Server,No
,False,"BAYLOR MIRACA GENETICS LABORATORIES, LLC D/B/A BAYLOR GENETICS",TX,1240.0,2019,Hacking/IT Incident,Email,Yes
143300,True,ANN & ROBERT H. LURIE CHILDREN'S HOSPITAL OF CHICAGO,IL,4195.0,2019,Unauthorized Access/Disclosure,Electronic Medical Record (EMR),No
,False,"THE CENTER FOR FACIAL RESTORATION, INC.",FL,3600.0,2019,Hacking/IT Incident,Network Server,No
,False,BTYDENTAL,AK,2008.0,2019,Hacking/IT Incident,Network Server,No
,False,"LIFE LINE SCREENING OF AMERICA, LTD.",TX,2802.0,2019,Hacking/IT Incident,Network Server,Yes
,False,"SEES GROUP, LLC",TN,13000.0,2019,Hacking/IT Incident,Email,No
,False,LAWRENCEVILLE INTERNAL MEDICINE ASSOCIATES,NJ,8031.0,2020,Unauthorized Access/Disclosure,Email,No
,False,DOUGLAS COUNTY HOSPITAL DBA ALOMERE HEALTH,MN,49859.0,2020,Hacking/IT Incident,Email,No
,False,"NATIVE AMERICAN REHABILITATION ASSOCIATION OF THE NORTHWEST, INC.",OR,25187.0,2020,Hacking/IT Incident,Email,No
,False,"RCM ENTERPRISE SERVICES, INC.",FL,5965.0,2020,Unauthorized Access/Disclosure,Paper Records,Yes
,False,"CAH HOLDINGS, INC.",AL,1158.0,2020,Hacking/IT Incident,Email,Yes
,False,"INTERMED, PA",ME,33000.0,2020,Hacking/IT Incident,Email,No
,False,PIH HEALTH,CA,199548.0,2020,Hacking/IT Incident,Email,No
,False,SPECTRUM HEALTHCARE PARTNERS,ME,11308.0,2020,Hacking/IT Incident,Email,No
,False,CHILDREN'S HOPE ALLIANCE,NC,4564.0,2020,Hacking/IT Incident,Email,No
033302,True,PHOENIX CHILDREN’S HOSPITAL,AZ,1860.0,2020,Hacking/IT Incident,Email,No
,False,ROPER ST. FRANCIS HEALTHCARE,SC,1634.0,2020,Improper Disposal,Paper Records,No
,False,FONDREN ORTHOPEDIC GROUP L.L.P.,TX,30049.0,2020,Hacking/IT Incident,Network Server,No
,False,"SOLARA MEDICAL SUPPLIES, LLC",CA,1531.0,2020,Unauthorized Access/Disclosure,Paper Records,No
,False,NEURABILITIES HEALTHCARE,NJ,11747.0,2020,Hacking/IT Incident,Email,No
,False,UNITEDHEALTH GROUP HEALTH PLAN SINGLE AFFILIATED COVERED ENTITY,MN,934.0,2020,Unauthorized Access/Disclosure,Paper Records,Yes
,False,"REVA, INC.",FL,1000.0,2020,Hacking/IT Incident,Email,No
,False,BEAUMONT HEALTH,MI,1182.0,2020,Unauthorized Access/Disclosure,Electronic Medical Record (EMR),No
,False,CEDARBROOK SENIOR CARE AND REHABILITATION / COUNTY OF LEHIGH,PA,688.0,2020,Unauthorized Access/Disclosure,Email,No
,False,LAFAYETTE REGIONAL REHABILITATION HOSPITAL,IN,1360.0,2020,Hacking/IT Incident,Email,No
,False,VILLAGE SENIOR SERVICES CORPORATION D/B/A VILLAGECAREMAX,NY,2645.0,2020,Hacking/IT Incident,Email,No
,False,VILLAGE CENTER FOR CARE D/B/A VILLAGECARE REHABILITATIVE AND NURSING CENTER,NY,674.0,2020,Hacking/IT Incident,Email,No
,False,"MANCHESTER OPHTHALMOLOGY, LLC",CT,6846.0,2020,Hacking/IT Incident,Network Server,No
,False,COOK COUNTY HEALTH,IL,2713.0,2020,Unauthorized Access/Disclosure,Network Server,No
,False,IOWA DEPARTMENT OF HUMAN SERVICES,IA,4501.0,2020,Improper Disposal,Paper Records,No
,False,"PERSONAL TOUCH HOME CARE OF VA, INC.",VA,33324.0,2020,Hacking/IT Incident,Network Server,Yes
,False,"PERSONAL TOUCH HOME CARE OF W. VA, INC.",WV,1169.0,2020,Hacking/IT Incident,Network Server,Yes
,False,"PERSONAL TOUCH HOSPICE OF VA, INC.",VA,1657.0,2020,Hacking/IT Incident,Network Server,Yes
,False,"PERSONAL TOUCH HOME CARE OF MASS., INC.",NY,2015.0,2020,Hacking/IT Incident,Network Server,Yes
,False,"PERSONAL TOUCH HOME SERVICES OF SAN ANTONIO, INC.",TX,5930.0,2020,Hacking/IT Incident,Network Server,Yes
,False,"PERSONAL TOUCH HOME-AIDES, INC.",NY,2633.0,2020,Hacking/IT Incident,Network Server,Yes
,False,"PERSONAL TOUCH HOME SERVICES OF DALLAS, INC.",TX,1700.0,2020,Hacking/IT Incident,Network Server,Yes
,False,"PERSONAL TOUCH HOME CARE OF S.E. MASS., INC.",NY,2863.0,2020,Hacking/IT Incident,Network Server,Yes
,False,"PERSONAL TOUCH HOME CARE OF OHIO, INC.",NY,15808.0,2020,Hacking/IT Incident,Network Server,Yes
,False,"PERSONAL TOUCH HOME CARE OF PA, INC.",NY,9302.0,2020,Hacking/IT Incident,Network Server,Yes
,False,PERSONAL TOUCH HOME AIDES INC.,NY,1890.0,2020,Hacking/IT Incident,Network Server,Yes
,False,"PERSONAL TOUCH HOME AIDES OF NEW YORK, INC.",NY,38693.0,2020,Hacking/IT Incident,Network Server,Yes
,False,"PERSONAL TOUCH HOME CARE OF INDIANA, INC.",IN,3593.0,2020,Hacking/IT Incident,Network Server,Yes
,False,"CENTRAL KANSAS ORTHOPEDIC GROUP, LLC",KS,17214.0,2020,Hacking/IT Incident,Network Server,No
,False,"PERSONAL TOUCH HOME AIDES OF BALTIMORE, INC.",NY,804.0,2020,Hacking/IT Incident,Network Server,Yes
,False,"PERSONAL TOUCH HOME CARE OF BALTIMORE, INC.",NY,9058.0,2020,Hacking/IT Incident,Network Server,Yes
,False,"PERSONAL TOUCH HOME CARE OF KY, INC.",KY,24013.0,2020,Hacking/IT Incident,Network Server,Yes
,False,"PERSONAL TOUCH HOME CARE OF GREATER PORTSMOUTH, INC.",NY,1957.0,2020,Hacking/IT Incident,Network Server,Yes
,False,JEFFERSON CENTER FOR MENTAL HEALTH,CO,1319.0,2020,Theft,Paper Records,No
,False,ROBERT S. SMITH MD INC DBA BOSTON SCIENTIFIC PATHOLOGY,GA,6940.0,2020,Unauthorized Access/Disclosure,Paper Records,No
,False,VIRGINIA DEPARTMENT OF MEDICAL ASSISTANCE SERVICES,VA,6120.0,2020,Hacking/IT Incident,Network Server,Yes
,False,LAKE COUNTY BEHAVIORAL HEALTH SERVICES,CA,1178.0,2020,Theft,Paper Records,No
,False,HOSPITAL SISTERS HEALTH SYSTEM,IL,16167.0,2020,Hacking/IT Incident,Email,No
,False,MHMR OF TARRANT COUNTY,TX,6524.0,2020,Hacking/IT Incident,Email,No
,False,ORIGINAL MEDICARE,MD,9965.0,2020,Unauthorized Access/Disclosure,Network Server,No
,False,IREDELL-STATESVILLE SCHOOLS BOARD OF EDUCTION,NC,959.0,2020,Hacking/IT Incident,Email,Yes
,False,ARIZONA PAIN AND SPINE INSTITUTE,AZ,530.0,2020,Theft,Physical Device (Workstation/Laptop),No
,False,UNITEDHEALTH GROUP HEALTH PLAN SINGLE AFFILIATED COVERED ENTITY,MN,3335.0,2020,Hacking/IT Incident,Network Server,Yes
,False,HEALTH SHARE OF OREGON,OR,654362.0,2020,Theft,Physical Device (Workstation/Laptop),Yes
,False,"KAISER HEALTH PLAN, SOUTHERN CALIFORNIA",CA,167095.0,2020,Unauthorized Access/Disclosure,Paper Records,No
,False,OVERLAKE MEDICAL CENTER & CLINICS,WA,109234.0,2020,Hacking/IT Incident,Email,No
,False,SHIELDS HEALTH SOLUTIONS,MA,39762.0,2020,Hacking/IT Incident,Email,Yes
,False,LINCOLN NATIONAL LIFE INSURANCE COMPANY AND ITS AFFILIATE LINCOLN LIFE & ANNUITY COMPANY OF NEW YORK,IN,2468.0,2020,Hacking/IT Incident,Email,No
,False,"VISION CARE SPECIALISTS, P.C. A PART OF MYEYEDR. OPTOMETRY OF COLORADO, PC",VA,1070.0,2020,Hacking/IT Incident,Network Server,No
,False,JDC HEALTHCARE MANAGEMENT,TX,45748.0,2020,Hacking/IT Incident,Email,No
,False,"VIBRANTCARE REHABILITATION, INC.",CA,1655.0,2020,Hacking/IT Incident,Email,No
,False,MERCY HEALTH PHYSICIAN PARTNERS,MI,2487.0,2020,Unauthorized Access/Disclosure,Paper Records,No
,False,"RELATION INSURANCE, INC., D/B/A RELATION INSURANCE SERVICES OF GEORGIA",GA,4335.0,2020,Hacking/IT Incident,Email,Yes
,False,"LAKEWOOD RESOURCE AND REFERRAL CENTER DBA CENTER FOR HEALTH EDUCATION, MEDICINE AND DENTISTRY",NJ,12414.0,2020,Hacking/IT Incident,Network Server,No
,False,SAMA HEALTHCARE SERVICES,AR,7524.0,2020,Improper Disposal,Paper Records,Yes
,False,WALMART INC.,AR,3606.0,2020,Loss,Paper Records,No
,False,CAPITAL VISION SERVICES D/B/A MYEYEDR. (MED SOUTHWEST PLLC),VA,7983.0,2020,Improper Disposal,Paper Records,No
,False,"AUDIOLOGY SERVICES COMPANY USA, LLC",FL,3917.0,2020,Hacking/IT Incident,Email,No
,False,"AVALON HEALTH CARE MANAGEMENT, INC.",UT,2717.0,2020,Hacking/IT Incident,Email,Yes
,False,AVEANNA HEALTHCARE,GA,166077.0,2020,Hacking/IT Incident,Email,No
450010,True,UNITED REGIONAL HEALTH CARE SYSTEM,TX,1893.0,2020,Hacking/IT Incident,Email,No
,False,PEREGRINE CORPORATION D/B/A PSL SERVICES,ME,2401.0,2020,Hacking/IT Incident,Email,No
,False,JAMES F. COLLETTE DDS & DAVID N. HAMILTON DDS PLLC,WA,544.0,2020,Hacking/IT Incident,Email,No
,False,TENNESSEE ORTHOPAEDIC ALLIANCE,TN,81146.0,2020,Hacking/IT Incident,Email,No
,False,"BST & CO. CPAS, LLP",NY,170000.0,2020,Hacking/IT Incident,Network Server,Yes
,False,MONROE COUNTY HOSPITAL & CLINICS,IA,8487.0,2020,Hacking/IT Incident,Email,No
,False,"ARMADA PHYSICAL THERAPY OF ALBUQUERQUE, LLC",NM,1850.0,2020,Theft,Physical Device (Workstation/Laptop),No
,False,"NCH HEALTHCARE SYSTEM, INC.",FL,63581.0,2020,Hacking/IT Incident,Email,No
,False,EAST HOUSE CORPORATION,NY,1306.0,2020,Hacking/IT Incident,Email,No
,False,"SOLO LABORATORIES, INC.",PA,60000.0,2020,Hacking/IT Incident,Network Server,Yes
,False,LAKE COUNTY HEALTH DEPARTMENT,IL,14488.0,2020,Unauthorized Access/Disclosure,Email,No
,False,THE QUEEN’S HEALTH SYSTEMS AFFILIATED COVERED ENTITY,HI,2852.0,2020,Unauthorized Access/Disclosure,Email,No
,False,"ENDEAVOR ENERGY RESOURCES, L.P.",TX,5103.0,2020,Hacking/IT Incident,Email,No
,False,"RAINBOW HOSPICE CARE, INC.",WI,2029.0,2020,Hacking/IT Incident,Email,No
,False,RADY CHILDREN'S HOSPITAL SAN DIEGO,CA,2360.0,2020,Unauthorized Access/Disclosure,Network Server,No
,False,"GOVERNMENT EMPLOYEES HEALTH ASSOCIATION, INC.",MO,696.0,2020,Unauthorized Access/Disclosure,Paper Records,No
,False,ENGAGE BEHAVIORAL HEALTH,FL,650.0,2020,Hacking/IT Incident,Email,No
,False,AFTRA RETIREMENT FUND,NY,57900.0,2020,Hacking/IT Incident,Network Server,Yes
,False,MUNSON HEALTHCARE,MI,75202.0,2020,Hacking/IT Incident,Email,No
,False,"INTERACTIVE MEDICAL SYSTEMS, CORP.",NC,15010.0,2020,Hacking/IT Incident,Email,Yes
,False,HARRIS COUNTY HOSPITAL DISTRICT D/B/A HARRIS HEALTH SYSTEM,TX,2298.0,2020,Loss,Paper Records,No
,False,FAIRFIELD ANESTHESIA ASSOCIATES LLC,CT,800.0,2020,Unauthorized Access/Disclosure,Physical Device (Workstation/Laptop),No
,False,"VAIL CLINIC, INC. DBA VAIL HEALTH HOSPITAL",CO,710.0,2020,Unauthorized Access/Disclosure,Network Server,No
,False,ALAMEDA ALLIANCE FOR HEALTH,CA,500.0,2020,Hacking/IT Incident,Network Server,No
,False,WALGREEN COMPANY,IL,6681.0,2020,Unauthorized Access/Disclosure,Network Server,No
150059,True,RIVERVIEW HEALTH,IN,2610.0,2020,Unauthorized Access/Disclosure,Paper Records,Yes
,False,"OZARK ORTHOPAEDICS, PA",AR,15240.0,2020,Hacking/IT Incident,Email,No
,False,ELK RIDGE DENTISTRY,CO,2793.0,2020,Theft,Other (Cloud/Portable Media),No
,False,STEPHAN C DEAN,CA,70000.0,2020,Hacking/IT Incident,Email,Yes
050351,True,TORRANCE MEMORIAL MEDICAL CENTER,CA,3498.0,2020,Hacking/IT Incident,Network Server,No
,False,CONAGRA BRANDS WELFARE BENEFIT WRAP PLAN,IL,1713.0,2020,Unauthorized Access/Disclosure,Paper Records,No
,False,ONEDIGITAL HEALTH AND BENEFITS,GA,22894.0,2020,Theft,Physical Device (Workstation/Laptop),Yes
,False,THE PRUDENTIAL INSURANCE COMPANY OF AMERICA,NJ,1945.0,2020,Hacking/IT Incident,Network Server,Yes
,False,NORTHEAST RADIOLOGY,NY,298532.0,2020,Hacking/IT Incident,Network Server,Yes
,False,"ALLEGHENY COUNTY, PA",PA,3394.0,2020,Unauthorized Access/Disclosure,Network Server,No
,False,RANDLEMAN EYE CENTER,NC,19556.0,2020,Hacking/IT Incident,Network Server,No
,False,"FOUNDATION MEDICINE, INC.",MA,2999.0,2020,Hacking/IT Incident,Email,No
,False,TRIHEALTH CANCER INSTITUTE,OH,912.0,2020,Unauthorized Access/Disclosure,Paper Records,No
,False,NORTH TEXAS INSTITUTE OF NEUROLOGY AND HEADACHE,TX,500.0,2020,Theft,Physical Device (Workstation/Laptop),Yes
,False,HAO RONG DDS INC DBA GENUINE CARE DENTAL,CA,2190.0,2020,Theft,Network Server,No
241329,True,LAKEWOOD HEALTH SYSTEM,MN,1415.0,2020,Hacking/IT Incident,Email,No
,False,"TANDEM DIABETES CARE, INC.",CA,140781.0,2020,Hacking/IT Incident,Email,No
,False,LIFESPRK,MN,9000.0,2020,Hacking/IT Incident,Email,No
,False,"AUGUSTA FOOT & ANKLE, P.C.",GA,4854.0,2020,Hacking/IT Incident,Network Server,No
,False,HAWAII PACIFIC HEALTH,HI,3772.0,2020,Unauthorized Access/Disclosure,Electronic Medical Record (EMR),Yes
,False,"NEOGENOMICS LABORATORIES, INC.",FL,910.0,2020,Unauthorized Access/Disclosure,Email,No
,False,HAWAII PACIFIC HEALTH,HI,836.0,2020,Loss,Paper Records,Yes
,False,GOLDEN VALLEY HEALTH CENTERS,CA,38628.0,2020,Hacking/IT Incident,Email,No
,False,GEORGIA DEPARTMENT OF HUMAN SERVICES,GA,500.0,2020,Loss,Paper Records,No
,False,VIRGINIA DEPARTMENT OF BEHAVIORAL HEALTH AND DEVELOPMENTAL SERVICES,VA,657.0,2020,Unauthorized Access/Disclosure,Email,No
154014,True,OTIS R. BOWEN CENTER FOR HUMAN SERVICES,IN,35804.0,2020,Hacking/IT Incident,Email,No
,False,UNIVERSITY OF UTAH HEALTH,UT,3670.0,2020,Hacking/IT Incident,Email,No
,False,AMBRY GENETICS CORPORATION,CA,225370.0,2020,Hacking/IT Incident,Email,No
,False,HEALTH CARE SERVICE CORPORATION,IL,574.0,2020,Unauthorized Access/Disclosure,Email,No
,False,"FACKLER FAMILY CHIROPRACTIC, LLC",OH,1731.0,2020,Theft,Paper Records,No
,False,"RENEW WELLNESS CENTER, PLLC",MT,730.0,2020,Theft,Email,No
,False,VA SIERRA NEVADA HEALTH CARE SYSTEM,NV,702.0,2020,Unauthorized Access/Disclosure,Paper Records,No
,False,NEW JERSEY DEPARTMENT OF HUMAN SERVICES,NJ,2300.0,2020,Hacking/IT Incident,Network Server,No
,False,"DAVID S DALEY, DMD",AZ,1000.0,2020,Theft,Network Server,No
,False,UHHS SAMARITAN MEDICAL CENTER,OH,1520.0,2020,Unauthorized Access/Disclosure,Electronic Medical Record (EMR),No
,False,"BRANDYWINE UROLOGY CONSULTANTS, PA",DE,131825.0,2020,Hacking/IT Incident,Network Server,No
,False,STOCKDALE RADIOLOGY,CA,10700.0,2020,Hacking/IT Incident,Physical Device (Workstation/Laptop),No
,False,"TRYON MEDICAL PARTNERS, PLLC",NC,701.0,2020,Unauthorized Access/Disclosure,Email,No
,False,"CROSSROADS TECHNOLOGIES, INC.",PA,897.0,2020,Hacking/IT Incident,Network Server,Yes
,False,UNIVERSITY OF MINNESOTA PHYSICIANS,MN,310666.0,2020,Hacking/IT Incident,Email,No
,False,MID-DELAWARE IMAGING,DE,77110.0,2020,Unauthorized Access/Disclosure,Network Server,No
,False,"CONFIDIO, LLC",MD,14016.0,2020,Hacking/IT Incident,Email,Yes
,False,AFFORDACARE URGENT CARE CLINICS,TX,57411.0,2020,Hacking/IT Incident,Network Server,No
,False,WASHINGTON UNIVERSITY SCHOOL OF MEDICINE,MO,14795.0,2020,Hacking/IT Incident,Email,No
,False,UNIVERSITY OF UTAH,UT,5096.0,2020,Hacking/IT Incident,Email,No
,False,"CHILD, FAMILY AND COMMUNITY SERVICES, INC.",CA,1658.0,2020,Theft,Physical Device (Workstation/Laptop),No
,False,"NEW JERSEY UROLOGY, LLC",NJ,3000.0,2020,Hacking/IT Incident,Email,No
,False,"DOCTORS HEALTHCARE PLANS, INC.",FL,500.0,2020,Hacking/IT Incident,Email,No
,False,ANDREWS BRACES,NV,16622.0,2020,Hacking/IT Incident,Network Server,No
,False,"HEALTHCARE RESOURCE GROUP, INC.",WA,5387.0,2020,Hacking/IT Incident,Email,Yes
,False,"COLORADO DEPARTMENT OF HUMAN SERVICES, OFFICE OF BEHAVIORAL HEALTH",CO,8132.0,2020,Unauthorized Access/Disclosure,Network Server,No
,False,EVERSANA,WI,5000.0,2020,Hacking/IT Incident,Email,No
,False,SAINT FRANCIS MINISTRIES,KS,3680.0,2020,Hacking/IT Incident,Email,No
,False,ARIZONA ENDOCRINOLOGY CENTER,AZ,74122.0,2020,Unauthorized Access/Disclosure,Electronic Medical Record (EMR),No
,False,CORPUS CHRISTI REHABILITATION HOSPITAL,TX,507.0,2020,Hacking/IT Incident,Email,No
,False,"BEACON HEALTH OPTIONS, INC.",MA,6723.0,2020,Loss,Other (Cloud/Portable Media),Yes
,False,"BRANDYWINE COUNSELING & COMMUNITY SERVICES, INC",DE,11852.0,2020,Hacking/IT Incident,Network Server,No
,False,REHABILITATION HOSPITAL OF SOUTHERN NEW MEXICO,NM,1843.0,2020,Hacking/IT Incident,Email,No
,False,UPMC ALTOONA REGIONAL HEALTH SERVICES,PA,13911.0,2020,Hacking/IT Incident,Email,No
,False,DOCTORS COMMUNITY MEDICAL CENTER,MD,18481.0,2020,Hacking/IT Incident,Email,No
,False,HARTFORD HEALTHCARE,CT,2651.0,2020,Hacking/IT Incident,Email,No
,False,MEDICA HEALTH PLANS,MN,1710.0,2020,Unauthorized Access/Disclosure,Paper Records,Yes
,False,MEDICA INSURANCE COMPANY,MN,802.0,2020,Unauthorized Access/Disclosure,Paper Records,Yes
,False,ADVOCATE AURORA HEALTH,WI,27137.0,2020,Hacking/IT Incident,Email,No
,False,JOHN A. GRIMALDI DO INC,CA,911.0,2020,Unauthorized Access/Disclosure,Physical Device (Workstation/Laptop),No
,False,HEBREW HOME OF GREATER WASHINGTON,MD,5693.0,2020,Hacking/IT Incident,Email,No
,False,BEAUMONT HEALTH,MI,112211.0,2020,Hacking/IT Incident,Email,No
050257,True,"GOOD SAMARITAN HOSPITAL, INC.",CA,233835.0,2020,Hacking/IT Incident,Email,No
450358,True,HOUSTON METHODIST HOSPITAL,TX,1987.0,2020,Theft,Other (Cloud/Portable Media),No
,False,"PSYCHIATRIC ASSOCIATES OF NORTH CAROLINA, PROFESSIONAL ASSOCIATION",NC,1081.0,2020,Unauthorized Access/Disclosure,Email,No
,False,AGILITY CENTER ORTHOPEDICS,AR,13968.0,2020,Hacking/IT Incident,Email,No
,False,ASCENSION EASTWOOD CLINICS,MI,999.0,2020,Unauthorized Access/Disclosure,Email,No
,False,UNITED CEREBRAL PALSY HEARTLAND,MO,576.0,2020,Hacking/IT Incident,Email,No
,False,DANIEL BENDETOWICZ MD PA,FL,3314.0,2020,Hacking/IT Incident,Network Server,No
,False,CUSTOMIZED COMPUTER SOFTWARE,TX,500.0,2020,Hacking/IT Incident,Physical Device (Workstation/Laptop),Yes
,False,SHANDS LAKE SHORE REGIONAL MEDICAL CENTER,FL,651.0,2020,Unauthorized Access/Disclosure,Paper Records,Yes
,False,TENNOVA HEALTHCARE HARTON,TN,1070.0,2020,Unauthorized Access/Disclosure,Paper Records,Yes
260119,True,POPLAR BLUFF REGIONAL MEDICAL CENTER,MO,1619.0,2020,Unauthorized Access/Disclosure,Paper Records,Yes
,False,BAYFRONT HEALTH PORT CHARLOTTE,FL,1162.0,2020,Unauthorized Access/Disclosure,Paper Records,Yes
,False,MOSES TAYLOR HOSPITAL,PA,1905.0,2020,Unauthorized Access/Disclosure,Paper Records,Yes
,False,MERIDIAN HEALTH SERVICES CORP.,IN,111372.0,2020,Hacking/IT Incident,Email,No
,False,CITY OF DETROIT HEALTH DEPARTMENT,MI,1945.0,2020,Unauthorized Access/Disclosure,Network Server,No
390137,True,WILKES-BARRE GENERAL HOSPITAL,PA,518.0,2020,Unauthorized Access/Disclosure,Paper Records,Yes
,False,STAMFORD HEALTH,CT,1255.0,2020,Unauthorized Access/Disclosure,Email,No
,False,LISA BURKETT DDS MS,TX,818.0,2020,Unauthorized Access/Disclosure,Email,No
,False,SAINT FRANCIS HEALTHCARE PARTNERS,CT,38529.0,2020,Hacking/IT Incident,Email,Yes
143300,True,ANN & ROBERT H. LURIE CHILDREN'S HOSPITAL OF CHICAGO,IL,4824.0,2020,Unauthorized Access/Disclosure,Electronic Medical Record (EMR),No
,False,"MANAGEMENT AND NETWORK SERVICES, LLC",OH,30132.0,2020,Hacking/IT Incident,Email,Yes
,False,BJC HEALTH SYSTEM,MO,287876.0,2020,Hacking/IT Incident,Email,Yes
280013,True,THE NEBRASKA MEDICAL CENTER,NE,1311.0,2020,Unauthorized Access/Disclosure,Electronic Medical Record (EMR),No
,False,"MIDMARK RTLS SOLUTIONS, INC.",MI,7422.0,2020,Hacking/IT Incident,Network Server,Yes
,False,MOORESTOWN VISITING NURSE ASSOCIATION,NJ,26465.0,2020,Hacking/IT Incident,Network Server,No
,False,DISTRICT MEDICAL GROUP,AZ,10190.0,2020,Hacking/IT Incident,Email,No
360125,True,ASHTABULA COUNTY MEDICAL CENTER,OH,3683.0,2020,Unauthorized Access/Disclosure,Network Server,No
,False,SANTA ROSA & ROHNERT PARK ORAL SURGERY,CA,5357.0,2020,Unauthorized Access/Disclosure,Email,No
241356,True,MILLE LACS HEALTH SYSTEM,MN,10630.0,2020,Hacking/IT Incident,Email,No
,False,"ALEXANDER CHUN, MD, PLLC",NY,595.0,2020,Improper Disposal,Paper Records,No
,False,INFOR-MED MEDICAL INFORMATION SYSTEMS INC.,CA,3728.0,2020,Unauthorized Access/Disclosure,Email,Yes
,False,"MAT-SU SURGICAL ASSOCIATES, APC",AK,13146.0,2020,Hacking/IT Incident,Network Server,No
,False,"PSYGENICS, INC.",MI,614.0,2020,Unauthorized Access/Disclosure,Email,Yes
390270,True,GEISINGER WYOMING VALLEY MEDICAL CENTER,PA,805.0,2020,Unauthorized Access/Disclosure,Electronic Medical Record (EMR),No
,False,WOODLAWN DENTAL CENTER,OH,14419.0,2020,Hacking/IT Incident,Network Server,No
,False,EVERETT & HURITE OPHTHALMIC ASSOCIATION,PA,34113.0,2020,Hacking/IT Incident,Email,No
,False,KAISER FOUNDATION HEALTH PLAN OF THE MID-ATLANTIC STATES,MD,2756.0,2020,Unauthorized Access/Disclosure,Electronic Medical Record (EMR),No
,False,"MEDICLAIM, LLC",MI,14931.0,2020,Hacking/IT Incident,Network Server,Yes
,False,RENEE APPLEBAUM PHD PC,MI,3800.0,2020,Hacking/IT Incident,Network Server,Yes
,False,"SOUTH BEND MEDICAL FOUNDATION, INC.",IN,500.0,2020,Improper Disposal,Paper Records,Yes
,False,"BEACON HEALTH SYSTEMS, INC.",IN,900.0,2020,Improper Disposal,Paper Records,Yes
150012,True,"SAINT JOSEPH REGIONAL MEDICAL CENTER, INC.",IN,1000.0,2020,Improper Disposal,Paper Records,Yes
,False,"ELKHART EMERGENCY PHYSICIANS, INC .",IN,550000.0,2020,Improper Disposal,Paper Records,Yes
,False,"ALLIED PHYSICIANS OF MICHIANA, LLC",IN,976.0,2020,Improper Disposal,Paper Records,Yes
,False,"NEW AVENUES, INC.",IN,1000.0,2020,Improper Disposal,Paper Records,Yes
,False,"MICHIANA HEMATOLOGY ONCOLOGY, PC",IN,500.0,2020,Improper Disposal,Paper Records,Yes
,False,CATHOLIC CHARITIES DIOCESE OF SAN DIEGO,CA,36205.0,2020,Hacking/IT Incident,Network Server,Yes
,False,RIDGEVIEW INSTITUTE - MONROE,GA,1853.0,2020,Unauthorized Access/Disclosure,Email,No
,False,"HANGER PROSTHETICS & ORTHOTICS, INC. D/B/A HANGER CLINIC",TX,6033.0,2020,Unauthorized Access/Disclosure,Paper Records,No
,False,SANITAS DENTAL MANAGEMENT,FL,1310.0,2020,Loss,Network Server,No
,False,CITY OF PHILADELPHIA,PA,233543.0,2020,Hacking/IT Incident,Email,No
,False,HEALTHY CONNECTIONS INC,AR,3565.0,2020,Unauthorized Access/Disclosure,Email,No
,False,ROCHESTER REGIONAL HEALTH,NY,1945.0,2020,Hacking/IT Incident,Email,No
,False,"ALLERGY & ASTHMA MEDICAL GROUP OF THE BAY AREA, INC.",CA,1894.0,2020,Theft,Physical Device (Workstation/Laptop),No
,False,"JDA EHEALTH SYSTEMS, INC.",IL,917.0,2020,Unauthorized Access/Disclosure,Paper Records,Yes
,False,"ANDREW DANG, DDS",CA,974.0,2020,Theft,Physical Device (Workstation/Laptop),No
,False,KENTUCKIANA REGIONAL PLANNING AND DEVELOPMENT AGENCY,KY,3663.0,2020,Hacking/IT Incident,Email,No
,False,YALE NEW HAVEN HEALTH SERVICES,CT,506.0,2020,Unauthorized Access/Disclosure,Electronic Medical Record (EMR),No
,False,DANUBE RIVER HOLDINGS LLC DBA RIVERPOINTE POST ACUTE,CA,633.0,2020,Loss,Other (Cloud/Portable Media),No
,False,UNIVERSITY OF UTAH,UT,1909.0,2020,Hacking/IT Incident,Email,No
061307,True,RANGELY DISTRICT HOSPITAL,CO,6339.0,2020,Hacking/IT Incident,Network Server,No
260141,True,UNIVERSITY OF MISSOURI HEALTH CARE,MO,5074.0,2020,Hacking/IT Incident,Email,No
,False,"AXIS NEUROMONITORING, INC., D/B/A APEX IONM SOLUTIONS",TX,1876.0,2020,Hacking/IT Incident,Email,Yes
,False,CANO HEALTH,FL,28268.0,2020,Hacking/IT Incident,Email,No
,False,UF HEALTH JACKSONVILLE,FL,54002.0,2020,Hacking/IT Incident,Email,Yes
,False,UF HEALTH SHANDS,FL,13146.0,2020,Hacking/IT Incident,Email,Yes
,False,UNIVERSITY OF FLORIDA,FL,9182.0,2020,Hacking/IT Incident,Email,Yes
,False,"ANIL MEHTA, MD, INC.",CA,846.0,2020,Theft,Physical Device (Workstation/Laptop),No
,False,HEALTHCARE FISCAL MANAGEMENT INC.,NC,130573.0,2020,Hacking/IT Incident,Network Server,Yes
,False,INTEGRA MANAGED CARE,NY,644.0,2020,Unauthorized Access/Disclosure,Paper Records,Yes
,False,MAGELLAN COMPLETE CARE OF FLORIDA,FL,76236.0,2020,Hacking/IT Incident,Network Server,No
,False,MAGELLAN RX PHARMACY,MD,33040.0,2020,Hacking/IT Incident,Network Server,No
,False,MAGELLAN HEALTHCARE,MD,50410.0,2020,Hacking/IT Incident,Network Server,Yes
,False,MERIT HEALTH INSURANCE COMPANY,IL,102748.0,2020,Hacking/IT Incident,Network Server,No
,False,NATIONAL IMAGING ASSOCIATES,MD,22560.0,2020,Hacking/IT Incident,Network Server,Yes
,False,MAGELLAN RX MANAGEMENT,AZ,314704.0,2020,Hacking/IT Incident,Network Server,Yes
,False,MAGELLAN HEALTH INC.,AZ,1013956.0,2020,Hacking/IT Incident,Email,No
,False,"SUNRISE TREATMENT CENTER,LLC",OH,3660.0,2020,Hacking/IT Incident,Email,No
,False,"CHOICE HEALTH MANAGEMENT SERVICES, LLC",NC,8692.0,2020,Hacking/IT Incident,Email,Yes
,False,"MAGELLAN COMPLETE CARE OF VIRGINIA, LLC",MD,3568.0,2020,Hacking/IT Incident,Network Server,No
,False,LEGACY COMMUNITY HEALTH SERVICES,TX,19000.0,2020,Hacking/IT Incident,Email,No
,False,THE WALDORF CENTER,OR,608.0,2020,Hacking/IT Incident,Email,No
,False,PROVIDENCE HEALTH PLAN,OR,49511.0,2020,Unauthorized Access/Disclosure,Network Server,Yes
,False,FRANK D. LANTERMAN REGIONAL CENTER,CA,3489.0,2020,Hacking/IT Incident,Network Server,Yes
,False,SENIOR WHOLE HEALTH OF NEW YORK,NY,3853.0,2020,Hacking/IT Incident,Network Server,No
,False,"ORAL AND MAXILLOFACIAL SURGERY ASSOCIATES, P.A.",SC,35498.0,2020,Hacking/IT Incident,Network Server,No
,False,THE KROGER COMPANY,OH,132258.0,2020,Unauthorized Access/Disclosure,Network Server,No
,False,"ABA PATHWAYS, LLC",MI,775.0,2020,Hacking/IT Incident,Network Server,Yes
,False,NORTH SHORE PAIN MANAGEMENT,MA,12472.0,2020,Hacking/IT Incident,Network Server,No
,False,AMERICAN MEDICAL TECHNOLOGIES,CA,47767.0,2020,Hacking/IT Incident,Email,No
,False,LEDGER DENTISTRY,FL,538.0,2020,Unauthorized Access/Disclosure,Email,No
,False,CHI ST. LUKE'S HEALTH MEMORIAL,TX,1045.0,2020,Hacking/IT Incident,Email,No
,False,"CODEMETRO, INC.",CA,62807.0,2020,Hacking/IT Incident,Network Server,Yes
,False,HUMAN AFFAIRS INTERNATIONAL OF CALIFORNIA,CA,15843.0,2020,Hacking/IT Incident,Network Server,Yes
,False,"FRIENDSHIP COMMUNITY CARE, INC.",AR,10845.0,2020,Unauthorized Access/Disclosure,Email,No
,False,"IOWA TOTAL CARE, INC.",IA,11581.0,2020,Unauthorized Access/Disclosure,Email,No
,False,"GRACE & PORTA BENEFITS, INC.",MI,572.0,2020,Hacking/IT Incident,Email,No
,False,"EYE PHYSICIANS OF PINELLAS, PA DBA THE EYE INSTITUTE OF WEST FLORIDA",FL,1650.0,2020,Unauthorized Access/Disclosure,Email,No
,False,MORNEAU SHEPELL LIMITED,IL,1162.0,2020,Hacking/IT Incident,Email,No
,False,"SAGE BEHAVIOR SERVICES, INC",CA,763.0,2020,Hacking/IT Incident,Network Server,Yes
,False,"THE STAYWELL COMPANY, LLC",PA,971.0,2020,Hacking/IT Incident,Network Server,Yes
,False,ROSE DENTAL,TX,2835.0,2020,Hacking/IT Incident,Email,No
,False,"BENEFIT RECOVERY SPECIALISTS, INC.",TX,447354.0,2020,Hacking/IT Incident,Network Server,Yes
,False,SALINAS VALLEY MEMORIAL HEALTHCARE SYSTEM,CA,2384.0,2020,Hacking/IT Incident,Email,No
,False,"PREMIER KIDS CARE, INC.",GA,6265.0,2020,Hacking/IT Incident,Network Server,No
,False,M&T BANK,NY,5878.0,2020,Unauthorized Access/Disclosure,Email,Yes
,False,MAXWELL AESTHETICS,TN,656.0,2020,Hacking/IT Incident,Physical Device (Workstation/Laptop),No
,False,"WELLCARE HEALTH PLANS, INC.",FL,2794.0,2020,Unauthorized Access/Disclosure,Other (Cloud/Portable Media),Yes
,False,CARTER AND HOFF DENTISTRY,NC,7000.0,2020,Hacking/IT Incident,Network Server,No
,False,FLORIDA ORTHOPAEDIC INSTITUTE,FL,651527.0,2020,Hacking/IT Incident,Network Server,No
,False,INDEPENDENCE BLUE CROSS,PA,2393.0,2020,Unauthorized Access/Disclosure,Network Server,Yes
,False,CENTRAL CALIFORNIA ALLIANCE FOR HEALTH,CA,35940.0,2020,Hacking/IT Incident,Email,No
,False,FOUR WINDS BEHAVIORAL HEALTH,NM,500.0,2020,Hacking/IT Incident,Email,No
,False,"ACCU COPY OF GREENVILLE, INCORPORATED",NC,21800.0,2020,Hacking/IT Incident,Network Server,Yes
,False,"HUTTON & HALE, D.D.S.",CA,8394.0,2020,Hacking/IT Incident,Network Server,No
,False,"TAK-MING KO, M.D., LLC",AK,1158.0,2020,Hacking/IT Incident,Electronic Medical Record (EMR),Yes
,False,"GREENWAY HEALTH, LLC",FL,2490.0,2020,Hacking/IT Incident,Network Server,Yes
,False,"JIM DINH, DC",TX,500.0,2020,Theft,Physical Device (Workstation/Laptop),Yes
,False,CITY DENTAL,CA,900.0,2020,Hacking/IT Incident,Network Server,No
,False,"COALINGA VALLEY HEALTH CLINICS, INC.",CA,1463.0,2020,Theft,Paper Records,No
,False,WISCONSIN DEPARTMENT OF CORRECTIONS,WI,1853.0,2020,Unauthorized Access/Disclosure,Network Server,No
,False,SRPMIC EMPLOYEE HEALTH PLAN,AZ,1708.0,2020,Hacking/IT Incident,Network Server,Yes
,False,"THE PUERTO RICAN ORGANIZATION TO MOTIVATE, ENLIGHTEN, AND SERVE ADDICTS, INC. (PROMESA)",NY,3129.0,2020,Hacking/IT Incident,Email,No
,False,"HEARTLAND COUNSELING SERVICES, INC.",NE,723.0,2020,Unauthorized Access/Disclosure,Email,No
,False,WELLCARE HEALTH PLANS,FL,50440.0,2020,Unauthorized Access/Disclosure,Paper Records,No
,False,"US HEALTHCENTER, INC.",WI,1441.0,2020,Hacking/IT Incident,Email,Yes
,False,ALLERGY AND ASTHMA CLINIC OF FORT WORTH,TX,69777.0,2020,Hacking/IT Incident,Network Server,No
,False,MARYLAND HEALTH ENTERPRISES DBA LORIEN HEALTH SERVICES,MD,537.0,2020,Hacking/IT Incident,Network Server,No
,False,"BRANDYWINE COUNSELING & COMMUNITY SERVICES, INC",DE,4139.0,2020,Unauthorized Access/Disclosure,Paper Records,No
,False,NCP HEALTHCARE MANAGEMENT COMPANY,MA,78070.0,2020,Hacking/IT Incident,Email,Yes
,False,HIGHPOINT FOOT & ANKLE CENTER,PA,25554.0,2020,Hacking/IT Incident,Network Server,No
,False,MOUNTAIN PEAKS FAMILY PRACTICE,UT,1505.0,2020,Unauthorized Access/Disclosure,Paper Records,No
,False,UNIVERSITY OF UTAH,UT,6606.0,2020,Hacking/IT Incident,Email,No
,False,"UNIVERSITY OF MARYLAND FACULTY PHYSICIANS, INC. / UNIVERSITY OF MARYLAND MEDICAL CENTER",MD,33896.0,2020,Hacking/IT Incident,Email,No
,False,WALGREEN CO.,IL,80176.0,2020,Theft,Paper Records,No
,False,CVS PHARMACY,RI,26234.0,2020,Loss,Paper Records,No
670054,True,FOUNDATION SURGICAL HOSPITAL OF SAN ANTONIO,TX,1237.0,2020,Unauthorized Access/Disclosure,Other (Cloud/Portable Media),No
,False,TOWN OF BABYLON,NY,1974.0,2020,Hacking/IT Incident,Email,No
,False,"SUPERVALU PHARMACIES, INC.",MN,1593.0,2020,Theft,Paper Records,No
,False,"BEHAVIORAL HEALTH NETWORK, INC.",MA,129571.0,2020,Hacking/IT Incident,Network Server,No
,False,OWENS EAR CENTER,TX,19908.0,2020,Hacking/IT Incident,Network Server,No
063301,True,CHILDREN'S HOSPITAL COLORADO,CO,2553.0,2020,Hacking/IT Incident,Email,No
,False,BEAUMONT HEALTH,MI,6073.0,2020,Hacking/IT Incident,Network Server,No
,False,AETNA ACE,CT,1084.0,2020,Hacking/IT Incident,Email,Yes
,False,RITE AID CORPORATION,PA,13600.0,2020,Theft,Paper Records,No
,False,BERKSHIRE FARM CENTER AND SERVICES FOR YOUTH,NY,4950.0,2020,Hacking/IT Incident,Network Server,No
,False,ELKINS REHABILITATION & CARE CENTER,WV,3127.0,2020,Hacking/IT Incident,Email,No
,False,FREEPORT REGIONAL HEALTH CARE FOUNDATION,IL,80795.0,2020,Hacking/IT Incident,Email,No
,False,MUSKINGUM VALLEY HEALTH CENTERS,OH,7447.0,2020,Hacking/IT Incident,Electronic Medical Record (EMR),No
393307,True,ST. CHRISTOPHER'S HOSPITAL FOR CHILDREN,PA,7557.0,2020,Unauthorized Access/Disclosure,Email,No
,False,"ST. PETER'S HEALTH PARTNERS MEDICAL ASSOCIATES, P.C.",NY,2333.0,2020,Loss,Other (Cloud/Portable Media),Yes
,False,COMANCHE COUNTY HOSPITAL AUTHORITY,OK,1112.0,2020,Hacking/IT Incident,Email,Yes
,False,HOAG CLINIC,CA,738.0,2020,Theft,Physical Device (Workstation/Laptop),No
,False,NORTHERN LIGHT HEALTH,ME,304399.0,2020,Hacking/IT Incident,Network Server,Yes
,False,SUMMIT MEDICAL ASSOCIATES,IN,7264.0,2020,Hacking/IT Incident,Network Server,No
,False,"DYNASPLINT SYSTEMS, INC.",MD,102800.0,2020,Hacking/IT Incident,Email,No
,False,"THE CONNECTION, INC.",CT,3736.0,2020,Hacking/IT Incident,Email,No
041323,True,ASHLEY COUNTY MEDICAL CENTER,AR,772.0,2020,Unauthorized Access/Disclosure,Electronic Medical Record (EMR),No
,False,"BENESYS, INC.",MI,1070.0,2020,Unauthorized Access/Disclosure,Email,Yes
,False,"THE IOWA CLINIC, P.C.",IA,914.0,2020,Unauthorized Access/Disclosure,Paper Records,No
,False,IDAHO STATE UNIVERSITY DENTAL HYGIENE,ID,543.0,2020,Unauthorized Access/Disclosure,Email,No
,False,UT SOUTHWESTERN MEDICAL CENTER,TX,15535.0,2020,Unauthorized Access/Disclosure,Other (Cloud/Portable Media),No
,False,UNIVERSITY OF FLORIDA HEALTH,FL,135959.0,2020,Hacking/IT Incident,Network Server,Yes
,False,ADVOCATE AURORA HEALTH,WI,1907.0,2020,Unauthorized Access/Disclosure,Paper Records,Yes
,False,"D&S RESIDENTIAL HOLDINGS, LLC",TX,2102.0,2020,Hacking/IT Incident,Email,No
,False,SELECTED BENEFITS,PA,8100.0,2020,Hacking/IT Incident,Email,Yes
,False,PROSPECT MEDICAL HOLDINGS (CROZER-KEYSTONE HEALTH SYSTEM),PA,177023.0,2020,Hacking/IT Incident,Network Server,No
453300,True,COOK CHILDREN'S MEDICAL CENTER,TX,2827.0,2020,Loss,Other (Cloud/Portable Media),No
,False,RICHARD J. CARON FOUNDATION,PA,22718.0,2020,Hacking/IT Incident,Network Server,Yes
,False,IMPERIUM HEALTH LLC,KY,139114.0,2020,Hacking/IT Incident,Email,Yes
,False,ARNOT HEALTH,NY,1164.0,2020,Hacking/IT Incident,Network Server,Yes
,False,"HAMILTON HEALTH CENTER, INC.",PA,10393.0,2020,Hacking/IT Incident,Email,No
,False,HUMANA INC,KY,564.0,2020,Hacking/IT Incident,Other (Cloud/Portable Media),No
,False,SAINT LUKE'S FOUNDATION,MO,360212.0,2020,Hacking/IT Incident,Network Server,Yes
,False,WASHINGTON STATE DEPARTMENT OF SOCIAL AND HEALTH SERVICES,WA,648.0,2020,Unauthorized Access/Disclosure,Email,No
,False,HEALTHFIRST BLUEGRASS,KY,971.0,2020,Hacking/IT Incident,Email,No
,False,ELWYN,PA,16579.0,2020,Hacking/IT Incident,Email,No
,False,MULTICARE HEALTH SYSTEM,WA,179189.0,2020,Hacking/IT Incident,Network Server,Yes
,False,"CONSULTANT ANESTHESIOLOGISTS, INC.",OH,740.0,2020,Theft,Paper Records,No
,False,CITY OF LAFAYETTE,CO,9149.0,2020,Hacking/IT Incident,Network Server,No
,False,WAYSTAR HEALTH,KY,1021.0,2020,Hacking/IT Incident,Network Server,Yes
,False,"ORTHOSC, LLC",SC,3027.0,2020,Hacking/IT Incident,Email,No
,False,GLACIER SURGICAL ASSOCIATES,AK,1538.0,2020,Hacking/IT Incident,Network Server,No
,False,MAIN LINE HEALTH,PA,60595.0,2020,Hacking/IT Incident,Network Server,Yes
,False,ASSURED IMAGING,AZ,244813.0,2020,Hacking/IT Incident,Network Server,No
,False,"UTAH PATHOLOGY SERVICES, INC.",UT,148594.0,2020,Hacking/IT Incident,Email,No
,False,NORTHWESTERN MEMORIAL HEALTHCARE,IL,55983.0,2020,Hacking/IT Incident,Network Server,Yes
,False,BEACON ORTHOPAEDICS & SPORTS MEDICINE,OH,2869.0,2020,Theft,Other (Cloud/Portable Media),No
,False,QUALITY OF LIFE MEDICAL AND RESEARCH CENTER,AZ,6000.0,2020,Hacking/IT Incident,Network Server,No
,False,ATRIUM HEALTH,NC,165000.0,2020,Hacking/IT Incident,Network Server,Yes
230038,True,SPECTRUM HEALTH,MI,52711.0,2020,Hacking/IT Incident,Network Server,Yes
,False,"THE  BATON ROUGE CLINIC, A MEDICAL CORPORATION",LA,308169.0,2020,Hacking/IT Incident,Network Server,No
,False,H. LEE MOFFITT CANCER CENTER & RESEARCH INSTITUTE,FL,4056.0,2020,Theft,Paper Records,No
,False,ROPER ST. FRANCIS HEALTHCARE,SC,6000.0,2020,Hacking/IT Incident,Email,No
,False,NORTHSHORE UNIVERSITY HEALTHSYSTEM,IL,348746.0,2020,Hacking/IT Incident,Network Server,Yes
,False,ERLANGER HEALTH SYSTEM,TN,4938.0,2020,Loss,Other (Cloud/Portable Media),Yes
,False,ADVOCATE AURORA HEALTH,WI,2979.0,2020,Unauthorized Access/Disclosure,Paper Records,No
240106,True,REGIONS HOSPITAL,MN,52795.0,2020,Hacking/IT Incident,Network Server,Yes
,False,"SERVICIOS DE SALUD PRIMARIOS DE BARCELONETA, INC.",Unknown,60200.0,2020,Hacking/IT Incident,Email,No
371334,True,CARNEGIE TRI-COUNTY MUNICIPAL HOSPITAL,OK,1076.0,2020,Improper Disposal,Paper Records,No
,False,"STARLING PHYSICIANS, PC",CT,7777.0,2020,Hacking/IT Incident,Email,No
500005,True,VIRGINIA MASON MEDICAL CENTER,WA,244761.0,2020,Hacking/IT Incident,Network Server,Yes
,False,UNIVERSITY OF KENTUCKY HEALTHCARE,KY,163774.0,2020,Hacking/IT Incident,Network Server,Yes
,False,LYCOMING-CLINTON JOINDER BOARD PROGRAMS,PA,3905.0,2020,Hacking/IT Incident,Email,Yes
,False,ROPER ST. FRANCIS HEALTHCARE,SC,92963.0,2020,Hacking/IT Incident,Network Server,No
,False,THE GUTHRIE CLINIC,PA,92064.0,2020,Hacking/IT Incident,Network Server,Yes
,False,BAYLOR COLLEGE OF MEDICINE,TX,4586.0,2020,Hacking/IT Incident,Network Server,Yes
,False,INOVA HEALTH SYSTEM,VA,1045270.0,2020,Hacking/IT Incident,Network Server,No
,False,DEFENSE HEALTH HEADQUARTERS,VA,1620.0,2020,Hacking/IT Incident,Network Server,No
,False,MENTAL HEALTH CENTER OF BOULDER COUNTY INC. DBA MENTAL HEALTH PARTNERS,CO,2650.0,2020,Hacking/IT Incident,Email,No
,False,TOTAL UROLOGY CARE OF NEW YORK PLLC,NY,17000.0,2020,Unauthorized Access/Disclosure,Electronic Medical Record (EMR),No
,False,ENLOE MEDICAL CENTER,CA,33575.0,2020,Hacking/IT Incident,Network Server,Yes
,False,SCL HEALTH – COLORADO,CO,343493.0,2020,Hacking/IT Incident,Network Server,Yes
,False,SCL HEALTH – KANSAS,CO,3845.0,2020,Hacking/IT Incident,Network Server,Yes
,False,SCL HEALTH – MONTANA,CO,93642.0,2020,Hacking/IT Incident,Network Server,Yes
,False,"AUGUSTA HEALTH CARE, INC. D/B/A AUGUSTA HEALTH",VA,3061.0,2020,Hacking/IT Incident,Network Server,Yes
,False,ALLINA HEALTH,MN,199389.0,2020,Hacking/IT Incident,Network Server,Yes
,False,"HEBREW SENIORLIFE, INC.",MA,27244.0,2020,Hacking/IT Incident,Network Server,Yes
,False,COMMUNITY MEDICAL CENTERS,CA,43667.0,2020,Hacking/IT Incident,Network Server,Yes
,False,RIVERSIDE HEALTH SYSTEM,VA,54151.0,2020,Hacking/IT Incident,Network Server,Yes
,False,"SPECIALIZED ALTERNATIVES FOR FAMILIES & YOUTH OF AMERICA, INC.",OH,58123.0,2020,Hacking/IT Incident,Email,Yes
,False,ADVENTIST HEALTHCARE,MD,13041.0,2020,Hacking/IT Incident,Network Server,Yes
,False,"SOUTHERN INDIAN HEALTH COUNCIL, INC.",CA,727.0,2020,Hacking/IT Incident,Email,No
,False,MEDICAL UNIVERSITY OF SOUTH CAROLINA,SC,54869.0,2020,Hacking/IT Incident,Network Server,Yes
,False,"COMMUNITY HEALTH NETWORK, INC.",IN,81118.0,2020,Hacking/IT Incident,Network Server,Yes
,False,CHILDREN'S MINNESOTA,MN,160268.0,2020,Hacking/IT Incident,Network Server,Yes
,False,"PIEDMONT HEALTHCARE, INC.",GA,111588.0,2020,Hacking/IT Incident,Network Server,Yes
,False,GEORGE WEST MENTAL HEALTH FOUNDATION DBA SKYLAND TRAIL,GA,2724.0,2020,Hacking/IT Incident,Network Server,No
,False,LYNN COMMUNITY HEALTH CENTER,MA,4271.0,2020,Hacking/IT Incident,Email,No
,False,MOUNT SINAI HEALTH SYSTEM,NY,87535.0,2020,Hacking/IT Incident,Network Server,Yes
,False,"HOSPICE & PALLIATIVE CARE BUFFALO, INC.",NY,47272.0,2020,Hacking/IT Incident,Network Server,Yes
,False,IOWA HEALTH SYSTEM DBA UNITYPOINT HEALTH AFFILIATED COVERED ENTITY,IA,27410.0,2020,Hacking/IT Incident,Network Server,Yes
,False,MEMORIAL SLOAN KETTERING CANCER CENTER,NY,73536.0,2020,Hacking/IT Incident,Network Server,Yes
,False,UNIVERSITY OF TENNESSEE MEDICAL CENTER,TN,234954.0,2020,Hacking/IT Incident,Network Server,Yes
,False,TRINITY HEALTH,MI,3320726.0,2020,Hacking/IT Incident,Network Server,Yes
,False,LIFE ENRICHING COMMUNITIES,OH,2345.0,2020,Hacking/IT Incident,Network Server,Yes
,False,DEVEREUX ADVANCED BEHAVIORAL HEALTH,PA,1758.0,2020,Hacking/IT Incident,Network Server,Yes
,False,JEWISH HOME LIFECARE D/B/A THE NEW JEWISH HOME,NY,5242.0,2020,Hacking/IT Incident,Network Server,Yes
,False,JOSLIN DIABETES CENTER,MA,71160.0,2020,Hacking/IT Incident,Network Server,Yes
330059,True,MONTEFIORE MEDICAL CENTER,NY,76068.0,2020,Hacking/IT Incident,Network Server,Yes
,False,BLUEGRASS CARE NAVIGATORS,KY,2343.0,2020,Hacking/IT Incident,Network Server,Yes
,False,GILLETTE CHILDREN'S SPECIALTY HEALTHCARE,MN,1766.0,2020,Hacking/IT Incident,Network Server,Yes
,False,"SAMARITAN DAYTOP VILLAGE, INC.",NY,5890.0,2020,Hacking/IT Incident,Network Server,Yes
,False,JUNE E. NYLEN CANCER CENTER,IA,500.0,2020,Hacking/IT Incident,Network Server,No
,False,SAMARITAN HEALTHCARE & HOSPICE,NJ,3657.0,2020,Hacking/IT Incident,Network Server,Yes
,False,OUR LADY OF THE LAKE,LA,31166.0,2020,Hacking/IT Incident,Network Server,Yes
,False,PRELUDE BEHAVIORAL SERVICES,IA,699.0,2020,Hacking/IT Incident,Network Server,Yes
,False,STONY BROOK UNIVERSITY HOSPITAL,NY,175191.0,2020,Hacking/IT Incident,Network Server,Yes
,False,VETERANS HEALTH ADMINISTRATION,DC,44308.0,2020,Hacking/IT Incident,Network Server,No
,False,LEHIGH VALLEY HEALTH NETWORK,PA,81487.0,2020,Hacking/IT Incident,Network Server,Yes
,False,"UNIVERSITY HEALTH SYSTEMS OF EASTERN CAROLINA, INC. DBA VIDANT HEALTH",NC,77942.0,2020,Hacking/IT Incident,Network Server,Yes
,False,USA HEALTH,AL,52344.0,2020,Hacking/IT Incident,Network Server,Yes
300034,True,CATHOLIC MEDICAL CENTER,NH,18623.0,2020,Hacking/IT Incident,Network Server,Yes
,False,ROSWELL PARK COMPREHENSIVE CANCER CENTER,NY,149126.0,2020,Hacking/IT Incident,Network Server,Yes
453304,True,TEXAS CHILDREN'S HOSPITAL,TX,1987.0,2020,Hacking/IT Incident,Network Server,Yes
,False,THE CHRIST HOSPITAL HEALTH NETWORK,OH,183265.0,2020,Hacking/IT Incident,Network Server,Yes
073300,True,CONNECTICUT CHILDREN'S MEDICAL CENTER,CT,2633.0,2020,Hacking/IT Incident,Network Server,Yes
,False,"CHRISTIANA CARE HEALTH SERVICES, INC.",DE,1229.0,2020,Hacking/IT Incident,Network Server,Yes
,False,UMASS MEMORIAL MEDICAL CENTER,MA,87404.0,2020,Hacking/IT Incident,Network Server,Yes
,False,ALAMEDA HEALTH SYSTEM,CA,2691.0,2020,Hacking/IT Incident,Email,No
,False,"COMMUNITY SURGICAL SUPPLY OF TOMS RIVER, INC.",NJ,31550.0,2020,Hacking/IT Incident,Email,No
,False,CATHOLIC HEALTH SYSTEM,SC,61267.0,2020,Hacking/IT Incident,Network Server,Yes
,False,NUVANCE HEALTH,NY,314829.0,2020,Hacking/IT Incident,Network Server,Yes
,False,"PIEDMONT CANCER INSTITUTE, P.C.",GA,5226.0,2020,Hacking/IT Incident,Email,No
,False,ACCENTS ON HEALTH,CO,2000.0,2020,Hacking/IT Incident,Network Server,No
,False,SHELTERING ARMS PHYSICAL REHABILITATION CENTERS,VA,683.0,2020,Hacking/IT Incident,Network Server,Yes
,False,HM HEALTH SOLUTIONS,PA,1798.0,2020,Unauthorized Access/Disclosure,Paper Records,Yes
,False,"ORTHOATLANTA, LLC",GA,5600.0,2020,Hacking/IT Incident,Network Server,No
260141,True,UNIVERSITY OF MISSOURI HEALTH CARE,MO,189736.0,2020,Hacking/IT Incident,Email,No
330059,True,MONTEFIORE MEDICAL CENTER,NY,4004.0,2020,Unauthorized Access/Disclosure,Electronic Medical Record (EMR),No
,False,UCARE MINNESOTA,MN,4806.0,2020,Hacking/IT Incident,Email,No
,False,"POLLACK, BARBACCIA, & GUZMAN MD PC",NY,1135.0,2020,Theft,Paper Records,No
100007,True,ADVENTHEALTH ORLANDO,FL,1514.0,2020,Unauthorized Access/Disclosure,Paper Records,No
220100,True,SOUTH SHORE HOSPITAL,MA,74328.0,2020,Hacking/IT Incident,Network Server,Yes
,False,LIFETIME MIDDLETON LLC,WI,1900.0,2020,Theft,Electronic Medical Record (EMR),No
,False,MAGNOLIA PEDIATRICS,LA,12861.0,2020,Hacking/IT Incident,Network Server,No
,False,GEISINGER HEALTH,PA,717.0,2020,Unauthorized Access/Disclosure,Electronic Medical Record (EMR),No
230217,True,OAKLAWN HOSPITAL,MI,26861.0,2020,Hacking/IT Incident,Email,No
,False,LEGACY COMMUNITY HEALTH SERVICES,TX,228009.0,2020,Hacking/IT Incident,Email,No
,False,BURKE REHABILITATION HOSPITAL,NY,64840.0,2020,Hacking/IT Incident,Network Server,Yes
,False,SCOTTISH RITE FOR CHILDREN,TX,3414.0,2020,Hacking/IT Incident,Network Server,Yes
,False,MONO COUNTY,CA,2850.0,2020,Hacking/IT Incident,Electronic Medical Record (EMR),No
,False,"SEVEN COUNTIES SERVICES, INC.",KY,13375.0,2020,Hacking/IT Incident,Email,No
,False,"MEDSTAR HEALTH, INC.",MD,668.0,2020,Hacking/IT Incident,Network Server,Yes
,False,STARK SUMMIT AMBULANCE,OH,3700.0,2020,Hacking/IT Incident,Email,No
,False,CENTURY SPECIALTY SCRIPT,NY,17219.0,2020,Hacking/IT Incident,Email,No
,False,PREFERRED CARE HOME HEALTH SERVICES,FL,2374.0,2020,Hacking/IT Incident,Email,No
,False,EYEMED VISION CARE LLC,OH,1474000.0,2020,Hacking/IT Incident,Email,Yes
,False,VOXX INTERNATIONAL CORP.,FL,6034.0,2020,Hacking/IT Incident,Network Server,No
,False,"EXCALIBUR YOUTH SERVICES, LLC",SC,2851.0,2020,Hacking/IT Incident,Network Server,No
,False,UNIVERSITY MUSLIM MEDICAL ASSOCIATION,CA,563.0,2020,Unauthorized Access/Disclosure,Email,No
,False,"ALLIANCE SPINE AND PAIN MANAGEMENT, PLLC D/B/A FREEDOM SPINE & PAIN CENTER",TX,2235.0,2020,Hacking/IT Incident,Email,No
,False,OSWEGO HEALTH,NY,13619.0,2020,Hacking/IT Incident,Email,No
,False,WHITE PLAINS HOSPITAL,NY,7164.0,2020,Hacking/IT Incident,Network Server,Yes
,False,"SONOMA RECOVERY SERVICES, LLC D/B/A/ OLYMPIA HOUSE",CA,2527.0,2020,Hacking/IT Incident,Network Server,No
,False,NORTH MEMORIAL HEALTH,MN,21236.0,2020,Hacking/IT Incident,Network Server,Yes
,False,SISTERS OF CHARITY OF ST. AUGUSTINE HEALTH SYSTEM,OH,118874.0,2020,Hacking/IT Incident,Network Server,Yes
,False,PRESBYTERIAN HEALTHCARE SERVICES,NM,193223.0,2020,Hacking/IT Incident,Other (Cloud/Portable Media),Yes
,False,VIRGINIA CANCER INSTITUTE,VA,6258.0,2020,Hacking/IT Incident,Email,No
,False,"PRACTICE TRANSFORMATION SOLUTIONS, LLC",VA,1016.0,2020,Hacking/IT Incident,Email,Yes
,False,BEAUFORT MEMORIAL HOSPITAL,SC,12636.0,2020,Unauthorized Access/Disclosure,Paper Records,No
,False,PREMIER HEALTH PARTNERS,OH,254786.0,2020,Unauthorized Access/Disclosure,Email,No
,False,"ADULTS AND CHILDREN WITH LEARNING AND DEVELOPMENTAL DISABILITIES, INC.",NY,603.0,2020,Hacking/IT Incident,Network Server,Yes
,False,MAYO CLINIC,MN,1614.0,2020,Unauthorized Access/Disclosure,Electronic Medical Record (EMR),No
,False,BODY BY RAVI PLASTIC SURGERY AND AESTHETICS,TX,2618.0,2020,Hacking/IT Incident,Network Server,No
,False,ATLANTIC MEDICAL IMAGING,NJ,74877.0,2020,Hacking/IT Incident,Email,No
,False,THE OPPORTUNITY ALLIANCE,ME,4500.0,2020,Hacking/IT Incident,Network Server,Yes
,False,"CLINICAL & FORENSIC CONSULTATION, LLC D/B/A THRIVEWORKS BRISTOL, JOHNSON CITY, AND KNOXVILLE",TN,1360.0,2020,Unauthorized Access/Disclosure,Email,No
230207,True,MCLAREN OAKLAND,MI,2219.0,2020,Unauthorized Access/Disclosure,Network Server,No
,False,"MILESTONE ELECTRIC, INC.",TX,4973.0,2020,Hacking/IT Incident,Email,No
,False,CEDAR COUNTY IOWA,IA,1138.0,2020,Hacking/IT Incident,Email,No
,False,EINSTEIN HEALTHCARE NETWORK,PA,353616.0,2020,Hacking/IT Incident,Email,No
,False,"FROEDTERT & THE MEDICAL COLLEGE OF WISCONSIN COMMUNITY PHYSICIANS, INC.",WI,3074.0,2020,Hacking/IT Incident,Network Server,No
,False,GREENWICH HOSPITAL,CT,95000.0,2020,Hacking/IT Incident,Network Server,Yes
,False,GEORGIA DEPARTMENT OF HUMAN SERVICES,GA,45732.0,2020,Hacking/IT Incident,Email,No
,False,"THE MEDICAL COLLEGE OF WISCONSIN, INC.",WI,5655.0,2020,Hacking/IT Incident,Network Server,No
070007,True,LAWRENCE + MEMORIAL HOSPITAL,CT,21617.0,2020,Hacking/IT Incident,Network Server,Yes
,False,"HEALTH AND WELLNESS CLINIC, PLLC",WA,883.0,2020,Theft,Paper Records,No
,False,COAST DENTAL,FL,1700.0,2020,Theft,Other (Cloud/Portable Media),No
,False,"PRACTICE TRANSFORMATION SOLUTIONS, LLC",VA,1678.0,2020,Hacking/IT Incident,Email,Yes
,False,HEAVENLY HANDS FAMILY MEDICAL CLINIC,TX,1837.0,2020,Unauthorized Access/Disclosure,Electronic Medical Record (EMR),No
,False,"PASSAVANT MEMORIAL HOMES, INC.",PA,36000.0,2020,Hacking/IT Incident,Network Server,No
,False,BONNIE BRAE,NJ,884.0,2020,Hacking/IT Incident,Network Server,No
360197,True,MARY RUTAN HOSPITAL,OH,1676.0,2020,Unauthorized Access/Disclosure,Network Server,No
070006,True,STAMFORD HOSPITAL,CT,1050.0,2020,Hacking/IT Incident,Network Server,Yes
,False,WELLMED MEDICAL MANAGEMENT,TX,591.0,2020,Theft,Paper Records,No
,False,UNIVERSITY OF MICHIGAN/MICHIGAN MEDICINE,MI,1062.0,2020,Unauthorized Access/Disclosure,Email,No
,False,CENTER FOR AUTISM AND RELATED DISORDERS,CA,1440.0,2020,Hacking/IT Incident,Email,No
,False,"DJO, LLC",CA,3429.0,2020,Hacking/IT Incident,Email,Yes
,False,"BRYLIN HOSPITALS, INCORPORATED",NY,8000.0,2020,Hacking/IT Incident,Network Server,No
040039,True,ARKANSAS METHODIST MEDICAL CENTER,AR,4916.0,2020,Hacking/IT Incident,Network Server,Yes
,False,OSF HEALTHCARE SYSTEM,IL,94171.0,2020,Hacking/IT Incident,Network Server,Yes
,False,"ASCEND CLINICAL, LLC",CA,77443.0,2020,Hacking/IT Incident,Email,No
,False,GEISINGER,PA,86412.0,2020,Hacking/IT Incident,Network Server,Yes
,False,MOFFITT CANCER CENTER,FL,95695.0,2020,Hacking/IT Incident,Network Server,Yes
,False,ADVENTHEALTH,FL,315337.0,2020,Hacking/IT Incident,Network Server,Yes
,False,PROVIDER HEALTH SERVICES,LA,1700.0,2020,Hacking/IT Incident,Network Server,Yes
,False,"INTELLIRAD IMAGING, LLC",FL,10261.0,2020,Hacking/IT Incident,Electronic Medical Record (EMR),Yes
,False,PERRY COUNTY MEMORIAL HOSPITAL,MO,4538.0,2020,Hacking/IT Incident,Email,No
,False,"ARKANSAS OTOLARYNGOLOGY CENTER, PA",AR,12217.0,2020,Hacking/IT Incident,Email,No
,False,COMMUNITY CLINIC OF MAUI,HI,1784.0,2020,Unauthorized Access/Disclosure,Paper Records,No
,False,"CENTERSTONE OF INDIANA, INC.",IN,11638.0,2020,Hacking/IT Incident,Email,No
,False,LYCOMING-CLINTON JOINDER BOARD PROGRAMS,PA,14500.0,2020,Hacking/IT Incident,Email,Yes
,False,"THE BRIDGE, INC.",NY,16431.0,2020,Hacking/IT Incident,Email,No
,False,"CENTERSTONE OF TENNESSEE, INC.",TN,50965.0,2020,Hacking/IT Incident,Email,No
,False,ALLERGY & ASTHMA CENTER,TX,711.0,2020,Unauthorized Access/Disclosure,Email,No
,False,"NORTHWEST EYE SURGEONS, P.C. AND SIGHT PARTNERS LLC",WA,20838.0,2020,Hacking/IT Incident,Network Server,No
170104,True,ADVENTHEALTH SHAWNEE MISSION,KS,28766.0,2020,Hacking/IT Incident,Network Server,Yes
,False,JEMEZ HEALTH & HUMAN SERVICES,NM,4290.0,2020,Improper Disposal,Physical Device (Workstation/Laptop),No
,False,LUXOTTICA OF AMERICA INC.,OH,829454.0,2020,Hacking/IT Incident,Network Server,Yes
,False,STATE OF NORTH DAKOTA,ND,35416.0,2020,Hacking/IT Incident,Email,No
,False,"FIRST IMPRESSIONS ORTHODONTICS, A SUBSIDIARY OF PROFESSIONAL DENTAL ALLIANCE OF CONNECTICUT PLLC",CT,20727.0,2020,Hacking/IT Incident,Network Server,No
,False,"KIDS FIRST DENTISTRY & ORTHODONTICS, A SUBSIDIARY OF PROFESSIONAL DENTAL ALLIANCE OF CONNECTICUT, PLLC",CT,5000.0,2020,Hacking/IT Incident,Network Server,No
,False,CCPOA BENEFIT TRUST FUND,CA,80000.0,2020,Hacking/IT Incident,Network Server,No
,False,MUSCATINE COMMUNITY SCHOOL DISTRICT,IA,2039.0,2020,Hacking/IT Incident,Network Server,Yes
,False,CLEAR CREEK AMANA COMMUNITY SCHOOL DISTRICT,IA,771.0,2020,Hacking/IT Incident,Network Server,Yes
,False,MAQUOKETA COMMUNITY SCHOOL DISTRICT,IA,743.0,2020,Hacking/IT Incident,Network Server,Yes
,False,BURLINGTON COMMUNITY SCHOOL DISTRICT,IA,1884.0,2020,Hacking/IT Incident,Network Server,Yes
,False,INDIANOLA COMMUNITY SCHOOL DISTRICT,IA,1141.0,2020,Hacking/IT Incident,Network Server,Yes
,False,MK PERIODONTICS AND IMPLANTS,WA,8000.0,2020,Hacking/IT Incident,Network Server,No
,False,"TRI-STATE SPECIALISTS, LLP",IA,17050.0,2020,Unauthorized Access/Disclosure,Email,No
,False,CHARLES CITY COMMUNITY SCHOOL DISTRICT,IA,580.0,2020,Hacking/IT Incident,Network Server,Yes
,False,BONDURANT-FARRAR COMMUNITY SCHOOL DISTRICT,IA,603.0,2020,Hacking/IT Incident,Network Server,Yes
,False,JOHNSTON COMMUNITY SCHOOL DISTRICT,IA,1656.0,2020,Hacking/IT Incident,Network Server,Yes
,False,CLINTON COMMUNITY SCHOOL DISTRICT,IA,1643.0,2020,Hacking/IT Incident,Network Server,Yes
,False,YALE NEW HAVEN HOSPITAL,CT,15904.0,2020,Hacking/IT Incident,Network Server,Yes
,False,URBANDALE COMMUNITY SCHOOL DISTRICT,IA,647.0,2020,Hacking/IT Incident,Network Server,Yes
,False,CONNECTICUT DEPARTMENT OF SOCIAL SERVICES,CT,36915.0,2020,Hacking/IT Incident,Email,No
,False,CARLISLE COMMUNITY SCHOOL DISTRICT,IA,562.0,2020,Hacking/IT Incident,Network Server,Yes
,False,CEDAR FALLS COMMUNITY SCHOOL DISTRICT,IA,1445.0,2020,Hacking/IT Incident,Network Server,Yes
,False,DUBUQUE COMMUNITY SCHOOL DISTRICT,IL,4704.0,2020,Hacking/IT Incident,Network Server,Yes
,False,SAYDEL COMMUNITY SCHOOL DISTRICT,IA,590.0,2020,Hacking/IT Incident,Network Server,Yes
,False,LEWIS CENTRAL COMMUNITY SCHOOL DISTRICT,IA,905.0,2020,Hacking/IT Incident,Network Server,Yes
053303,True,RADY CHILDREN’S HOSPITAL – SAN DIEGO,CA,19837.0,2020,Hacking/IT Incident,Network Server,Yes
,False,"MY CHOICE HOUSECALLS, LLC",FL,3370.0,2020,Theft,Physical Device (Workstation/Laptop),No
,False,"TIMBERLINE BILLING SERVICE, LLC",IA,117088.0,2020,Hacking/IT Incident,Network Server,Yes
330214,True,NYU LANGONE HOSPITALS,NY,44009.0,2020,Hacking/IT Incident,Network Server,Yes
490050,True,VIRGINIA HOSPITAL CENTER HEALTH SYSTEM,VA,23846.0,2020,Hacking/IT Incident,Network Server,Yes
,False,CHESAPEAKE REGIONAL HEALTHCARE,VA,24000.0,2020,Hacking/IT Incident,Network Server,Yes
,False,THE GEO GROUP INC.,FL,3991.0,2020,Hacking/IT Incident,Network Server,No
,False,ALAMANCE SKIN CENTER,NC,4080.0,2020,Hacking/IT Incident,Electronic Medical Record (EMR),No
,False,METHODIST HOSPITAL OF SOUTHERN CALIFORNIA,CA,39881.0,2020,Hacking/IT Incident,Network Server,Yes
220010,True,LAWRENCE GENERAL HOSPITAL,MA,176587.0,2020,Hacking/IT Incident,Network Server,No
,False,PRISTINE DENTAL,MA,1428.0,2020,Hacking/IT Incident,Network Server,No
,False,LAKE COUNTY HEALTH DEPARTMENT AND COMMUNITY HEALTH CENTER,IL,3815.0,2020,Unauthorized Access/Disclosure,Email,No
,False,PEOPLE INCORPORATED,MN,27500.0,2020,Hacking/IT Incident,Email,No
,False,PHYSICIANS APOTHECARY,AL,2000.0,2020,Improper Disposal,Paper Records,No
,False,CONWAY REGIONAL HEALTH SYSTEM,AR,2945.0,2020,Unauthorized Access/Disclosure,Email,No
,False,SEELEY ENTERPRISES COMPANY,OH,16196.0,2020,Hacking/IT Incident,Network Server,No
,False,GALSTAN & WARD FAMILY AND COSMETIC DENTISTRY,VA,11258.0,2020,Hacking/IT Incident,Network Server,No
,False,"KAISER FOUNDATION HEALTH PLAN OF GEORGIA, INC.",GA,10205.0,2020,Unauthorized Access/Disclosure,Paper Records,No
,False,"BRUCE L. BOROS, M.D., P.A. DBA ADVANCED URGENT CARE",FL,58823.0,2020,Hacking/IT Incident,Network Server,No
,False,JEKYLL ISLAND-STATE PARK AUTHORITY - JEKYLL ISLAND FIRE/EMS,GA,7046.0,2020,Hacking/IT Incident,Network Server,No
,False,CARESOURCE WEST VIRGINIA CO,OH,1587.0,2020,Unauthorized Access/Disclosure,Paper Records,Yes
,False,"CARESOURCE INDIANA, INC",OH,10021.0,2020,Unauthorized Access/Disclosure,Paper Records,Yes
,False,CARESOURCE,OH,8730.0,2020,Unauthorized Access/Disclosure,Paper Records,Yes
,False,CARESOURCE KENTUCKY CO,OH,8320.0,2020,Unauthorized Access/Disclosure,Paper Records,Yes
,False,PROMEDICA BIXBY HOSPITAL,MI,3472.0,2020,Unauthorized Access/Disclosure,Electronic Medical Record (EMR),No
,False,"DELAWARE DEPARTMENT OF HEALTH AND SOCIAL SERVICES, DIVISION OF PUBLIC HEALTH",DE,9930.0,2020,Unauthorized Access/Disclosure,Email,No
,False,"OPEN DOOR FAMILY MEDICAL CENTER, INC.",NY,36474.0,2020,Hacking/IT Incident,Network Server,No
,False,CORNERSTONES OF CARE,MO,15680.0,2020,Hacking/IT Incident,Other (Cloud/Portable Media),Yes
,False,"NORTHPOINT RECOVERY HOLDINGS, LLC",ID,1866.0,2020,Hacking/IT Incident,Email,No
,False,UNIVERSITY HOPSITAL,NJ,39207.0,2020,Hacking/IT Incident,Network Server,No
,False,MERCY IOWA CITY,IA,92795.0,2020,Hacking/IT Incident,Email,No
,False,PHYSYNERGY LLC,GA,3667.0,2020,Hacking/IT Incident,Network Server,Yes
,False,"PARAGON HEALTH, P.C.",MI,685.0,2020,Hacking/IT Incident,Email,No
,False,"JONATHAN WOOLFSON, MD, PC",GA,1693.0,2020,Theft,Physical Device (Workstation/Laptop),No
,False,"ASPENPOINTE, INC.",CO,295617.0,2020,Hacking/IT Incident,Network Server,No
,False,LOUISIANA STATE UNIVERSITY- HEALTH CARE SERVICES DIVISION,LA,58005.0,2020,Hacking/IT Incident,Email,No
,False,INDIAN HEALTH COUNCIL INC.,CA,5769.0,2020,Hacking/IT Incident,Network Server,No
,False,"HARVARD PILGRIM HEALTH CARE, INC.",MA,8027.0,2020,Unauthorized Access/Disclosure,Paper Records,Yes
,False,"BAYHEALTH MEDICAL CENTER, INC.",DE,78006.0,2020,Hacking/IT Incident,Network Server,Yes
,False,"HI-TECH ARTIFICIAL LIMBS, INC.",KY,529.0,2020,Loss,Other (Cloud/Portable Media),No
,False,HERRON BUSINESS LAW,PA,1419.0,2020,Unauthorized Access/Disclosure,Paper Records,Yes
,False,LEGACY COMMUNITY HEALTH SERVICES,TX,3076.0,2020,Hacking/IT Incident,Email,No
,False,GOLDEN GATE REGIONAL CENTER,CA,11315.0,2020,Hacking/IT Incident,Network Server,Yes
,False,WALMART INC.,AR,524.0,2020,Theft,Paper Records,No
,False,PLANNED PARENTHOOD OF METRO WASHINGTON,DC,142982.0,2020,Hacking/IT Incident,Network Server,No
,False,PRESBYTERIAN HEALTH PLAN,NM,3557.0,2020,Unauthorized Access/Disclosure,Paper Records,Yes
,False,THE TREE HOUSE CHILD ADVOCACY CENTER OF MONTGOMERY COUNTY,MD,514.0,2020,Unauthorized Access/Disclosure,Network Server,Yes
,False,"PEACHTREE IMMEDIATE CARE FP, LLC",GA,1462.0,2020,Hacking/IT Incident,Email,No
,False,"BILINGUAL PSYCHOLOGICAL ASSOCIATES, PC",TX,1925.0,2020,Unauthorized Access/Disclosure,Network Server,No
,False,INTERIM HEALTHCARE OF THE CAPITAL REGION,NY,1127.0,2020,Hacking/IT Incident,Email,No
,False,"THE NEBRASKA MEDICAL CENTER AND UNIVERSITY OF NEBRASKA MEDICAL CENTER, AFFILIATED COVERED ENTITIES",NE,216472.0,2020,Hacking/IT Incident,Network Server,No
,False,ONE TOUCH POINT,WI,500.0,2020,Unauthorized Access/Disclosure,Paper Records,Yes
,False,HILLCREST NURSING CENTER,IL,1030.0,2020,Unauthorized Access/Disclosure,Electronic Medical Record (EMR),No
,False,BARDSTOWN PRIMARY CARE DBA: PHYSICIANS TO CHILDREN & ADOLESCENTS,KY,859.0,2020,Unauthorized Access/Disclosure,Other (Cloud/Portable Media),Yes
,False,US FERTILITY LLC,MD,878550.0,2020,Hacking/IT Incident,Email,Yes
,False,TUFTS HEALTH PLAN,MA,60545.0,2020,Hacking/IT Incident,Email,Yes
,False,BRAZOS VALLEY PLASTIC SURGERY,TX,2255.0,2020,Unauthorized Access/Disclosure,Email,No
,False,"US MED, LLC",FL,685.0,2020,Hacking/IT Incident,Network Server,No
,False,"LIV-ON FAMILY CARE CENTER, PA",MN,1580.0,2020,Theft,Physical Device (Workstation/Laptop),No
330059,True,MONTEFIORE MEDICAL CENTER,NY,670.0,2020,Unauthorized Access/Disclosure,Paper Records,No
,False,DMBA,UT,774.0,2020,Unauthorized Access/Disclosure,Physical Device (Workstation/Laptop),No
,False,ALLEGHENY HEALTH NETWORK,PA,299507.0,2020,Hacking/IT Incident,Network Server,Yes
,False,"REGIONAL WOMEN'S HEALTH GROUP, LLC D/B/A SINCERA REPRODUCTIVE MEDICINE",PA,37989.0,2020,Hacking/IT Incident,Network Server,No
,False,AMITA HEALTH,IL,261054.0,2020,Hacking/IT Incident,Network Server,Yes
,False,MCLEROY & KLEIN MEDICAL CLINIC,TX,3200.0,2020,Unauthorized Access/Disclosure,Paper Records,No
,False,FAMILY HEALTH CENTER OF WORCESTER,MA,566.0,2020,Hacking/IT Incident,Network Server,No
,False,MEHARRY MEDICAL COLLEGE,TN,20963.0,2020,Hacking/IT Incident,Email,No
,False,MERCY HEALTH,MO,11187.0,2020,Unauthorized Access/Disclosure,Electronic Medical Record (EMR),No
,False,"MEADE PHYSICIANS, INC. DBA BRANDENBURG FAMILY MEDICINE",KY,696.0,2020,Unauthorized Access/Disclosure,Paper Records,Yes
,False,CENTRAL FLORIDA CARDIOLOGY GROUP,FL,2817.0,2020,Unauthorized Access/Disclosure,Paper Records,Yes
220110,True,BRIGHAM AND WOMEN’S HOSPITAL,MA,882.0,2020,Unauthorized Access/Disclosure,Email,No
,False,"DENTAL CARE ALLIANCE, LLC",FL,1723375.0,2020,Hacking/IT Incident,Network Server,Yes
,False,MIRRA HEALTH CARE,FL,1064.0,2020,Unauthorized Access/Disclosure,Email,Yes
064009,True,CEDAR SPRINGS HOSPITAL,CO,2283.0,2020,Loss,Other (Cloud/Portable Media),No
190245,True,"MONROE SURGICAL HOSPITAL, LLC",LA,3500.0,2020,Hacking/IT Incident,Network Server,Yes
,False,"EMPLOYMENT SPECIALISTS OF MAINE, INC.",ME,1639.0,2020,Hacking/IT Incident,Network Server,No
,False,TEXAS TECH UNIVERSITY HEALTH SCIENCES CENTER,TX,36739.0,2020,Hacking/IT Incident,Network Server,Yes
,False,"THE PRESBYTERIAN HOMES, INC.",NC,1041.0,2020,Hacking/IT Incident,Network Server,Yes
,False,SONOMA VALLEY HEALTHCARE DISTRICT,CA,69000.0,2020,Hacking/IT Incident,Email,No
,False,"RXN, INC. D/B/A LANCASTER PHARMACY",PA,856.0,2020,Theft,Paper Records,No
,False,DIAMOND PHARMACY,PA,616.0,2020,Theft,Paper Records,No
,False,26TH & LEHIGH PHARMACY,PA,549.0,2020,Theft,Paper Records,No
,False,WELLNESS PHARMACY,PA,545.0,2020,Theft,Paper Records,No
,False,HOLY REDEEMER AMBULATORY SURGICAL CENTER,PA,1295.0,2020,Hacking/IT Incident,Email,No
,False,"BEACON HEALTH SOLUTIONS, LLC",FL,20151.0,2020,Hacking/IT Incident,Network Server,Yes
,False,MEDICA CENTRAL INSURANCE COMPANY,MN,4492.0,2020,Unauthorized Access/Disclosure,Paper Records,No
,False,"HMC HEALTHWORKS, INC.",FL,985.0,2020,Hacking/IT Incident,Email,Yes
,False,SOUTHEAST HEALTH CENTER OF RIPLEY COUNTY,MO,5944.0,2020,Hacking/IT Incident,Network Server,No
,False,NEBRASKA METHODIST HEALTH SYSTEM,NE,39912.0,2020,Hacking/IT Incident,Network Server,Yes
,False,"MIDWEST GERIATRIC MANAGEMENT, LLC",MO,4814.0,2020,Hacking/IT Incident,Email,No
,False,BENJAMIN ROSE INSTITUTE ON AGING,OH,1452.0,2020,Hacking/IT Incident,Email,No
,False,"MEDNAX SERVICES, INC.",FL,1442997.0,2020,Hacking/IT Incident,Email,Yes
,False,"WILMINGTON SURGICAL ASSOCIATES, P.A.",NC,114834.0,2020,Hacking/IT Incident,Network Server,No
,False,"COMMUNITY EYE CARE, LLC",NC,149804.0,2020,Hacking/IT Incident,Email,No
,False,"COMPREHENSIVE NEUROLOGY, PC",NY,6800.0,2020,Hacking/IT Incident,Network Server,No
,False,"BLUECROSS BLUESHIELD OF TENNESSEE, INC.",TN,1340.0,2020,Hacking/IT Incident,Email,Yes
,False,"IOWA TOTAL CARE, INC.",IA,536.0,2020,Unauthorized Access/Disclosure,Email,No
,False,GENRX PHARMACY,AZ,137110.0,2020,Hacking/IT Incident,Network Server,No
,False,HEALTH PLAN OF SAN JOAQUIN,CA,418842.0,2020,Hacking/IT Incident,Email,No
,False,"KRISTINA T NGUYEN, DDS, PC",VA,8182.0,2020,Hacking/IT Incident,Network Server,No
,False,PRIORITY HEALTH,MI,36812.0,2020,Hacking/IT Incident,Email,Yes
,False,AETNA ACE,CT,484157.0,2020,Hacking/IT Incident,Email,Yes
,False,GAINWELL TECHNOLOGIES LLC,AR,3317.0,2020,Unauthorized Access/Disclosure,Paper Records,Yes
,False,"AGENCY FOR COMMUNITY TREATMENT SERVICES, INC.",FL,73825.0,2020,Hacking/IT Incident,Network Server,No
,False,"TOM WOOD EAST, INC.",IN,912.0,2020,Hacking/IT Incident,Network Server,No
380050,True,SKY LAKES MEDICAL CENTER,OR,5514.0,2020,Hacking/IT Incident,Network Server,No
,False,"RIVERSIDE COMMUNITY CARE, INC.",MA,6978.0,2020,Hacking/IT Incident,Network Server,No
,False,"FIVE POINTS OPTOMETRISTS, P.C. DBA FIVE POINTS EYE CARE",GA,1223.0,2020,Hacking/IT Incident,Network Server,No
,False,BEEBE MEDICAL FOUNDATION,DE,56953.0,2020,Hacking/IT Incident,Network Server,Yes
,False,"TOTAL VISION, LLC",CA,138402.0,2020,Hacking/IT Incident,Network Server,Yes
,False,"COMMUNITY HEALTH RESOURCES, INC",CT,1634.0,2020,Unauthorized Access/Disclosure,Email,No
,False,MAGNOLIA HEALTH PLAN,MS,759.0,2020,Unauthorized Access/Disclosure,Paper Records,Yes
,False,"ALLCARE HEALTH, INC.",OR,5707.0,2020,Hacking/IT Incident,Network Server,Yes
,False,SUNSHINE STATE HEALTH PLAN,FL,3429.0,2020,Unauthorized Access/Disclosure,Paper Records,Yes
,False,BUCKEYE HEALTH PLAN,OH,606.0,2020,Unauthorized Access/Disclosure,Paper Records,Yes
,False,SUPERIOR HEALTHPLAN,TX,3748.0,2020,Unauthorized Access/Disclosure,Paper Records,Yes
,False,AMBETTER FOR ARIZONA COMPLETE HEALTH,AZ,518.0,2020,Unauthorized Access/Disclosure,Paper Records,Yes
,False,PEACH STATE HEALTH PLAN,GA,3443.0,2020,Unauthorized Access/Disclosure,Paper Records,Yes
,False,"HOME STATE HEALTH PLAN, INC.",MO,1020.0,2020,Unauthorized Access/Disclosure,Paper Records,Yes
140281,True,NORTHWESTERN MEMORIAL HOSPITAL,IL,682.0,2020,Unauthorized Access/Disclosure,Electronic Medical Record (EMR),No
,False,SOUTH COUNTRY HEALTH ALLIANCE,MN,66874.0,2020,Hacking/IT Incident,Email,No
,False,"APEX LABORATORY, INC.",NY,7102.0,2020,Hacking/IT Incident,Network Server,No
,False,REEF GLOBAL INC.,FL,3951.0,2020,Hacking/IT Incident,Network Server,No
,False,MATTAPAN COMMUNITY HEALTH CENTER,MA,4073.0,2020,Hacking/IT Incident,Email,No
,False,"SIMPSON SENIOR SERVICES, INC.",PA,3259.0,2020,Hacking/IT Incident,Email,No
,False,"NISSAN NORTH AMERICA, INC.",TN,50410.0,2020,Hacking/IT Incident,Network Server,Yes
,False,"PRESTERA CENTER FOR MENTAL HEALTH SERVICES, INC.",WV,3708.0,2020,Hacking/IT Incident,Email,No
,False,"WORKPLACE VITALITY, INC.",NY,2850.0,2020,Hacking/IT Incident,Email,No
,False,DESERT OASIS HEALTHCARE,CA,1122.0,2021,Unauthorized Access/Disclosure,Paper Records,No
,False,GASTROENTEROLOGY CONSULTANTS LTD,NV,2500.0,2021,Hacking/IT Incident,Network Server,No
,False,UNIVERSITY MEDICAL CENTER OF NEW ORLEANS,LA,16559.0,2021,Hacking/IT Incident,Email,Yes
,False,WALGREEN COMPANY,IL,16089.0,2021,Unauthorized Access/Disclosure,Email,No
,False,MANAGED HEALTH SERVICES (MHS),IN,11988.0,2021,Unauthorized Access/Disclosure,Paper Records,Yes
,False,"AMERICAN ANESTHESIOLOGY, INC.",NY,1269074.0,2021,Hacking/IT Incident,Email,Yes
,False,ROPER ST. FRANCIS HEALTHCARE,SC,189761.0,2021,Hacking/IT Incident,Email,No
,False,"LEON MEDICAL CENTERS, LLC",FL,76661.0,2021,Hacking/IT Incident,Network Server,No
,False,FEELING GREAT SLEEP MEDICAL CENTERS,NC,5000.0,2021,Unauthorized Access/Disclosure,Network Server,No
,False,"KR PERIO, KATHERINE RODRIGUEZ, DMD",FL,885.0,2021,Hacking/IT Incident,Network Server,No
501323,True,JEFFERSON HEALTHCARE,WA,2543.0,2021,Hacking/IT Incident,Email,No
,False,WECARE TLC,FL,2340.0,2021,Loss,Physical Device (Workstation/Laptop),No
,False,GREATER NEW BEDFORD COMMUNITY HEALTH CENTER,MA,696.0,2021,Hacking/IT Incident,Email,Yes
,False,PRECISION SPINE CARE,TX,20787.0,2021,Hacking/IT Incident,Email,No
,False,CENTER FOR ALTERNATIVE SENTENCING AND EMPLOYMENT SERVICES,NY,3994.0,2021,Hacking/IT Incident,Email,No
,False,WISCONSIN DEPARTMENT OF HEALTH SERVICES,WI,1281.0,2021,Hacking/IT Incident,Network Server,Yes
,False,FROEDTERT HEALTH,WI,760.0,2021,Unauthorized Access/Disclosure,Electronic Medical Record (EMR),No
,False,"MONTGOMERY HOSPICE, INC.",MD,6741.0,2021,Hacking/IT Incident,Email,No
,False,HENDRICK HEALTH,TX,640436.0,2021,Hacking/IT Incident,Network Server,No
,False,KRAPF GROUP,PA,610.0,2021,Hacking/IT Incident,Network Server,No
,False,"LIMEADE, INC.",WA,668.0,2021,Hacking/IT Incident,Network Server,Yes
,False,MERRILL IRON & STEEL HEALTH BENEFIT PLAN,WI,899.0,2021,Hacking/IT Incident,Network Server,No
,False,"PARAQUAD, INC.",MO,648.0,2021,Hacking/IT Incident,Network Server,Yes
,False,"LYNN COMMUNITY HEALTH, INCORPORATED",MA,1800.0,2021,Hacking/IT Incident,Email,No
,False,PUBLIC EDUCATION EMPLOYEES' HEALTH INSURANCE PLAN D/B/A PEEHIP,AL,1248.0,2021,Unauthorized Access/Disclosure,Paper Records,No
,False,INOVA HEALTH SYSTEM,VA,1680.0,2021,Unauthorized Access/Disclosure,Email,No
,False,FLORIDA HOSPITAL PHYSICIAN GROUP INC.,FL,13759.0,2021,Hacking/IT Incident,Electronic Medical Record (EMR),No
,False,AUSTIN HEARING SERVICES,TX,600.0,2021,Unauthorized Access/Disclosure,Email,No
,False,THE RICHARDS GROUP,VT,15429.0,2021,Hacking/IT Incident,Email,Yes
,False,"PRIME THERAPEUTICS, LLC",MN,1863.0,2021,Unauthorized Access/Disclosure,Paper Records,Yes
,False,FLORIDA HEALTHY KIDS CORPORATION,FL,3500000.0,2021,Hacking/IT Incident,Network Server,Yes
,False,BETHESDA HOSPITAL,FL,18477.0,2021,Unauthorized Access/Disclosure,Electronic Medical Record (EMR),No
330059,True,MONTEFIORE MEDICAL CENTER,NY,1670.0,2021,Unauthorized Access/Disclosure,Electronic Medical Record (EMR),No
,False,A RENEWED MIND,OH,2428.0,2021,Hacking/IT Incident,Email,No
,False,COUNTY OF RAMSEY,MN,8687.0,2021,Hacking/IT Incident,Network Server,Yes
190183,True,LEONARD J. CHABERT MEDICAL CENTER,LA,2254.0,2021,Hacking/IT Incident,Email,Yes
,False,"THE HOUSE NEXT DOOR, INC.",FL,6000.0,2021,Hacking/IT Incident,Email,No
,False,LAKE CHARLES MEMORIAL HEALTH SYSTEM,LA,3802.0,2021,Hacking/IT Incident,Email,Yes
,False,NEVADA ORTHOPEDIC & SPINE CENTER,NV,50000.0,2021,Hacking/IT Incident,Network Server,Yes
,False,FAIRFAX COUNTY PUBLIC SCHOOLS' HEALTH PLAN,VA,11056.0,2021,Hacking/IT Incident,Email,Yes
,False,"DATALOGIC SOFTWARE, INC.",TX,7200.0,2021,Hacking/IT Incident,Network Server,Yes
,False,"TEXAS SPINE CONSULTANTS, LLP",TX,25728.0,2021,Unauthorized Access/Disclosure,Network Server,No
,False,GRANITE WELLNESS CENTERS,CA,15600.0,2021,Hacking/IT Incident,Network Server,No
,False,UNIVERSITY OF PITTSBURGH MEDICAL CENTER HEALTH PLAN,PA,18900.0,2021,Hacking/IT Incident,Email,No
,False,UT SOUTHWESTERN MEDICAL CENTER,TX,3640.0,2021,Unauthorized Access/Disclosure,Other (Cloud/Portable Media),No
,False,THE UNIVERSITY OF PITTSBURGH MEDICAL CENTER,PA,36086.0,2021,Hacking/IT Incident,Email,Yes
,False,"NEVADA HEALTH CENTERS, INC.",NV,7937.0,2021,Hacking/IT Incident,Email,No
,False,HARVARD EYE ASSOCIATES,CA,29982.0,2021,Hacking/IT Incident,Network Server,Yes
,False,"GORE MEDICAL MANAGEMENT, LLC",GA,79100.0,2021,Hacking/IT Incident,Physical Device (Workstation/Laptop),No
,False,HACKLEY COMMUNITY CARE CENTER,MI,2644.0,2021,Hacking/IT Incident,Email,No
,False,PITKIN COUNTY,CO,1454.0,2021,Unauthorized Access/Disclosure,Network Server,No
,False,PENNSYLVANIA ADULT & TEEN CHALLENGE,PA,7771.0,2021,Hacking/IT Incident,Email,No
,False,PIEDMONT HEALTH SERVICES,NC,674.0,2021,Hacking/IT Incident,Network Server,Yes
,False,HOPE HEALTHCARE SERVICE,FL,1152.0,2021,Hacking/IT Incident,Network Server,No
,False,"BOWLING GREEN INN OF PENSACOLA, LLC  DBA TWELVE OAKS RECOVERY",FL,9023.0,2021,Hacking/IT Incident,Network Server,No
,False,GRAND RIVER MEDICAL GROUP,IA,37423.0,2021,Hacking/IT Incident,Email,No
,False,RF EYE PC DBA COCHISE EYE AND LASER,AZ,64710.0,2021,Hacking/IT Incident,Network Server,No
,False,STEWARD WEST DIVISION – AR/LA/TX ACE,TX,877.0,2021,Unauthorized Access/Disclosure,Electronic Medical Record (EMR),No
,False,"FISHER TITUS HEALTH, INC.",OH,49636.0,2021,Hacking/IT Incident,Email,No
,False,PROJECT VIDA HEALTH CENTER,TX,4500.0,2021,Hacking/IT Incident,Network Server,No
,False,ANDOR LABS,NC,500.0,2021,Hacking/IT Incident,Network Server,No
,False,"RAINBOW REHABILITATION CENTERS, INC",MI,1639.0,2021,Hacking/IT Incident,Email,No
,False,COVENANT HEALTHCARE,MI,47178.0,2021,Hacking/IT Incident,Email,No
,False,MIRACLE - EAR,CA,2710.0,2021,Theft,Paper Records,No
,False,THE KROGER CO.,OH,1474284.0,2021,Hacking/IT Incident,Network Server,No
,False,"SOUTHEASTERN MINNESOTA CENTER FOR INDEPENDENT LIVING, INC.",MN,4122.0,2021,Hacking/IT Incident,Email,No
,False,HUMANA INC,KY,64654.0,2021,Unauthorized Access/Disclosure,Network Server,Yes
,False,"KAISER FOUNDATION HOSPITALS, NORTHERN CALIFORNIA",CA,2121.0,2021,Unauthorized Access/Disclosure,Electronic Medical Record (EMR),No
100051,True,ORLANDO HEALTH SOUTH LAKE HOSPITAL,FL,1673.0,2021,Loss,Paper Records,No
351314,True,JACOBSON MEMORIAL HOSPITAL CARE CENTER,ND,1545.0,2021,Hacking/IT Incident,Email,No
,False,CAMPBELL COUNTY HOSPITAL DISTRICT,WY,900.0,2021,Unauthorized Access/Disclosure,Email,No
,False,"BW HOMECARE HOLDINGS, LLC D.B.A. ELARA CARING",TX,100487.0,2021,Hacking/IT Incident,Email,No
,False,NEW DIRECTIONS YOUTH & FAMILY SERVICES,NY,941.0,2021,Hacking/IT Incident,Network Server,Yes
,False,"INFUSYSTEM HOLDINGS, INC.",MI,725.0,2021,Hacking/IT Incident,Email,Yes
,False,"CORNERSTONE CARE, INC.",PA,12081.0,2021,Hacking/IT Incident,Email,No
,False,THE SURGICARE CENTER OF UTAH,UT,8816.0,2021,Hacking/IT Incident,Network Server,No
,False,JEWISH HOME LIFECARE D/B/A THE NEW JEWISH HOME,NY,2091.0,2021,Hacking/IT Incident,Email,No
,False,"ALLYALIGN HEALTH, INC.",VA,33932.0,2021,Hacking/IT Incident,Network Server,No
,False,SANTA ROSA COMMUNITY HEALTH CENTERS,CA,5983.0,2021,Hacking/IT Incident,Email,No
,False,"VOLUNTEER STATE HEALTH PLAN, INC. D/B/A BLUECARE TENNESSEE",TN,1435.0,2021,Unauthorized Access/Disclosure,Other (Cloud/Portable Media),Yes
,False,SUMMIT BEHAVIORAL HEALTHCARE,TN,70822.0,2021,Unauthorized Access/Disclosure,Email,No
050492,True,CLOVIS COMMUNITY MEDICAL CENTER,CA,994.0,2021,Unauthorized Access/Disclosure,Email,No
,False,THE HOME FOR THE LITTLE WANDERERS,MA,5396.0,2021,Unauthorized Access/Disclosure,Email,No
,False,GEISINGER HEALTH PLAN,PA,2872.0,2021,Unauthorized Access/Disclosure,Paper Records,No
,False,"METRO PRESORT, INC.",OR,38387.0,2021,Hacking/IT Incident,Network Server,Yes
,False,"PROCOMP SOFTWARE CONSULTANTS, INC.",OH,1008.0,2021,Hacking/IT Incident,Network Server,Yes
,False,"NEW BEDFORD JEWISH CONVALESCENT HOME, INC.",MA,873.0,2021,Hacking/IT Incident,Email,No
,False,"LIBERATION PROGRAMS, INC",CT,7406.0,2021,Hacking/IT Incident,Electronic Medical Record (EMR),No
,False,ARIZONA COMPLETE HEALTH,AZ,34978.0,2021,Hacking/IT Incident,Network Server,Yes
,False,PEAKTPA,MO,50509.0,2021,Hacking/IT Incident,Network Server,Yes
,False,FAMILY HEALTH SERVICES MN D/B/A ENTIRA FAMILY CLINICS,MN,1975.0,2021,Hacking/IT Incident,Network Server,No
,False,TRILLIUM COMMUNITY HEALTH PLAN,OR,87761.0,2021,Hacking/IT Incident,Network Server,Yes
,False,SAINT ALPHONSUS HEALTH SYSTEM,ID,134906.0,2021,Hacking/IT Incident,Email,No
,False,"PROPATH SERVICES, LLC",TX,39213.0,2021,Hacking/IT Incident,Email,No
,False,MIRACLE-EAR,CA,500.0,2021,Theft,Paper Records,No
,False,"UNIVERSITY OF PITTSBURGH MEDICAL CENTER, ST. MARGARET HOSPITAL (“UPMC ST. MARGARET”)",PA,11135.0,2021,Unauthorized Access/Disclosure,Other (Cloud/Portable Media),No
,False,"MENDELSON KORNBLUM ORTHOPEDICS, SPINE & PAIN SPECIALISTS",MI,28658.0,2021,Hacking/IT Incident,Network Server,No
,False,WOODCREEK PROVIDER SERVICES LLC,WA,233199.0,2021,Hacking/IT Incident,Network Server,Yes
,False,WALMART INC.,AR,2071.0,2021,Hacking/IT Incident,Network Server,Yes
,False,"ARIZONA ONCOLOGY ASSOCIATES, PC",AZ,717.0,2021,Loss,Paper Records,No
,False,DYRAS DENTAL,MI,2745.0,2021,Hacking/IT Incident,Network Server,No
,False,"THE BOARD OF TRUSTEES OF SOUTHERN ILLINOIS UNIVERSITY, FOR AND ON BEHALF OF ITS SCHOOL OF MEDICINE, AND SIU PHYSICIANS & SURGEONS, INC.",IL,40330.0,2021,Hacking/IT Incident,Network Server,No
,False,"CHILD FOCUS, INC.",OH,2716.0,2021,Hacking/IT Incident,Network Server,No
,False,"THE NEW LONDON HOSPITAL ASSOCIATION, INC.",NH,34878.0,2021,Hacking/IT Incident,Network Server,No
,False,MOBILE ANESTHESIOLOGISTS,IL,65403.0,2021,Unauthorized Access/Disclosure,Network Server,No
,False,ASSISTCARE HOME HEALTH SERVICES LLC DBA PREFERRED HOME CARE OF NY/PREFERRED GOLD,NY,57345.0,2021,Hacking/IT Incident,Network Server,No
,False,WALWORTH COUNTY DEPARTMENT OF HEALTH AND HUMAN SERVICES,WI,907.0,2021,Unauthorized Access/Disclosure,Email,No
,False,"SANDHILLS MEDICAL FOUNDATION, INC.",SC,39602.0,2021,Hacking/IT Incident,Network Server,Yes
,False,"COLORADO RETINA ASSOCIATES, P.C.",CO,26609.0,2021,Hacking/IT Incident,Email,No
,False,NORTH OAKS HEALTH SYSTEM,LA,642.0,2021,Hacking/IT Incident,Network Server,Yes
,False,SERENITY CARE PACE,MA,658.0,2021,Unauthorized Access/Disclosure,Network Server,Yes
,False,VNA HOME HEALTH AND HOSPICE,MO,517.0,2021,Unauthorized Access/Disclosure,Email,No
,False,"HOYMAN HONG, M.D.",CA,720.0,2021,Unauthorized Access/Disclosure,Email,No
,False,"SLEEP MEDICINE ASSOCIATES OF TEXAS, P.A.",TX,994.0,2021,Unauthorized Access/Disclosure,Paper Records,No
,False,CALIFORNIA DEPARTMENT OF STATE HOSPITALS,CA,5014.0,2021,Unauthorized Access/Disclosure,Network Server,No
,False,VILLA OF HOPE,NY,2410.0,2021,Hacking/IT Incident,Network Server,No
,False,BRANDMAN CENTERS FOR SENIOR CARE,CA,521.0,2021,Hacking/IT Incident,Network Server,Yes
,False,STAVROS CENTER FOR INDEPENDENT LIVING INC.,MA,2347.0,2021,Unauthorized Access/Disclosure,Other (Cloud/Portable Media),No
,False,WEST VIRGINIA SENIOR ADVANTAGE,WV,1049.0,2021,Hacking/IT Incident,Network Server,Yes
,False,"FLORIDA PACE CENTERS, INC",FL,1502.0,2021,Unauthorized Access/Disclosure,Network Server,Yes
,False,TOTAL LIFE HEALTHCARE,AR,528.0,2021,Hacking/IT Incident,Network Server,Yes
,False,SALUSCARE,FL,85000.0,2021,Hacking/IT Incident,Email,No
,False,CANCER TREATMENT CENTERS OF AMERICA AT MIDWESTERN REGIONAL MEDICAL CENTER,IL,104808.0,2021,Hacking/IT Incident,Email,No
,False,"GASTROENTEROLOGY CONSULTANTS, PA",TX,161698.0,2021,Hacking/IT Incident,Network Server,No
,False,INSULET CORPORATION,MA,9050.0,2021,Hacking/IT Incident,Network Server,Yes
,False,VICTOR COMMUNITY SUPPORT SERVICES,CA,1634.0,2021,Theft,Other (Cloud/Portable Media),Yes
,False,"RIVER CITY WHOLE HEALTH, LTD.",MT,2714.0,2021,Unauthorized Access/Disclosure,Physical Device (Workstation/Laptop),No
,False,ILLINOIS DEPARTMENT OF HEALTHCARE AND FAMILY SERVICES,IL,8848.0,2021,Unauthorized Access/Disclosure,Paper Records,No
,False,RELIANT REHABILITATION,TX,614.0,2021,Hacking/IT Incident,Email,Yes
,False,HAVEN BEHAVIORAL HEALTHCARE,TN,21714.0,2021,Hacking/IT Incident,Network Server,Yes
,False,DALLAS COUNTY HOSPITAL DISTRICT D/B/A PARKLAND HEALTH & HOSPITAL SYSTEM,TX,1566.0,2021,Unauthorized Access/Disclosure,Email,No
,False,UNIVERSITY OF MIAMI,FL,86000.0,2021,Hacking/IT Incident,Network Server,No
,False,CITYWIDE HEALTH PLAN,UT,718.0,2021,Hacking/IT Incident,Network Server,No
,False,"SOLIS HEALTH PLANS, INC.",FL,2649.0,2021,Hacking/IT Incident,Network Server,Yes
,False,VA NORTHERN CALIFORNIA HEALTH CARE SYSTEM,CA,645.0,2021,Unauthorized Access/Disclosure,Paper Records,No
,False,MOTT COMMUNITY COLLEGE,MI,1612.0,2021,Hacking/IT Incident,Network Server,No
,False,"SAN FERNANDO VALLEY MEDICAL GROUP, INC.",CA,1657.0,2021,Hacking/IT Incident,Network Server,No
,False,THE CENTERS FOR ADVANCED ORTHOPAEDICS,MD,125291.0,2021,Hacking/IT Incident,Email,No
,False,CALIFORNIA HEALTH & WELLNESS,CA,80242.0,2021,Hacking/IT Incident,Network Server,Yes
,False,CALVIVA HEALTH,CA,15287.0,2021,Hacking/IT Incident,Network Server,Yes
,False,HEALTH NET COMMUNITY SOLUTIONS,CA,688603.0,2021,Hacking/IT Incident,Network Server,Yes
,False,HEALTH NET LIFE INSURANCE COMPANY,CA,30842.0,2021,Hacking/IT Incident,Network Server,Yes
,False,HEALTH NET OF CALIFORNIA,CA,550828.0,2021,Hacking/IT Incident,Network Server,Yes
,False,APPLE VALLEY CLINIC,MN,157939.0,2021,Hacking/IT Incident,Network Server,Yes
,False,"BIOTELEMETRY, INC.",PA,38575.0,2021,Hacking/IT Incident,Network Server,Yes
,False,"HEALTHGRADES OPERATING COMPANY, INC.",GA,35485.0,2021,Hacking/IT Incident,Email,Yes
,False,PERSONAL TOUCH HOLDING CORP.,NY,753107.0,2021,Hacking/IT Incident,Network Server,Yes
,False,"TRUSTED HEALTH PLANS, INC.",DC,200665.0,2021,Hacking/IT Incident,Network Server,No
,False,"PROTEUS MOLECULAR AND CLINICAL LAB, LLC",AL,728.0,2021,Unauthorized Access/Disclosure,Email,No
,False,MIDLAND CARE CONNECTION INC,KS,1364.0,2021,Hacking/IT Incident,Network Server,Yes
,False,"LA CLINICA DE LA RAZA, INC.",CA,31132.0,2021,Hacking/IT Incident,Network Server,No
,False,EPILEPSY FLORIDA,FL,1832.0,2021,Hacking/IT Incident,Network Server,Yes
,False,UNIVERSITY MEDICAL CENTER OF SOUTHERN NEVADA,NV,1833.0,2021,Unauthorized Access/Disclosure,Network Server,Yes
,False,HEALTH PRIME INTERNATIONAL,MD,17562.0,2021,Hacking/IT Incident,Network Server,Yes
,False,MEMORIAL HERMANN HEALTH SYSTEM,TX,1893.0,2021,Unauthorized Access/Disclosure,Network Server,Yes
,False,"THREE LOWER COUNTIES COMMUNITY SERVICES, INC. D/B/A CHESAPEAKE HEALTH CARE",MD,2505.0,2021,Unauthorized Access/Disclosure,Other (Cloud/Portable Media),No
,False,MEMORIAL SLOAN KETTERING CANCER CENTER,NY,18913.0,2021,Unauthorized Access/Disclosure,Network Server,Yes
,False,FORT HEALTHCARE INC.,WI,784.0,2021,Hacking/IT Incident,Network Server,Yes
,False,MEDDATA INCORPORATED,TX,135908.0,2021,Unauthorized Access/Disclosure,Other (Cloud/Portable Media),Yes
,False,BELDEN INC.,MO,9840.0,2021,Hacking/IT Incident,Network Server,No
,False,BRICKER & ECKLER LLP,OH,420532.0,2021,Hacking/IT Incident,Network Server,Yes
,False,SQUIRREL HILL HEALTH CENTER,PA,23869.0,2021,Hacking/IT Incident,Network Server,No
,False,CORNERSTONE MUNICIPAL ADVISORY GROUP LLC DBA MANQUEN VANCE,MI,9202.0,2021,Hacking/IT Incident,Email,Yes
,False,SOUTHERN ORTHOPAEDIC SURGEONS,AL,4983.0,2021,Hacking/IT Incident,Email,No
,False,TOTAL HEALTH CARE INC.,MI,221454.0,2021,Hacking/IT Incident,Email,No
,False,TRINITY HEALTH,MI,586869.0,2021,Hacking/IT Incident,Network Server,Yes
,False,"ADMINISTRATIVE ADVANTAGE, LLC",GA,4852.0,2021,Hacking/IT Incident,Email,Yes
,False,ATLANTA ALLERGY & ASTHMA,GA,66330.0,2021,Hacking/IT Incident,Network Server,No
,False,"WINONA AGENCY, INC.",MN,3306.0,2021,Hacking/IT Incident,Email,Yes
,False,MARITZ HOLDINGS INC.,MO,1298.0,2021,Unauthorized Access/Disclosure,Email,No
,False,"MAESTRO HEALTH, LLC",IL,18488.0,2021,Hacking/IT Incident,Email,Yes
,False,ALOHA PRACTICE MANAGEMENT LLC,CA,3835.0,2021,Hacking/IT Incident,Network Server,Yes
,False,HARRINGTON PHYSICIAN SERVICES,MA,4393.0,2021,Unauthorized Access/Disclosure,Network Server,No
450213,True,UNIVERSITY HEALTH,TX,2704.0,2021,Unauthorized Access/Disclosure,Network Server,Yes
,False,CADENCE AEROSPACE,CA,747.0,2021,Hacking/IT Incident,Network Server,No
,False,"HME SPECIALISTS, LLC DBA HOME MEDICAL EQUIPMENT HOLDCO, LLC",NM,153013.0,2021,Hacking/IT Incident,Email,No
,False,HEALTH CENTER PARTNERS OF SOUTHERN CALIFORNIA,CA,337245.0,2021,Hacking/IT Incident,Network Server,Yes
,False,"HARBOR HEALTH SERVICES, INC.",MA,901.0,2021,Hacking/IT Incident,Network Server,Yes
,False,CRYSTAL LAKE CLINIC PC,MI,37331.0,2021,Hacking/IT Incident,Network Server,No
,False,"WOLFE CLINIC, P.C.",IA,499779.0,2021,Hacking/IT Incident,Network Server,No
,False,"MIDWEST TRANSPLANT NETWORK, INC.",KS,17580.0,2021,Hacking/IT Incident,Network Server,No
,False,REGENCE,OR,803.0,2021,Hacking/IT Incident,Email,Yes
330059,True,MONTEFIORE MEDICAL CENTER,NY,943.0,2021,Unauthorized Access/Disclosure,Electronic Medical Record (EMR),No
,False,NEIGHBORHOOD HEALTHCARE,CA,45200.0,2021,Hacking/IT Incident,Network Server,Yes
,False,STERLING AREA HEALTH CENTER,MI,3336.0,2021,Hacking/IT Incident,Network Server,Yes
,False,"UNLIMITED MEDICAL SERVICES OF FLORIDA, LLC  DBA DNF MEDICAL CENTERS",FL,846.0,2021,Unauthorized Access/Disclosure,Other (Cloud/Portable Media),No
,False,EASTERN SHORE RURAL HEALTH SYSTEM INC.,VA,23282.0,2021,Hacking/IT Incident,Network Server,Yes
,False,CHAUTAUQUA COUNTY,NY,537.0,2021,Unauthorized Access/Disclosure,Email,No
,False,NORTH COUNTRY HOSPITAL,VT,1905.0,2021,Hacking/IT Incident,Network Server,Yes
,False,MAILMYPRESCRIPTIONS.COM PHARMACY CORPORATION,FL,24037.0,2021,Hacking/IT Incident,Email,No
,False,"ELDERSERVE HEALTH, INC. DBA RIVERSPRING HEALTH PLANS",NY,31195.0,2021,Hacking/IT Incident,Email,No
,False,TEXAS MEDCLINIC,TX,6638.0,2021,Unauthorized Access/Disclosure,Other (Cloud/Portable Media),No
,False,"VIRTUA HEALTH, INC.",NJ,2704.0,2021,Unauthorized Access/Disclosure,Paper Records,Yes
301312,True,HUGGINS HOSPITAL,NH,3616.0,2021,Hacking/IT Incident,Network Server,Yes
,False,"KANAN MEDICAL, L.L.C",FL,823.0,2021,Unauthorized Access/Disclosure,Network Server,No
,False,URGENT HOMEMD,TX,615.0,2021,Hacking/IT Incident,Email,No
,False,ORTHOPEDIC ASSOCIATES OF HAWAII,HI,138000.0,2021,Hacking/IT Incident,Network Server,No
,False,SPECIALTY SURGICAL SUITES DBA MINIMALLY INVASIVE SURGERY OF HAWAII,HI,1000.0,2021,Hacking/IT Incident,Network Server,No
,False,ALL ACCESS ORTHO,HI,25000.0,2021,Hacking/IT Incident,Network Server,No
,False,"HEALTH AID OF OHIO, INC.",OH,141149.0,2021,Hacking/IT Incident,Network Server,No
,False,BAPTIST HEALTH ARKANSAS,AR,16765.0,2021,Hacking/IT Incident,Network Server,Yes
,False,"CENTER FOR DISEASE DETECTION, LLC",TX,2436.0,2021,Unauthorized Access/Disclosure,Email,No
,False,PRESBYTERIAN MEDICAL SERVICES,NM,536.0,2021,Loss,Paper Records,No
,False,SAPPHIRE COMMUNITY HEALTH,MT,3751.0,2021,Hacking/IT Incident,Network Server,No
,False,ENTRUST MEDICAL BILLING,OH,5426.0,2021,Hacking/IT Incident,Network Server,No
,False,PEDIATRIC ASSOCIATES OF MILWAUKEE,WI,8160.0,2021,Hacking/IT Incident,Network Server,No
,False,GYRODATA INCORPORATED,TX,944.0,2021,Hacking/IT Incident,Network Server,No
,False,DOCTORS MEDICAL CENTER OF MODESTO,CA,1259.0,2021,Unauthorized Access/Disclosure,Network Server,Yes
,False,"ALLERGY PARTNERS, PLLC",NC,74083.0,2021,Hacking/IT Incident,Network Server,No
,False,GIFFORD HEALTH CARE,VT,6777.0,2021,Hacking/IT Incident,Network Server,Yes
,False,CATHOLIC CHARITIES OF NORTH DAKOTA,ND,1901.0,2021,Hacking/IT Incident,Email,No
,False,JACKSON COUNTY HEALTH DEPT,IL,800.0,2021,Unauthorized Access/Disclosure,Email,No
,False,FAXTON ST. LUKE'S HEALTHCARE,NY,17656.0,2021,Hacking/IT Incident,Network Server,Yes
,False,PEAK VISTA COMMUNITY HEALTH CENTERS,CO,3118.0,2021,Theft,Physical Device (Workstation/Laptop),No
,False,"SEES GROUP, LLC",TN,3797.0,2021,Hacking/IT Incident,Email,No
,False,NPS CORPORATION,WI,999.0,2021,Hacking/IT Incident,Network Server,No
,False,WERNER ELECTRIC SUPPLY,WI,907.0,2021,Hacking/IT Incident,Network Server,No
,False,HAND TO SHOULDER SPECIALISTS OF WISCONSIN LTD.,WI,39317.0,2021,Hacking/IT Incident,Network Server,No
,False,"OPEN UPRIGHT MRI, LLC, D/B/A WOODBRIDGE RADIOLOGY",NJ,25272.0,2021,Hacking/IT Incident,Network Server,No
,False,"MIDDLETOWN VENTURES ASSOCIATES, LLC, D/B/A MIDDLETOWN MEDICAL IMAGING",NJ,29945.0,2021,Hacking/IT Incident,Network Server,No
,False,"THRIFTY DRUG STORES, INC.",MN,3958.0,2021,Hacking/IT Incident,Network Server,Yes
,False,"EAST BRUNSWICK OPEN UPRIGHT MRI, LLC",NJ,12151.0,2021,Hacking/IT Incident,Network Server,No
223302,True,BOSTON CHILDREN’S HOSPITAL,MA,506.0,2021,Hacking/IT Incident,Email,No
,False,WYOMING DEPARTMENT OF HEALTH,WY,164010.0,2021,Unauthorized Access/Disclosure,Network Server,No
,False,"ST. JOHN'S WELL CHILD AND FAMILY CENTER, INC.",CA,29030.0,2021,Hacking/IT Incident,Network Server,No
,False,ACHIEVEMENT CENTER OF LECOM HEALTH,PA,1671.0,2021,Hacking/IT Incident,Email,No
,False,"LIFEBRIDGE COMMUNITY GASTROENTEROLOGY, LLC DBA WOODHOLME GASTROENTEROLOGY",MD,66342.0,2021,Hacking/IT Incident,Network Server,No
,False,MINIMED DISTRIBUTION CORP,CA,1658.0,2021,Unauthorized Access/Disclosure,Email,No
,False,ARIZONA ASTHMA AND ALLERGY INSTITUTE,AZ,70372.0,2021,Hacking/IT Incident,Network Server,No
301309,True,MONADNOCK COMMUNITY HOSPITAL,NH,14340.0,2021,Hacking/IT Incident,Network Server,Yes
,False,ORTHOPEDIC ASSOCIATES OF DUTCHESS COUNTY,NY,330143.0,2021,Hacking/IT Incident,Network Server,No
,False,"NEC NETWORKS, LLC D/B/A CAPTURERX",TX,2600000.0,2021,Hacking/IT Incident,Network Server,Yes
,False,IMPLANT AND PROSTHODONTIC ASSOCIATES,OK,6134.0,2021,Theft,Other (Cloud/Portable Media),No
,False,TYLER FAMILY CIRCLE OF CARE,TX,1860.0,2021,Hacking/IT Incident,Network Server,Yes
,False,BROWNSVILLE COMMUNITY HEALTH CENTER DBA NEW HORIZON MEDICAL CENTER,TX,4258.0,2021,Hacking/IT Incident,Network Server,Yes
,False,SERENDIPITY HEARING INC.,CA,3100.0,2021,Theft,Physical Device (Workstation/Laptop),No
,False,SUMMACARE,OH,5532.0,2021,Unauthorized Access/Disclosure,Paper Records,Yes
,False,EXCELTOX LABORATORIES,CA,4571.0,2021,Loss,Paper Records,No
450641,True,NOCONA GENERAL HOSPITAL,TX,3254.0,2021,Hacking/IT Incident,Network Server,No
,False,MIDMICHIGAN HEALTH SERVICES,MI,2800.0,2021,Hacking/IT Incident,Network Server,Yes
,False,"SHANDS TEACHING HOSPITALS AND CLINICS, INC.",FL,1562.0,2021,Unauthorized Access/Disclosure,Electronic Medical Record (EMR),No
,False,"ASCENSION - OUR LADY OF LOURDES MEMORIAL HOSPITAL INC.,",NY,1745.0,2021,Hacking/IT Incident,Network Server,Yes
,False,ST. AGNES HEALTHCARE INC.,MD,2821.0,2021,Hacking/IT Incident,Network Server,Yes
,False,ASCENSION STANDISH HOSPITAL,MI,1705.0,2021,Hacking/IT Incident,Network Server,Yes
,False,ASCENSION ST. JOSEPH HOSPITAL,MI,5807.0,2021,Hacking/IT Incident,Network Server,Yes
,False,"CHARLES COLE MEMORIAL HOSPITAL, D/B/A UPMC COLE",PA,7376.0,2021,Hacking/IT Incident,Network Server,Yes
,False,UNITED HEALTH GROUP HEALTH PLAN SACE,MN,666.0,2021,Unauthorized Access/Disclosure,Network Server,No
,False,SAC HEALTH SYSTEMS,CA,28128.0,2021,Hacking/IT Incident,Network Server,Yes
,False,"INTERNAL MEDICINE ASSOCIATES OF JASPER, PC, DBA PRESTIGE MEDICAL GROUP",GA,34203.0,2021,Hacking/IT Incident,Network Server,No
,False,MASTER EQUITY TEXAS LIMITED PARTNERSHIP,TX,1962.0,2021,Unauthorized Access/Disclosure,Email,No
,False,"NEW ENGLAND DERMATOLOGY AND LASER CENTER, P.C.",MA,58106.0,2021,Improper Disposal,Paper Records,No
,False,"INVUE SECURITY PRODUCTS, INC. EMPLOYEE GROUP HEALTH PLAN",NC,1062.0,2021,Hacking/IT Incident,Network Server,No
,False,COMMUNITY ACCESS UNLIMITED,NJ,13813.0,2021,Hacking/IT Incident,Network Server,Yes
,False,"CARESOUTH CAROLINA, INC.",SC,76035.0,2021,Hacking/IT Incident,Network Server,Yes
410012,True,THE MIRIAM HOSPITAL,RI,2999.0,2021,Unauthorized Access/Disclosure,Email,No
,False,GOOD HEALTH MEDICAL DBA MY DR NOW,AZ,36781.0,2021,Hacking/IT Incident,Network Server,No
,False,"BAYHEALTH MEDICAL CENTER, INC.",DE,565.0,2021,Hacking/IT Incident,Network Server,Yes
,False,TRINITY HEALTH SYSTEM - TWIN CITY,OH,9579.0,2021,Hacking/IT Incident,Network Server,Yes
,False,SAN DIEGO FAMILY CARE,CA,154513.0,2021,Hacking/IT Incident,Network Server,Yes
321313,True,REHOBOTH MCKINLEY CHRISTIAN HEALTH CARE SERVICES,NM,207195.0,2021,Hacking/IT Incident,Network Server,No
,False,COMMUNITY HEALTH CHOICE INC.,TX,2489.0,2021,Unauthorized Access/Disclosure,Paper Records,Yes
,False,SOUTHWESTERN INDIANA REGIONAL COUNCIL ON AGING,IN,4250.0,2021,Hacking/IT Incident,Email,No
,False,SWEDISH COVENANT HEALTH DBA SWEDISH HOSPITAL,IL,4206.0,2021,Hacking/IT Incident,Email,No
,False,SCOTT REGIONAL HOSPITAL,MS,1056.0,2021,Hacking/IT Incident,Network Server,Yes
,False,MASSENA HOSPITAL,NY,1897.0,2021,Hacking/IT Incident,Network Server,Yes
,False,BEECH ACRES PARENTING CENTER,OH,8212.0,2021,Hacking/IT Incident,Email,No
,False,WESTWOOD OBSTETRICS AND GYNECOLOGY,IL,12931.0,2021,Hacking/IT Incident,Network Server,Yes
,False,HC WATKINS MEMORIAL HOSPITAL,MS,634.0,2021,Hacking/IT Incident,Network Server,Yes
,False,ASPEN DENTAL MANAGEMENT LLC,NY,9620.0,2021,Theft,Physical Device (Workstation/Laptop),Yes
,False,"LAIRD HOSPITAL, INC.",MS,1092.0,2021,Hacking/IT Incident,Network Server,Yes
,False,"20/20 EYE CARE NETWORK, INC",FL,4142440.0,2021,Hacking/IT Incident,Network Server,Yes
370781,True,HARPER COUNTY COMMUNITY HOSPITAL,OK,5725.0,2021,Hacking/IT Incident,Network Server,No
,False,WASHOE BARTON MEDICAL CLINIC D/B/A CARSON VALLEY MEDICAL CENTER,NV,1115.0,2021,Hacking/IT Incident,Network Server,Yes
,False,ROGUE COMMUNITY HEALTH,OR,847.0,2021,Hacking/IT Incident,Network Server,Yes
,False,CENTER FOR HUMAN DEVELOPMENT,MA,15665.0,2021,Hacking/IT Incident,Network Server,No
,False,"PENOBSCOT COMMUNITY HEALTH CENTER, INC.",ME,2798.0,2021,Hacking/IT Incident,Network Server,Yes
210019,True,TIDALHEALTH PENINSULA REGIONAL,MD,4070.0,2021,Hacking/IT Incident,Network Server,Yes
,False,BUCKEYE HEALTH PLAN,OH,2334.0,2021,Hacking/IT Incident,Network Server,Yes
,False,LOGICGATE,IL,47035.0,2021,Hacking/IT Incident,Network Server,Yes
,False,AETNA ACE,CT,562.0,2021,Unauthorized Access/Disclosure,Paper Records,No
,False,DEAN HEALTH SERVICING COMPANY,WI,1025.0,2021,Hacking/IT Incident,Email,Yes
,False,ARKANSAS HEALTH AND WELLNESS HEALTH PLAN,AR,3627.0,2021,Hacking/IT Incident,Network Server,Yes
,False,SEIU 775 BENEFITS GROUP,WA,140000.0,2021,Hacking/IT Incident,Network Server,Yes
,False,ADIRONDACK MEDICAL CENTER D/B/A ADIRONDACK HEALTH,NY,877.0,2021,Hacking/IT Incident,Network Server,Yes
,False,STATE OF TN FINANCE & ADMINISTRATION,TN,947.0,2021,Unauthorized Access/Disclosure,Email,No
,False,STANFORD UNIVERSITY SCHOOL OF MEDICINE,CA,2063.0,2021,Hacking/IT Incident,Network Server,No
,False,WALGREEN CO.,IL,6498.0,2021,Improper Disposal,Paper Records,No
220008,True,STURDY MEMORIAL HOSPITAL,MA,57379.0,2021,Hacking/IT Incident,Network Server,No
,False,LAFOURCHE MEDICAL GROUP,LA,34862.0,2021,Hacking/IT Incident,Email,No
,False,FIVE RIVERS HEALTH CENTERS,OH,155748.0,2021,Hacking/IT Incident,Email,No
,False,"WOMENCARE, INC. D/B/A FAMILYCARE HEALTH CENTER",WV,9584.0,2021,Hacking/IT Incident,Network Server,Yes
,False,"WILLIAMSON HEALTH AND WELLNESS CENTER, INC.",WV,1688.0,2021,Hacking/IT Incident,Network Server,Yes
,False,MONROE COUNTY HEALTH CENTER,WV,757.0,2021,Hacking/IT Incident,Network Server,Yes
,False,HOBOKEN RADIOLOGY LLC,NJ,80000.0,2021,Hacking/IT Incident,Network Server,No
,False,WIRT COUNTY HEALTH SERVICES ASSOCIATION D/B/A COPLIN HEALTH SYSTEMS,WV,2164.0,2021,Hacking/IT Incident,Network Server,Yes
,False,SUPERIOR HEALTHPLAN,TX,2781.0,2021,Hacking/IT Incident,Network Server,Yes
,False,SCRIPPS HEALTH,CA,1267639.0,2021,Hacking/IT Incident,Network Server,No
,False,TRI-COUNTY FAMILY MEDICINE,NY,1438.0,2021,Hacking/IT Incident,Network Server,Yes
,False,HILL COUNTRY COMMUNITY CLINIC DBA HILL COUNTRY HEALTH AND WELLNESS CENTER,CA,2658.0,2021,Hacking/IT Incident,Network Server,Yes
330096,True,JONES MEMORIAL HOSPITAL,NY,8962.0,2021,Hacking/IT Incident,Network Server,Yes
,False,"SPIRE POWER SOLUTIONS, L.P.",GA,771.0,2021,Hacking/IT Incident,Email,Yes
390027,True,"TEMPLE UNIVERSITY HOSPITAL, INC.",PA,17041.0,2021,Hacking/IT Incident,Network Server,Yes
,False,MOSES LAKE COMMUNITY HEALTH CENTER,WA,1190.0,2021,Hacking/IT Incident,Network Server,Yes
,False,TURNING POINT CLINIC,MD,700.0,2021,Hacking/IT Incident,Network Server,No
,False,EAST JORDAN FAMILY HEALTH CENTER,MI,1146.0,2021,Hacking/IT Incident,Network Server,Yes
320005,True,SAN JUAN REGIONAL MEDICAL CENTER,NM,325660.0,2021,Hacking/IT Incident,Network Server,No
,False,STEWARD MEDICAL GROUP,MA,640.0,2021,Hacking/IT Incident,Email,No
,False,UW MEDICINE,WA,18389.0,2021,Hacking/IT Incident,Network Server,Yes
,False,"PEDIATRIX CARDIOLOGY OF WASHINGTON, P.C. D/B/A NORTHWEST CONGENITAL HEART CARE",WA,1166.0,2021,Theft,Other (Cloud/Portable Media),No
,False,"ATRICURE, INC. GROUP HEALTH PLAN",OH,2487.0,2021,Hacking/IT Incident,Email,No
,False,ABSOLUTE TOTAL CARE,SC,1286.0,2021,Hacking/IT Incident,Network Server,Yes
,False,WISCONSIN DEPARTMENT OF HEALTH SERVICES,WI,2868.0,2021,Hacking/IT Incident,Email,No
,False,"CANCER CENTERS OF SOUTHWEST OKLAHOMA, LLC",OK,8000.0,2021,Hacking/IT Incident,Network Server,Yes
,False,"DISCOVERY PRACTICE MANAGEMENT, INC.",CA,12859.0,2021,Hacking/IT Incident,Email,Yes
,False,"UOFL HEALTH, INC.",KY,42465.0,2021,Unauthorized Access/Disclosure,Email,No
,False,PENNSYLVANIA HEALTH & WELLNESS,PA,1325.0,2021,Hacking/IT Incident,Network Server,Yes
450119,True,SOUTH TEXAS HEALTH SYSTEM,TX,6761.0,2021,Unauthorized Access/Disclosure,Email,No
,False,PROVIDENCE HEALTH PLAN,OR,5509.0,2021,Unauthorized Access/Disclosure,Email,No
,False,GLACIER MEDICAL ASSOCIATES,MT,3007.0,2021,Hacking/IT Incident,Network Server,No
,False,UC SAN DIEGO HEALTH,CA,495949.0,2021,Hacking/IT Incident,Email,No
,False,MINNESOTA COMMUNITY CARE,MN,64855.0,2021,Hacking/IT Incident,Network Server,Yes
,False,CANCER CARE CENTER,TN,17809.0,2021,Hacking/IT Incident,Electronic Medical Record (EMR),Yes
,False,ILLINOIS ATTORNEY GENERAL'S OFFICE,IL,501.0,2021,Hacking/IT Incident,Network Server,Yes
,False,FALCON GROUP INTERNATIONAL CORP,NY,1900.0,2021,Unauthorized Access/Disclosure,Electronic Medical Record (EMR),No
,False,EPIC CARE,CA,9000.0,2021,Hacking/IT Incident,Electronic Medical Record (EMR),Yes
,False,NEIGHBORHOOD HEALTHCARE INC. D/B/A NEIGHBORHOOD FAMILY PRACTICE,OH,6156.0,2021,Hacking/IT Incident,Network Server,Yes
,False,"CARE INNS OF TEXAS, LTD",TX,1300.0,2021,Hacking/IT Incident,Email,Yes
,False,CENTURA HEALTH,CO,738.0,2021,Hacking/IT Incident,Email,No
,False,"ST. CHARLES HEALTH SYSTEM, INC.",OR,4687.0,2021,Hacking/IT Incident,Network Server,Yes
,False,GOLDEN CARE PHARMACY LLC,NJ,5530.0,2021,Unauthorized Access/Disclosure,Network Server,No
,False,HEALTH CARE SERVICE CORP,IL,543.0,2021,Hacking/IT Incident,Network Server,Yes
,False,"REPRODUCTIVE BIOLOGY ASSOCIATES, LLC AND ITS AFFILIATE MY EGG BANK, LLC",GA,38000.0,2021,Hacking/IT Incident,Network Server,No
,False,"LITTLE HILL FOUNDATION FOR THE REHABILITATION OF ALCOHOLICS, INC. D/B/A ALINA LODGE",NJ,2565.0,2021,Hacking/IT Incident,Network Server,Yes
250040,True,SINGING RIVER HEALTH SYSTEM,MS,3543.0,2021,Hacking/IT Incident,Network Server,Yes
,False,"CHARLES E. JONES DDS PC, DBA JONES FAMILY DENTAL",OR,6493.0,2021,Hacking/IT Incident,Network Server,No
,False,REFRESH MENTAL HEALTH D/B/A SPRINGFIELD PSYCHOLOGICAL,PA,948.0,2021,Unauthorized Access/Disclosure,Email,No
,False,UNIVERSITY OF WISCONSIN HOSPITALS AND CLINICS AUTHORITY,WI,4563.0,2021,Hacking/IT Incident,Electronic Medical Record (EMR),No
,False,"JFK MEDICAL ASSOCIATES, PA",NJ,1304.0,2021,Hacking/IT Incident,Network Server,No
,False,PROMINENCE HEALTH PLAN,NV,45380.0,2021,Hacking/IT Incident,Network Server,No
,False,WALMART INC.,AR,14532.0,2021,Loss,Paper Records,No
,False,"EYE CONSULTANTS OF ATLANTA / PIEDMONT SYSTEM AMBULATORY SURGERY CENTER, LLC",GA,2662.0,2021,Improper Disposal,Paper Records,No
,False,"HOSPARUS, INC. DBA CARE GUIDE PARTNERS INC.",KY,1545.0,2021,Hacking/IT Incident,Network Server,Yes
,False,JAWONIO,NY,13313.0,2021,Hacking/IT Incident,Email,No
,False,RENOWN HEALTH,NV,65181.0,2021,Hacking/IT Incident,Network Server,Yes
,False,HAWAII INDEPENDENT PHYSICIANS ASSOCIATION,HI,18770.0,2021,Hacking/IT Incident,Email,Yes
,False,UNITED NEIGHBORHOOD HEALTH SERVICES D/B/A NEIGHBORHOOD HEALTH,TN,1519.0,2021,Hacking/IT Incident,Network Server,Yes
,False,TIBURCIO VASQUEZ HEALTH CENTER INC.,CA,2042.0,2021,Hacking/IT Incident,Network Server,Yes
,False,ABODE SERVICES,CA,4905.0,2021,Hacking/IT Incident,Email,No
,False,"MISSISSIPPI CENTER FOR ADVANCED MEDICINE, PC",MS,8908.0,2021,Hacking/IT Incident,Network Server,No
,False,"SMILE BRANDS, INC.",CA,2592494.0,2021,Hacking/IT Incident,Network Server,Yes
,False,MULTIPLAN,NY,214956.0,2021,Hacking/IT Incident,Email,Yes
,False,AULTMAN HEALTH FOUNDATION,OH,7354.0,2021,Unauthorized Access/Disclosure,Electronic Medical Record (EMR),No
,False,JOHN MUIR PHYSICIAN NETWORK,CA,1081.0,2021,Unauthorized Access/Disclosure,Email,No
,False,NORTHWESTERN MEMORIAL HEALTHCARE,IL,201197.0,2021,Hacking/IT Incident,Network Server,Yes
,False,PHYSICIANS DIALYSIS,FL,1998.0,2021,Hacking/IT Incident,Network Server,No
,False,CARLE CANCER INSTITUTE NORMAL,IL,8066.0,2021,Hacking/IT Incident,Network Server,Yes
,False,CVS CAREMARK,RI,3064.0,2021,Unauthorized Access/Disclosure,Paper Records,Yes
,False,"THE RECOVERY PROJECT, LLC",MI,1103.0,2021,Hacking/IT Incident,Email,No
,False,"FAIRBANKS CANCER CARE PHYSICIANS, P.C.",AK,2426.0,2021,Hacking/IT Incident,Network Server,Yes
,False,DENTAL CENTER OF WESTPORT GROUP LLC,CT,2175.0,2021,Hacking/IT Incident,Email,No
,False,ANKLE AND FOOT PHYSICIANS AND SURGEONS PLLC,WA,5244.0,2021,Hacking/IT Incident,Network Server,No
,False,"DERMATOLOGY GROUP OF ARKANSAS, PA",AR,1579.0,2021,Hacking/IT Incident,Email,No
,False,PEOPLES COMMUNITY HEALTH CLINIC,IA,40084.0,2021,Hacking/IT Incident,Email,No
,False,PENN FOUNDATION,PA,768.0,2021,Hacking/IT Incident,Network Server,No
,False,"PRACTICEMAX, INC.",AZ,685574.0,2021,Hacking/IT Incident,Network Server,Yes
,False,"FRANCISCO J. PABALAN MD, INC",CA,50000.0,2021,Hacking/IT Incident,Network Server,No
,False,NYC HEALTH + HOSPITALS,NY,43727.0,2021,Hacking/IT Incident,Network Server,Yes
,False,"PROFESSIONAL BUSINESS SYSTEMS, INC., D/B/A PRACTICEFIRST MEDICAL MANAGEMENT SOLUTIONS AND PBS MEDCODE CORP.,",NY,1210688.0,2021,Hacking/IT Incident,Network Server,Yes
,False,FLORIDA BLUE,FL,32749.0,2021,Hacking/IT Incident,Network Server,No
161358,True,WAYNE COUNTY HOSPITAL,IA,2016.0,2021,Hacking/IT Incident,Email,No
,False,"HEARTSHARE WELLNESS, LTD",NY,586.0,2021,Hacking/IT Incident,Network Server,Yes
,False,"ST. VINCENT'S SERVICES, INC. D/B/A HEARTSHARE ST. VINCENT'S SERVICES",NY,1927.0,2021,Hacking/IT Incident,Network Server,Yes
,False,CENTRACARE HEALTH SYSTEM,MN,842.0,2021,Hacking/IT Incident,Network Server,Yes
,False,COOK COUNTY HEALTH,IL,898.0,2021,Unauthorized Access/Disclosure,Paper Records,Yes
,False,"UNIVERSITY OF MARYLAND, BALTIMORE",MD,37263.0,2021,Hacking/IT Incident,Network Server,Yes
,False,"COASTAL FAMILY HEALTH CENTER, INC",MS,65890.0,2021,Hacking/IT Incident,Network Server,No
,False,HOT SPRINGS HEALTH PROGRAM,NC,1984.0,2021,Unauthorized Access/Disclosure,Email,No
,False,HEALTHREACH COMMUNITY HEALTH CENTERS,ME,122308.0,2021,Improper Disposal,Electronic Medical Record (EMR),No
,False,FLORIDA HEART ASSOCIATES,FL,45148.0,2021,Hacking/IT Incident,Network Server,No
,False,TRIANGLE WOMEN'S CENTER,NC,978.0,2021,Unauthorized Access/Disclosure,Email,No
,False,HOPE MEDICAL LLC,GA,500.0,2021,Unauthorized Access/Disclosure,Paper Records,No
,False,LAKE COUNTY HEALTH DEPARTMENT AND COMMUNITY HEALTH CENTER,IL,705.0,2021,Unauthorized Access/Disclosure,Network Server,No
,False,"FOREFRONT DERMATOLOGY, S.C.",WI,2413553.0,2021,Hacking/IT Incident,Network Server,Yes
,False,OSBORN CANCER CARE,WA,4614.0,2021,Hacking/IT Incident,Network Server,Yes
,False,CNA FINANCIAL CORPORATION,IL,5095.0,2021,Hacking/IT Incident,Network Server,No
,False,OSCAR INSURANCE COMPANY OF FLORIDA,FL,516.0,2021,Hacking/IT Incident,Other (Cloud/Portable Media),No
310070,True,SAINT PETER'S UNIVERSITY HOSPITAL,NJ,585.0,2021,Hacking/IT Incident,Network Server,Yes
,False,STARLING PHYSICIANS,CT,2808.0,2021,Hacking/IT Incident,Email,No
,False,"CSI FINANCIAL SERVICES, LLC DBA CLEARBALANCE",CA,3191.0,2021,Hacking/IT Incident,Email,Yes
370215,True,"OKLAHOMA HEART HOSPITAL, LLC",OK,1038.0,2021,Unauthorized Access/Disclosure,Paper Records,No
,False,BAKERSFIELD HEMATOLOGY ONCOLOGY INC.,CA,1286.0,2021,Unauthorized Access/Disclosure,Electronic Medical Record (EMR),No
,False,KING COUNTY PUBLIC HOSPITAL DISTRICT NO. 2 D/B/A EVERGREENHEALTH,WA,22579.0,2021,Hacking/IT Incident,Network Server,Yes
,False,THE GEORGE WASHINGTON UNIVERSITY MEDICAL FACULTY ASSOCIATES,DC,576.0,2021,Unauthorized Access/Disclosure,Email,No
,False,ON LOK SENIOR HEALTH SERVICES,CA,1643.0,2021,Hacking/IT Incident,Network Server,No
,False,NYSTROM & ASSOCIATES,MN,985.0,2021,Hacking/IT Incident,Email,No
,False,AETNA ACE,CT,8664.0,2021,Hacking/IT Incident,Email,No
,False,"SYNERGIC HEALTHCARE SOLUTIONS, INC. DBA TGH URGENT CARE POWERED BY FAST TRACK",FL,558.0,2021,Theft,Other (Cloud/Portable Media),Yes
,False,CITY OF LINCOLN AGING PARTNERS,NE,1513.0,2021,Hacking/IT Incident,Email,Yes
,False,GUIDEHOUSE,VA,91331.0,2021,Hacking/IT Incident,Network Server,Yes
,False,"DYNAMIC HEALTH CARE, INC.",IL,947.0,2021,Hacking/IT Incident,Network Server,Yes
,False,"CLEANSLATE CENTERS, INC.",TN,890.0,2021,Hacking/IT Incident,Email,No
,False,INTERMOUNTAIN HEALTHCARE,UT,28628.0,2021,Hacking/IT Incident,Network Server,Yes
,False,MCLAREN HEALTH CARE CORPORATION,MI,64600.0,2021,Hacking/IT Incident,Network Server,Yes
,False,SIERRA NEVADA PRIMARY CARE PHYSICIANS,CA,1717.0,2021,Theft,Paper Records,No
,False,ADVOCATE AURORA HEALTH,WI,68707.0,2021,Hacking/IT Incident,Network Server,Yes
361331,True,ADENA FAYETTE MEDICAL CENTER,OH,1389.0,2021,Hacking/IT Incident,Email,No
,False,THE CANCER CENTER OF GREENWOOD LEFLORE HOSPITAL,MS,2714.0,2021,Hacking/IT Incident,Network Server,Yes
,False,THE UNIVERSITY OF NORTH CAROLINA AT CHAPEL HILL SCHOOL OF MEDICINE,NC,2718.0,2021,Hacking/IT Incident,Email,No
,False,SOUTHWEST NEBRASKA PUBLIC HEALTH DEPARTMENT,NE,12968.0,2021,Unauthorized Access/Disclosure,Physical Device (Workstation/Laptop),No
,False,THE UNIVERSITY OF NORTH CAROLINA HOSPITALS,NC,8114.0,2021,Hacking/IT Incident,Email,No
,False,YOUTH CONSULTATION SERVICE,NJ,2756.0,2021,Hacking/IT Incident,Network Server,No
,False,"ORLANDO FAMILY PHYSICIANS, LLC",FL,447426.0,2021,Hacking/IT Incident,Email,No
670068,True,TEXAS HEALTH PRESBYTERIAN HOSPITAL FLOWER MOUND,TX,781.0,2021,Unauthorized Access/Disclosure,Email,No
,False,"STANDARD MODERN COMPANY, INC.",MA,2707.0,2021,Unauthorized Access/Disclosure,Paper Records,Yes
,False,PRESTERA CENTER FOR MENTAL HEALTH SERVICES,WV,2152.0,2021,Hacking/IT Incident,Email,No
,False,"ACADEMIC HEALTHPLANS, INC.",TX,79263.0,2021,Hacking/IT Incident,Email,Yes
,False,NORTH OKLAHOMA COUNTY MENTAL HEALTH CENTER D/B/A NORTHCARE,OK,128556.0,2021,Hacking/IT Incident,Network Server,No
390174,True,THOMAS JEFFERSON UNIVERSITY HOSPITAL,PA,1346.0,2021,Hacking/IT Incident,Network Server,Yes
281343,True,WEST HOLT MEMORIAL HOSPITAL,NE,541.0,2021,Hacking/IT Incident,Email,No
,False,ASCENSION VIA CHRISTI ACE,KS,1977.0,2021,Hacking/IT Incident,Email,Yes
,False,ELECTRICAL WORKERS LOCAL 369,KY,662.0,2021,Hacking/IT Incident,Email,No
,False,MEDI-LYNX CARDIAC MONITORING,TX,1841.0,2021,Hacking/IT Incident,Email,No
,False,MOBILE COUNTY COMMISSION,AL,1337.0,2021,Hacking/IT Incident,Network Server,Yes
,False,"YALE NEW HAVEN HEALTH SERVICES CORPORATION (""YNHHS"")",CT,14603.0,2021,Hacking/IT Incident,Network Server,Yes
,False,NCH CORPORATION,TX,11427.0,2021,Hacking/IT Incident,Network Server,No
,False,"SIPARADIGM, LLC",NJ,1654.0,2021,Unauthorized Access/Disclosure,Network Server,No
,False,HARRIS COUNTY,TX,26000.0,2021,Unauthorized Access/Disclosure,Network Server,No
270012,True,BENEFIS HOSPITALS INC,MT,81043.0,2021,Hacking/IT Incident,Email,No
,False,K&B SURGICAL CENTER LLC,CA,14774.0,2021,Hacking/IT Incident,Network Server,No
,False,"A2Z DIAGNOSTICS, LLC",NJ,35587.0,2021,Hacking/IT Incident,Email,No
,False,"EAU CLAIRE COOPERATIVE HEALTH, INC. DBA COOPERATIVE HEALTH",SC,3755.0,2021,Hacking/IT Incident,Other (Cloud/Portable Media),Yes
,False,UNITEDHEALTH GROUP SINGLE AFFILIATED COVERED ENTITY,MN,774.0,2021,Unauthorized Access/Disclosure,Network Server,No
330078,True,SISTERS OF CHARITY HOSPITAL,NY,10464.0,2021,Hacking/IT Incident,Network Server,Yes
,False,MOUNT ST. MARY'S HOSPITAL,NY,6538.0,2021,Hacking/IT Incident,Network Server,Yes
,False,"WOODS SUPER MARKETS, INC.",MO,785.0,2021,Hacking/IT Incident,Network Server,Yes
,False,RENAISSANCE LIFE & HEALTH INSURANCE COMPANY OF AMERICA,IN,4727.0,2021,Hacking/IT Incident,Network Server,Yes
,False,UF HEALTH CENTRAL FLORIDA,FL,700934.0,2021,Hacking/IT Incident,Network Server,No
,False,VALLEY PHYSICAL MEDICINE & REHABILITATION,AZ,1866.0,2021,Unauthorized Access/Disclosure,Email,No
,False,HOSPICE OF THE PIEDMONT,VA,10682.0,2021,Hacking/IT Incident,Email,No
,False,VISION FOR HOPE,IL,5517.0,2021,Hacking/IT Incident,Email,No
,False,UNM HEALTH,NM,1228093.0,2021,Hacking/IT Incident,Network Server,No
,False,WISCONSIN INSTITUTE OF UROLOGY S.C.,WI,4819.0,2021,Hacking/IT Incident,Email,No
,False,LONG ISLAND JEWISH FOREST HILLS HOSPITAL,NY,10333.0,2021,Unauthorized Access/Disclosure,Electronic Medical Record (EMR),No
,False,ELECTROMED,MN,47200.0,2021,Hacking/IT Incident,Network Server,No
,False,"ST. JOSEPH'S/CANDLER HEALTH SYSTEM, INC.",GA,1400000.0,2021,Hacking/IT Incident,Network Server,No
,False,"EXPRESS MRI, LLC (NORCROSS)",GA,1707.0,2021,Hacking/IT Incident,Email,Yes
493301,True,CHILDREN'S HOSPITAL OF THE KING'S DAUGHTERS,VA,914.0,2021,Hacking/IT Incident,Email,No
,False,WASTE MANAGEMENT HEALTH AND WELFARE BENEFITS PLAN,TX,922.0,2021,Hacking/IT Incident,Network Server,No
,False,"FRISCO FERTILITY CENTER, PLLC DBA DALLAS IVF",TX,552.0,2021,Unauthorized Access/Disclosure,Electronic Medical Record (EMR),No
,False,NORTH COUNTRY HEALTHCARE,NH,3550.0,2021,Hacking/IT Incident,Network Server,Yes
,False,UNIVERSITY MEDICAL CENTER OF SOUTHERN NEVADA,NV,1300000.0,2021,Hacking/IT Incident,Network Server,No
,False,"FAIRFAX MEDICAL FACILITIES, INC.",OK,4970.0,2021,Hacking/IT Incident,Email,No
,False,MCCOY CONSULTING SERVICES LLC,WV,5665.0,2021,Hacking/IT Incident,Email,Yes
,False,"ALLUMA, INC",MN,4642.0,2021,Unauthorized Access/Disclosure,Paper Records,No
,False,METRO INFECTIOUS DISEASE CONSULTANTS,IL,171740.0,2021,Hacking/IT Incident,Email,No
,False,TEXOMA COMMUNITY CENTER,TX,24021.0,2021,Hacking/IT Incident,Email,No
,False,UTMP SURGICAL ONCOLOGY,TN,1310.0,2021,Unauthorized Access/Disclosure,Paper Records,No
,False,NASHUA REGIONAL CANCER CENTER DBA RADIATION CENTER OF GREATER NASHUA,NH,520.0,2021,Hacking/IT Incident,Network Server,Yes
,False,NOVA BIOMEDICAL CORPORATION,MA,3774.0,2021,Hacking/IT Incident,Network Server,No
,False,"CENTRAL UTAH CLINIC, P.C. DBA REVERE HEALTH",UT,12433.0,2021,Hacking/IT Incident,Email,No
,False,SOUTH FLORIDA COMMUNITY CARE NETWORK LLC D/B/A COMMUNITY CARE PLAN,FL,48344.0,2021,Unauthorized Access/Disclosure,Email,No
,False,GREGORY P. VANNUCCI DDS,IA,26144.0,2021,Hacking/IT Incident,Network Server,No
,False,CAREPOINTE ENT,IN,48742.0,2021,Hacking/IT Incident,Network Server,No
,False,"DENTON COUNTY, TEXAS",TX,326417.0,2021,Unauthorized Access/Disclosure,Network Server,No
,False,THE WEDGE MEDICAL CENTER,PA,25491.0,2021,Hacking/IT Incident,Network Server,No
,False,MEDICAL BUSINESS MANAGEMENT,AL,1750.0,2021,Hacking/IT Incident,Network Server,Yes
,False,LIFELONG MEDICAL CARE,CA,115448.0,2021,Hacking/IT Incident,Network Server,Yes
,False,SAN ANDREAS REGIONAL CENTER,CA,57244.0,2021,Hacking/IT Incident,Network Server,Yes
,False,FAMILY MEDICAL CENTER OF MICHIGAN,MI,21988.0,2021,Hacking/IT Incident,Network Server,No
,False,"CAREATC, INC.",OK,98774.0,2021,Hacking/IT Incident,Email,No
,False,BEAUMONT HEALTH,MI,1568.0,2021,Hacking/IT Incident,Network Server,Yes
,False,EASTERSEALS DELAWARE & MARYLAND'S EASTERN SHORE,DE,15208.0,2021,Hacking/IT Incident,Email,No
,False,"HEALTHPOINTE MEDICAL GROUP, INC.",CA,11000.0,2021,Hacking/IT Incident,Network Server,No
,False,QUEEN CREEK MEDICAL CENTER D/B/A DESERT WELLS FAMILY MEDICINE,AZ,35000.0,2021,Hacking/IT Incident,Network Server,No
,False,"IJAOLA, LLC D/B/A MERCY GRACE PRIVATE PRACTICE",AZ,4450.0,2021,Hacking/IT Incident,Email,No
,False,THOMAS EYE GROUP,GA,33994.0,2021,Unauthorized Access/Disclosure,Network Server,No
,False,"DUPAGE MEDICAL GROUP, LTD.",IL,655384.0,2021,Hacking/IT Incident,Network Server,No
,False,LAKESHORE DENTAL,WI,2000.0,2021,Unauthorized Access/Disclosure,Network Server,Yes
,False,"SEQUOIA CONCEPTS, INC.",CA,2230.0,2021,Hacking/IT Incident,Network Server,Yes
,False,CALIFORNIA DEPARTMENT OF STATE HOSPITALS - COALINGA,CA,1738.0,2021,Unauthorized Access/Disclosure,Email,No
,False,"USV OPTICAL, INC.",NJ,412565.0,2021,Hacking/IT Incident,Network Server,No
,False,"ADEC, INC.",IN,1999.0,2021,Hacking/IT Incident,Email,No
,False,"EASTERN CONNECTICUT PATHOLOGY CONSULTANTS, P.C.",CT,5978.0,2021,Hacking/IT Incident,Email,Yes
,False,"ASARCO HEALTH, DENTAL, VISION, FLEXIBLE SPENDING, NON-UNION EMPLOYEE BENEFITS, AND RETIREE MEDICAL PLANS",AZ,28000.0,2021,Hacking/IT Incident,Network Server,No
,False,"RESOURCE ANESTHESIOLOGY ASSOCIATION OF CALIFORNIA, A MEDICAL CORPORATION",CA,2700.0,2021,Theft,Physical Device (Workstation/Laptop),No
,False,"RADIOLOGY ASSOCIATES OF ALBUQUERQUE, PA",NM,616211.0,2021,Hacking/IT Incident,Network Server,No
,False,"PATHOLOGY CONSULTANTS OF NEW LONDON, P.C.",CT,835.0,2021,Hacking/IT Incident,Email,Yes
,False,"HBP FINANCIAL SERVICES GROUP, LTD",CT,2238.0,2021,Hacking/IT Incident,Email,Yes
,False,CITY OF JOPLIN,MO,2494.0,2021,Hacking/IT Incident,Network Server,No
,False,"VISTA RADIOLOGY, P.C.",TN,3664.0,2021,Hacking/IT Incident,Network Server,No
,False,CVS PHARMACY,RI,826.0,2021,Theft,Paper Records,No
,False,"CENTRAL TEXAS MEDICAL SPECIALISTS, PLLC DBA AUSTIN CANCER CENTERS",TX,36503.0,2021,Hacking/IT Incident,Network Server,No
,False,"REHABILITATION SUPPORT SERVICES, INC.",NY,23907.0,2021,Hacking/IT Incident,Network Server,No
,False,TALBERT HOUSE,OH,304000.0,2021,Hacking/IT Incident,Network Server,No
,False,CONSUMER DIRECT CARE NETWORK ARIZONA,AZ,504.0,2021,Hacking/IT Incident,Email,No
,False,EASTERN LOS ANGELES REGIONAL CENTER,CA,5441.0,2021,Hacking/IT Incident,Email,Yes
,False,BUDDHIST TZU CHI MEDICAL FOUNDATION,CA,18968.0,2021,Hacking/IT Incident,Network Server,No
,False,ABEO SOLUTIONS INC. D/B/A CRYSTAL PRACTICE MANAGEMENT,TX,21112.0,2021,Hacking/IT Incident,Network Server,Yes
,False,INDIAN CREEK FOUNDATION,PA,2405.0,2021,Hacking/IT Incident,Network Server,No
,False,SIMON EYE MANAGEMENT,DE,144780.0,2021,Hacking/IT Incident,Email,No
,False,MULTNOMAH COUNTY,OR,709.0,2021,Theft,Paper Records,No
,False,DIRECTIONS FOR LIVING,FL,19494.0,2021,Hacking/IT Incident,Network Server,No
,False,SAMARITAN CENTER OF PUGET SOUND,WA,20866.0,2021,Theft,Network Server,No
,False,MANKATO CLINIC,MN,535.0,2021,Unauthorized Access/Disclosure,Email,No
,False,"HORIZON HOUSE, INC.",PA,27823.0,2021,Hacking/IT Incident,Network Server,No
,False,GEORGIA DEPARTMENT OF HUMAN SERVICES,GA,15938.0,2021,Hacking/IT Incident,Network Server,Yes
,False,"WELFARE & PENSION ADMINISTRATION SERVICE, INC.",WA,194674.0,2021,Hacking/IT Incident,Network Server,No
,False,FAMOUS ENTERPRISES INC. EMPLOYEE BENEFIT PLAN,OH,528.0,2021,Hacking/IT Incident,Network Server,No
,False,"ORLICK & KASPER, MDS, PA",FL,30000.0,2021,Theft,Physical Device (Workstation/Laptop),No
,False,ILLINOIS DEPARTMENT OF HUMAN SERVICES AND ILLINOIS DEPARTMENT OF HEALTHCARE AND FAMILY SERVICES,IL,1960.0,2021,Hacking/IT Incident,Network Server,No
,False,"MCALLEN SURGICAL SPECIALTY CENTER, LTD.",TX,29227.0,2021,Hacking/IT Incident,Network Server,No
,False,GYN EMERGENT CARE CENTER,CA,5080.0,2021,Loss,Paper Records,No
,False,CEREBRAL MEDICAL GROUP,FL,875.0,2021,Unauthorized Access/Disclosure,Network Server,No
,False,AETNA ACE,CT,1011.0,2021,Hacking/IT Incident,Email,Yes
,False,STATE OF ALASKA DEPARTMENT OF HEALTH & SOCIAL SERVICES,AK,500000.0,2021,Hacking/IT Incident,Network Server,No
,False,ELIZABETH ORTOF MD,NY,5000.0,2021,Theft,Physical Device (Workstation/Laptop),No
,False,"DIGITAL INSURANCE, LLC DOING BUSINESS AS ONEDIGITAL",GA,895.0,2021,Hacking/IT Incident,Network Server,No
,False,GRIFFITH ENERGY SERVICES INC. WELFARE BENEFIT PLAN,MD,2693.0,2021,Hacking/IT Incident,Network Server,No
,False,ZENITH AMERICAN SOLUTIONS,WA,1907.0,2021,Unauthorized Access/Disclosure,Paper Records,Yes
,False,THE MENNINGER CLINIC,TX,1365.0,2021,Hacking/IT Incident,Email,No
,False,EPILEPSY FOUNDATION OF TEXAS,TX,2824.0,2021,Hacking/IT Incident,Email,No
,False,"NAVISTAR, INC. HEALTH PLAN AND THE NAVISTAR, INC. RETIREE HEALTH BENEFIT AND LIFE INSURANCE PLAN",IL,49000.0,2021,Hacking/IT Incident,Network Server,No
,False,"LAKEWOOD MANOR BAPTIST RETIREMENT COMMUNITY, INC. D/B/A LAKEWOOD",VA,1205.0,2021,Hacking/IT Incident,Email,No
,False,HUMANA INC,KY,948.0,2021,Unauthorized Access/Disclosure,Paper Records,Yes
,False,PREMIER MANAGEMENT COMPANY,TX,37636.0,2021,Unauthorized Access/Disclosure,Physical Device (Workstation/Laptop),No
,False,"PROFESSIONAL DENTAL ALLIANCE OF FLORIDA, LLC",PA,18626.0,2021,Hacking/IT Incident,Email,No
,False,"PROFESSIONAL DENTAL ALLIANCE OF GEORGIA, PLLC",PA,23974.0,2021,Hacking/IT Incident,Email,No
,False,"PROFESSIONAL DENTAL ALLIANCE OF ILLINOIS, PLLC",PA,16673.0,2021,Hacking/IT Incident,Email,No
,False,"PROFESSIONAL DENTAL ALLIANCE OF MICHIGAN, PLLC",PA,26054.0,2021,Hacking/IT Incident,Email,No
,False,"PROFESSIONAL DENTAL ALLIANCE, LLC",PA,47173.0,2021,Unauthorized Access/Disclosure,Email,No
,False,"NADG HOPEWELL, INC.",PA,1143.0,2021,Hacking/IT Incident,Email,No
,False,PROFESSIONAL DENTAL ALLIANCE OF MASSACHUSETTS,PA,607.0,2021,Hacking/IT Incident,Email,No
,False,"PROFESSIONAL DENTAL ALLIANCE OF CONNECTICUT, PLLC",PA,6237.0,2021,Hacking/IT Incident,Email,No
,False,"PROFESSIONAL DENTAL ALLIANCE OF TENNESSEE, LLC",PA,11217.0,2021,Hacking/IT Incident,Email,No
,False,OSF HEALTHCARE SYSTEM,IL,53907.0,2021,Hacking/IT Incident,Network Server,No
,False,"PROFESSIONAL DENTAL ALLIANCE OF NEW YORK, PLLC",PA,10778.0,2021,Hacking/IT Incident,Email,No
150024,True,ESKENAZI HEALTH,IN,1515918.0,2021,Hacking/IT Incident,Network Server,No
,False,"PROFESSIONAL DENTAL ALLIANCE OF TEXAS, PLLC",PA,4235.0,2021,Hacking/IT Incident,Email,No
,False,"PROFESSIONAL DENTAL ALLIANCE OF INDIANA, PLLC",PA,7359.0,2021,Hacking/IT Incident,Email,No
,False,ROCKBRIDGE AREA COMMUNITY SERVICES BOARD,VA,2000.0,2021,Hacking/IT Incident,Network Server,No
,False,WIRT COUNTY HEALTH SERVICES ASSOCIATION D/B/A COPLIN HEALTH SYSTEMS,WV,2643.0,2021,Unauthorized Access/Disclosure,Paper Records,No
,False,DRS. KELLEY & MCDOWELL PA,SC,6204.0,2021,Hacking/IT Incident,Network Server,Yes
,False,CARTERET HEALTH CARE,NC,1235.0,2021,Theft,Paper Records,No
,False,JDC HEALTHCARE MANAGEMENT LLC,TX,1077635.0,2021,Hacking/IT Incident,Network Server,No
,False,"SENIOR LIVING, LLC AND PILGRIM RIVER, LLC",NJ,3952.0,2021,Hacking/IT Incident,Network Server,No
,False,"REPROSOURCE FERTILITY DIAGNOSTICS, INC.",MA,253774.0,2021,Hacking/IT Incident,Network Server,No
,False,NORTH EAST OHIO NETWORK,OH,3555.0,2021,Hacking/IT Incident,Email,No
,False,INDEPENDENT HEALTH CORPORATION,NY,541.0,2021,Unauthorized Access/Disclosure,Email,Yes
,False,UNIVERSITY HOSPITAL,NJ,9329.0,2021,Unauthorized Access/Disclosure,Electronic Medical Record (EMR),No
,False,HUMANA INC,KY,4424.0,2021,Hacking/IT Incident,Network Server,Yes
,False,"CLINICAL PATHOLOGY DIAGNOSTICS, LLC",CT,2500.0,2021,Hacking/IT Incident,Email,Yes
,False,ORANGE COUNTY HEALTH AUTHORITY,CA,4732.0,2021,Unauthorized Access/Disclosure,Paper Records,No
,False,JACKSON COUNTY HEALTH DEPARTMENT,IL,1000.0,2021,Unauthorized Access/Disclosure,Email,No
,False,"SYRACUSE ASC, LLC",NY,24891.0,2021,Hacking/IT Incident,Network Server,No
,False,ANTHEM INC.,IN,2023.0,2021,Hacking/IT Incident,Network Server,Yes
,False,"UMASS MEMORIAL HEALTH CARE, INC.",MA,209048.0,2021,Hacking/IT Incident,Email,Yes
,False,"LIMEADE, INC.",WA,2287.0,2021,Unauthorized Access/Disclosure,Physical Device (Workstation/Laptop),Yes
,False,FAMILY OF WOODSTOCK,NY,8214.0,2021,Hacking/IT Incident,Network Server,No
,False,MEDICAL PRACTICE SOLUTIONS,MS,16737.0,2021,Hacking/IT Incident,Physical Device (Workstation/Laptop),Yes
,False,REDWOODS RURAL HEALTH CENTER,CA,2306.0,2021,Unauthorized Access/Disclosure,Email,No
340061,True,UNC HOSPITALS,NC,719.0,2021,Unauthorized Access/Disclosure,Physical Device (Workstation/Laptop),No
,False,MISSOURI DELTA MEDICAL CENTER,IL,9745.0,2021,Hacking/IT Incident,Network Server,No
451376,True,LAVACA MEDICAL CENTER,TX,48705.0,2021,Hacking/IT Incident,Network Server,No
,False,"QRS, INC.",TN,430334.0,2021,Hacking/IT Incident,Network Server,Yes
,False,EDUCATORS MUTUAL INSURANCE ASSOCIATION,UT,8661.0,2021,Hacking/IT Incident,Network Server,No
,False,"STAR GROUP, L.P. HEALTH BENEFITS PLAN",CT,9316.0,2021,Hacking/IT Incident,Network Server,No
451339,True,THROCKMORTON COUNTY MEMORIAL HOSPITAL,TX,3028.0,2021,Hacking/IT Incident,Network Server,No
,False,BRYAN HEALTH,NE,2753.0,2021,Unauthorized Access/Disclosure,Electronic Medical Record (EMR),No
,False,PAINTERS DISTRICT COUNCIL NO. 30 HEALTH AND WELFARE FUND,IL,2157.0,2021,Hacking/IT Incident,Email,No
,False,SENECA FAMILY OF AGENCIES,CA,3900.0,2021,Hacking/IT Incident,Network Server,No
,False,"NUTAN K. PARIKH, M.D., LTD., A PROFESSIONAL CORPORATION DBA LAS VEGAS CANCER CENTER",NV,1300.0,2021,Hacking/IT Incident,Network Server,No
,False,"SAMARITAN DAYTOP VILLAGE, INC.",NY,15459.0,2021,Hacking/IT Incident,Network Server,No
,False,"COMMUNITY MEDICAL CENTERS, INC.",CA,604583.0,2021,Hacking/IT Incident,Network Server,No
,False,ROSE H BAILEY DDS,WA,3000.0,2021,Hacking/IT Incident,Network Server,No
,False,FOUNDATION FOR MEDICAL CARE OF TULARE AND KINGS COUNTIES,CA,1835.0,2021,Theft,Other (Cloud/Portable Media),Yes
,False,LINCARE HOLDINGS INC.,FL,2918444.0,2021,Hacking/IT Incident,Network Server,No
,False,"WALMART, INC.",AR,828.0,2021,Loss,Physical Device (Workstation/Laptop),No
,False,BLUE CROSS OF CALIFORNIA,IN,672.0,2021,Hacking/IT Incident,Network Server,Yes
,False,CALIFORNIA PHYSICIANS' SERVICES D/B/A BLUE SHIELD OF CALIFORNIA,CA,2841.0,2021,Hacking/IT Incident,Network Server,Yes
,False,"ANTHEM, INC.",IN,5505.0,2021,Theft,Paper Records,Yes
,False,"PROFESSIONAL HEALTHCARE MANAGEMENT, INC.",TN,12306.0,2021,Hacking/IT Incident,Network Server,No
,False,NATIONWIDE LABORATORY SERVICES,FL,33437.0,2021,Hacking/IT Incident,Network Server,No
,False,"VIVERANT PT, LLC",MN,6540.0,2021,Hacking/IT Incident,Email,No
,False,"NHS MANAGEMENT, LLC",AL,120712.0,2021,Hacking/IT Incident,Network Server,Yes
,False,SURECARE SPECIALTY PHARMACY,TX,8412.0,2021,Hacking/IT Incident,Network Server,No
,False,POTTAWATOMIE COUNTY HEALTH DEPARTMENT,KS,6000.0,2021,Hacking/IT Incident,Network Server,No
,False,SEA MAR COMMUNITY HEALTH CENTERS,WA,688000.0,2021,Hacking/IT Incident,Network Server,No
09002F,True,WASHINGTON DC VA MEDICAL CENTER,DC,1193.0,2021,Unauthorized Access/Disclosure,Email,No
,False,VICTORY HEALTH PARTNERS,AL,30000.0,2021,Hacking/IT Incident,Network Server,No
210023,True,LUMINIS HEALTH ANNE ARUNDEL MEDICAL CENTER,MD,824450.0,2021,Hacking/IT Incident,Email,No
,False,"DOCTORS HEALTH GROUP, INC.",AR,47660.0,2021,Hacking/IT Incident,Network Server,Yes
,False,"UTAH IMAGING ASSOCIATES, INC.",UT,582170.0,2021,Hacking/IT Incident,Network Server,No
,False,"BAYWOOD MEDICAL ASSOCIATES, PLC DBA DESERT PAIN INSTITUTE",AZ,44850.0,2021,Hacking/IT Incident,Network Server,No
,False,JEV PLASTIC SURGERY & MEDICAL AESTHETICS,MD,1620.0,2021,Hacking/IT Incident,Network Server,No
261305,True,PUTNAM COUNTY MEMORIAL HOSPITAL,MO,6916.0,2021,Hacking/IT Incident,Network Server,No
,False,"CONSOCIATE, INC.",IL,48583.0,2021,Hacking/IT Incident,Network Server,Yes
,False,MAXIM HEALTHCARE GROUP,MD,65267.0,2021,Hacking/IT Incident,Email,No
,False,HUMANA INC,KY,1965.0,2021,Hacking/IT Incident,Network Server,Yes
,False,SENECA FAMILY OF AGENCIES,CA,27309.0,2021,Hacking/IT Incident,Network Server,Yes
,False,THE UROLOGY CENTER OF COLORADO,CO,137820.0,2021,Hacking/IT Incident,Network Server,No
,False,UNIVERSITY OF NORTH CAROLINA HEALTH,NC,946.0,2021,Unauthorized Access/Disclosure,Electronic Medical Record (EMR),No
,False,ASSOCIATION TO BENEFIT CHILDREN,NY,9142.0,2021,Hacking/IT Incident,Email,No
,False,"HERMITAGE EYE CARE, PLLC DBA DOVER EYE CARE",TN,11672.0,2021,Hacking/IT Incident,Network Server,Yes
,False,THREE RIVERS REGIONAL COMMISSION,GA,17560.0,2021,Hacking/IT Incident,Network Server,Yes
,False,MOWERY CLINIC LLC,KS,96000.0,2021,Hacking/IT Incident,Network Server,No
,False,ENVISION HOME HEALTH AND HOSPICE,UT,5381.0,2021,Unauthorized Access/Disclosure,Email,No
,False,NEW YORK PSYCHOTHERAPY AND COUNSELING CENTER,NY,28000.0,2021,Hacking/IT Incident,Network Server,No
,False,UNIVERSITY HOSPITAL,NJ,10067.0,2021,Unauthorized Access/Disclosure,Electronic Medical Record (EMR),No
,False,CONTINENTAL AMERICAN INSURANCE COMPANY,SC,623.0,2021,Unauthorized Access/Disclosure,Paper Records,No
,False,VALLEY MOUNTAIN REGIONAL CENTER,CA,17197.0,2021,Hacking/IT Incident,Email,Yes
,False,"VITREO-RETINAL MEDICAL GROUP, INC. D/B/A RETINAL CONSULTANTS MEDICAL GROUP",CA,11603.0,2021,Hacking/IT Incident,Network Server,No
,False,"NORTH SPRING BEHAVIORAL HEALTHCARE, INC.",VA,3245.0,2021,Hacking/IT Incident,Electronic Medical Record (EMR),Yes
,False,HUMANA INC,KY,1823.0,2021,Hacking/IT Incident,Network Server,Yes
,False,ST. ANNE’S FAMILY SERVICES,CA,661.0,2021,Hacking/IT Incident,Network Server,No
,False,INTEGRATED SERVICES OF KALAMAZOO,MI,3754.0,2021,Hacking/IT Incident,Email,No
,False,OPHTHALMOLOGY ASSOCIATES,MN,76000.0,2021,Hacking/IT Incident,Network Server,No
,False,TOM WOOD INC. HEALTH CARE PLAN,IN,2235.0,2021,Hacking/IT Incident,Network Server,No
,False,"THE CENTERS FOR ADVANCED ORTHOPAEDICS, LLC",MD,21162.0,2021,Hacking/IT Incident,Network Server,No
,False,THE KROGER COMPANY,OH,2686.0,2021,Theft,Physical Device (Workstation/Laptop),No
,False,UNIVERSITY OF HOUSTON COLLEGE OF OPTOMETRY,TX,18500.0,2021,Hacking/IT Incident,Network Server,No
,False,WEILL CORNELL MEDICINE,NY,25697.0,2021,Hacking/IT Incident,Email,No
,False,SARASOTA MRI,FL,39962.0,2021,Unauthorized Access/Disclosure,Network Server,No
,False,CITIZENS FINANCIAL CORPORATION,KY,688.0,2021,Unauthorized Access/Disclosure,Other (Cloud/Portable Media),Yes
,False,"MAGNET SOLUTIONS, INC.",NE,1553.0,2021,Unauthorized Access/Disclosure,Paper Records,Yes
,False,MARIETTA AREA HEALTH CARE INC. DBA MEMORIAL HEALTH SYSTEM,OH,216470.0,2021,Hacking/IT Incident,Network Server,No
,False,TRUE HEALTH NEW MEXICO,NM,62983.0,2021,Hacking/IT Incident,Network Server,No
,False,AUSTIN PERIO HEALTH,TX,4339.0,2021,Hacking/IT Incident,Email,No
,False,EPISCOPAL RETIREMENT SERVICES,OH,4133.0,2021,Hacking/IT Incident,Network Server,No
,False,SENTARA HEALTHCARE,VA,72121.0,2021,Hacking/IT Incident,Network Server,Yes
,False,"ANTHEM, INC.",IN,6118.0,2021,Hacking/IT Incident,Network Server,Yes
,False,SALTZER HEALTH,ID,15650.0,2021,Hacking/IT Incident,Email,No
,False,UNITED HEALTH CENTERS OF THE SAN JOAQUIN VALLEY,CA,112031.0,2021,Hacking/IT Incident,Network Server,No
,False,"COLORADO ALLERGY AND ASTHMA CENTERS, PC",CO,791.0,2021,Hacking/IT Incident,Email,No
,False,"ONONDAGA COUNTY CHAPTER NYSARC, INC.",NY,5425.0,2021,Hacking/IT Incident,Network Server,No
,False,BLUE SHIELD OF CALIFORNIA,CA,1519.0,2021,Hacking/IT Incident,Network Server,Yes
,False,WASHINGTON COUNTY SCHOOL DISTRICT,UT,659.0,2021,Hacking/IT Incident,Network Server,Yes
,False,ONE COMMUNITY HEALTH,OR,39865.0,2021,Hacking/IT Incident,Network Server,No
,False,OAA ORTHOPAEDIC ASSOCIATES,PA,18052.0,2021,Hacking/IT Incident,Network Server,No
,False,HOWARD UNIVERSITY COLLEGE OF DENTISTRY,DC,80915.0,2021,Hacking/IT Incident,Electronic Medical Record (EMR),No
,False,TRIVALLEY PRIMARY CARE,PA,122806.0,2021,Hacking/IT Incident,Network Server,No
220031,True,BOSTON MEDICAL CENTER,MA,723.0,2021,Unauthorized Access/Disclosure,Email,No
,False,"QUANTUM IMAGING AND THERAPEUTICS ASSOCIATES, INC.",PA,394506.0,2021,Hacking/IT Incident,Network Server,No
,False,"MINNESOTA WOMEN'S CARE, P.A.",MN,1900.0,2021,Unauthorized Access/Disclosure,Paper Records,No
,False,HUNTINGTON HOSPITAL,NY,12925.0,2021,Unauthorized Access/Disclosure,Electronic Medical Record (EMR),No
,False,UPSTATE HOMECARE,NY,5114.0,2021,Hacking/IT Incident,Network Server,No
,False,WYNDRIDGE HEALTH AND REHABILITATION CENTER,TN,1958.0,2021,Hacking/IT Incident,Network Server,No
,False,BROWARD COUNTY PUBLIC SCHOOLS,FL,49608.0,2021,Hacking/IT Incident,Network Server,No
,False,BOULDER NEUROSURGICAL AND SPINE ASSOCIATES,CO,21450.0,2021,Hacking/IT Incident,Email,No
,False,SOUND GENERATIONS,WA,456243.0,2021,Hacking/IT Incident,Network Server,Yes
,False,AMISTAD FAMILY SERVICES,NM,2915.0,2021,Theft,Other (Cloud/Portable Media),No
,False,"MEDSURANT HOLDINGS, LLC",PA,129127.0,2021,Hacking/IT Incident,Network Server,No
,False,REGION IV AREA AGENCY ON AGING,MI,3171.0,2021,Hacking/IT Incident,Email,No
,False,"NEURO REHAB ASSOCIATES, INC. D/B/A NORTHEAST REHABILITATION HOSPITAL NETWORK",NH,190220.0,2021,Unauthorized Access/Disclosure,Network Server,No
,False,PLANNED PARENTHOOD LOS ANGELES,CA,409759.0,2021,Hacking/IT Incident,Network Server,No
,False,AMITA HEALTH MEDICAL GROUP PRIMARY CARE- HOFFMAN ESTATES,IL,1647.0,2021,Unauthorized Access/Disclosure,Email,No
,False,COMMISSION ON ECONOMIC OPPORTUNITY,NY,29454.0,2021,Hacking/IT Incident,Network Server,Yes
,False,"ROY VARUGHESE, M.D.",TX,2916.0,2021,Hacking/IT Incident,Email,No
,False,"GREAT PLAINS MANUFACTURING, INC",KS,4110.0,2021,Hacking/IT Incident,Network Server,No
,False,NIPPON LIFE INSURANCE COMPANY OF AMERICA,NY,4109.0,2021,Hacking/IT Incident,Email,No
,False,"BANSLEY AND KIENER, LLP",IL,70941.0,2021,Hacking/IT Incident,Network Server,Yes
,False,BAYLOR SCOTT & WHITE MEDICAL CENTER - WAXAHACHIE,TX,883.0,2021,Unauthorized Access/Disclosure,Electronic Medical Record (EMR),No
,False,MERTZ MANUFACTURING INC HEALTH INSURANCE PLAN,OK,868.0,2021,Hacking/IT Incident,Network Server,No
,False,VIRGINIA DEPARTMENT OF BEHAVIORAL HEALTH AND DEVELOPMENTAL SERVICES,VA,4037.0,2021,Unauthorized Access/Disclosure,Network Server,No
,False,"OREGON ANESTHESIOLOGY GROUP, P.C.",OR,750500.0,2021,Hacking/IT Incident,Network Server,No
,False,HOPE GROUP LLC,AZ,1510.0,2021,Hacking/IT Incident,Email,No
170198,True,"SUMMIT SURGICAL, LLC",KS,4910.0,2021,Hacking/IT Incident,Network Server,No
,False,WIND RIVER FAMILY AND COMMUNITY HEALTH CARE,WY,8946.0,2021,Unauthorized Access/Disclosure,Email,No
,False,OSR PHYSICAL THERAPY,AZ,714.0,2021,Hacking/IT Incident,Email,No
,False,JAVERY PAIN INSTITUTE,MI,1387.0,2021,Hacking/IT Incident,Email,No
,False,"WEDDELL PEDIATRIC DENTAL SPECIALISTS, LLC",IN,5356.0,2021,Hacking/IT Incident,Email,No
,False,SACRAMENTO COUNTY DEPARTMENT OF HEALTH SERVICES,CA,2096.0,2021,Hacking/IT Incident,Email,No
,False,"EDURO HEALTHCARE, LLC",UT,8059.0,2021,Hacking/IT Incident,Network Server,No
,False,TEXAS ENT SPECIALISTS,TX,535489.0,2021,Hacking/IT Incident,Network Server,No
,False,"BIOPLUS SPECIALTY PHARMACY SERVICES, LLC",FL,348870.0,2021,Hacking/IT Incident,Network Server,No
,False,OREGON EYE SPECIALISTS,OR,42612.0,2021,Hacking/IT Incident,Email,No
,False,UAW RETIREE MEDICAL BENEFITS TRUST,MI,576.0,2021,Hacking/IT Incident,Network Server,Yes
,False,"ANDREW SAUCHELLI, DMD",FL,3416.0,2021,Hacking/IT Incident,Network Server,No
,False,APPLE BLOSSOM FAMILY PRACTICE,VA,12053.0,2021,Hacking/IT Incident,Network Server,Yes
,False,NORTHWEST BROWARD ORTHOPAEDICS ASSOCIATES,FL,53892.0,2021,Hacking/IT Incident,Network Server,No
,False,SURGERY GROUP SC,IL,7646.0,2021,Hacking/IT Incident,Network Server,Yes
,False,SOUTHERN ORTHOPAEDIC ASSOCIATES D/B/A ORTHOPAEDIC INSTITUTE OF WESTERN KENTUCKY,KY,106910.0,2021,Hacking/IT Incident,Email,No
,False,ALABAMA DEPARTMENT OF REHABILITATION SERVICES,AL,934.0,2021,Improper Disposal,Other (Cloud/Portable Media),No
,False,FAST MEDICAL CENTER,OK,901.0,2021,Hacking/IT Incident,Network Server,Yes
,False,"W. EMERY REYNOLDS, M.D",OK,1844.0,2021,Hacking/IT Incident,Network Server,Yes
,False,SKIN CARE SPECIALTY PHYSICIANS,MD,1553.0,2021,Theft,Paper Records,No
,False,"MONONGALIA HEALTH SYSTEM, INC.",WV,398164.0,2021,Hacking/IT Incident,Email,No
,False,CHADDOCK,IL,777.0,2021,Theft,Paper Records,No
,False,"GEORGIA BONE & JOINT SURGEONS, P.C.",GA,39300.0,2021,Hacking/IT Incident,Network Server,No
,False,RHODE ISLAND PUBLIC TRANSIT AUTHORITY,RI,5015.0,2021,Hacking/IT Incident,Network Server,No
,False,"WELFARE, PENSION AND ANNUITY FUNDS OF LOCAL NO. ONE, I.A.T.S.E.",NY,20579.0,2021,Hacking/IT Incident,Email,No
,False,"DANIEL J. EDELMAN HOLDINGS, INC.",IL,184500.0,2021,Hacking/IT Incident,Network Server,Yes
,False,"JAMES KAGAN, MD",CO,1310.0,2021,Hacking/IT Incident,Email,No
,False,DUNELAND SCHOOL CORPORATION,IN,7000.0,2021,Hacking/IT Incident,Network Server,No
,False,C.E. NIEHOFF & COMPANY,IL,1509.0,2021,Hacking/IT Incident,Network Server,No
,False,"MEDQUEST PHARMACY, INC.",UT,39447.0,2021,Hacking/IT Incident,Network Server,No
,False,"FERTILITY CENTERS OF ILLINOIS, PLLC",IL,79943.0,2021,Hacking/IT Incident,Network Server,No
,False,WALGREEN CO.,IL,1352.0,2021,Loss,Paper Records,No
,False,"FLORIDA DIGESTIVE HEALTH SPECIALISTS, LLP",FL,212509.0,2021,Unauthorized Access/Disclosure,Email,No
,False,ADVOCATE AURORA HEALTH,WI,1729.0,2021,Loss,Paper Records,No
,False,"PITHADIA MEDICAL PROFESSIONAL SERVICES, INC.",IN,1624.0,2021,Hacking/IT Incident,Network Server,No
,False,DOUGLAS C MORROW ODPC,IN,5269.0,2021,Hacking/IT Incident,Network Server,No
,False,"HOYA OPTICAL LABS OF AMERICA, INC.",TX,14099.0,2021,Hacking/IT Incident,Network Server,Yes
,False,SAGE MEDICAL PROFESSIONALS LLC,SD,2138.0,2021,Hacking/IT Incident,Network Server,Yes
,False,"VIRTUAL PRIVATE NETWORK SOLUTIONS, LLC D/B/A VPN SOLUTIONS, LLC",VA,6400.0,2021,Hacking/IT Incident,Network Server,Yes
,False,DR. KOCHURANI PUTHUMANA,VA,3805.0,2021,Hacking/IT Incident,Network Server,Yes
,False,"A NEW LEAF, INC.",AZ,10438.0,2021,Hacking/IT Incident,Network Server,No
140276,True,LOYOLA UNIVERSITY MEDICAL CENTER,IL,16934.0,2021,Hacking/IT Incident,Email,No
,False,GRANITE FALLS FAMILY MEDICAL CARE CENTER,NC,5404.0,2021,Hacking/IT Incident,Network Server,Yes
,False,ANTHEM AFFILIATED COVERED ENTITIES,IN,7250.0,2021,Hacking/IT Incident,Network Server,Yes
,False,BARLOW RESPIRATORY HOSPITAL,CA,10761.0,2021,Hacking/IT Incident,Network Server,No
,False,CIOX HEALTH,GA,43033.0,2021,Hacking/IT Incident,Email,Yes
,False,NORTH BROWARD HOSPITAL DISTRICT D/B/A BROWARD HEALTH,FL,1351431.0,2022,Hacking/IT Incident,Network Server,No
,False,"SHERRILL HOUSE, INC.",MA,5006.0,2022,Hacking/IT Incident,Email,No
,False,PEACHTREE ORTHOPAEDIC CLINIC,GA,53686.0,2022,Hacking/IT Incident,Other (Cloud/Portable Media),Yes
,False,"BROCKTON HOSPITAL, INC. D/B/A SIGNATURE HEALTHCARE BROCKTON HOSPITAL",MA,73022.0,2022,Hacking/IT Incident,Email,No
,False,RAVKOO,FL,105000.0,2022,Hacking/IT Incident,Network Server,No
440039,True,VANDERBILT UNIVERSITY MEDICAL CENTER,TN,556.0,2022,Hacking/IT Incident,Email,Yes
,False,"HOUSTON AREA COMMUNITY SERVICES, INC. D/B/A AVENUE 360 HEALTH AND WELLNESS",TX,12186.0,2022,Hacking/IT Incident,Email,No
,False,"ADVENT HEALTH PARTNERS, INC.",TN,37183.0,2022,Hacking/IT Incident,Email,Yes
330214,True,NYU LANGONE HOSPITALS,NY,1141.0,2022,Unauthorized Access/Disclosure,Paper Records,Yes
,False,TTEC HEALTHCARE SOLUTIONS,CO,86305.0,2022,Hacking/IT Incident,Network Server,Yes
,False,SUNCOAST SKIN SOLUTIONS,FL,77190.0,2022,Hacking/IT Incident,Network Server,No
,False,DATAXPORT,TX,8181.0,2022,Hacking/IT Incident,Network Server,Yes
,False,MEDICAL REVIEW INSTITUTE OF AMERICA,UT,134571.0,2022,Hacking/IT Incident,Network Server,Yes
,False,HEART ‘N HOME HOSPICE,ID,4769.0,2022,Hacking/IT Incident,Email,No
,False,"LAKESHORE BONE & JOINT INSTITUTE, PC",IN,23627.0,2022,Hacking/IT Incident,Email,No
,False,DEERBROOK CATH LAB LLC,TX,2364.0,2022,Hacking/IT Incident,Network Server,Yes
,False,HOSPITAL AUTHORITY OF VALDOSTA AND LOWNDES COUNTY GEORGIA,GA,41692.0,2022,Unauthorized Access/Disclosure,Physical Device (Workstation/Laptop),No
,False,OSCAR INSURANCE COMPANY OF FLORIDA,FL,6290.0,2022,Unauthorized Access/Disclosure,Paper Records,No
,False,OSCAR INSURANCE CORPORATION OF OHIO,OH,505.0,2022,Unauthorized Access/Disclosure,Paper Records,No
,False,MILLENNIUM EYE CARE LLC,NJ,6050.0,2022,Hacking/IT Incident,Network Server,No
,False,OSCAR BUCKEYE STATE INSURANCE CORPORATION,OH,1296.0,2022,Unauthorized Access/Disclosure,Paper Records,No
,False,OSCAR HEALTH PLAN OF CALIFORNIA,NJ,7632.0,2022,Unauthorized Access/Disclosure,Paper Records,No
,False,"VANTAGE HOLDING COMPANY, LLC",PA,1762.0,2022,Hacking/IT Incident,Network Server,No
,False,SOUTH CITY HOSPITAL,MO,21601.0,2022,Theft,Network Server,No
,False,ALBANY FAMILY DENTISTRY,MN,1117.0,2022,Hacking/IT Incident,Email,No
,False,"FIONDELLA, MILONE & LASARACINA, LLP",CT,6215.0,2022,Hacking/IT Incident,Network Server,Yes
,False,VOLUNTEERS OF AMERICA SOUTHWEST CALIFORNIA,CA,1300.0,2022,Hacking/IT Incident,Email,No
,False,"DIGITAL INSURANCE, LLC DOING BUSINESS AS ONEDIGITAL",GA,2051.0,2022,Hacking/IT Incident,Network Server,Yes
,False,RAVECO MEDICAL,NY,4897.0,2022,Hacking/IT Incident,Network Server,No
,False,"WALWORTH COUNTY, WISCONSIN",WI,1212.0,2022,Hacking/IT Incident,Email,No
,False,PRACTOLYTICS LLC,SC,1125.0,2022,Unauthorized Access/Disclosure,Electronic Medical Record (EMR),Yes
,False,GOLDEN STATE DERMATOLOGY,CA,1010.0,2022,Unauthorized Access/Disclosure,Paper Records,Yes
,False,COLORADO DEPARTMENT OF HUMAN SERVICES,CO,6132.0,2022,Hacking/IT Incident,Network Server,Yes
,False,"DATAHEALTH, INC.",TX,3649.0,2022,Hacking/IT Incident,Network Server,Yes
,False,ABINGTON MEMORIAL HOSPITAL DBA JEFFERSON ABINGTON HOSPITAL,PA,3475.0,2022,Hacking/IT Incident,Network Server,No
,False,MEDICAL REVIEW INSTITUTE OF AMERICA,UT,2406.0,2022,Hacking/IT Incident,Network Server,Yes
390174,True,"THOMAS JEFFERSON UNIVERSITY HOSPITAL, INC.",PA,5239.0,2022,Hacking/IT Incident,Network Server,No
,False,CARING COMMUNITIES,IL,1659.0,2022,Hacking/IT Incident,Network Server,Yes
,False,"IRISE FLORIDA SPINE AND JOINT INSTITUTE, LLC",FL,61595.0,2022,Hacking/IT Incident,Email,No
,False,"ADVOCATES, INC.",MA,70031.0,2022,Hacking/IT Incident,Network Server,No
,False,"ALLEGHENY HEALTH NETWORK HOME INFUSION, LLC",PA,15342.0,2022,Hacking/IT Incident,Network Server,Yes
,False,UNIVERSITY OF ARKANSAS FOR MEDICAL SCIENCES,AR,518.0,2022,Unauthorized Access/Disclosure,Email,No
,False,WALGREEN CO.,IL,1471.0,2022,Unauthorized Access/Disclosure,Paper Records,No
,False,"COUNTY OF KINGS, STATE OF CALIFORNIA",CA,16590.0,2022,Hacking/IT Incident,Network Server,No
,False,INDEPENDENCE BLUE CROSS,PA,591.0,2022,Hacking/IT Incident,Network Server,No
,False,"MEDICAL HEALTHCARE SOLUTIONS, INC.",MA,133997.0,2022,Hacking/IT Incident,Network Server,Yes
,False,SENECA FAMILY OF AGENCIES,CA,1528.0,2022,Hacking/IT Incident,Network Server,Yes
,False,ONEDIGITAL OBO GUARDIAN LIFE INSURANCE COMPANY OF AMERICA,NY,800.0,2022,Hacking/IT Incident,Network Server,Yes
,False,SPENCER’S GIFTS LLC FLEXIBLE BENEFITS AND WELFARE BENEFIT PLANS,NJ,10023.0,2022,Hacking/IT Incident,Network Server,No
,False,PACE CENTER FOR GIRLS,FL,18300.0,2022,Hacking/IT Incident,Email,No
,False,FAMILY CHRISTIAN HEALTH CENTER,IL,31000.0,2022,Hacking/IT Incident,Network Server,No
,False,PHILADELPHIA FIGHT COMMUNITY HEALTH CENTERS,PA,17992.0,2022,Hacking/IT Incident,Network Server,No
,False,"CATHOLIC HOSPICE, INC.",FL,14986.0,2022,Hacking/IT Incident,Email,No
330106,True,NORTH SHORE UNIVERSITY HOSPITAL,NY,7614.0,2022,Unauthorized Access/Disclosure,Electronic Medical Record (EMR),No
,False,"MORLEY COMPANIES, INC.",MI,659194.0,2022,Hacking/IT Incident,Network Server,Yes
,False,OKLAHOMA HEALTHCARE AUTHORITY (OHCA),OK,8629.0,2022,Unauthorized Access/Disclosure,Network Server,Yes
,False,FLORIDA BLUE,FL,588.0,2022,Unauthorized Access/Disclosure,Paper Records,No
,False,HOFMANN ARTHRITIS INSTITUTE PLLC AND HOFMANN ARTHRITIS INSTITUTE OF NEVADA PLLC,UT,13320.0,2022,Hacking/IT Incident,Network Server,Yes
,False,"CROSS TIMBERS HEALTH CLINICS, INC/ D/B/A ACCELHEALTH",TX,48126.0,2022,Hacking/IT Incident,Network Server,No
,False,SOUTH SHORE HOSPITAL CORPORATION,IL,115175.0,2022,Hacking/IT Incident,Network Server,No
,False,"LA POSADA AT PARK CENTRE, INC.",AZ,812.0,2022,Hacking/IT Incident,Network Server,No
,False,SENECA NATION HEALTH SYSTEM,NY,12000.0,2022,Hacking/IT Incident,Network Server,No
,False,"EPIC PHARMACY NETWORK, INC.",VA,28776.0,2022,Hacking/IT Incident,Email,No
,False,"SUMMIT BHC WEST VIRGINIA, LLC D/B/A HIGHLAND HOSPITAL",WV,6804.0,2022,Hacking/IT Incident,Email,No
,False,"JACKSONVILLE SPINE CENTER, P.A.",FL,38000.0,2022,Hacking/IT Incident,Network Server,No
,False,CVS PHARMACY,RI,6221.0,2022,Hacking/IT Incident,Network Server,No
,False,FAMILY FARE LLC,MI,3892.0,2022,Hacking/IT Incident,Network Server,Yes
,False,ENGLEWOOD HEALTH,NJ,582.0,2022,Hacking/IT Incident,Email,Yes
,False,JACKSON COUNTY HOSPITAL DISTRICT,FL,96253.0,2022,Hacking/IT Incident,Network Server,No
,False,PRIORITY HEALTH,MI,2112.0,2022,Hacking/IT Incident,Network Server,No
,False,COOPER UNIVERSITY HEALTH CARE,NJ,1039.0,2022,Hacking/IT Incident,Email,No
310041,True,COMMUNITY MEDICAL CENTER,NJ,630.0,2022,Hacking/IT Incident,Email,Yes
,False,AETNA ACE,CT,893.0,2022,Hacking/IT Incident,Network Server,Yes
310074,True,JERSEY CITY MEDICAL CENTER,NJ,1130.0,2022,Hacking/IT Incident,Email,Yes
,False,COMPREHENSIVE HEALTH SERVICES,FL,106752.0,2022,Hacking/IT Incident,Email,No
,False,EXTEND FERTILITY,NY,10373.0,2022,Hacking/IT Incident,Network Server,No
,False,LIBERTY OF OKLAHOMA CORPORATION,PA,5746.0,2022,Hacking/IT Incident,Email,Yes
,False,"TOWNE HOME CARE, LLC",NJ,5591.0,2022,Hacking/IT Incident,Network Server,No
,False,"BIBLE FELLOWSHIP CHURCH HOMES, INC. DBA FELLOWSHIP COMMUNITY",PA,3500.0,2022,Hacking/IT Incident,Network Server,No
,False,"US RADIOLOGY SPECIALISTS, INC.",NC,87552.0,2022,Hacking/IT Incident,Network Server,Yes
,False,MEMORIAL VILLAGE ER,TX,80000.0,2022,Hacking/IT Incident,Network Server,No
,False,ASCENSION MICHIGAN (SINGLE AFFILIATED COVERED ENTITY) ACE,MI,27177.0,2022,Unauthorized Access/Disclosure,Electronic Medical Record (EMR),No
270051,True,LOGAN HEALTH MEDICAL CENTER,MT,213543.0,2022,Hacking/IT Incident,Network Server,No
,False,"ULTIMATE CARE, INC.",NY,15788.0,2022,Hacking/IT Incident,Email,No
,False,CAREOREGON ADVANTAGE,OR,10467.0,2022,Unauthorized Access/Disclosure,Email,No
,False,"THE PUERTO RICAN ORGANIZATION TO MOTIVATE, ENLTIGHTEN, AND SERVE ADDICTS, INC.",NY,33933.0,2022,Hacking/IT Incident,Email,No
,False,ZOE THERAPY SERVICES,VA,1100.0,2022,Hacking/IT Incident,Email,No
,False,"ALLIANCE PHYSICAL THERAPY GROUP, LLC",MI,197588.0,2022,Hacking/IT Incident,Network Server,Yes
,False,"COMMUNITY ASSOCIATION OF PROGRESSIVE DOMINICANS, INC.",NY,656.0,2022,Hacking/IT Incident,Email,No
,False,"BRONX ADDICTION SERVICES INTEGRATED CONCEPTS SYSTEMS, INC.",NY,823.0,2022,Hacking/IT Incident,Email,No
310076,True,COOPERMAN BARNABAS MEDICAL CENTER,NJ,538.0,2022,Hacking/IT Incident,Email,Yes
,False,HOUSTON HEALTH DEPARTMENT,TX,10291.0,2022,Unauthorized Access/Disclosure,Electronic Medical Record (EMR),No
,False,UNIVERSITY MEDICAL CENTER OF SOUTHERN NEVADA,NV,12230.0,2022,Hacking/IT Incident,Email,Yes
060006,True,MONTROSE REGIONAL HEALTH,CO,52632.0,2022,Hacking/IT Incident,Email,No
,False,"FIRST STEP OF SARASOTA, INC.",FL,52500.0,2022,Hacking/IT Incident,Network Server,No
,False,KITTITAS VALLEY HEALTHCARE,WA,3987.0,2022,Hacking/IT Incident,Network Server,Yes
,False,NORWOOD CLINIC,TN,228000.0,2022,Hacking/IT Incident,Electronic Medical Record (EMR),No
,False,BAKO DIAGNOSTICS,GA,25745.0,2022,Hacking/IT Incident,Network Server,No
,False,"THE ART & SCIENCE OF DERMATOLOGY, P.C.",VA,4500.0,2022,Loss,Network Server,No
,False,UMASS MEMORIAL HEALTH CARE,MA,4270.0,2022,Hacking/IT Incident,Email,Yes
,False,"MONONGALIA HEALTH SYSTEM, INC.",WV,492861.0,2022,Hacking/IT Incident,Network Server,No
,False,LGAA HEALTH PLAN,UT,864.0,2022,Hacking/IT Incident,Network Server,No
,False,CROSSROADS HEALTH,OH,10324.0,2022,Hacking/IT Incident,Network Server,No
,False,"MOLECULAR PATHOLOGY LABORATORY NETWORK, INC.",TN,339471.0,2022,Hacking/IT Incident,Network Server,No
,False,UNIVERSITY OF MICHIGAN/MICHIGAN MEDICINE,MI,2921.0,2022,Hacking/IT Incident,Email,No
,False,FAMILYLINKS,PA,1494.0,2022,Hacking/IT Incident,Network Server,Yes
,False,"INDIANA HEMOPHILIA AND THROMBOSIS CENTER, INC.",IN,4750.0,2022,Hacking/IT Incident,Email,No
,False,"DUNCAN REGIONAL HOSPITAL, INCORPORATED",OK,86379.0,2022,Hacking/IT Incident,Network Server,No
,False,"SOUTH DENVER CARDIOLOGY ASSOCIATES, PC",CO,287652.0,2022,Hacking/IT Incident,Network Server,No
,False,LABORATORIO CLÍNICO CAPARROS,Unknown,500.0,2022,Hacking/IT Incident,Network Server,No
,False,CENTRAL INDIANA ORTHOPEDICS,IN,83705.0,2022,Hacking/IT Incident,Network Server,No
,False,"PARKLAND COMMUNITY HEALTH PLAN, INC.",TX,1682.0,2022,Unauthorized Access/Disclosure,Paper Records,Yes
,False,"HORIZON ACTUARIAL SERVICES, LLC",GA,227953.0,2022,Hacking/IT Incident,Network Server,Yes
,False,"GAINWELL TECHNOLOGIES, LLC",TX,1955.0,2022,Unauthorized Access/Disclosure,Network Server,Yes
,False,NEW JERSEY BRAIN AND SPINE,NJ,92453.0,2022,Hacking/IT Incident,Network Server,No
,False,"DIALYZE DIRECT, LLC",NJ,14203.0,2022,Hacking/IT Incident,Email,No
,False,HIGHMARK INC,PA,67147.0,2022,Hacking/IT Incident,Network Server,Yes
170120,True,LABETTE HEALTH,KS,85635.0,2022,Hacking/IT Incident,Network Server,No
,False,MAJOR LEAGUE BASEBALL PLAYERS BENEFIT PLAN,MD,13156.0,2022,Hacking/IT Incident,Network Server,Yes
,False,LOCAL 295 IBT EMPLOYER GROUP WELFARE FUND,NY,6123.0,2022,Hacking/IT Incident,Network Server,Yes
,False,CAPITAL REGION MEDICAL CENTER,MO,17578.0,2022,Hacking/IT Incident,Network Server,No
,False,LABORATORIO CLINICO TOLEDO,Unknown,500.0,2022,Hacking/IT Incident,Network Server,No
,False,"TRINITY HOME CARE, INC.",MA,1541.0,2022,Hacking/IT Incident,Network Server,No
500005,True,VIRGINIA MASON MEDICAL CENTER,WA,2733.0,2022,Hacking/IT Incident,Email,No
,False,EYE GROUP OF SOUTHERN INDIANA,IN,4002.0,2022,Hacking/IT Incident,Network Server,No
,False,CHELAN DOUGLAS HEALTH DISTRICT,WA,188236.0,2022,Hacking/IT Incident,Network Server,No
,False,CENTRAL MINNESOTA MENTAL HEALTH CENTER,MN,28725.0,2022,Hacking/IT Incident,Email,No
,False,"CLINIC OF NORTH TEXAS, LLP",TX,244174.0,2022,Hacking/IT Incident,Network Server,No
,False,"WHEELING HEALTH RIGHT, INC.",WV,3912.0,2022,Hacking/IT Incident,Network Server,No
,False,CANCER AND HEMATOLOGY CENTERS OF WESTERN MICHIGAN,MI,43071.0,2022,Hacking/IT Incident,Network Server,No
060075,True,VALLEY VIEW HOSPITAL ASSOCIATION,CO,21826.0,2022,Hacking/IT Incident,Email,No
,False,LIVINGSTON MEMORIAL VNA HEALTH CORPORATION AND ITS AFFILIATES LIVINGSTON MEMORIAL VISITING NURSE ASSOCIATION AND LIVINGSTON CAREGIVERS,CA,34775.0,2022,Hacking/IT Incident,Network Server,No
180087,True,TAYLOR REGIONAL HOSPITAL,KY,190209.0,2022,Hacking/IT Incident,Network Server,No
,False,"THOMAS ALLEN, INC.",MN,2803.0,2022,Hacking/IT Incident,Email,No
,False,ADVANCED MEDICAL PRACTICE MANAGEMENT,NJ,56427.0,2022,Hacking/IT Incident,Network Server,Yes
,False,"COLORADO PHYSICIAN PARTNERS, PLLC",CO,12877.0,2022,Hacking/IT Incident,Email,No
,False,LUTHERAN SOCIAL SERVICES OF ILLINOIS,IL,146028.0,2022,Hacking/IT Incident,Network Server,No
,False,"CYTOMETRY SPECIALISTS, INC., D/B/A CSI LABORATORIES",GA,312000.0,2022,Hacking/IT Incident,Network Server,No
,False,"CHRISTIE BUSINESS HOLDINGS COMPANY, P.C.",IL,502869.0,2022,Hacking/IT Incident,Email,No
510022,True,"CHARLESTON AREA MEDICAL CENTER, INC.",WV,54000.0,2022,Hacking/IT Incident,Email,No
,False,"SUPER CARE, INC. DBA SUPERCARE HEALTH",CA,317863.0,2022,Hacking/IT Incident,Network Server,No
,False,MEDICAL SURGICAL EYE CARE,KS,2000.0,2022,Hacking/IT Incident,Network Server,No
,False,"LAW ENFORCEMENT HEALTH BENEFITS, INC.",PA,85282.0,2022,Hacking/IT Incident,Network Server,No
,False,RESOURCES FOR HUMAN DEVELOPMENT,PA,46673.0,2022,Theft,Other (Cloud/Portable Media),No
,False,ENGLEWOOD HEALTH,NJ,3901.0,2022,Hacking/IT Incident,Network Server,No
,False,URGENT TEAM HOLDINGS,TN,166601.0,2022,Hacking/IT Incident,Network Server,No
,False,STATE OF ARIZONA DEPARTMENT OF ADMINISTRATION,AZ,820.0,2022,Unauthorized Access/Disclosure,Paper Records,Yes
034023,True,"THE GUIDANCE CENTER, INC.",AZ,23104.0,2022,Hacking/IT Incident,Email,No
,False,RIVER CITY INSURANCE GROUP D/B/A LAVINDER GROUP & ASSOCIATES,VA,1118.0,2022,Hacking/IT Incident,Email,Yes
,False,CENTRAL VERMONT EYE CARE,VT,29892.0,2022,Hacking/IT Incident,Electronic Medical Record (EMR),Yes
,False,"KAISER FOUNDATION HEALTH PLAN, INC.",CA,695.0,2022,Unauthorized Access/Disclosure,Network Server,Yes
,False,ADVANTAGE BENEFITS GROUP,MI,7147.0,2022,Hacking/IT Incident,Email,Yes
,False,BISHOP EYE CENTER,SC,2292.0,2022,Hacking/IT Incident,Network Server,No
,False,SUMMACARE INC,OH,716.0,2022,Unauthorized Access/Disclosure,Network Server,No
443303,True,EAST TENNESSEE CHILDREN'S HOSPITAL,TN,501.0,2022,Hacking/IT Incident,Network Server,No
,False,"WELLSTAR HEALTH SYSTEM, INC.",GA,30417.0,2022,Hacking/IT Incident,Email,No
,False,GEORGIA PINES CSB,GA,24000.0,2022,Theft,Physical Device (Workstation/Laptop),No
,False,BALLAD HEALTH,TN,4295.0,2022,Hacking/IT Incident,Email,No
,False,"PEDIATRIC ASSOCIATES, P.C.",VA,13000.0,2022,Hacking/IT Incident,Network Server,Yes
,False,ADAPTIVE HEALTH INTEGRATIONS,ND,510574.0,2022,Hacking/IT Incident,Network Server,No
,False,"HEALTHCARE COLLECTIONS - I, LLC",AZ,900.0,2022,Unauthorized Access/Disclosure,Paper Records,Yes
,False,ALTOONA AREA SCHOOL DISTRICT,PA,9196.0,2022,Hacking/IT Incident,Network Server,No
,False,VON BEHREN & HUNTER LLP,CA,5852.0,2022,Hacking/IT Incident,Network Server,Yes
,False,THE METROHEALTH SYSTEM,OH,1748.0,2022,Unauthorized Access/Disclosure,Email,No
,False,CHINESE COMMUNITY HEALTH PLAN,CA,502.0,2022,Unauthorized Access/Disclosure,Paper Records,No
,False,LUTHERAN SERVICES CAROLINAS,NC,1226.0,2022,Hacking/IT Incident,Network Server,Yes
,False,ONEHOME HEALTH SOLUTIONS,FL,15401.0,2022,Theft,Physical Device (Workstation/Laptop),No
,False,MOUNTAIN AREA HEALTH EDUCATION CENTER DBA MAHEC,NC,1115.0,2022,Improper Disposal,Paper Records,No
171384,True,NEWMAN REGIONAL HEALTH,KS,52224.0,2022,Hacking/IT Incident,Email,No
,False,NEW CREATION COUNSELING CENTER,OH,24029.0,2022,Hacking/IT Incident,Network Server,No
,False,CENTRAL FLORIDA CARDIOLOGY GROUP,FL,1186.0,2022,Hacking/IT Incident,Network Server,Yes
,False,CANON BUSINESS PROCESS SERVICES INC,NY,1625.0,2022,Unauthorized Access/Disclosure,Paper Records,Yes
230038,True,SPECTRUM HEALTH SYSTEM,MI,794.0,2022,Unauthorized Access/Disclosure,Electronic Medical Record (EMR),No
,False,"OPTIMA DERMATOLOGY HOLDINGS, LLC",NH,59872.0,2022,Hacking/IT Incident,Email,No
,False,"HEALTHACTIONS, P.A.",AL,3653.0,2022,Hacking/IT Incident,Email,No
,False,"WAYNE FAMILY PRACTICE ASSOCIATES, PC",GA,5944.0,2022,Hacking/IT Incident,Network Server,No
,False,"FAIRFIELD COUNTY IMPLANTS AND PERIODONTICS, LLC",CT,10502.0,2022,Hacking/IT Incident,Email,No
,False,LA CASA DE SALUD,NY,9969.0,2022,Hacking/IT Incident,Email,No
,False,"HEALTHPLEX, INC.",NY,89955.0,2022,Hacking/IT Incident,Email,No
,False,COUNTY OF LOS ANGELES DEPARTMENT OF MENTAL HEALTH,CA,5129.0,2022,Hacking/IT Incident,Email,No
,False,THE ENERGY COOPERATIVE GROUP BENEFITS PLAN,OH,875.0,2022,Hacking/IT Incident,Network Server,No
,False,HOMESTEAD BUILDING SYSTEMS,VA,727.0,2022,Hacking/IT Incident,Network Server,No
,False,"NATIONAL IMAGING ASSOCIATES, INC.",MD,616.0,2022,Unauthorized Access/Disclosure,Physical Device (Workstation/Laptop),Yes
,False,JM PENSION ADVISORY INC.,MD,897.0,2022,Loss,Other (Cloud/Portable Media),Yes
,False,"ILLINOIS GASTROENTEROLOGY GROUP, PLLC",IL,227943.0,2022,Hacking/IT Incident,Network Server,No
,False,THE MENTAL HEALTH CENTER OF GREATER MANCHESTER,NH,1322.0,2022,Hacking/IT Incident,Network Server,Yes
330059,True,MONTEFIORE MEDICAL CENTER,NY,3717.0,2022,Unauthorized Access/Disclosure,Electronic Medical Record (EMR),No
,False,KING COUNTY PUBLIC HOSPITAL DISTRICT NO. 2 D/B/A EVERGREENHEALTH,WA,20533.0,2022,Hacking/IT Incident,Network Server,Yes
,False,ARCARE,AR,345353.0,2022,Hacking/IT Incident,Network Server,No
360008,True,SOUTHERN OHIO MEDICAL CENTER,OH,15136.0,2022,Hacking/IT Incident,Network Server,No
,False,"SELECT BENEFITS GROUP, LLC DBA DENTAL SELECT",UT,1035.0,2022,Hacking/IT Incident,Email,Yes
,False,"ALLIED EYE PHYSICIANS AND SURGEONS, INC.",OH,20651.0,2022,Hacking/IT Incident,Network Server,Yes
,False,SUMMIT EYE ASSOCIATES P.C.,TN,53818.0,2022,Hacking/IT Incident,Electronic Medical Record (EMR),Yes
,False,AFFILIATED EYE SURGEONS,MI,23377.0,2022,Hacking/IT Incident,Network Server,No
,False,"STERLING HEALTHCARE HOLDINGS, LLC DBA CORDANT HEALTH SOLUTIONS",CO,20932.0,2022,Hacking/IT Incident,Email,No
,False,"NORTHERN EYE CARE ASSOCIATES, P.C.",MI,7873.0,2022,Hacking/IT Incident,Electronic Medical Record (EMR),Yes
,False,"REGIONAL EYE ASSOCIATES, INC. & SURGICAL EYE CENTER OF MORGANTOWN",WV,194035.0,2022,Hacking/IT Incident,Network Server,Yes
,False,THE PEOPLE CONCERN,CA,7600.0,2022,Hacking/IT Incident,Email,No
,False,AD ASTRA EYE LLC,KS,3684.0,2022,Hacking/IT Incident,Electronic Medical Record (EMR),Yes
,False,SALUSIVE HEALTH INC. MYNURSE,CA,1072.0,2022,Hacking/IT Incident,Network Server,No
,False,"ARKFELD, PARSON, AND GOLDSTEIN, P.C. DOING BUSINESS AS ILUMIN",NE,14984.0,2022,Hacking/IT Incident,Electronic Medical Record (EMR),Yes
,False,"FRANK EYE CENTER, P.A.",KS,26333.0,2022,Hacking/IT Incident,Electronic Medical Record (EMR),Yes
,False,REFUAH HEALTH CENTER,NY,260740.0,2022,Hacking/IT Incident,Network Server,No
,False,METHODIST LE BONHEUR HEALTHCARE,TN,1370.0,2022,Unauthorized Access/Disclosure,Physical Device (Workstation/Laptop),No
,False,"NATIONAL IMAGING ASSOCIATES, INC.",MD,744.0,2022,Unauthorized Access/Disclosure,Physical Device (Workstation/Laptop),Yes
,False,FPS MEDICAL CENTER,AZ,28024.0,2022,Hacking/IT Incident,Network Server,No
,False,"SHUTTERFLY, LLC",CA,2641.0,2022,Unauthorized Access/Disclosure,Paper Records,Yes
,False,KENOSHA COMMUNITY HEALTH CENTER,WI,2688.0,2022,Hacking/IT Incident,Email,No
,False,THOMPSON CHILD & FAMILY FOCUS,NC,986.0,2022,Hacking/IT Incident,Network Server,No
,False,VAIL HEALTH SERVICES,CO,41889.0,2022,Hacking/IT Incident,Network Server,No
,False,GREATER NASHUA MENTAL HEALTH,NH,1085.0,2022,Hacking/IT Incident,Network Server,No
,False,SAC HEALTH SYSTEM,CA,77842.0,2022,Theft,Paper Records,No
,False,"WELLDYNERX, LLC",FL,5122.0,2022,Hacking/IT Incident,Email,No
,False,"GUARDIAN PHARMACY OF CINCINNATI LLC DBA MULLANEY’S, A GUARDIAN PHARMACY",OH,1720.0,2022,Unauthorized Access/Disclosure,Email,No
,False,"CARESOURCE, INC",OH,959.0,2022,Unauthorized Access/Disclosure,Physical Device (Workstation/Laptop),Yes
,False,"COVENANT CARE CALIFORNIA, LLC, ON BEHALF OF WAGNER HEIGHTS NURSING AND REHABILITATION CENTER",CA,23093.0,2022,Hacking/IT Incident,Email,No
,False,"NORTH ALABAMA BONE & JOINT CLINIC, P.C.",AL,500.0,2022,Hacking/IT Incident,Network Server,No
,False,MISSISSIPPI SPORTS MEDICINE AND ORTHOPAEDIC CENTER,MS,21315.0,2022,Hacking/IT Incident,Network Server,No
,False,"MINDPATH CARE CENTERS, NORTH CAROLINA, PLLC",NC,1781.0,2022,Hacking/IT Incident,Email,No
,False,"OPTUM, INC.",MN,1584.0,2022,Unauthorized Access/Disclosure,Paper Records,Yes
,False,"NULIFE MED, LLC",NH,92436.0,2022,Hacking/IT Incident,Network Server,No
,False,"CYPRESS HEALTHCARE, LLC",AL,899.0,2022,Theft,Physical Device (Workstation/Laptop),No
,False,OKLAHOMA CITY INDIAN CLINIC,OK,38239.0,2022,Hacking/IT Incident,Network Server,No
,False,HEALTHFIRST,NY,5048.0,2022,Unauthorized Access/Disclosure,Paper Records,No
231314,True,MCKENZIE HEALTH SYSTEM,MI,51040.0,2022,Hacking/IT Incident,Network Server,No
,False,RIVERKIDS PEDIATRIC HOME HEALTH,TX,3494.0,2022,Hacking/IT Incident,Email,No
,False,MOTION PICTURE INDUSTRY PENSION & HEALTH PLANS,CA,16838.0,2022,Unauthorized Access/Disclosure,Paper Records,No
,False,SUMMIT HEALTHCARE ASSOCIATION,AZ,1410.0,2022,Hacking/IT Incident,Network Server,Yes
,False,GENETICS & IVF INSTITUTE,VA,606.0,2022,Hacking/IT Incident,Network Server,No
,False,"BEHAVIORAL HEALTH PARTNERS OF METROWEST, LLC.",MA,10920.0,2022,Hacking/IT Incident,Network Server,Yes
150065,True,SCHNECK MEDICAL CENTER,IN,92311.0,2022,Hacking/IT Incident,Network Server,No
,False,PARKER-HANNIFIN CORPORATION GROUP HEALTH PLANS,OH,119513.0,2022,Hacking/IT Incident,Network Server,No
,False,HEALTHCARE ASSISTANCE PLAN FOR EMPLOYEES OF SEVENTH-DAY ADVENTIST ORGANIZATION OF THE NORTH AMERICAN DIVISION,MD,2008.0,2022,Hacking/IT Incident,Network Server,No
,False,APRIA HEALTHCARE LLC,IN,1868831.0,2022,Hacking/IT Incident,Email,No
,False,"HEIDELL, PITTONI, MURPHY & BACH, LLP",NY,114979.0,2022,Hacking/IT Incident,Network Server,Yes
,False,CONNECTICARE,CT,1196.0,2022,Unauthorized Access/Disclosure,Paper Records,No
,False,"EMBLEMHEALTH PLAN, INC.",NY,11399.0,2022,Unauthorized Access/Disclosure,Paper Records,No
,False,HEALTH INSURANCE PLAN OF GREATER NEW YORK,NY,792.0,2022,Unauthorized Access/Disclosure,Paper Records,No
,False,NORTHERN ROCKIES ORTHOPAEDICS,MT,6701.0,2022,Hacking/IT Incident,Email,No
,False,ALLAIRE HEALTHCARE GROUP,NJ,13148.0,2022,Hacking/IT Incident,Email,No
,False,BRYAN COUNTY AMBULANCE AUTHORITY,OK,14273.0,2022,Hacking/IT Incident,Network Server,No
,False,PARTNERSHIP HEALTHPLAN OF CALIFORNIA,CA,852375.0,2022,Hacking/IT Incident,Network Server,No
,False,HEALTH CARE ADMINISTRATIVE SERVICES,VA,500.0,2022,Unauthorized Access/Disclosure,Network Server,No
,False,"AESTO, LLC D/B/A AESTO HEALTH",AL,17400.0,2022,Hacking/IT Incident,Network Server,Yes
,False,"OSWEGO COUNTY OPPORTUNITIES, INC.",NY,7766.0,2022,Hacking/IT Incident,Email,No
,False,ALAMEDA HEALTH SYSTEM,CA,90000.0,2022,Hacking/IT Incident,Email,No
,False,"JULIETA Y. ECHEVERRIA D.D.S., INC.",CA,529.0,2022,Theft,Paper Records,No
,False,GEORGIA PAIN AND SPINE CARE,GA,1056.0,2022,Unauthorized Access/Disclosure,Email,Yes
,False,"OE ENTERPRISES, INC.",NC,2224.0,2022,Hacking/IT Incident,Email,No
,False,"COUNTY OF SANTA BARBARA, DEPARTMENT OF BEHAVIORAL WELLNESS",CA,601.0,2022,Unauthorized Access/Disclosure,Electronic Medical Record (EMR),No
,False,"CREATIVE HOSPICE CARE, INC. DBA HOMESTEAD HOSPICE & PALLIATIVE CARE",GA,28332.0,2022,Hacking/IT Incident,Email,No
,False,WASHINGTON UNIVERSITY SCHOOL OF MEDICINE,MO,500.0,2022,Hacking/IT Incident,Email,No
,False,ALLWELL BEHAVIORAL HEALTH SERVICES,OH,29972.0,2022,Hacking/IT Incident,Network Server,No
,False,VAL VERDE REGIONAL MEDICAL CENTER (“VVRMC”),TX,86562.0,2022,Hacking/IT Incident,Network Server,No
,False,"FAMILY HEALTH CARE, INC",KS,33619.0,2022,Hacking/IT Incident,Network Server,No
,False,THE MULTIPLE SCLEROSIS CENTER OF ATLANTA,GA,2820.0,2022,Hacking/IT Incident,Email,No
,False,"MOYES EYE CENTER, PC",MO,38000.0,2022,Hacking/IT Incident,Electronic Medical Record (EMR),Yes
,False,FRED HUTCHINSON CANCER CENTER,WA,89111.0,2022,Hacking/IT Incident,Email,No
,False,NLB CORPORATION,MI,1943.0,2022,Hacking/IT Incident,Network Server,No
,False,AON PLC,IL,129682.0,2022,Hacking/IT Incident,Network Server,Yes
,False,"COMSTAR, LLC",MA,68957.0,2022,Hacking/IT Incident,Network Server,Yes
,False,JOHN KNOX VILLAGE OF FLORIDA,FL,5000.0,2022,Hacking/IT Incident,Email,No
,False,CAPSULE,NY,27625.0,2022,Hacking/IT Incident,Network Server,No
,False,"STEPHEN SIMS, MD, PA DBA NORTH LAKES PAIN CONSULTANTS",TX,8620.0,2022,Hacking/IT Incident,Network Server,No
,False,BJC HEALTH SYSTEM,MO,500.0,2022,Hacking/IT Incident,Email,Yes
,False,UNIVERSITY OF CHICAGO MEDICAL CENTER,IL,2568.0,2022,Hacking/IT Incident,Email,No
,False,VIRGINIA COMMONWEALTH UNIVERSITY HEALTH SYSTEM,VA,4441.0,2022,Unauthorized Access/Disclosure,Electronic Medical Record (EMR),No
,False,FINKELSTEIN EYE ASSOCIATES,IL,48587.0,2022,Hacking/IT Incident,Electronic Medical Record (EMR),Yes
,False,"SHIELDS HEALTH CARE GROUP, INC.",MA,2380483.0,2022,Hacking/IT Incident,Network Server,Yes
,False,PLATINUM HOSPITALISTS LLP,NV,5535.0,2022,Hacking/IT Incident,Email,No
,False,SYLVESTER EYE CARE,OK,19377.0,2022,Hacking/IT Incident,Electronic Medical Record (EMR),Yes
,False,SHORELINE EYE GROUP,CT,57047.0,2022,Hacking/IT Incident,Electronic Medical Record (EMR),Yes
,False,AU HEALTH,GA,49623.0,2022,Hacking/IT Incident,Electronic Medical Record (EMR),Yes
,False,"ALLIED UROLOGICAL SERVICES, LLC",NY,50640.0,2022,Hacking/IT Incident,Email,Yes
500005,True,VIRGINIA MASON MEDICAL CENTER,WA,1523.0,2022,Hacking/IT Incident,Network Server,No
,False,"ASSOCIATED OPHTHALMOLOGISTS OF KANSAS CITY, P.C.",MO,13461.0,2022,Hacking/IT Incident,Electronic Medical Record (EMR),No
,False,FISHMAN VISION,CA,2646.0,2022,Hacking/IT Incident,Electronic Medical Record (EMR),Yes
,False,"BURMAN & ZUCKERBROD OPHTHALMOLOGY ASSOCIATES, P.C.",MI,1337.0,2022,Hacking/IT Incident,Electronic Medical Record (EMR),Yes
,False,SMILE SOLUTIONS,WA,8000.0,2022,Hacking/IT Incident,Network Server,No
,False,UNIVERSITY OF KANSAS HEALTH SYSTEM - GREAT BEND CAMPUS,KS,926.0,2022,Improper Disposal,Paper Records,No
,False,"TOTS, INC. DBA KIDDOS' CLUBHOUSE",GA,1868.0,2022,Hacking/IT Incident,Network Server,No
,False,THE ROTHMAN ORTHOPAEDIC INSTITUTE,PA,874.0,2022,Unauthorized Access/Disclosure,Paper Records,No
,False,CLINIVATE LLC,CA,77652.0,2022,Hacking/IT Incident,Network Server,Yes
,False,KAISER FOUNDATION HEALTH PLAN OF WASHINGTON,WA,69589.0,2022,Hacking/IT Incident,Email,No
,False,MCCOY VISION CENTER,AL,33930.0,2022,Hacking/IT Incident,Electronic Medical Record (EMR),Yes
,False,PRIORITY HEALTH,MI,795.0,2022,Loss,Paper Records,No
010104,True,GRANDVIEW MEDICAL CENTER,AL,1126.0,2022,Theft,Paper Records,No
,False,SPECTRUM EYE PHYSICIANS,CA,175000.0,2022,Hacking/IT Incident,Network Server,Yes
,False,"MEMORIAL COMMUNITY HEALTH, INC.",NE,1658.0,2022,Hacking/IT Incident,Network Server,No
,False,TEXAS TECH UNIVERSITY HEALTH SCIENCES CENTER,TX,1290104.0,2022,Hacking/IT Incident,Network Server,Yes
,False,ATRIUM HEALTH AT HOME,NC,6695.0,2022,Hacking/IT Incident,Email,No
,False,"BERGEN'S PROMISE, INC.",NJ,7349.0,2022,Hacking/IT Incident,Email,Yes
,False,CENTRAL FLORIDA INPATIENT MEDICINE,FL,19625.0,2022,Hacking/IT Incident,Email,No
,False,ORANGEBURG EYE CENTER,SC,9000.0,2022,Hacking/IT Incident,Network Server,Yes
,False,CLARENDON HEALTH AND WELLNESS CENTER,SC,3297.0,2022,Theft,Physical Device (Workstation/Laptop),No
360008,True,SOUTHERN OHIO MEDICAL CENTER,OH,1333.0,2022,Hacking/IT Incident,Network Server,Yes
030013,True,YUMA REGIONAL MEDICAL CENTER,AZ,738145.0,2022,Hacking/IT Incident,Network Server,No
,False,"90 DEGREE BENEFITS, INC.",WI,172450.0,2022,Hacking/IT Incident,Network Server,Yes
,False,"CHRISTIANA SPINE CENTER, PA",DE,3500.0,2022,Hacking/IT Incident,Network Server,No
,False,HEARTLAND HEALTHCARE SERVICES,OH,2763.0,2022,Hacking/IT Incident,Network Server,No
,False,CHESAPEAKE EYE CENTER PA,MD,32770.0,2022,Hacking/IT Incident,Network Server,Yes
,False,"PRECISION EYE CARE, LTD.",MO,58462.0,2022,Hacking/IT Incident,Electronic Medical Record (EMR),Yes
,False,"BAYSHORE BRIGHTWATERS RESCUE AMBULANCE, INC.",NY,679.0,2022,Hacking/IT Incident,Email,No
,False,"MCG HEALTH, LLC",WA,793283.0,2022,Hacking/IT Incident,Network Server,Yes
,False,"LORI A. HARKINS MD, P.C. DBA HARKINS EYE CLINIC",NE,23993.0,2022,Hacking/IT Incident,Electronic Medical Record (EMR),Yes
,False,"DIALAMERICA MARKETING, INC.",NJ,19769.0,2022,Hacking/IT Incident,Network Server,Yes
,False,"CHERRY CREEK EYE PHYSICIANS AND SURGEONS, P.C.",CO,17732.0,2022,Hacking/IT Incident,Electronic Medical Record (EMR),Yes
,False,"SIGHT PARTNERS PHYSICIANS, P.C.",WA,86101.0,2022,Hacking/IT Incident,Electronic Medical Record (EMR),Yes
450058,True,BAPTIST MEDICAL CENTER,TX,1608549.0,2022,Hacking/IT Incident,Network Server,No
,False,"THE VICKSBURG CLINIC, LLC",MS,744.0,2022,Hacking/IT Incident,Network Server,No
670098,True,RESOLUTE HEALTH HOSPITAL,TX,59022.0,2022,Hacking/IT Incident,Network Server,No
,False,UW MEDICINE,WA,763.0,2022,Theft,Physical Device (Workstation/Laptop),No
,False,MASON TENDERS’ DISTRICT COUNCIL WELFARE FUND,NY,13344.0,2022,Hacking/IT Incident,Network Server,No
,False,LIBERTY HEALTHCARE GROUP,NC,2191.0,2022,Hacking/IT Incident,Email,No
,False,"CAROLINA EYECARE PHYSICIANS, LLC",SC,68739.0,2022,Hacking/IT Incident,Electronic Medical Record (EMR),Yes
,False,LONG VISION CENTER DBA TEXOMA EYE ASSOCIATES,TX,29237.0,2022,Hacking/IT Incident,Electronic Medical Record (EMR),Yes
,False,CITY OF CINCINNATI HEALTH PLAN,OH,9769.0,2022,Unauthorized Access/Disclosure,Network Server,No
,False,"NEW SCHRYVER, LLC D/B/A/ TRIDENTCARE",MD,6190.0,2022,Theft,Other (Cloud/Portable Media),No
,False,ARC INDUSTRIES INC. OF FRANKLIN COUNTY,OH,22011.0,2022,Hacking/IT Incident,Network Server,No
,False,ALOHA LASER VISION,HI,43263.0,2022,Hacking/IT Incident,Electronic Medical Record (EMR),Yes
,False,HELP AT HOME,IL,1905.0,2022,Improper Disposal,Paper Records,No
,False,YALE NEW HAVEN HOSPITAL,CT,19496.0,2022,Unauthorized Access/Disclosure,Network Server,No
,False,STOKES REGIONAL EYE CENTERS,SC,266170.0,2022,Hacking/IT Incident,Network Server,Yes
,False,"KERNERSVILLE EYE SURGEONS, P.C.",NC,13412.0,2022,Hacking/IT Incident,Electronic Medical Record (EMR),Yes
340027,True,UNC LENOIR HEALTH CARE,NC,5007.0,2022,Hacking/IT Incident,Network Server,Yes
,False,"TOSOH AMERICA, INC.",OH,880.0,2022,Hacking/IT Incident,Email,No
,False,SHARPER VISION P.A.,KS,6891.0,2022,Hacking/IT Incident,Network Server,Yes
,False,"ALABAMA EYE & CATARACT, P.C.",AL,25900.0,2022,Hacking/IT Incident,Network Server,Yes
,False,"CENTER FOR SIGHT, INC.",MA,41041.0,2022,Hacking/IT Incident,Electronic Medical Record (EMR),Yes
,False,PHELPS COUNTY REGIONAL MEDICAL CENTER D/B/A PHELPS HEALTH,MO,12602.0,2022,Hacking/IT Incident,Network Server,Yes
,False,WINSLOW MEMORIAL HOSPITAL D/B/A LITTLE COLORADO MEDICAL CENTER,AZ,604.0,2022,Hacking/IT Incident,Network Server,No
310118,True,HUDSON REGIONAL HOSPITAL,NJ,1265.0,2022,Hacking/IT Incident,Network Server,Yes
,False,UNIVERSITY PEDIATRIC DENTISTRY,NY,6843.0,2022,Hacking/IT Incident,Email,No
,False,RODEO PHARMACY INC,NJ,1574.0,2022,Unauthorized Access/Disclosure,Email,No
,False,FOXHALL OB GYN ASSOCIATES,DC,27000.0,2022,Unauthorized Access/Disclosure,Email,No
,False,"BENEFIT PLAN ADMINISTRATORS, INC.",VA,1267.0,2022,Hacking/IT Incident,Network Server,Yes
,False,"KEVIN WOLF, DPM D/B/A GOLDSBORO PODIATRY",NC,30668.0,2022,Hacking/IT Incident,Network Server,Yes
,False,ST JOSEPH HERITAGE HEALTH,CA,7229.0,2022,Hacking/IT Incident,Network Server,Yes
,False,"MATTAX NEU PRATER EYE CENTER, INC.",MO,92361.0,2022,Hacking/IT Incident,Electronic Medical Record (EMR),Yes
,False,SURGERY PARTNERS (LAFAYETTE SURGICAL SPECIALTY HOSPITAL),TN,3527.0,2022,Hacking/IT Incident,Network Server,Yes
,False,SURGERY PARTNERS (NORTH CAROLINA SPECIALTY HOSPITAL),TN,8258.0,2022,Hacking/IT Incident,Network Server,Yes
,False,CATHOLIC HEALTH SYSTEM,NY,904.0,2022,Hacking/IT Incident,Email,Yes
,False,"BENEFIT PLAN ADMINISTRATORS, INC.",VA,1145.0,2022,Hacking/IT Incident,Network Server,Yes
,False,"BENEFIT PLAN ADMINISTRATORS, INC.",VA,628.0,2022,Hacking/IT Incident,Network Server,Yes
,False,"ORTHOWEST, PC",NE,1369.0,2022,Hacking/IT Incident,Email,No
,False,MICHIGAN AVENUE IMMEDIATE CARE,IL,144104.0,2022,Hacking/IT Incident,Network Server,No
,False,"HIGHMARK, INC.",PA,511.0,2022,Hacking/IT Incident,Network Server,Yes
,False,COMMUNITY OF HOPE D.C.,DC,580.0,2022,Hacking/IT Incident,Email,No
,False,"BAYHEALTH MEDICAL CENTER, INC.",DE,17481.0,2022,Hacking/IT Incident,Network Server,Yes
,False,"WELLDYNERX, LLC",FL,49964.0,2022,Hacking/IT Incident,Email,Yes
,False,"DR. SCOTT HEINLEIN ANDREW, DPM D/B/A AFFILIATED FOOT & ANKLE CENTER",OH,4692.0,2022,Hacking/IT Incident,Electronic Medical Record (EMR),No
,False,"PROFESSIONAL FINANCE COMPANY, INC.",CO,1918941.0,2022,Hacking/IT Incident,Network Server,Yes
,False,CHRISTUS SPOHN HEALTH SYSTEM CORPORATION,TX,842874.0,2022,Hacking/IT Incident,Network Server,No
,False,"CAROLINA BEHAVIORAL HEALTH ALLIANCE, LLC",NC,130922.0,2022,Hacking/IT Incident,Network Server,Yes
,False,PREFERRED HOSPITAL LEASING COLEMAN INC. D/B/A COLEMAN COUNTY MEDICAL CENTER,TX,1159.0,2022,Hacking/IT Incident,Network Server,Yes
,False,"PREFERRED HOSPITAL LEASING VAN HORN, INC D/B/A CULBERSON HOSPITAL",TX,689.0,2022,Hacking/IT Incident,Network Server,Yes
530014,True,CHEYENNE REGIONAL MEDICAL CENTER,WY,1652.0,2022,Unauthorized Access/Disclosure,Electronic Medical Record (EMR),No
,False,"PREFERRED HOSPITAL LEASING JUNCTION, INC D/B/A KIMBLE HOSPITAL",TX,1041.0,2022,Hacking/IT Incident,Network Server,Yes
,False,"PREFERRED HOSPITAL LEASING MULESHOE, INC D/B/A MULESHOE AREA MEDICAL CENTER",TX,1212.0,2022,Hacking/IT Incident,Network Server,Yes
,False,"PREFERRED HOSPITAL LEASING HEMPHILL, INC D/B/A SABINE COUNTY HOSPITAL",TX,958.0,2022,Hacking/IT Incident,Network Server,Yes
371328,True,ARBUCKLE MEMORIAL HOSPITAL,OK,1907.0,2022,Hacking/IT Incident,Network Server,Yes
,False,PARMER MEDICAL CENTER,TX,2400.0,2022,Hacking/IT Incident,Network Server,Yes
521354,True,SOUTHWEST HEALTH CENTER,WI,46142.0,2022,Hacking/IT Incident,Network Server,No
390127,True,PHOENIXVILLE HOSPITAL,PA,934.0,2022,Unauthorized Access/Disclosure,Physical Device (Workstation/Laptop),No
,False,CHANGE HEALTHCARE,GA,1262.0,2022,Unauthorized Access/Disclosure,Paper Records,Yes
,False,SOUTHERN CALIFORNIA UNITED FOOD & COMMERCIAL WORKERS UNIONS AND FOOD EMPLOYERS BENEFIT FUND,CA,850.0,2022,Theft,Paper Records,No
,False,ASSOCIATED EYE CARE,MN,40793.0,2022,Hacking/IT Incident,Network Server,Yes
,False,"BENEFIT PLAN ADMINISTRATORS, INC.",VA,878.0,2022,Hacking/IT Incident,Network Server,Yes
,False,CORNERSTONE SERVICES,IL,2513.0,2022,Hacking/IT Incident,Network Server,No
,False,WISCONSIN DEPARTMENT OF HEALTH SERVICES,WI,1698.0,2022,Hacking/IT Incident,Network Server,Yes
,False,"KURILEC EYE CARE, LLC",CT,2876.0,2022,Hacking/IT Incident,Electronic Medical Record (EMR),Yes
230216,True,MCLAREN PORT HURON,MI,48957.0,2022,Hacking/IT Incident,Network Server,Yes
,False,FAMILY PRACTICE CENTER PC,PA,83969.0,2022,Hacking/IT Incident,Network Server,No
,False,ARLINGTON SKIN,VA,17468.0,2022,Hacking/IT Incident,Electronic Medical Record (EMR),No
,False,BLUE SHIELD OF CALIFORNIA,CA,1506.0,2022,Hacking/IT Incident,Network Server,Yes
,False,"SYNERGIC HEALTHCARE SOLUTIONS, LLC D/B/A FAST TRACK URGENT CARE CENTER",FL,258411.0,2022,Hacking/IT Incident,Network Server,Yes
,False,"PREMERE INFINITY REHAB, LLC",OR,196077.0,2022,Hacking/IT Incident,Network Server,Yes
,False,"MAGIE MABREY HUGHES EYE CLINIC, P.A. DBA ARKANSAS RETINA",AR,57394.0,2022,Hacking/IT Incident,Electronic Medical Record (EMR),Yes
,False,"AVAMERE HEALTH SERVICES, LLC",OR,229460.0,2022,Hacking/IT Incident,Network Server,Yes
,False,WASHINGTON UNIVERSITY SCHOOL OF MEDICINE,MO,1056.0,2022,Hacking/IT Incident,Network Server,No
,False,EAST VALLEY OPHTHALMOLOGY,AZ,20734.0,2022,Hacking/IT Incident,Electronic Medical Record (EMR),Yes
,False,"KAISER FOUNDATION HEALTH PLAN, INC., SOUTHERN CALIFORNIA",CA,75010.0,2022,Theft,Other (Cloud/Portable Media),No
,False,"ORTHOPEDIC SPECIALISTS OF NORTH AMERICA, PLLC DBA ORTHOARIZONA",AZ,2748.0,2022,Hacking/IT Incident,Network Server,No
,False,BENSON HEALTH,NC,28913.0,2022,Hacking/IT Incident,Network Server,No
,False,MARY HITCHCOCK MEMORIAL HOSPITAL D/B/A DARTMOUTH-HITCHCOCK MEDICAL CENTER,NH,1201.0,2022,Loss,Physical Device (Workstation/Laptop),No
,False,OPEN ARMS ASSISTED LIVING,WI,6000.0,2022,Unauthorized Access/Disclosure,Other (Cloud/Portable Media),Yes
,False,"ACTS RETIREMENT SERVICES, INC. AND AFFILIATES",PA,2236.0,2022,Hacking/IT Incident,Network Server,No
,False,PROMEDICA,OH,1178.0,2022,Unauthorized Access/Disclosure,Email,No
,False,BLUE CROSS AND BLUE SHIELD OF ALABAMA,AL,8702.0,2022,Hacking/IT Incident,Network Server,Yes
,False,GOODMAN CAMPBELL BRAIN AND SPINE,IN,362833.0,2022,Hacking/IT Incident,Network Server,No
,False,"CAVENDER STORES, LTD HEALTH PLAN",TX,4447.0,2022,Hacking/IT Incident,Network Server,No
,False,DOW RUMMEL VILLAGE,SD,1079.0,2022,Hacking/IT Incident,Email,No
,False,THE BRONX ACCOUNTABLE HEALTHCARE NETWORK,NY,17161.0,2022,Hacking/IT Incident,Email,No
,False,ZENITH AMERICAN SOLUTIONS,WA,30560.0,2022,Unauthorized Access/Disclosure,Paper Records,Yes
,False,KESWICK MULTI-CARE CENTER,MD,1508.0,2022,Hacking/IT Incident,Email,No
200024,True,CENTRAL MAINE MEDICAL CENTER,ME,11938.0,2022,Hacking/IT Incident,Network Server,Yes
,False,"PATRIOT GROWTH INSURANCE SERVICES, LLC",PA,4614.0,2022,Hacking/IT Incident,Email,Yes
,False,"CITY OF NEWPORT, RHODE ISLAND",RI,6109.0,2022,Hacking/IT Incident,Network Server,No
,False,"BENEFIT PLAN ADMINISTRATORS, INC.",VA,5004.0,2022,Hacking/IT Incident,Network Server,Yes
,False,"NULIFE MED, LLC",NH,3805.0,2022,Hacking/IT Incident,Network Server,Yes
,False,SANTA ROSA COUNTY DISTRICT SCHOOLS,FL,9424.0,2022,Unauthorized Access/Disclosure,Network Server,No
,False,CENTER FOR PRIMARY CARE,GA,2400.0,2022,Hacking/IT Incident,Email,No
,False,"BENEFIT PLAN ADMINISTRATORS, INC.",VA,1457.0,2022,Hacking/IT Incident,Network Server,Yes
,False,"SCOTT COUNTY, IOWA",IA,1607.0,2022,Hacking/IT Incident,Email,Yes
,False,RADIATION ONCOLOGY CENTERS OF THE CAROLINAS,NC,1116.0,2022,Hacking/IT Incident,Email,No
,False,"LAWSON PRODUCTS, INC.",IL,791.0,2022,Hacking/IT Incident,Network Server,No
,False,ALLEGHENY HEATH NETWORK,PA,8071.0,2022,Hacking/IT Incident,Email,No
,False,DR. MANAF AHMAD,TX,3717.0,2022,Hacking/IT Incident,Email,No
,False,"CONIFER VALUE-BASED CARE, LLC",CA,20642.0,2022,Hacking/IT Incident,Email,Yes
,False,STEWARD MEDICAL GROUP,FL,2188.0,2022,Unauthorized Access/Disclosure,Electronic Medical Record (EMR),No
,False,AETNA ACE,CT,325278.0,2022,Hacking/IT Incident,Network Server,Yes
,False,"BHG HOLDINGS, LLC DBA BEHAVIORAL HEALTH GROUP",TX,197507.0,2022,Hacking/IT Incident,Network Server,No
,False,"ONETOUCHPOINT, INC.",WI,4112892.0,2022,Hacking/IT Incident,Network Server,Yes
,False,EVENTUS WHOLEHEALTH PLLC,NC,1707.0,2022,Hacking/IT Incident,Email,No
,False,"HEALTHBACK HOLDINGS, LLC",OK,21114.0,2022,Hacking/IT Incident,Email,No
,False,GRANBURY EYE CLINIC,TX,16475.0,2022,Hacking/IT Incident,Electronic Medical Record (EMR),Yes
,False,MINUTEMAN SENIOR SERVICES,MA,11330.0,2022,Hacking/IT Incident,Email,No
490066,True,SENTARA WILLIAMSBURG REGIONAL MEDICAL CENTER,VA,591.0,2022,Loss,Other (Cloud/Portable Media),No
,False,FLORIDA SPRINGS SURGERY CENTER,FL,2203.0,2022,Hacking/IT Incident,Email,No
,False,"FIRST CHOICE COMMUNITY HEALTH CARE, INC.",NM,101541.0,2022,Hacking/IT Incident,Network Server,No
,False,SOUTHWEST BEHAVIORAL & HEALTH SERVICES,AZ,1337.0,2022,Hacking/IT Incident,Email,No
,False,"ST. LUKE'S HEALTH SYSTEM, LTD.",ID,31573.0,2022,Hacking/IT Incident,Network Server,Yes
,False,"KAREEM REDMOND, DDS, PLLC",NC,1100.0,2022,Unauthorized Access/Disclosure,Email,No
,False,"INDEPENDENT CASE MANAGEMENT, INC.",AR,3307.0,2022,Hacking/IT Incident,Network Server,No
,False,"PRACTICE RESOURCES, LLC",NY,942138.0,2022,Hacking/IT Incident,Network Server,Yes
,False,"CENTERSTONE OF INDIANA, INC.",IN,1700.0,2022,Hacking/IT Incident,Email,No
,False,LIVING INNOVATIONS,NH,4041.0,2022,Hacking/IT Incident,Email,No
,False,NIAGARA COUNTY DEPARTMENT OF MENTAL HEALTH AND SUBSTANCE ABUSE,NY,17000.0,2022,Hacking/IT Incident,Email,No
,False,"INLINE NETWORK INTEGRATION, LLC",TX,500.0,2022,Hacking/IT Incident,Network Server,Yes
,False,"DATASTAT, INC.",MI,1650.0,2022,Unauthorized Access/Disclosure,Paper Records,Yes
,False,COLUMBIA RIVER MENTAL HEALTH SERVICES,WA,17842.0,2022,Hacking/IT Incident,Email,No
,False,MATERNAL AND FAMILY HEALTH SERVICES,PA,461070.0,2022,Hacking/IT Incident,Network Server,No
470024,True,NORTHWESTERN MEDICAL CENTER,VT,686.0,2022,Unauthorized Access/Disclosure,Electronic Medical Record (EMR),No
,False,LAMOILLE HEALTH PARTNERS,VT,59381.0,2022,Hacking/IT Incident,Network Server,No
,False,ROCK COUNTY HUMAN SERVICES DEPARTMENT,WI,25610.0,2022,Hacking/IT Incident,Email,No
,False,SPECIALIZED TREATMENT FACILITY,MS,1059.0,2022,Unauthorized Access/Disclosure,Email,No
,False,"CONIFER REVENUE CYCLE SOLUTIONS, LLC",TX,343593.0,2022,Hacking/IT Incident,Email,Yes
,False,ONYX TECHNOLOGY LLC,MD,96814.0,2022,Hacking/IT Incident,Network Server,Yes
,False,VALLEY BAPTIST MEDICAL CENTER - BROWNSVILLE,TX,7496.0,2022,Hacking/IT Incident,Network Server,No
,False,VALLEY BAPTIST MEDICAL CENTER – HARLINGEN,TX,11137.0,2022,Hacking/IT Incident,Network Server,No
,False,COMMON GROUND HEALTHCARE COOPERATIVE,WI,133714.0,2022,Hacking/IT Incident,Network Server,Yes
,False,OVERLAKE MEDICAL CENTER & CLINICS,WA,557.0,2022,Hacking/IT Incident,Network Server,No
,False,NOVANT HEALTH INC.,NC,1362296.0,2022,Unauthorized Access/Disclosure,Electronic Medical Record (EMR),Yes
,False,"OMNI HEALTHCARE, INC",FL,1000.0,2022,Unauthorized Access/Disclosure,Electronic Medical Record (EMR),No
,False,PRITI PATEL PHYSICIAN PC,NY,6877.0,2022,Hacking/IT Incident,Network Server,No
,False,ADVENTHEALTH MEDICAL GROUP OB GYN AT WOODRIDGE,IL,2001.0,2022,Loss,Other (Cloud/Portable Media),No
,False,"CHOICE HEALTH INSURANCE, LLC",SC,14307.0,2022,Hacking/IT Incident,Network Server,Yes
,False,SAN DIEGO AMERICAN INDIAN HEALTH CENTER,CA,30721.0,2022,Hacking/IT Incident,Network Server,No
,False,MEDICAL MUTUAL OF OHIO,OH,1377.0,2022,Hacking/IT Incident,Network Server,Yes
,False,CELANESE MEDICAL PLAN,TX,704.0,2022,Unauthorized Access/Disclosure,Email,No
,False,"CEREBRAL MEDICAL GROUP, P.A.",CA,6110.0,2022,Unauthorized Access/Disclosure,Paper Records,No
,False,CALIFORNIA DEPARTMENT OF CORRECTIONS AND REHABILITATION,CA,236000.0,2022,Hacking/IT Incident,Network Server,No
,False,PROWERS COUNTY HOSPITAL DISTRICT,CO,1205.0,2022,Hacking/IT Incident,Network Server,Yes
,False,"HENDERSON & WALTON WOMEN’S CENTER, P.C.",AL,34306.0,2022,Hacking/IT Incident,Email,No
,False,COMMUNITY BRIDGES,NH,10461.0,2022,Hacking/IT Incident,Network Server,No
,False,"WARNER NORCROSS AND JUDD, LLP",MI,255160.0,2022,Hacking/IT Incident,Network Server,Yes
,False,FARMVILLE INTERNAL MEDICINE,NC,3000.0,2022,Hacking/IT Incident,Network Server,Yes
,False,"ONE MEDICAL, INC.",TX,1009.0,2022,Theft,Paper Records,No
,False,USABLE MUTUAL INSURANCE COMPANY D/B/A ARKANSAS BLUE CROSS AND BLUE SHIELD,AR,8871.0,2022,Hacking/IT Incident,Network Server,Yes
,False,GENERAL HEALTH SYSTEM,LA,46149.0,2022,Hacking/IT Incident,Network Server,No
,False,EMERGEORTHO,NC,68661.0,2022,Hacking/IT Incident,Network Server,No
,False,HEALTH ADVANTAGE,AR,1642.0,2022,Hacking/IT Incident,Network Server,Yes
,False,FIRST STREET FAMILY HEALTH,CO,7310.0,2022,Hacking/IT Incident,Network Server,No
,False,NORTHSTAR HEALTHCARE CONSULTING LLC,GA,18354.0,2022,Unauthorized Access/Disclosure,Email,Yes
,False,METHODIST CRAIG RANCH SURGICAL CENTER,TX,15157.0,2022,Hacking/IT Incident,Network Server,No
670069,True,METHODIST MCKINNEY HOSPITAL,TX,110244.0,2022,Hacking/IT Incident,Network Server,No
,False,TRINITY HEALTH,MI,46748.0,2022,Unauthorized Access/Disclosure,Network Server,Yes
,False,NYSARC COLUMBIA COUNTY CHAPTER D/B/A COARC,NY,5701.0,2022,Hacking/IT Incident,Network Server,No
,False,"THE STATE PSYCHIATRIC HOSPITALS IN THE NEW JERSEY DEPARTMENT OF HEALTH, DIVISION OF BEHAVIORAL HEALTH SERVICES",NJ,850.0,2022,Hacking/IT Incident,Network Server,Yes
,False,WALGREEN CO.,IL,1704.0,2022,Theft,Paper Records,No
,False,NARRAGANSETT BAY COMMISSION,RI,2153.0,2022,Hacking/IT Incident,Network Server,No
,False,"SHANDS TEACHING HOSPITALS AND CLINICS, INC.",FL,941.0,2022,Unauthorized Access/Disclosure,Electronic Medical Record (EMR),No
,False,"GENESIS HEALTH CARE, INC.",SC,21226.0,2022,Hacking/IT Incident,Network Server,No
,False,"INDEPENDENT LIVING SYSTEMS, LLC",FL,4226508.0,2022,Hacking/IT Incident,Network Server,Yes
,False,"THE PHYSICIANS’ SPINE AND REHABILITATION SPECIALISTS OF GEORGIA, P.C.",GA,38589.0,2022,Hacking/IT Incident,Network Server,No
,False,"REITER AFFILIATED COMPANIES, LLC",CA,48000.0,2022,Hacking/IT Incident,Network Server,Yes
,False,REITER AFFILIATED HEALTH AND WELFARE PLAN,CA,45000.0,2022,Hacking/IT Incident,Network Server,No
,False,DAVITA INC.,CO,1092.0,2022,Hacking/IT Incident,Network Server,No
,False,UCLA HEALTH,CA,2190.0,2022,Loss,Other (Cloud/Portable Media),No
,False,"DR. ALEXANDER J. RICHARDSON, DPM",OH,11651.0,2022,Hacking/IT Incident,Electronic Medical Record (EMR),No
,False,FEDERAL EXPRESS CORPORATION GROUP HEALTH PLAN FOR PILOTS,TN,668.0,2022,Hacking/IT Incident,Network Server,Yes
,False,MOLINA HEALTHCARE,CA,8283.0,2022,Unauthorized Access/Disclosure,Paper Records,Yes
,False,"SERV BEHAVIORAL HEALTH SYSTEMS, INC.",NJ,8110.0,2022,Hacking/IT Incident,Network Server,No
,False,THE SARGENT’S GROUP,PA,1650.0,2022,Hacking/IT Incident,Network Server,Yes
,False,MEDICAL ASSOCIATES OF THE LEHIGH VALLEY,PA,75628.0,2022,Hacking/IT Incident,Network Server,No
,False,TENNCARE,TN,1694.0,2022,Unauthorized Access/Disclosure,Network Server,No
,False,EMPRESS AMBULANCE SERVICE LLC,NY,305056.0,2022,Hacking/IT Incident,Network Server,No
,False,LUBBOCK HEART & SURGICAL HOSPITAL,TX,122605.0,2022,Hacking/IT Incident,Network Server,No
,False,"WOLFE CLINIC, P.C.",IA,530299.0,2022,Hacking/IT Incident,Electronic Medical Record (EMR),No
,False,"CENTERSTONE OF TENNESSEE, INC.",TN,3675.0,2022,Hacking/IT Incident,Email,No
,False,LANDMARK HOLDINGS OF FLORIDA,FL,501.0,2022,Hacking/IT Incident,Network Server,No
,False,NEUROLOGY CENTER OF NEVADA,NV,11657.0,2022,Hacking/IT Incident,Electronic Medical Record (EMR),No
,False,COUNTRY DOCTOR COMMUNITY HEALTH CLINIC,WA,22120.0,2022,Hacking/IT Incident,Network Server,No
,False,THE COOPER HEALTH SYSTEM,NJ,500.0,2022,Hacking/IT Incident,Email,No
,False,BERKSHIRE FARM CENTER & SERVICES FOR YOUTH,NY,23058.0,2022,Unauthorized Access/Disclosure,Network Server,No
,False,TESSIE CLEVELAND COMMUNITY SERVICES CORP,CA,9747.0,2022,Hacking/IT Incident,Network Server,No
,False,EASTERSEALS-GOODWILL OF THE NORTHERN ROCKY MOUNTAINS,MT,3886.0,2022,Hacking/IT Incident,Email,No
,False,"BONITA SPRINGS RETIREMENT VILLAGE, INC.",FL,554.0,2022,Hacking/IT Incident,Email,No
,False,"NORTHERN CALIFORNIA FERTILITY MEDICAL CENTER, INC.",CA,12145.0,2022,Hacking/IT Incident,Network Server,No
,False,UW MEDICINE,WA,3804.0,2022,Hacking/IT Incident,Network Server,Yes
503300,True,SEATTLE CHILDREN'S HOSPITAL,WA,6320.0,2022,Hacking/IT Incident,Network Server,Yes
,False,LYNBROOK ANESTHESIA SERVICES PC,NY,3787.0,2022,Hacking/IT Incident,Network Server,No
,False,UPSTATE ANESTHESIA SERVICES PC,NY,9025.0,2022,Hacking/IT Incident,Network Server,No
,False,RESOURCE ANESTHESIOLOGY ASSOCIATES PC,NY,37897.0,2022,Hacking/IT Incident,Network Server,No
,False,RESOURCE ANESTHESIOLOGY ASSOCIATES OF MO LLC,MO,11649.0,2022,Hacking/IT Incident,Network Server,No
,False,RESOURCE ANESTHESIOLOGY ASSOCIATES OF MI PC,MI,24858.0,2022,Hacking/IT Incident,Network Server,No
,False,RESOURCE ANESTHESIOLOGY ASSOCIATES OF IL PC,NY,18262.0,2022,Hacking/IT Incident,Network Server,No
,False,"FMC SERVICES, LLC",TX,233948.0,2022,Hacking/IT Incident,Network Server,No
,False,RESOURCE ANESTHESIOLOGY ASSOCIATES OF CA A MEDICAL CORPORATION,CA,15507.0,2022,Hacking/IT Incident,Network Server,No
,False,PROVIDENCE WA ANESTHESIA SERVICES PC,NY,98414.0,2022,Hacking/IT Incident,Network Server,No
,False,PALM SPRINGS ANESTHESIA SERVICES PC,NY,58411.0,2022,Hacking/IT Incident,Network Server,No
330059,True,MONTEFIORE MEDICAL CENTER,NY,1332.0,2022,Theft,Other (Cloud/Portable Media),No
,False,GRAYLING ANESTHESIA ASSOCIATES PC,MI,15328.0,2022,Hacking/IT Incident,Network Server,No
,False,FREDERICKSBURG ANESTHESIA SERVICES LLC,NY,7052.0,2022,Hacking/IT Incident,Network Server,No
,False,BRONX ANESTHESIA SERVICES PC,NY,17802.0,2022,Hacking/IT Incident,Network Server,No
,False,ANESTHESIA SERVICES OF SAN JOAQUIN PC,NY,43924.0,2022,Hacking/IT Incident,Network Server,No
,False,ANESTHESIA ASSOCIATES OF MARYLAND LLC,MD,12405.0,2022,Hacking/IT Incident,Network Server,No
,False,ANESTHESIA ASSOCIATES OF EL PASO PA,NY,43168.0,2022,Hacking/IT Incident,Network Server,No
,False,"CYNTHIA PAUL, M.D., LLC D/B/A THE COEUR GROUP",NE,2020.0,2022,Hacking/IT Incident,Email,No
,False,WELLMED MEDICAL MANAGEMENT,TX,10506.0,2022,Unauthorized Access/Disclosure,Network Server,No
,False,"PHYSICIAN’S BUSINESS OFFICE, INC.",WV,196673.0,2022,Hacking/IT Incident,Network Server,Yes
,False,MAGELLAN RX MANAGEMENT,MD,13663.0,2022,Hacking/IT Incident,Network Server,Yes
,False,"DYERSBURG FAMILY WALK-IN CLINIC, LLC DBA REELFOOT FAMILY WALK-IN CLINIC",TN,58562.0,2022,Hacking/IT Incident,Network Server,No
154041,True,BLOOMINGTON MEADOWS HOSPITAL,IN,788.0,2022,Unauthorized Access/Disclosure,Email,No
,False,HAZLETON ANESTHESIA SERVICES PC,NY,13560.0,2022,Hacking/IT Incident,Network Server,No
,False,MOLINA HEALTHCARE,CA,1068.0,2022,Hacking/IT Incident,Network Server,Yes
170105,True,"MCPHERSON HOSPITAL, INC.",KS,19020.0,2022,Hacking/IT Incident,Network Server,No
,False,"KAYE-SMITH ENTERPRISES, INC.",WA,2857.0,2022,Hacking/IT Incident,Network Server,Yes
,False,"CYTOMETRY SPECIALISTS, INC. D/B/A CSI LABORATORIES",GA,244850.0,2022,Hacking/IT Incident,Email,No
,False,CENTER FOR A BRIGHTER TOMORROW PLLC,TN,1082.0,2022,Loss,Other (Cloud/Portable Media),No
,False,EXTENDED MLTC,NY,5494.0,2022,Hacking/IT Incident,Network Server,Yes
,False,"REID AND RIEGE, P.C.",CT,610.0,2022,Hacking/IT Incident,Network Server,Yes
,False,"SMITH, GAMBRELL & RUSSELL, LLP",GA,4688.0,2022,Hacking/IT Incident,Network Server,Yes
,False,"ANTHEM HEALTH PLANS OF KENTUCKY, INCORPORATED",IN,537.0,2022,Hacking/IT Incident,Network Server,Yes
,False,DELTA DENTAL OF WASHINGTON,WA,6361.0,2022,Hacking/IT Incident,Network Server,Yes
,False,"MONROE EAR NOSE AND THROAT ASSOCIATES, PC",MI,14500.0,2022,Hacking/IT Incident,Network Server,No
,False,ANTHEM ACE,IN,13406.0,2022,Unauthorized Access/Disclosure,Network Server,Yes
,False,TRILLIUM HEALTH INC.,NY,3191.0,2022,Hacking/IT Incident,Email,No
,False,ZOMO HEALTH,TX,1359.0,2022,Unauthorized Access/Disclosure,Network Server,Yes
,False,"OPTUM MEDICAL CARE OF NEW JERSEY, P.C.",NJ,12499.0,2022,Hacking/IT Incident,Network Server,No
,False,"VISIONWEB HOLDINGS, LLC",TX,35900.0,2022,Hacking/IT Incident,Email,Yes
,False,FAMILY MEDICINE SHADY GROVE LLC,MD,6482.0,2022,Hacking/IT Incident,Network Server,No
,False,"VALLE DEL SOL, INC.",AZ,70268.0,2022,Hacking/IT Incident,Network Server,No
,False,SALUD FAMILY HEALTH,CO,427546.0,2022,Hacking/IT Incident,Network Server,No
,False,CAREOREGON,OR,8022.0,2022,Unauthorized Access/Disclosure,Paper Records,No
,False,BERKSHIRE FARM CENTER & SERVICES FOR YOUTH,NY,951.0,2022,Hacking/IT Incident,Email,No
,False,WISCONSIN DEPARTMENT OF HEALTH SERVICES,WI,12358.0,2022,Unauthorized Access/Disclosure,Email,No
,False,"UROLOGY OF GREATER ATLANTA, LLC",GA,79795.0,2022,Hacking/IT Incident,Network Server,No
,False,"FALCON HEALTHCARE, INC. DBA INTERIM HEALTHCARE OF LUBBOCK TEXAS",TX,89443.0,2022,Hacking/IT Incident,Network Server,No
,False,"LIFESPIRE SERVICES, INC.",NY,15375.0,2022,Hacking/IT Incident,Network Server,No
,False,"THOMAS J. HUBBARD, MD, INC. DBA HUBBARD PLASTIC SURGERY & SKIN ENHANCEMENT CENTER",VA,914.0,2022,Unauthorized Access/Disclosure,Network Server,No
,False,"SEREDOR CENTERS, INC.",FL,12656.0,2022,Hacking/IT Incident,Network Server,No
,False,"AESTHETIC DERMATOLOGY ASSOCIATES, PC",PA,33793.0,2022,Hacking/IT Incident,Network Server,No
,False,"REGIONAL WOMEN’S HEALTH GROUP, LLC",NJ,804.0,2022,Unauthorized Access/Disclosure,Other (Cloud/Portable Media),No
,False,CHOICE HEALTH INSURANCE LLC,SC,32064.0,2022,Hacking/IT Incident,Network Server,Yes
,False,DEFENSE HEALTH AGENCY,VA,1279.0,2022,Hacking/IT Incident,Network Server,No
,False,SAGE COUNSELING OMAHA,NE,1359.0,2022,Unauthorized Access/Disclosure,Electronic Medical Record (EMR),No
,False,"PREMIER PHYSICAL THERAPY AND SPORTS PERFORMANCE, LIMITED PARTNERSHIP",DE,982.0,2022,Hacking/IT Incident,Email,No
,False,"FRIEND FAMILY HEALTH CENTER, INC.",IL,1419.0,2022,Hacking/IT Incident,Email,No
,False,TIFT REGIONAL HEALTH SYSTEM,GA,180142.0,2022,Hacking/IT Incident,Network Server,No
,False,"ALAIN A. MONTIEL, DDS",CA,17157.0,2022,Theft,Physical Device (Workstation/Laptop),No
,False,BLUE CROSS AND BLUE SHIELD OF KANSAS,KS,1308.0,2022,Hacking/IT Incident,Network Server,No
,False,PRESBYTERIAN HEALTHCARE SERVICES,NM,44450.0,2022,Hacking/IT Incident,Email,No
,False,ADVOCATE AURORA HEALTH,WI,3000000.0,2022,Unauthorized Access/Disclosure,Electronic Medical Record (EMR),No
,False,"HH/KILLEEN HEALTH SYSTEM, LLC DOING BUSINESS AS SETON MEDICAL CENTER HARKER HEIGHTS",TX,15056.0,2022,Hacking/IT Incident,Email,Yes
,False,SPRINGFIELD CLINIC,IL,802.0,2022,Loss,Other (Cloud/Portable Media),No
,False,"CASCO BAY EYECARE, PA, LLC",ME,1432.0,2022,Loss,Other (Cloud/Portable Media),No
,False,ASCENSION ST. VINCENT’S COASTAL CARDIOLOGY,GA,71227.0,2022,Hacking/IT Incident,Network Server,No
,False,THE VALLEY HOSPITAL,NJ,4245.0,2022,Improper Disposal,Paper Records,No
,False,KEYSTONE HEALTH,PA,235237.0,2022,Hacking/IT Incident,Network Server,No
,False,WAKEMED HEALTH AND HOSPITALS,NC,495808.0,2022,Unauthorized Access/Disclosure,Network Server,No
,False,LIFELINE SYSTEMS COMPANY,MA,72848.0,2022,Hacking/IT Incident,Network Server,No
,False,"PYNENBERG & SCHESKE DDS,SC",WI,2612.0,2022,Hacking/IT Incident,Network Server,No
,False,"FOREFRONT DERMATOLOGY, SC",WI,45580.0,2022,Theft,Other (Cloud/Portable Media),Yes
,False,FONTAINEBLEAU DEVELOPMENT HEALTH AND WELFARE PLAN,FL,1825.0,2022,Hacking/IT Incident,Network Server,No
,False,"DELAWARE DEPARTMENT OF HEALTH AND SOCIAL SERVICES, DIVISION OF DEVELOPMENTAL DISABILITIES SERVICES",DE,7000.0,2022,Unauthorized Access/Disclosure,Electronic Medical Record (EMR),No
,False,"SIGMUND SOFTWARE, LLC",CT,4767.0,2022,Hacking/IT Incident,Network Server,Yes
,False,"DR. SCOTT B. KLIMAJ, DMD",RI,1558.0,2022,Hacking/IT Incident,Network Server,No
,False,"PHOENIX PROGRAMS OF FLORIDA, INC.",FL,6594.0,2022,Hacking/IT Incident,Email,No
,False,MASSENGALE EYE CARE,OK,15000.0,2022,Hacking/IT Incident,Network Server,Yes
,False,"ILLINOIS DEPARTMENT OF HEALTHCARE AND FAMILY SERVICES, ILLINOIS DEPARTMENT OF HUMAN SERVICES",IL,480435.0,2022,Unauthorized Access/Disclosure,Network Server,No
,False,RESOURCE ANESTHESIOLOGY ASSOCIATES OF NM INC,NY,42617.0,2022,Hacking/IT Incident,Network Server,No
,False,RESOURCE ANESTHESIOLOGY ASSOCIATES OF KY PSC,NY,8980.0,2022,Hacking/IT Incident,Network Server,No
,False,RESOURCE ANESTHESIOLOGY ASSOCIATES OF VA LLC,NY,4209.0,2022,Hacking/IT Incident,Network Server,No
,False,RESOURCE ANESTHESIOLOGY ASSOCIATES OF CT PC,NY,5240.0,2022,Hacking/IT Incident,Network Server,No
,False,"SOMNIA, INC.",NY,1892.0,2022,Hacking/IT Incident,Network Server,No
,False,MID-WESTCHESTER ANESTHESIA SERVICES PC,NY,871.0,2022,Hacking/IT Incident,Network Server,No
,False,SADDLEBROOK ANESTHESIA SERVICES PC,NJ,9596.0,2022,Hacking/IT Incident,Network Server,No
240106,True,REGIONS HOSPITAL,MN,31094.0,2022,Hacking/IT Incident,Network Server,No
,False,HENDRY COUNTY HOSPITAL AUTHORITY D/B/A HENDRY REGIONAL MEDICAL CENTER,FL,49514.0,2022,Hacking/IT Incident,Network Server,No
,False,SOMNIA PAIN MANAGEMENT OF KENTUCKY,NY,10848.0,2022,Hacking/IT Incident,Network Server,No
,False,RESOURCE ANESTHESIOLOGY ASSOCIATES OF IN LLC,NY,2317.0,2022,Hacking/IT Incident,Network Server,No
,False,PRIMARY ANESTHESIA SERVICES,NY,30952.0,2022,Hacking/IT Incident,Network Server,No
,False,COASTAL HORIZONS CENTER INC.,NC,679.0,2022,Unauthorized Access/Disclosure,Electronic Medical Record (EMR),No
,False,"FOREST HILL PEDIATRICS, LLC",MD,4850.0,2022,Hacking/IT Incident,Network Server,Yes
,False,UNIVERSITY OF MICHIGAN/MICHIGAN MEDICINE,MI,33857.0,2022,Hacking/IT Incident,Email,No
,False,"STATE OF NEW JERSEY DEPARTMENT OF HUMAN SERVICES, DIVISION OF MEDICAL ASSISTANCE AND HEALTH SERVICES",NJ,3900.0,2022,Unauthorized Access/Disclosure,Email,No
,False,SACRAMENTO COUNTY ADULT CORRECTIONAL HEALTH,CA,5372.0,2022,Unauthorized Access/Disclosure,Network Server,Yes
,False,"NATIONWIDE OPTOMETRY, PC",AZ,73073.0,2022,Hacking/IT Incident,Network Server,Yes
,False,"SIGHTCARE, INC.",AZ,637999.0,2022,Hacking/IT Incident,Network Server,Yes
,False,"ASSURANCE HEALTH SYSTEM, LLC",IN,3565.0,2022,Hacking/IT Incident,Email,No
,False,OAKBEND MEDICAL CENTER / OAKBEND MEDICAL GROUP,TX,500000.0,2022,Hacking/IT Incident,Email,No
,False,"NATIVE AMERICAN REHABILITATION ASSOCIATION OF THE NORTHWEST, INC.",OR,2915.0,2022,Hacking/IT Incident,Email,No
,False,"RESTORATIVE ARTS PHYSICAL THERAPY, INC. D/B/A CORE CONDITIONING",CA,727.0,2022,Hacking/IT Incident,Network Server,No
,False,ST LUKE'S HEALTH - TEXAS,TX,16906.0,2022,Hacking/IT Incident,Email,Yes
,False,"CORRECTCARE INTEGRATED HEALTH, INC.",KY,502089.0,2022,Unauthorized Access/Disclosure,Network Server,Yes
,False,ALTA FOREST PRODUCTS HEALTH AND WELFARE PLAN,WA,2100.0,2022,Hacking/IT Incident,Network Server,No
,False,"HEART OF FLORIDA HEALTH CENTER, INC.",FL,721.0,2022,Unauthorized Access/Disclosure,Network Server,Yes
,False,GATEWAY AMBULATORY SURGERY CENTER,NC,18479.0,2022,Hacking/IT Incident,Email,No
,False,"PRIMECARE MEDICAL, INC.",PA,22254.0,2022,Unauthorized Access/Disclosure,Network Server,Yes
,False,LOUISIANA DEPARTMENT OF PUBLIC SAFETY AND CORRECTIONS,LA,85466.0,2022,Unauthorized Access/Disclosure,Network Server,Yes
,False,THE PSYCHOLOGY CENTER,WI,3614.0,2022,Unauthorized Access/Disclosure,Network Server,No
,False,MOHAVE COUNTY ADULT DETENTION FACILITY,AZ,558.0,2022,Unauthorized Access/Disclosure,Network Server,Yes
,False,NAVAJO COUNTY SHERIFF'S OFFICE,AZ,797.0,2022,Unauthorized Access/Disclosure,Network Server,Yes
,False,"MEDIKO, INC.",VA,2809.0,2022,Unauthorized Access/Disclosure,Network Server,Yes
,False,"ADMINISTRATIVE FUND OF THE DETECTIVES’ ENDOWMENT ASSOCIATION, INC., POLICE DEPARTMENT CITY OF NEW YORK",NY,21544.0,2022,Hacking/IT Incident,Email,No
,False,TIC INTERNATIONAL CORPORATION (“TIC”),IN,1362.0,2022,Hacking/IT Incident,Network Server,Yes
,False,OCEANVIEWS OPTICAL INC,FL,2000.0,2022,Hacking/IT Incident,Network Server,No
,False,"PINNACLE CLAIMS MANAGEMENT, INC.",CA,2048.0,2022,Hacking/IT Incident,Network Server,Yes
,False,"TITAN HEALTH PARTNERS, LLC D/B/A ASTERA CANCER CARE",NJ,3848.0,2022,Hacking/IT Incident,Email,No
,False,"THE STERN CARDIOVASCULAR FOUNDATION, INC.",TN,270645.0,2022,Hacking/IT Incident,Network Server,No
,False,RESOURCE ANESTHESIOLOGY ASSOCIATES OF CA PC,CA,1308.0,2022,Hacking/IT Incident,Network Server,No
,False,RESOURCE ANESTHESIOLOGY ASSOCIATES OF PA PC,NY,1372.0,2022,Hacking/IT Incident,Network Server,No
,False,CORRHEALTH INC.,TX,1245.0,2022,Unauthorized Access/Disclosure,Network Server,Yes
,False,"EASTSIDE PEDIATRICS, PLLC",NY,1721.0,2022,Hacking/IT Incident,Network Server,No
,False,HEARTLAND ALLIANCE,IL,46694.0,2022,Hacking/IT Incident,Network Server,Yes
,False,GATE PETROLEUM COMPANY EMPLOYEE BENEFITS PLAN,FL,4912.0,2022,Hacking/IT Incident,Network Server,No
,False,DOCTORS' CENTER HOSPITAL,Unknown,762364.0,2022,Hacking/IT Incident,Network Server,No
,False,WORK HEALTH SOLUTIONS,CA,13157.0,2022,Hacking/IT Incident,Email,No
,False,MANASSAS SURGERY CENTER ANESTHESIA SERVICES,NY,726.0,2022,Hacking/IT Incident,Network Server,No
,False,YALE UNIVERSITY,CT,9051.0,2022,Hacking/IT Incident,Network Server,No
,False,"STANLEY STREET TREATMENT AND RESOURCES, INC.",MA,45785.0,2022,Hacking/IT Incident,Network Server,No
,False,NEWYORK-PRESBYTERIAN HOSPITAL,NY,12000.0,2022,Hacking/IT Incident,Physical Device (Workstation/Laptop),No
,False,"CONNEXIN SOFTWARE, INC.",PA,2846039.0,2022,Hacking/IT Incident,Network Server,Yes
,False,"DIALPAD, INC.",CA,1392.0,2022,Unauthorized Access/Disclosure,Network Server,Yes
,False,"HEALTH CARE MANAGEMENT SOLUTIONS, LLC",WV,254000.0,2022,Hacking/IT Incident,Network Server,Yes
,False,EPIC MANAGEMENT LLC,TN,10050.0,2022,Hacking/IT Incident,Email,No
,False,YAKIMA NEIGHBORHOOD HEALTH SERVICES,WA,2689.0,2022,Unauthorized Access/Disclosure,Email,No
,False,SOUTH WALTON FIRE DISTRICT,FL,25331.0,2022,Hacking/IT Incident,Network Server,No
,False,"CCA HEALTH PLANS OF CALIFORNIA, INC. F/K/A VITALITY HEALTH PLAN OF CALIFORNIA, INC.",CA,14631.0,2022,Hacking/IT Incident,Network Server,No
,False,DOCS MEDICAL INC,CT,3146.0,2022,Hacking/IT Incident,Network Server,No
,False,ARKANSAS DEPARTMENT OF HUMAN SERVICES,AR,925.0,2022,Unauthorized Access/Disclosure,Email,No
,False,"ROSENFELD VANWIRT, PC",PA,18719.0,2022,Hacking/IT Incident,Network Server,Yes
,False,"KAISER FOUNDATION HEALTH PLAN OF THE MID-ATLANTIC STATES, INC.",CA,8556.0,2022,Unauthorized Access/Disclosure,Electronic Medical Record (EMR),No
,False,"CONSUMER DIRECTED SERVICES IN TEXAS, INC.",TX,56728.0,2022,Hacking/IT Incident,Network Server,Yes
,False,UNIVERSITY MEDICAL CENTER OF SOUTHERN NEVADA,NV,1861.0,2022,Unauthorized Access/Disclosure,Electronic Medical Record (EMR),No
,False,"INNOVATIVE SERVICE TECHNOLOGY MANAGEMENT SERVICES, INC.",GA,2654.0,2022,Hacking/IT Incident,Network Server,No
,False,GATEWAY REHABILITATION CENTER,PA,119000.0,2022,Hacking/IT Incident,Network Server,No
,False,CAREFIRST ADMINISTRATORS,MD,14538.0,2022,Hacking/IT Incident,Email,Yes
,False,"COMMUNITY HEALTH NETWORK, INC. AS AN AFFILIATED COVERED ENTITY",IN,1500000.0,2022,Unauthorized Access/Disclosure,Network Server,No
,False,"NUANCE COMMUNICATIONS, INC.",MA,4830.0,2022,Unauthorized Access/Disclosure,Electronic Medical Record (EMR),Yes
,False,WRIGHT & FILIPPIS LLC,MI,877584.0,2022,Hacking/IT Incident,Network Server,No
100006,True,ORLANDO HEALTH,FL,3662.0,2022,Hacking/IT Incident,Email,No
,False,HOPE HEALTH SYSTEMS INC.,MD,9972.0,2022,Hacking/IT Incident,Electronic Medical Record (EMR),No
041334,True,MENA REGIONAL HEALTH SYSTEM,AR,84814.0,2022,Hacking/IT Incident,Network Server,No
,False,COMPTON & BROOMHEAD DENTAL CENTER,IN,1307.0,2022,Hacking/IT Incident,Email,No
,False,DALLAM HARTLEY COUNTIES HOSPITAL DISTRICT,TX,69835.0,2022,Hacking/IT Incident,Network Server,No
,False,LEGACY HEALTH,OR,8065.0,2022,Unauthorized Access/Disclosure,Other (Cloud/Portable Media),No
,False,KECK MEDICINE OF USC,CA,2200.0,2022,Hacking/IT Incident,Email,No
,False,KLAMATH COUNTY,OR,547.0,2022,Unauthorized Access/Disclosure,Email,No
,False,"DR. DOUGLAS C. SHOENBERGER, PC",PA,8179.0,2022,Hacking/IT Incident,Network Server,Yes
,False,"PETER J. ISAAC, D.O.",PA,6390.0,2022,Hacking/IT Incident,Network Server,Yes
,False,"MARYANNE FREEMAN BRNDJAR, DO, PC",PA,2491.0,2022,Hacking/IT Incident,Network Server,Yes
,False,EASTON CARDIOVASCULAR ASSOCIATES,PA,883.0,2022,Hacking/IT Incident,Network Server,Yes
,False,"ELLEN M. FIELD, M.D.",PA,4438.0,2022,Hacking/IT Incident,Network Server,Yes
,False,PENDURTHI SURGICAL ASSOCIATES,PA,7925.0,2022,Hacking/IT Incident,Network Server,Yes
,False,"NU HOUSE CALLS, PC",PA,552.0,2022,Hacking/IT Incident,Network Server,Yes
,False,"LEHIGH VALLEY WOMEN'S MEDICAL SPECIALTIES, P.C.",PA,4535.0,2022,Hacking/IT Incident,Network Server,Yes
,False,DERMATOLOGY & SKIN CANCER CENTER,PA,5423.0,2022,Hacking/IT Incident,Network Server,Yes
,False,COMMONSPIRIT HEALTH,IL,633031.0,2022,Hacking/IT Incident,Network Server,Yes
,False,NYC HEALTH + HOSPITALS,NY,2174.0,2022,Loss,Other (Cloud/Portable Media),No
,False,POLSINELLI PC,MO,1220.0,2022,Hacking/IT Incident,Email,Yes
,False,"EMPLOYEE GROUP INSURANCE BENEFITS PLAN OF ACUITY BRANDS, INC.",GA,20849.0,2022,Hacking/IT Incident,Network Server,No
,False,EMORY HEALTHCARE,GA,1891.0,2022,Unauthorized Access/Disclosure,Electronic Medical Record (EMR),No
,False,BLAKEHURST,MD,1047.0,2022,Hacking/IT Incident,Email,No
,False,RHODE ISLAND DEPARTMENT OF HEALTH,RI,8800.0,2022,Unauthorized Access/Disclosure,Email,Yes
050054,True,SAN GORGONIO MEMORIAL HOSPITAL,CA,16846.0,2022,Hacking/IT Incident,Network Server,No
,False,KEMET ELECTRONICS CORPORATION,FL,2927.0,2022,Hacking/IT Incident,Network Server,No
,False,"PEDIATRICS WEST, P.C.",MA,62924.0,2022,Hacking/IT Incident,Network Server,No
,False,HANGER PROSTHETICS AND ORTHOTICS,TX,1354.0,2022,Hacking/IT Incident,Email,No
,False,SLEEP CENTER HAWAII,HI,5396.0,2022,Hacking/IT Incident,Email,No
,False,"ROBERT S MILLER, LICSW, ACSW, PLLC",WA,902.0,2022,Hacking/IT Incident,Physical Device (Workstation/Laptop),No
,False,AVEM HEALTH PARTNERS,OK,271303.0,2022,Hacking/IT Incident,Network Server,Yes
,False,OLA EQUIPMENT LLC,HI,39000.0,2022,Theft,Network Server,Yes
,False,THE ELIZABETH HOSPICE,CA,35496.0,2022,Unauthorized Access/Disclosure,Email,No
,False,"AAA COLLECTIONS, INC.",SD,4635.0,2022,Hacking/IT Incident,Network Server,Yes
,False,"FOUNDCARE, INC.",FL,14194.0,2022,Hacking/IT Incident,Email,No
,False,MONARCH,NC,56155.0,2022,Hacking/IT Incident,Network Server,No
,False,HAWAIIAN EYE CENTER,HI,14524.0,2022,Hacking/IT Incident,Network Server,No
,False,METROPOLITAN AREA EMS AUTHORITY DBA MEDSTAR MOBILE HEALTHCARE,TX,612000.0,2022,Hacking/IT Incident,Network Server,No
,False,MITCON,MI,1131.0,2022,Hacking/IT Incident,Network Server,Yes
,False,THREE RIVERS PROVIDER NETWORK,CA,4725.0,2022,Hacking/IT Incident,Email,Yes
,False,BAY CITY HEALTH & REHABILITATION CENTER,TX,2000.0,2022,Hacking/IT Incident,Network Server,No
,False,"SEQUOIA BENEFITS AND INSURANCE SERVICES, LLC, D/B/A SEQUOIA CONSULTING GROUP",CA,4265.0,2022,Hacking/IT Incident,Network Server,Yes
430005,True,PRAIRIE LAKES HEALTHCARE SYSTEM,SD,1164.0,2022,Hacking/IT Incident,Network Server,Yes
,False,LOUIS A. JOHNSON VETERANS' ADMINISTRATION MEDICAL CENTER,WV,736.0,2022,Unauthorized Access/Disclosure,Paper Records,No
,False,UNIVERSITY OF MIAMI,FL,973.0,2022,Unauthorized Access/Disclosure,Email,No
,False,"SOUTHWEST LOUISIANA HEALTH CARE SYSTEM, INC. D/B/A LAKE CHARLES MEMORIAL HEALTH SYSTEM",LA,269752.0,2022,Hacking/IT Incident,Network Server,No
,False,LEGACY OPERATING COMPANY D/B/A LEGACY HOSPICE,AL,21202.0,2022,Hacking/IT Incident,Email,No
,False,"MIDWEST ORTHOPAEDIC CONSULTANTS, S.C.",IL,6818.0,2022,Hacking/IT Incident,Network Server,No
,False,"CEDAR CARES, INC. F/K/A CAREPORTAL",NY,1205.0,2022,Unauthorized Access/Disclosure,Paper Records,Yes
,False,QUALITY BEHAVIORAL HEALTH,WA,3498.0,2022,Hacking/IT Incident,Network Server,No
,False,AETNA ACE,CT,4222.0,2022,Hacking/IT Incident,Email,No
,False,CELLNETIX PATHOLOGY & LABORATORIES,WA,1969.0,2022,Hacking/IT Incident,Email,No
,False,MJ CARE,WI,1832.0,2022,Hacking/IT Incident,Email,Yes
,False,"VERISMA SYSTEMS, INC.",VA,1031.0,2022,Unauthorized Access/Disclosure,Network Server,Yes
,False,"BOSSELMAN ENERGY, INC. HEALTH BENEFITS PLAN",NE,735.0,2022,Hacking/IT Incident,Network Server,No
,False,"L. KNIFE & SON, INC. EMPLOYEE BENEFITS PLAN",MA,4082.0,2022,Hacking/IT Incident,Network Server,No
,False,THE KELBERMAN CENTER,NY,3501.0,2022,Hacking/IT Incident,Email,No
,False,NR FLORIDA ASSOCIATES LLC,FL,6250.0,2022,Hacking/IT Incident,Network Server,No
260142,True,FITZGIBBON HOSPITAL,MO,112072.0,2022,Hacking/IT Incident,Email,No
,False,"BAY BRIDGE ADMINISTRATORS, LLC",TX,187742.0,2022,Hacking/IT Incident,Network Server,Yes
104024,True,"CIRCLES OF CARE, INC.",FL,61170.0,2023,Hacking/IT Incident,Network Server,No
,False,BARCLAY DAMON LLP,NY,1039.0,2023,Hacking/IT Incident,Email,Yes
,False,LIVE OAK SURGERY CENTER,TX,5264.0,2023,Hacking/IT Incident,Email,No
,False,"VASCULAR INSTITUTE OF NORTH TEXAS, PLLC",TX,5853.0,2023,Unauthorized Access/Disclosure,Electronic Medical Record (EMR),Yes
,False,PERSHING HEALTH SYSTEM,MO,5368.0,2023,Hacking/IT Incident,Email,No
,False,"VASCULAR INSTITUTE OF HOUSTON, PLLC",TX,1195.0,2023,Unauthorized Access/Disclosure,Electronic Medical Record (EMR),Yes
,False,TEXAS ORTHOPAEDIC & SPORTS MEDICINE,TX,1064.0,2023,Hacking/IT Incident,Electronic Medical Record (EMR),No
,False,LANTERN HILL RETIREMENT COMMUNITY,NJ,528.0,2023,Unauthorized Access/Disclosure,Network Server,No
,False,INSULET CORPORATION,MA,29000.0,2023,Unauthorized Access/Disclosure,Network Server,No
,False,"BAYCARE CLINIC, LLP",WI,134000.0,2023,Unauthorized Access/Disclosure,Electronic Medical Record (EMR),Yes
,False,MACOBY STREET OPERATIONS LLC D/B/A PENNSBURG MANOR,PA,1547.0,2023,Hacking/IT Incident,Network Server,Yes
,False,225 EVERGREEN ROAD OPERATIONS LLC,PA,931.0,2023,Hacking/IT Incident,Network Server,No
,False,1020 SOUTH MAIN STREET OPERATIONS LLC,PA,702.0,2023,Hacking/IT Incident,Network Server,Yes
,False,"COMMUNITY PSYCHIATRY MANAGEMENT, LLC, DBA MINDPATH HEALTH",NC,193947.0,2023,Hacking/IT Incident,Email,No
,False,MINNESOTA DEPARTMENT OF HUMAN SERVICES,MN,4307.0,2023,Unauthorized Access/Disclosure,Email,No
,False,UCLA HEALTH,CA,94000.0,2023,Unauthorized Access/Disclosure,Network Server,No
,False,RUNDLE EYE ASSOCIATES,CA,7528.0,2023,Hacking/IT Incident,Network Server,No
,False,"DPP II, LLC",TX,125981.0,2023,Hacking/IT Incident,Network Server,No
,False,1ST FRANKLIN FINANCIAL CORPORATION MASTER WELFARE BENEFIT PLAN,GA,3039.0,2023,Hacking/IT Incident,Email,No
,False,"COMMUNITY HEALTH NETWORK, INC.",IN,1237.0,2023,Unauthorized Access/Disclosure,Network Server,Yes
,False,JEFFERSON COUNTY HEALTH CENTER D/B/A JEFFERSON COUNTY HEALTH DEPARTMENT,MO,115940.0,2023,Hacking/IT Incident,Network Server,No
,False,INTELLIGENT BUSINESS SOLUTIONS,NC,11595.0,2023,Hacking/IT Incident,Network Server,Yes
060024,True,UNIVERSITY OF COLORADO HOSPITAL AUTHORITY,CO,49881.0,2023,Hacking/IT Incident,Network Server,Yes
,False,"MSCRIPTS®, LLC",CA,88923.0,2023,Unauthorized Access/Disclosure,Network Server,Yes
,False,HEALTH PLAN OF SAN MATEO,CA,4032.0,2023,Hacking/IT Incident,Network Server,Yes
,False,ONE BROOKLYN HEALTH SYSTEM,NY,211347.0,2023,Hacking/IT Incident,Network Server,No
,False,"CHICO IMMEDIATE CARE MEDICAL CENTER, INC.",CA,3780.0,2023,Unauthorized Access/Disclosure,Electronic Medical Record (EMR),No
,False,DCH HEALTH SYSTEM,AL,2530.0,2023,Unauthorized Access/Disclosure,Electronic Medical Record (EMR),No
,False,CITY OF CLEVELAND HEALTH PLAN,OH,15206.0,2023,Unauthorized Access/Disclosure,Network Server,No
,False,"PEACHTREE IMMEDIATE CARE FP, LLC",GA,2555.0,2023,Unauthorized Access/Disclosure,Paper Records,Yes
,False,"APPLECARE, LLC",GA,512.0,2023,Unauthorized Access/Disclosure,Paper Records,Yes
,False,"VALLEY CARE HOME HEALTH SERVICES, INC.",CA,2674.0,2023,Theft,Other (Cloud/Portable Media),No
,False,DOTHOUSE HEALTH INCORPORATED,MA,10000.0,2023,Hacking/IT Incident,Network Server,No
,False,"BENEFIT ADMINISTRATIVE SYSTEMS, LLC (BAS)",IL,6465.0,2023,Hacking/IT Incident,Network Server,Yes
,False,CEDAR OAKS SURGERY CENTER,MO,794.0,2023,Hacking/IT Incident,Email,No
,False,"BENEFIT MANAGEMENT, LLC",KS,29119.0,2023,Hacking/IT Incident,Email,Yes
,False,MINUTEMAN SENIOR SERVICES,MA,3381.0,2023,Hacking/IT Incident,Email,No
,False,HAYWARD SISTERS HOSPITAL D/B/A ST. ROSE HOSPITAL,CA,115241.0,2023,Hacking/IT Incident,Network Server,No
041311,True,HOWARD MEMORIAL HOSPITAL,AR,53668.0,2023,Hacking/IT Incident,Network Server,No
,False,STROKE SCAN INC,TX,50000.0,2023,Hacking/IT Incident,Physical Device (Workstation/Laptop),No
,False,BROOKS REHABILITATION,FL,1554.0,2023,Unauthorized Access/Disclosure,Network Server,No
,False,INSTITUTE FOR HORMONAL BALANCE,TX,597.0,2023,Theft,Paper Records,No
,False,"REGAL MEDICAL GROUP,LAKESIDE MEDICAL ORGANIZATION, ADOC ACQUISITION, & GREATER COVINA MEDICAL GROUP",CA,3388856.0,2023,Hacking/IT Incident,Network Server,No
,False,ARIZONA HEALTH ADVANTAGE DBA ARIZONA PRIORITY CARE AND AZPC CLINICS,AZ,10978.0,2023,Hacking/IT Incident,Network Server,No
,False,THE INSTITUTE FOR LIVER HEALTH DBA ARIZONA LIVER HEALTH-ARIZONA CLINICAL TRIALS,AZ,1277.0,2023,Hacking/IT Incident,Network Server,No
,False,"UT SPECIALTY DENTAL SERVICES, PLLC D/B/A ASPIRE SURGICAL",UT,5327.0,2023,Hacking/IT Incident,Network Server,No
,False,HOSPICE OF THE VALLEY,AZ,3840.0,2023,Hacking/IT Incident,Email,No
061311,True,SOUTHEAST COLORADO HOSPITAL DISTRICT,CO,1435.0,2023,Hacking/IT Incident,Email,No
,False,CARDIOVASCULAR ASSOCIATES,AL,433348.0,2023,Hacking/IT Incident,Network Server,No
,False,"RISE INTERACTIVE MEDIA & ANALYTICS, LLC",IL,54509.0,2023,Hacking/IT Incident,Network Server,Yes
,False,"CENTER FOR AUTISM AND RELATED DISORDERS, LLC",TX,634.0,2023,Unauthorized Access/Disclosure,Paper Records,No
,False,TEIJIN AUTOMOTIVE TECHNOLOGIES WELFARE PLAN,MI,25464.0,2023,Hacking/IT Incident,Network Server,No
,False,"VITRA HEALTH, INC.",MA,1618.0,2023,Hacking/IT Incident,Email,No
,False,"SKIN MD, PLLC",TN,7558.0,2023,Improper Disposal,Paper Records,No
,False,"FRANK R. LAURRI, M.D. AND ASSOCIATES, P.C.",NY,2673.0,2023,Unauthorized Access/Disclosure,Electronic Medical Record (EMR),No
,False,"NR CONNECTICUT, LLC",CT,3045.0,2023,Hacking/IT Incident,Network Server,No
,False,"NR PENNSYLVANIA ASSOCIATES, LLC",PA,14335.0,2023,Hacking/IT Incident,Network Server,No
,False,"90 DEGREE BENEFITS, INC.",WI,185459.0,2023,Hacking/IT Incident,Network Server,Yes
,False,HEALTH BENEFIT PLAN OF BRIDGEWATER-RARITAN REGIONAL SCHOOL DISTRICT,NJ,3909.0,2023,Hacking/IT Incident,Network Server,No
,False,"TATTNALL COUNTY, GEORGIA",GA,1337.0,2023,Hacking/IT Incident,Network Server,No
,False,"CHEYENNE RADIOLOGY GROUP & MRI, P.C.",WY,12222.0,2023,Hacking/IT Incident,Network Server,No
,False,"REVENTICS, LLC",FL,4212823.0,2023,Hacking/IT Incident,Network Server,Yes
,False,INTELLIGENT BUSINESS SOLUTIONS,NC,11595.0,2023,Hacking/IT Incident,Network Server,Yes
,False,"CENTRASTATE HEALTHCARE SYSTEM, INC.",NJ,617901.0,2023,Hacking/IT Incident,Network Server,No
,False,COMPASS BEHAVIORAL HEALTH,KS,537.0,2023,Hacking/IT Incident,Email,No
,False,CVS SPECIALTY,RI,740.0,2023,Hacking/IT Incident,Network Server,No
,False,EVERGREEN TREATMENT SERVICES,WA,21325.0,2023,Hacking/IT Incident,Network Server,No
,False,"HIGHMARK, INC.",PA,239039.0,2023,Hacking/IT Incident,Email,No
,False,WENTWORTH HEALTH PARTNERS GARRISON WOMEN'S HEALTH,NH,4158.0,2023,Hacking/IT Incident,Electronic Medical Record (EMR),Yes
,False,NELSON PHARMACY CONSULTING SERVICES PLC,IA,13752.0,2023,Hacking/IT Incident,Network Server,No
,False,HIGHMARK INC,PA,36600.0,2023,Hacking/IT Incident,Email,Yes
,False,INTEGRATIVE DENTISTRY,WA,2454.0,2023,Hacking/IT Incident,Network Server,No
320005,True,SAN JUAN REGIONAL MEDICAL CENTER,NM,8500.0,2023,Hacking/IT Incident,Network Server,Yes
,False,"HUTCHINSON CLINIC, P.A.",KS,215632.0,2023,Hacking/IT Incident,Network Server,No
,False,SHARP HEALTHCARE,CA,62777.0,2023,Hacking/IT Incident,Network Server,No
,False,JACKSON LEWIS P.C.,CA,986.0,2023,Theft,Other (Cloud/Portable Media),Yes
,False,TROY ROEDER DDS PC,IL,1127.0,2023,Unauthorized Access/Disclosure,Physical Device (Workstation/Laptop),No
,False,WEST CECIL HEALTH CENTER,MD,1136.0,2023,Unauthorized Access/Disclosure,Network Server,Yes
490118,True,HENRICO DOCTORS HOSPITAL,VA,990.0,2023,Unauthorized Access/Disclosure,Email,No
140210,True,HARRISBURG MEDICAL CENTER,IL,147826.0,2023,Hacking/IT Incident,Network Server,No
220010,True,LAWRENCE GENERAL HOSPITAL,MA,76571.0,2023,Hacking/IT Incident,Network Server,Yes
,False,WHITE BIRD CLINIC,OR,584.0,2023,Unauthorized Access/Disclosure,Email,No
,False,"EMDS, INC.",TX,625.0,2023,Hacking/IT Incident,Network Server,Yes
,False,ALOHA NURSING REHAB CENTRE,HI,20216.0,2023,Hacking/IT Incident,Network Server,No
380005,True,ASANTE ASHLAND COMMUNITY HOSPITAL,OR,8834.0,2023,Unauthorized Access/Disclosure,Electronic Medical Record (EMR),No
,False,SENTARA HEALTHCARE,VA,741.0,2023,Unauthorized Access/Disclosure,Network Server,Yes
,False,MHMR AUTHORITY OF BRAZOS VALLEY,TX,78984.0,2023,Hacking/IT Incident,Network Server,No
,False,CLARITY CHILD GUIDANCE CENTER,TX,531.0,2023,Unauthorized Access/Disclosure,Email,No
,False,VALERA HEALTH,NY,2317.0,2023,Unauthorized Access/Disclosure,Email,No
,False,COMMUNITY HEALTH GROUP,CA,824.0,2023,Hacking/IT Incident,Network Server,Yes
,False,"CEREBRAL, INC",DE,3179835.0,2023,Unauthorized Access/Disclosure,Network Server,Yes
,False,CODMAN SQUARE HEALTH CENTER,MA,10161.0,2023,Hacking/IT Incident,Network Server,No
,False,TEXAS MEDICAL LIABILITY TRUST,TX,2069.0,2023,Hacking/IT Incident,Network Server,Yes
,False,DENVER PUBLIC SCHOOLS MEDICAL PLANS,CO,35068.0,2023,Hacking/IT Incident,Network Server,No
,False,WEST VIRGINIA UNIVERSITY BOARD OF GOVERNORS,WV,2453.0,2023,Unauthorized Access/Disclosure,Network Server,No
,False,"NORTHEAST SURGICAL GROUP, PC",MI,15298.0,2023,Hacking/IT Incident,Network Server,No
,False,THE CHAUTAUQUA CENTER INC.,NY,745.0,2023,Unauthorized Access/Disclosure,Electronic Medical Record (EMR),Yes
,False,TRINITY HEALTH,MI,46526.0,2023,Hacking/IT Incident,Email,Yes
,False,"SUNDAYSKY, INC.",NY,37095.0,2023,Hacking/IT Incident,Network Server,Yes
,False,"WICHITA UROLOGY GROUP, PA",KS,1493.0,2023,Hacking/IT Incident,Network Server,No
,False,"EPIC MANAGEMENT, LLC",CA,1190.0,2023,Hacking/IT Incident,Email,No
,False,THE M K MORSE COMPANY HEALTH PLAN,OH,2730.0,2023,Hacking/IT Incident,Network Server,No
,False,COMMUNITY HEALTH CENTERS OF GREATER DAYTON,OH,516.0,2023,Unauthorized Access/Disclosure,Email,No
,False,BEACON HEALTH SYSTEM,IN,3304.0,2023,Unauthorized Access/Disclosure,Electronic Medical Record (EMR),No
,False,"ARIZONA DEPARTMENT OF ECONOMIC SECURITY, DIVISION OF DEVELOPMENTAL DISABILITIES",AZ,857.0,2023,Unauthorized Access/Disclosure,Paper Records,No
,False,"COLQUITT COMPLETE CARE, LLC",GA,1282.0,2023,Hacking/IT Incident,Network Server,Yes
,False,"FLORIDA MEDICAL CLINIC, LLC",FL,94132.0,2023,Hacking/IT Incident,Network Server,No
,False,ZOLL SERVICES LLC,MA,997097.0,2023,Hacking/IT Incident,Network Server,No
,False,"RYU PHYSICAL THERAPY, P.C.",CA,500.0,2023,Unauthorized Access/Disclosure,Electronic Medical Record (EMR),Yes
,False,"BONE & JOINT CLINIC, S.C.",WI,105094.0,2023,Hacking/IT Incident,Network Server,No
,False,BEACH DISTRICT SURGERY CENTER,CA,3560.0,2023,Hacking/IT Incident,Email,Yes
,False,CALIFORNIA DEPARTMENT OF HEALTH CARE SERVICES,CA,6460.0,2023,Unauthorized Access/Disclosure,Paper Records,Yes
,False,TOP OF THE WORLD RANCH TREATMENT CENTER,IL,1980.0,2023,Hacking/IT Incident,Email,No
,False,NORTHSTAR EMERGENCY MEDICAL SERVICES,AL,82450.0,2023,Hacking/IT Incident,Network Server,No
,False,MERRITT HEALTHCARE ADVISORS,CT,88740.0,2023,Hacking/IT Incident,Email,Yes
,False,HEALTHY OPTIONS DBA POSTAL PRESCRIPTION SERVICES – KROGER,OH,82466.0,2023,Unauthorized Access/Disclosure,Network Server,No
,False,"ALLCARE PLUS PHARMACY, INC.",MA,757.0,2023,Hacking/IT Incident,Email,No
,False,UC SAN DIEGO HEALTH,CA,22971.0,2023,Unauthorized Access/Disclosure,Network Server,Yes
,False,"COMMUNITY HEALTH SYSTEMS PROFESSIONAL SERVICES CORPORATIONS (CHSPSC), LLC",TN,962884.0,2023,Hacking/IT Incident,Network Server,Yes
,False,ASSOCIATES IN DERMATOLOGY,KY,12060.0,2023,Hacking/IT Incident,Network Server,Yes
,False,HEALTH PLAN OF SAN MATEO,CA,11894.0,2023,Hacking/IT Incident,Email,No
,False,"OU MEDICINE, INC. D/B/A OU HEALTH",OK,3013.0,2023,Theft,Physical Device (Workstation/Laptop),No
,False,MAJESTIC CARE MIDDLETOWN ASSISTED LIVING LLC,IN,2636.0,2023,Hacking/IT Incident,Network Server,No
,False,"MCALLEN HOSPITALS, LP D/B/A SOUTH TEXAS HEALTH SYSTEM",TX,134634.0,2023,Hacking/IT Incident,Email,No
,False,NEWYORK-PRESBYTERIAN HOSPITAL,NY,54396.0,2023,Unauthorized Access/Disclosure,Network Server,No
,False,"INTEGRATED SUPPORTS FOR LIVING, INC.",OR,1161.0,2023,Hacking/IT Incident,Network Server,No
,False,"YARDLEY DERMATOLOGY ASSOCIATES, PC",PA,523.0,2023,Unauthorized Access/Disclosure,Email,No
,False,ATLANTIC DIALYSIS MANAGEMENT SERVICES,NY,3851.0,2023,Hacking/IT Incident,Network Server,Yes
,False,ATLANTIC DIALYSIS MANAGEMENT SERVICES - BROADWAY DIALYSIS CENTER,NY,776.0,2023,Hacking/IT Incident,Network Server,Yes
,False,NEW MEDICAL HEALTHCARE,KS,1557.0,2023,Unauthorized Access/Disclosure,Email,No
,False,ATLANTIC DIALYSIS MANAGEMENT SERVICES - WEST NASSAU DIALYSIS CENTER INC.,NY,795.0,2023,Hacking/IT Incident,Network Server,Yes
,False,ATLANTIC DIALYSIS MANAGEMENT SERVICES - SPRINGFIELD DIALYSIS CENTER,NY,922.0,2023,Hacking/IT Incident,Network Server,Yes
,False,ATLANTIC DIALYSIS MANAGEMENT SERVICES - RIDGEWOOD DIALYSIS CENTER INC.,NY,2204.0,2023,Hacking/IT Incident,Network Server,Yes
,False,ATLANTIC DIALYSIS MANAGEMENT SERVICES -  PROSPECT PARK DIALYSIS CENTER,NY,563.0,2023,Hacking/IT Incident,Network Server,Yes
,False,US WELLNESS INC.,MD,15818.0,2023,Hacking/IT Incident,Network Server,Yes
,False,ATLANTIC DIALYSIS MANAGEMENT SERVICES - NEW YORK RENAL ASSOCIATES,NY,1126.0,2023,Hacking/IT Incident,Network Server,Yes
,False,ATLANTIC DIALYSIS MANAGEMENT SERVICES - NEWTOWN DIALYSIS CENTER INC.,NY,970.0,2023,Hacking/IT Incident,Network Server,Yes
,False,ATLANTIC DIALYSIS MANAGEMENT SERVICES - CENTRAL BROOKLYN DIALYSIS CENTER LLC,NY,1052.0,2023,Hacking/IT Incident,Network Server,Yes
,False,ATLANTIC DIALYSIS MANAGEMENT SERVICES - CENTRAL PARK DIALYSIS CENTER,NY,1345.0,2023,Hacking/IT Incident,Network Server,Yes
,False,ATLANTIC DIALYSIS MANAGEMENT SERVICES - MATTOO AND BHAT MEDICAL ASSOCIATES,NY,3851.0,2023,Hacking/IT Incident,Network Server,Yes
,False,ATLANTIC DIALYSIS MANAGEMENT SERVICES - EAST END DIALYSIS CENTER LLC,NY,745.0,2023,Hacking/IT Incident,Network Server,Yes
,False,ATLANTIC DIALYSIS MANAGEMENT SERVICES - NEW HYDE PARK DIALYSIS CENTER LLC,NY,1119.0,2023,Hacking/IT Incident,Network Server,Yes
,False,ATLANTIC DIALYSIS MANAGEMENT SERVICES - MORRISANIA DIALYSIS CENTER,NY,653.0,2023,Hacking/IT Incident,Network Server,Yes
,False,FRIDERES DENTAL LLC,OR,1596.0,2023,Hacking/IT Incident,Email,No
210061,True,ATLANTIC GENERAL HOSPITAL,MD,132817.0,2023,Hacking/IT Incident,Network Server,No
,False,ADAMS COUNTY CHILDREN AND YOUTH SERVICES,PA,722.0,2023,Hacking/IT Incident,Email,No
,False,NEWBRIDGE SERVICES,NJ,1457.0,2023,Hacking/IT Incident,Network Server,No
,False,"AMERICAN PAIN AND WELLNESS, PLLC",TX,7457.0,2023,Hacking/IT Incident,Network Server,No
,False,"NONSTOP ADMINISTRATION AND INSURANCE SERVICES, INC.",PA,10504.0,2023,Hacking/IT Incident,Network Server,Yes
,False,"PROSMILE HOLDINGS, LLC",NJ,39674.0,2023,Hacking/IT Incident,Email,Yes
,False,"UHS OF DELAWARE, INC.",PA,40290.0,2023,Hacking/IT Incident,Email,Yes
104067,True,ASPIRE HEALTH PARTNERS,FL,1005.0,2023,Improper Disposal,Paper Records,No
,False,"WELLBE SENIOR MEDICAL, LLC",IL,19567.0,2023,Hacking/IT Incident,Network Server,No
,False,SANTA CLARA FAMILY HEALTH PLAN,CA,276993.0,2023,Hacking/IT Incident,Network Server,Yes
,False,"MONUMENT, INC.",NY,108584.0,2023,Unauthorized Access/Disclosure,Network Server,Yes
100135,True,"TALLAHASSEE MEMORIAL HEALTHCARE, INC.",FL,20376.0,2023,Hacking/IT Incident,Network Server,No
351313,True,SOUTHWEST HEALTHCARE SERVICES,ND,15996.0,2023,Hacking/IT Incident,Network Server,No
,False,CHIPPEWA COUNTY,WI,842.0,2023,Hacking/IT Incident,Network Server,No
,False,BANIS PLASTIC SURGERY,KY,4498.0,2023,Unauthorized Access/Disclosure,Email,No
,False,CALIFORNIA PHYSICIANS' SERVICES D/B/A BLUE SHIELD OF CALIFORNIA,CA,61788.0,2023,Hacking/IT Incident,Network Server,Yes
,False,"WELLBE SENIOR MEDICAL, LLC",IL,42020.0,2023,Hacking/IT Incident,Network Server,Yes
,False,NORTHEAST BEHAVIORAL HEALTH CARE CONSORTIUM,PA,13240.0,2023,Hacking/IT Incident,Email,No
,False,CALIFORNIA PHYSICIANS’ SERVICES DBA BLUE SHIELD OF CALIFORNIA,CA,1553.0,2023,Hacking/IT Incident,Network Server,Yes
,False,"ST. LUKE'S HEALTH SYSTEM, LTD.",ID,15246.0,2023,Unauthorized Access/Disclosure,Paper Records,No
,False,"BRIGHTLINE, INC.",CA,7672.0,2023,Hacking/IT Incident,Network Server,Yes
,False,CENTERS FOR MEDICARE & MEDICAID SERVICES,MD,10011.0,2023,Unauthorized Access/Disclosure,Paper Records,Yes
,False,"LA CLÍNICA DE LA RAZA, INC.",CA,125794.0,2023,Hacking/IT Incident,Email,No
,False,GRETNA FAMILY HEALTH,NE,845.0,2023,Hacking/IT Incident,Network Server,No
,False,IOWA DEPARTMENT OF HEALTH AND HUMAN SERVICES - IOWA MEDICAID ENTERPRISE,IA,20815.0,2023,Hacking/IT Incident,Network Server,Yes
,False,"ST. VINCENT’S AMBULATORY CARE, INC.",FL,768.0,2023,Unauthorized Access/Disclosure,Electronic Medical Record (EMR),No
,False,YUKON KUSKOKWIM HEALTH CORPORATION,AK,51787.0,2023,Hacking/IT Incident,Network Server,No
,False,"RETINA & VITREOUS OF TEXAS, PLLC",TX,35766.0,2023,Hacking/IT Incident,Network Server,No
,False,"PATHWAY HEALTHCARE, LLC",AL,1304.0,2023,Unauthorized Access/Disclosure,Email,No
,False,MULTNOMAH COUNTY HEALTH DEPARTMENT,OR,2719.0,2023,Theft,Paper Records,No
,False,CUMMINS BEHAVIORAL HEALTH SYSTEMS,IN,154285.0,2023,Hacking/IT Incident,Network Server,No
,False,"NATIONSBENEFITS HOLDINGS, LLC",FL,3099502.0,2023,Hacking/IT Incident,Network Server,Yes
,False,"BRIGHTLINE, INC.",CA,49968.0,2023,Hacking/IT Incident,Network Server,Yes
,False,JOHN MUIR HEALTH - WALNUT CREEK MEDICAL CENTER,CA,821.0,2023,Unauthorized Access/Disclosure,Network Server,No
,False,"ETHAN HEALTH, LLC",KY,4047.0,2023,Hacking/IT Incident,Email,No
361309,True,HENRY COUNTY HOSPITAL,OH,3689.0,2023,Hacking/IT Incident,Network Server,Yes
,False,PRESENCE HEALTHCARE SERVICES DBA PRESENCE MEDICAL GROUP,IL,921.0,2023,Unauthorized Access/Disclosure,Paper Records,No
,False,TWO RIVERS PUBLIC HEALTH DEPARTMENT,NE,15168.0,2023,Hacking/IT Incident,Email,No
,False,UNITED STEELWORKERS LOCAL 286,PA,37965.0,2023,Hacking/IT Incident,Email,No
,False,DALLAS COUNTY,TX,501.0,2023,Improper Disposal,Physical Device (Workstation/Laptop),No
,False,MINIMED DISTRIBUTION CORP.,CA,58374.0,2023,Unauthorized Access/Disclosure,Network Server,No
,False,INTEGRATED MEDICAL SERVICES,AZ,6591.0,2023,Unauthorized Access/Disclosure,Paper Records,No
,False,MORGAN STANLEY,NY,535.0,2023,Unauthorized Access/Disclosure,Paper Records,No
,False,GRACEWORKS LUTHERAN SERVICES,OH,6737.0,2023,Hacking/IT Incident,Network Server,No
,False,MODERN CARDIOLOGY ASSOCIATES,Unknown,10000.0,2023,Hacking/IT Incident,Network Server,No
,False,UPPER PENINSULA HEALTH PLAN,MI,833.0,2023,Hacking/IT Incident,Network Server,Yes
,False,"BRIGHTLINE, INC.",CA,180694.0,2023,Hacking/IT Incident,Network Server,Yes
,False,ROBESON HEALTH CARE CORPORATION,NC,62627.0,2023,Hacking/IT Incident,Network Server,No
,False,"UPSTREAM ROLLCO, LLC",AL,748678.0,2023,Hacking/IT Incident,Email,No
,False,MARS AREA SCHOOL DISTRICT,PA,1270.0,2023,Hacking/IT Incident,Network Server,No
,False,LAKE COUNTY HEALTH DEPARTMENT AND COMMUNITY HEALTH CENTER,IL,23376.0,2023,Hacking/IT Incident,Email,No
,False,"COUNSOL, LLC",FL,4277.0,2023,Unauthorized Access/Disclosure,Network Server,Yes
,False,"UNIVERSITY OF CALIFORNIA, SAN FRANCISCO",CA,676.0,2023,Hacking/IT Incident,Email,No
,False,DELPHI DRUG & ALCOHOL COUNCIL,NY,6288.0,2023,Hacking/IT Incident,Email,No
,False,"UNLIMITED CARE, INC.",NY,8453.0,2023,Hacking/IT Incident,Network Server,No
,False,LINK AUDIOLOGY LLC,WA,2608.0,2023,Hacking/IT Incident,Email,No
,False,"HEALTHPLAN SERVICES, INC.",FL,9650.0,2023,Hacking/IT Incident,Network Server,Yes
,False,ALLINA HEALTH,MN,1042.0,2023,Unauthorized Access/Disclosure,Network Server,No
,False,"GROHLER HEARING AID CENTER, INC DBA BELTONE HEARING AID CENTERS",VA,5272.0,2023,Hacking/IT Incident,Email,No
,False,"BRIGHTSIDE HEALTH, INC.",CA,767.0,2023,Unauthorized Access/Disclosure,Electronic Medical Record (EMR),No
,False,REDISCOVER MENTAL HEALTH,MO,877.0,2023,Unauthorized Access/Disclosure,Email,No
,False,SUMMIT EYE & OPTICAL,NJ,5727.0,2023,Hacking/IT Incident,Network Server,No
,False,UNIVERSITY UROLOGY,NY,56816.0,2023,Hacking/IT Incident,Network Server,No
,False,SAINT LOUIS UNIVERSITY,MO,48392.0,2023,Hacking/IT Incident,Email,No
,False,HERBERT J. THOMAS MEMORIAL HOSPITAL ASSOCIATION DBA THOMAS MEMORIAL HOSPITAL,WV,2492.0,2023,Hacking/IT Incident,Network Server,Yes
,False,OYATE HEALTH CENTER,SD,575.0,2023,Improper Disposal,Paper Records,No
,False,NORTHWEST HEALTH – LA PORTE,IN,10256.0,2023,Unauthorized Access/Disclosure,Paper Records,No
,False,METHODIST FAMILY HEALTH,AR,5259.0,2023,Hacking/IT Incident,Network Server,No
,False,NEW MEXICO DEPARTMENT OF HEALTH,NM,49000.0,2023,Unauthorized Access/Disclosure,Network Server,No
,False,"UNITED HEALTHCARE SERVICES, INC. SINGLE AFFILIATED COVERED ENTITY",CT,1971.0,2023,Unauthorized Access/Disclosure,Network Server,No
,False,PEOPLE INCORPORATED OF SEQUOYAH COUNTY,OK,8725.0,2023,Hacking/IT Incident,Network Server,No
,False,"OUR SUNDAY VISITOR, INC.",IN,1508.0,2023,Hacking/IT Incident,Network Server,No
,False,"ASAS HEALTH, LLC",TX,25527.0,2023,Hacking/IT Incident,Network Server,No
,False,SMILE DOCTORS OF ARIZONA DBA GRINZ ORTHODONTICS,AZ,1034.0,2023,Theft,Physical Device (Workstation/Laptop),No
,False,"BRIGHTLINE, INC.",CA,28975.0,2023,Hacking/IT Incident,Network Server,Yes
,False,UINTAH BASIN HEALTHCARE,UT,103974.0,2023,Hacking/IT Incident,Network Server,No
,False,"IMA FINANCIAL GROUP, INC.",KS,5242.0,2023,Hacking/IT Incident,Network Server,Yes
,False,CATHOLIC HEALTH SYSTEM,NY,12759.0,2023,Unauthorized Access/Disclosure,Electronic Medical Record (EMR),Yes
,False,PHARMERICA CORPORATION,KY,5815591.0,2023,Hacking/IT Incident,Network Server,No
,False,GREAT EXPRESSIONS DENTAL CENTERS,MI,1925397.0,2023,Hacking/IT Incident,Network Server,No
,False,"SESAME, INC.",NY,1809.0,2023,Unauthorized Access/Disclosure,Network Server,Yes
,False,"ILLINOIS DEPARTMENT OF HEALTHCARE AND FAMILY SERVICES, ILLINOIS DEPARTMENT OF HUMAN SERVICES",IL,50839.0,2023,Hacking/IT Incident,Network Server,No
,False,"UNITED HEALTHCARE SERVICES, INC. SINGLE AFFILIATED COVERED ENTITY",CT,1116.0,2023,Unauthorized Access/Disclosure,Email,No
,False,SOLUTRAN,MN,17728.0,2023,Hacking/IT Incident,Network Server,Yes
,False,HEALTH BENEFIT PLAN OF THE ANCHORAGE SCHOOL DISTRICT,AK,4598.0,2023,Theft,Physical Device (Workstation/Laptop),No
,False,R&B CORPORATION OF VIRGINIA D/B/A CREDIT CONTROL CORPORATION,VA,607787.0,2023,Hacking/IT Incident,Network Server,Yes
,False,LEHIGH VALLEY HEALTH NETWORK (BLACKCAT),PA,248359.0,2023,Hacking/IT Incident,Network Server,No
,False,FERTILITY SPECIALISTS MEDICAL GROUP,CA,9197.0,2023,Hacking/IT Incident,Network Server,No
,False,"STATE OF NEW JERSEY DEPARTMENT OF HUMAN SERVICES, DIVISION OF MEDICAL ASSISTANCE AND HEALTH SERVICES",NJ,552.0,2023,Unauthorized Access/Disclosure,Network Server,No
,False,"ESSEN MEDICAL ASSOCIATES, P.C.",NY,904672.0,2023,Hacking/IT Incident,Network Server,No
,False,BUCKEYE HEALTH PLAN,OH,686.0,2023,Unauthorized Access/Disclosure,Email,No
260141,True,UNIVERSITY OF MISSOURI HEALTH CARE,MO,736.0,2023,Unauthorized Access/Disclosure,Electronic Medical Record (EMR),No
161348,True,CLARKE COUNTY HOSPITAL,IA,28003.0,2023,Hacking/IT Incident,Network Server,No
,False,"MARSHALL INFORMATION SERVICES, LLC DBA PRIMARY SOLUTIONS",OH,7456.0,2023,Hacking/IT Incident,Network Server,Yes
,False,"HIAWATHA HARRIS MD, INC. DBA PATHWAYS TO WELLNESS MEDICATION CLINICS",CA,9182.0,2023,Hacking/IT Incident,Network Server,No
,False,TENNESSEE ORTHOPAEDIC CLINICS,TN,46679.0,2023,Hacking/IT Incident,Network Server,No
,False,"PARTSSOURCE, INC. WELFARE BENEFIT PLAN",OH,1474.0,2023,Hacking/IT Incident,Network Server,No
,False,PILLPACK LLC,NH,19032.0,2023,Hacking/IT Incident,Network Server,No
,False,"TOPCON HEALTHCARE SOLUTIONS, INC.",NJ,3336.0,2023,Hacking/IT Incident,Network Server,Yes
,False,COUNTY OF SACRAMENTO,CA,5525.0,2023,Hacking/IT Incident,Email,No
521322,True,GRANT REGIONAL HEALTH CENTER,WI,4135.0,2023,Hacking/IT Incident,Email,No
,False,"VASCULAR CENTER OF INTERVENTION, INC.",CA,3833.0,2023,Hacking/IT Incident,Network Server,No
,False,HARVARD PILGRIM HEALTH CARE,MA,2662337.0,2023,Hacking/IT Incident,Network Server,No
,False,"GOODWILL INDUSTRIES OF GREATER NEW YORK AND NORTHERN NJ, INC.",NY,10172.0,2023,Hacking/IT Incident,Email,No
,False,"THE CSC GENERATION HOLDINGS, INC. HEALTH AND WELFARE PLAN",WA,2219.0,2023,Hacking/IT Incident,Network Server,No
,False,"UI COMMUNITY HOME CARE, A SUBSIDIARY OF UNIVERSITY OF IOWA HEALTH SYSTEM",IA,67897.0,2023,Hacking/IT Incident,Network Server,No
,False,CULBERTSON MEMORIAL HOSPITAL,IL,69765.0,2023,Hacking/IT Incident,Network Server,No
,False,"MEDINFORM, INC.",OH,14453.0,2023,Hacking/IT Incident,Network Server,Yes
,False,ASIAN HEALTH SERVICES,CA,6270.0,2023,Hacking/IT Incident,Email,No
,False,ALASKA RAILROAD CORPORATION WELFARE BENEFITS PLAN,AK,3549.0,2023,Hacking/IT Incident,Network Server,No
,False,"ALBANY ENT & ALLERGY SERVICES, PC.",NY,224486.0,2023,Hacking/IT Incident,Network Server,No
,False,"BRIGHTLINE, INC.",CA,8432.0,2023,Hacking/IT Incident,Network Server,Yes
,False,"ALVARIA, INC.",MA,983.0,2023,Hacking/IT Incident,Network Server,Yes
,False,"PIONEER VALLEY OPHTHALMIC CONSULTANTS, PC",MA,36275.0,2023,Hacking/IT Incident,Network Server,Yes
,False,ONIX GROUP,PA,387830.0,2023,Hacking/IT Incident,Network Server,Yes
,False,NORTH SHORE MEDICAL LABS,NY,500.0,2023,Hacking/IT Incident,Network Server,No
,False,VALLEY ORTHOPAEDIC SPECIALISTS,CT,5062.0,2023,Hacking/IT Incident,Network Server,No
,False,"SOUTH JERSEY BEHAVIORAL HEALTH RESOURCES, INC.",NJ,2193.0,2023,Hacking/IT Incident,Email,No
,False,IOWA DEPARTMENT OF HEALTH AND HUMAN SERVICES,IA,833.0,2023,Unauthorized Access/Disclosure,Paper Records,Yes
,False,LANCASTER ORTHOPEDIC GROUP,PA,1784.0,2023,Hacking/IT Incident,Network Server,No
,False,SPARTA COMMUNITY HOSPITAL DISTRICT,IL,909.0,2023,Hacking/IT Incident,Email,No
,False,MANAGED CARE OF NORTH AMERICA,GA,8627242.0,2023,Hacking/IT Incident,Network Server,Yes
,False,IOWA DEPARTMENT OF HEALTH AND HUMAN SERVICES - IOWA MEDICAID,IA,233834.0,2023,Hacking/IT Incident,Network Server,Yes
,False,BUILDERS FIRSTSOURCE FLEX PLAN,TX,3763.0,2023,Hacking/IT Incident,Network Server,No
,False,"ISPACE, INC.",CA,24382.0,2023,Hacking/IT Incident,Network Server,Yes
,False,PAIN RELIEF CENTERS PA,NC,7000.0,2023,Unauthorized Access/Disclosure,Electronic Medical Record (EMR),No
330194,True,MAIMONIDES MEDICAL CENTER,NY,33000.0,2023,Hacking/IT Incident,Network Server,No
,False,UNIFIED OPERATIONS VIRGINIA LP,FL,91851.0,2023,Hacking/IT Incident,Network Server,Yes
,False,"MISSISSIPPI CHILDREN’S HOME SOCIETY, CARES CENTER, INC., MISSISSIPPI CHILDREN’S HOME SERVICES, INC., D.B.A. CANOPY CHILDREN’S SOLUTIONS",MS,19791.0,2023,Hacking/IT Incident,Network Server,No
,False,"CARENET MEDICAL GROUP, PC",NY,10059.0,2023,Hacking/IT Incident,Network Server,No
,False,CLASSIC RESIDENCE MANAGEMENT DBA VI SENIOR LIVING,IL,12405.0,2023,Hacking/IT Incident,Network Server,No
,False,ELGON INFORMATION SYSTEMS,MA,31248.0,2023,Hacking/IT Incident,Network Server,Yes
420036,True,MUSC HEALTH LANCASTER MEDICAL CENTER,SC,1802.0,2023,Unauthorized Access/Disclosure,Electronic Medical Record (EMR),No
,False,"T. ROWE PRICE GROUP, INC.",MD,684.0,2023,Hacking/IT Incident,Network Server,Yes
,False,PETALUMA HEALTH CENTER,CA,124862.0,2023,Hacking/IT Incident,Network Server,No
,False,"MERCY MEDICAL CENTER - CLINTON, INC.",IA,20865.0,2023,Hacking/IT Incident,Network Server,No
,False,EPISOURCE,MN,23557.0,2023,Hacking/IT Incident,Network Server,Yes
,False,"JOHN N. EVANS, DPM",MI,15545.0,2023,Hacking/IT Incident,Network Server,No
,False,"SOUTH JERSEY BEHAVORIAL HEALTH RESOURCES, INC.",NJ,501.0,2023,Hacking/IT Incident,Network Server,No
,False,"ENZO CLINICAL LABS, INC.",NY,2470000.0,2023,Hacking/IT Incident,Network Server,No
,False,ASCENSION SETON,TX,17191.0,2023,Hacking/IT Incident,Network Server,Yes
,False,"UTAH MEDICAID, DIVISION OF INTEGRATED HEALTHCARE: UTAH DEPARTMENT OF HEALTH AND HUMAN SERVICES",UT,5833.0,2023,Unauthorized Access/Disclosure,Paper Records,Yes
,False,SOUTHEAST NURSING AND REHAB CENTER,TX,2721.0,2023,Improper Disposal,Paper Records,No
450042,True,ASCENSION PROVIDENCE,TX,1415.0,2023,Hacking/IT Incident,Network Server,Yes
,False,HENRY FORD HEALTH,MI,168215.0,2023,Hacking/IT Incident,Email,No
,False,"MARSHALL & MELHORN, LLC",OH,9412.0,2023,Hacking/IT Incident,Network Server,Yes
,False,"INTELLIHARTX, LLC",TN,489830.0,2023,Hacking/IT Incident,Network Server,Yes
,False,UPONOR NORTH AMERICA,MN,1048.0,2023,Hacking/IT Incident,Network Server,No
,False,VALLEY OBSTETRICS & GYNECOLOGY PC,UT,61327.0,2023,Hacking/IT Incident,Network Server,No
,False,"HC3, INC",AL,1105.0,2023,Unauthorized Access/Disclosure,Paper Records,Yes
,False,"ATLANTA WOMEN'S HEALTH GROUP, P.C.",GA,33839.0,2023,Hacking/IT Incident,Network Server,No
,False,IDAHO DEPARTMENT OF HEALTH & WELFARE,ID,2501.0,2023,Hacking/IT Incident,Network Server,Yes
,False,COMMONWEALTH HEALTH PHYSICIAN NETWORK - GREAT VALLEY CARDIOLOGY,PA,181764.0,2023,Hacking/IT Incident,Network Server,No
,False,HUMANA INC.,KY,9372.0,2023,Unauthorized Access/Disclosure,Paper Records,No
,False,PARKER DRILLING COMPANY GROUP HEALTH AND FLEXIBLE BENEFIT PLAN,TX,5973.0,2023,Hacking/IT Incident,Network Server,No
,False,"NEW HORIZONS MEDICAL, INC",MA,12317.0,2023,Hacking/IT Incident,Network Server,No
,False,"CORE RECOVERY, INC.",AZ,2656.0,2023,Hacking/IT Incident,Email,No
,False,ATRIUM HEALTH WAKE FOREST BAPTIST,NC,3679.0,2023,Hacking/IT Incident,Email,No
,False,"PEACHTREE ORTHOPAEDIC CLINIC, P.A.",GA,37750.0,2023,Hacking/IT Incident,Network Server,No
,False,SEVA MEDICAL GROUP LLC,VA,690.0,2023,Unauthorized Access/Disclosure,Email,No
,False,CITY OF SAN LUIS,AZ,6848.0,2023,Hacking/IT Incident,Email,No
,False,COMMUNITY RESEARCH FOUNDATION,CA,31104.0,2023,Hacking/IT Incident,Network Server,No
,False,QUATELA CENTER FOR PLASTIC SURGERY,NY,1085.0,2023,Unauthorized Access/Disclosure,Email,No
,False,"KANNACT, INC.",OR,109210.0,2023,Hacking/IT Incident,Network Server,Yes
,False,VINCERA REHAB LLC,PA,5000.0,2023,Hacking/IT Incident,Network Server,No
,False,VINCERA SURGERY CENTER,PA,5000.0,2023,Hacking/IT Incident,Network Server,No
,False,"CORE PERFORMANCE PHYSICIANS, DBA VINCERA CORE PHYSICIANS",PA,10000.0,2023,Hacking/IT Incident,Network Server,No
,False,VINCERA IMAGING LLC,PA,5000.0,2023,Hacking/IT Incident,Network Server,No
,False,MURFREESBORO MEDICAL CLINIC & SURGICENTER,TN,559000.0,2023,Hacking/IT Incident,Network Server,No
,False,"DMS HEALTH TECHNOLOGIES, INC.",ND,48336.0,2023,Hacking/IT Incident,Network Server,No
,False,LIMBACH FACILITY SERVICES LLC GROUP BENEFIT PLAN,PA,1392.0,2023,Hacking/IT Incident,Network Server,No
,False,"VITRA HOME CARE, LLC",MA,658.0,2023,Hacking/IT Incident,Email,Yes
,False,"GLOBALHEALTH HOLDINGS, LLC",OK,622.0,2023,Hacking/IT Incident,Network Server,Yes
,False,DESERT PHYSICIANS MANAGEMENT,CA,63713.0,2023,Hacking/IT Incident,Network Server,Yes
,False,ACTIVATE HEALTHCARE LLC,IL,114445.0,2023,Hacking/IT Incident,Network Server,No
,False,THE WILLIAMSPORT HOME,PA,3660.0,2023,Hacking/IT Incident,Network Server,No
,False,THE METROHEALTH SYSTEM,OH,1230.0,2023,Unauthorized Access/Disclosure,Electronic Medical Record (EMR),No
,False,SENIOR CHOICE DBA THE ATRIUM; BEACON RIDGE; AND THE PATRIOT,PA,5057.0,2023,Hacking/IT Incident,Network Server,No
,False,UNIVERSITY OF PITTSBURGH MEDICAL CENTER,PA,1533.0,2023,Hacking/IT Incident,Network Server,Yes
,False,"TIDEWATER DIAGNOSTIC IMAGING, LTD.",MA,40195.0,2023,Hacking/IT Incident,Network Server,No
,False,ITASCA COUNTY HEALTH & HUMAN SERVICES,MN,1413.0,2023,Hacking/IT Incident,Email,No
,False,HENRIETTA JOHNSON MEDICAL CENTER,DE,4001.0,2023,Hacking/IT Incident,Network Server,Yes
,False,PARTNERSHIP HEALTH CENTER,MT,8331.0,2023,Unauthorized Access/Disclosure,Email,No
,False,"ADVANCED MEDICAL MANAGEMENT, LLC",MD,319485.0,2023,Hacking/IT Incident,Network Server,Yes
,False,ARIZONA HEALTH CARE COST CONTAINMENT SYSTEM,AZ,2632.0,2023,Unauthorized Access/Disclosure,Network Server,No
,False,DEANCO HEALTHCARE LLC DBA MISSION COMMUNITY HOSPITAL,CA,269847.0,2023,Hacking/IT Incident,Network Server,No
,False,IMAGINE360,PA,132807.0,2023,Hacking/IT Incident,Network Server,Yes
,False,"ORRICK, HERRINGTON & SUTCLIFFE LLP",CA,342176.0,2023,Hacking/IT Incident,Network Server,Yes
,False,HEALTH FIRST HEALTH PLANS,FL,701.0,2023,Unauthorized Access/Disclosure,Paper Records,No
,False,"SOUTH SUBURBAN SURGICAL SUITES, LLC",IN,5340.0,2023,Hacking/IT Incident,Email,No
,False,ARX PATIENT SOLUTIONS,KS,41166.0,2023,Hacking/IT Incident,Email,No
,False,RECOVERY CENTERS OF AMERICA,PA,2220.0,2023,Hacking/IT Incident,Network Server,No
201304,True,"MOUNT DESERT ISLAND HOSPITAL, INC.",ME,29952.0,2023,Hacking/IT Incident,Network Server,No
,False,EASTERN CONNECTICUT HEALTH NETWORK,CT,912.0,2023,Unauthorized Access/Disclosure,Email,No
130065,True,MOUNTAIN VIEW HOSPITAL,ID,441903.0,2023,Hacking/IT Incident,Network Server,No
,False,"PHOENICIAN MEDICAL CENTER, INC",AZ,163532.0,2023,Hacking/IT Incident,Network Server,No
,False,"EDGEMED HEALTHCARE, LLC",FL,6700.0,2023,Hacking/IT Incident,Network Server,Yes
,False,PUBLIC HEALTH MANAGEMENT CORPORATION,PA,206113.0,2023,Hacking/IT Incident,Network Server,No
,False,NORTON HEALTHCARE INC.,KY,2500000.0,2023,Hacking/IT Incident,Network Server,No
,False,"PARSLEY HEALTH, INC.",NY,1004.0,2023,Unauthorized Access/Disclosure,Network Server,Yes
,False,"MIRACLE-EAR FLAGSHIP, LLC",MN,3560.0,2023,Hacking/IT Incident,Email,No
,False,PRECISION ANESTHESIA BILLING LLC,FL,209200.0,2023,Hacking/IT Incident,Network Server,Yes
,False,CATHOLIC CHARITIES OF THE ARCHDIOCESE OF NEWARK,NJ,9895.0,2023,Hacking/IT Incident,Network Server,No
,False,ARIZONA STATE UROLOGICAL INSTITUTE,AZ,1626.0,2023,Unauthorized Access/Disclosure,Email,No
,False,CHARLES GEORGE DEPARTMENT OF VETERANS AFFAIRS MEDICAL CENTER,NC,1541.0,2023,Unauthorized Access/Disclosure,Email,No
,False,ARIA CARE PARTNERS,KS,77405.0,2023,Hacking/IT Incident,Network Server,No
,False,MOLINA HEALTHCARE,CA,7702.0,2023,Hacking/IT Incident,Network Server,Yes
,False,"THE VITALITY GROUP, LLC",IL,20387.0,2023,Hacking/IT Incident,Network Server,Yes
,False,KONEN & ASSOCIATES DBA UNIFIED PAIN MANAGEMENT,TX,5922.0,2023,Hacking/IT Incident,Email,No
,False,KANSAS JOINT & SPINE SPECIALISTS,KS,83869.0,2023,Hacking/IT Incident,Network Server,No
,False,EAST HOUSTON MEDICINE AND PEDIATRICS CLINIC,TX,13184.0,2023,Loss,Paper Records,No
,False,BEACON SPECIALIZED LIVING,MI,3338.0,2023,Hacking/IT Incident,Network Server,No
,False,HINES INTERESTS LIMITED PARTNERSHIP,TX,3000.0,2023,Hacking/IT Incident,Network Server,Yes
,False,FAIRFAX ORAL AND MAXILLOFACIAL SURGERY,VA,235931.0,2023,Hacking/IT Incident,Network Server,No
,False,"PENSION BENEFIT INFORMATION, LLC",MN,1866694.0,2023,Hacking/IT Incident,Network Server,Yes
,False,"THE PAVILLION AT HEALTH PARK, LLC DBA PARK ROYAL HOSPITAL",FL,6096.0,2023,Hacking/IT Incident,Email,No
,False,WAKE FAMILY EYE CARE,NC,14221.0,2023,Hacking/IT Incident,Network Server,No
,False,"CARE N' CARE INSURANCE COMPANY, INC.",TX,33032.0,2023,Hacking/IT Incident,Network Server,Yes
,False,TAHOE FOREST HOSPITAL DISTRICT,CA,1119.0,2023,Unauthorized Access/Disclosure,Paper Records,Yes
,False,"IVF MICHIGAN, P.C.",MI,9383.0,2023,Hacking/IT Incident,Network Server,No
,False,ACUPUNCTURE AND INTEGRATIVE SOLUTIONS INCORPORATED,OH,750.0,2023,Hacking/IT Incident,Network Server,No
,False,"ASSOCIATED PATHOLOGISTS, LLC DBA PATHGROUP HEALTH PLAN",TN,2031.0,2023,Hacking/IT Incident,Network Server,Yes
,False,"STEPHEN HARKINS, DDS, PC, DBA: HARKINS PAIN & SLEEP MANAGEMENT GROUP",AZ,6411.0,2023,Hacking/IT Incident,Network Server,No
,False,PHYSICIANS INSURANCE A MUTUAL COMPANY,WA,1852.0,2023,Hacking/IT Incident,Email,Yes
,False,RITE AID CORPORATION,PA,23433.0,2023,Hacking/IT Incident,Network Server,No
,False,"MINDFUL INNOVATIONS, PLLC",NC,1900.0,2023,Hacking/IT Incident,Email,No
,False,PARAMEDIC BILLING SERVICES,IL,93610.0,2023,Hacking/IT Incident,Network Server,No
,False,HARRIS COUNTY HOSPITAL DISTRICT D/B/A HARRIS HEALTH SYSTEM,TX,455676.0,2023,Hacking/IT Incident,Network Server,No
,False,PENNSYLVANIA DEPARTMENT OF HUMAN SERVICES,PA,11687.0,2023,Hacking/IT Incident,Network Server,No
,False,"NEW ENGLAND LIFE CARE, INC.",ME,51854.0,2023,Hacking/IT Incident,Network Server,No
,False,"BATESVILLE TOOL & DIE, INC.",IN,4549.0,2023,Hacking/IT Incident,Network Server,No
,False,SUTTER SENIOR CARE,CA,519.0,2023,Hacking/IT Incident,Network Server,Yes
,False,UT SOUTHWESTERN MEDICAL CENTER,TX,98437.0,2023,Hacking/IT Incident,Network Server,No
,False,JOHNS HOPKINS MEDICINE,MD,310405.0,2023,Hacking/IT Incident,Network Server,No
,False,"BLUECROSS BLUESHIELD OF TENNESSEE, INC.",TN,2688.0,2023,Unauthorized Access/Disclosure,Paper Records,Yes
,False,BI-BETT CORPORATION,CA,4639.0,2023,Hacking/IT Incident,Email,Yes
,False,"FAMILY VISION OF ANDERSON, P.A.",SC,62631.0,2023,Hacking/IT Incident,Network Server,No
,False,"LIFE MANAGEMENT CENTER OF NORTHWEST FLORIDA, INC.",FL,19107.0,2023,Hacking/IT Incident,Network Server,No
,False,SAINT FRANCIS HEALTH SYSTEM,OK,18911.0,2023,Hacking/IT Incident,Network Server,No
,False,"HILLSBOROUGH COUNTY, FLORIDA (COUNTY GOVERNMENT)",FL,70636.0,2023,Hacking/IT Incident,Network Server,No
,False,CARESOURCE,OH,3180537.0,2023,Hacking/IT Incident,Network Server,No
,False,GLADDEN FARMS FAMILY DENTISTRY,AZ,3085.0,2023,Hacking/IT Incident,Network Server,No
,False,UC DAVIS HEALTH,CA,3201.0,2023,Hacking/IT Incident,Email,No
,False,BAYLOR COLLEGE OF MEDICINE,TX,505.0,2023,Hacking/IT Incident,Network Server,Yes
,False,"DEAN HEALTH SERVICE COMPANY, LLC (REFERENCED HEREIN AS ""WELLFIRST HEALTH"")",MN,1027.0,2023,Hacking/IT Incident,Network Server,Yes
,False,"UNITED HEALTHCARE SERVICES, INC. SINGLE AFFILIATED COVERED ENTITY",CT,398319.0,2023,Hacking/IT Incident,Network Server,No
,False,CENTERS FOR MEDICARE & MEDICAID SERVICES,MD,2342357.0,2023,Hacking/IT Incident,Network Server,Yes
,False,THE CHATTANOOGA HEART INSTITUTE,TN,545491.0,2023,Hacking/IT Incident,Network Server,No
,False,ALLEGHENY COUNTY,PA,689686.0,2023,Hacking/IT Incident,Network Server,No
,False,"FLORIDA HEALTH SCIENCES CENTER, INC. DBA TAMPA GENERAL HOSPITAL",FL,2430920.0,2023,Hacking/IT Incident,Network Server,No
161364,True,JEFFERSON COUNTY HEALTH CENTER,IA,53827.0,2023,Hacking/IT Incident,Network Server,No
,False,SYNERGY HEALTHCARE SERVICES,GA,296956.0,2023,Hacking/IT Incident,Network Server,Yes
,False,HOWARD COUNTY GENERAL HOSPITAL,MD,2975.0,2023,Hacking/IT Incident,Network Server,Yes
,False,JOHNS HOPKINS HEALTH SYSTEM CORPORATION,MD,2584.0,2023,Hacking/IT Incident,Network Server,Yes
,False,HCA HEALTHCARE,TN,11270000.0,2023,Hacking/IT Incident,Network Server,Yes
,False,"THE HEALTH PLAN OF WEST VIRGINIA, INC.",WV,1292.0,2023,Hacking/IT Incident,Network Server,No
,False,"GRANE SUPPLY, INC.",PA,798.0,2023,Unauthorized Access/Disclosure,Email,No
,False,PLUMBERS LOCAL 8 HEALTH & WELFARE FUND,MO,4790.0,2023,Hacking/IT Incident,Email,No
,False,"ADVANCED CARE PARTNERS, LLC",GA,518.0,2023,Unauthorized Access/Disclosure,Email,No
,False,COGNIZANT TECHNOLOGIES SOLUTIONS,TX,7313.0,2023,Hacking/IT Incident,Network Server,Yes
,False,CITY OF DALLAS,TX,5058.0,2023,Hacking/IT Incident,Network Server,No
,False,UNUM GROUP SACE,TN,559315.0,2023,Hacking/IT Incident,Network Server,No
,False,RADIUS GLOBAL SOLUTIONS,MN,632204.0,2023,Hacking/IT Incident,Network Server,Yes
,False,"MAXIMUS, INC.",VA,9179390.0,2023,Hacking/IT Incident,Network Server,Yes
,False,CAPITAL NEUROLOGICAL SURGEONS,CA,1769.0,2023,Hacking/IT Incident,Email,No
220110,True,BRIGHAM AND WOMEN'S HOSPITAL,MA,987.0,2023,Unauthorized Access/Disclosure,Network Server,No
150056,True,INDIANA UNIVERSITY HEALTH,IN,21383.0,2023,Hacking/IT Incident,Network Server,Yes
,False,"GARY MOTYKIE, M.D., A MEDICAL CORPORATION",CA,3400.0,2023,Hacking/IT Incident,Email,No
,False,CRANBERRY TOWNSHIP EMERGENCY MEDICAL SERVICE,PA,1247.0,2023,Hacking/IT Incident,Network Server,Yes
,False,REDWOOD COAST REGIONAL CENTER,CA,1345.0,2023,Unauthorized Access/Disclosure,Email,No
,False,MISSOURI DEPARTMENT OF SOCIAL SERVICES,MO,739884.0,2023,Hacking/IT Incident,Network Server,Yes
,False,SPINAL AND SPORTS CARE CLINIC PS,WA,1136.0,2023,Hacking/IT Incident,Network Server,No
,False,PREMERA BLUE CROSS,WA,33212.0,2023,Hacking/IT Incident,Network Server,Yes
,False,HARRIS EYE CARE,MI,6267.0,2023,Hacking/IT Incident,Network Server,No
,False,LURIE CHILDREN’S SURGICAL FOUNDATION,IL,1997.0,2023,Hacking/IT Incident,Network Server,Yes
,False,SOVOS COMPLIANCE LLC,MA,18261.0,2023,Hacking/IT Incident,Network Server,Yes
,False,MADERA COUNTY,CA,1446.0,2023,Unauthorized Access/Disclosure,Email,No
,False,PCC PEDIATRIC EHR SOLUTIONS,VT,520.0,2023,Unauthorized Access/Disclosure,Email,Yes
,False,VIRGINIA DEPARTMENT OF MEDICAL ASSISTANCE SERVICES,VA,423824.0,2023,Hacking/IT Incident,Network Server,Yes
,False,ALLISON TRANSMISSION INC. HEALTH CARE PROGRAM FOR HOURLY EMPLOYEES / WELLNESS PROGRAM FOR SALARIED EMPLOYEES,IN,5330.0,2023,Hacking/IT Incident,Network Server,Yes
,False,ITRUST WELLNESS GROUP,SC,981.0,2023,Hacking/IT Incident,Email,No
,False,COASTAL ORTHOPEDICS & SPORTS MEDICINE OF SOUTHWEST FLORIDA,FL,203427.0,2023,Hacking/IT Incident,Network Server,No
,False,EMS MANAGEMENT AND CONSULTANTS INC,NC,223598.0,2023,Hacking/IT Incident,Network Server,Yes
,False,EL CENTRO DEL BARRIO D/B/A CENTROMED,TX,350000.0,2023,Hacking/IT Incident,Network Server,No
,False,THREE CROWNS PARK,IL,516.0,2023,Hacking/IT Incident,Email,No
,False,COLORADO DEPARTMENT OF HEALTH CARE POLICY & FINANCING,CO,4091794.0,2023,Hacking/IT Incident,Network Server,Yes
,False,"AMERICAN NATIONAL GROUP, LLC",TX,47711.0,2023,Hacking/IT Incident,Network Server,No
,False,"UNITED BANKSHARES, INC.",DC,8801.0,2023,Hacking/IT Incident,Network Server,Yes
,False,"NICE PAK PRODUCTS INC., HEALTH AND WELFARE BENEFITS PLAN",NJ,8487.0,2023,Hacking/IT Incident,Network Server,No
,False,VNS HEALTH HEALTH PLANS,NY,103775.0,2023,Hacking/IT Incident,Network Server,Yes
,False,TRACT RADIOLOGY,MS,7810.0,2023,Hacking/IT Incident,Network Server,Yes
,False,UNIVERSITY OF UTAH HEALTH,UT,8606.0,2023,Hacking/IT Incident,Network Server,Yes
,False,"KENNEDY UNIVERSITY HOSPITAL, INC. T/A JEFFERSON HEALTH",NJ,4140.0,2023,Loss,Other (Cloud/Portable Media),No
,False,MONOCACY VALLEY DENTAL,MD,4000.0,2023,Theft,Physical Device (Workstation/Laptop),No
,False,PERFORMANCE HEALTH TECHNOLOGY,OR,1752076.0,2023,Hacking/IT Incident,Network Server,Yes
,False,A-FAMILY DENTAL CARE CENTER PC,PA,2800.0,2023,Unauthorized Access/Disclosure,Network Server,No
,False,SUNY AT BUFFALO SCHOOL OF DENTAL MEDICINE,NY,765.0,2023,Hacking/IT Incident,Network Server,Yes
140101,True,MORRIS HOSPITAL & HEALTHCARE CENTERS,IL,256568.0,2023,Hacking/IT Incident,Network Server,No
,False,THE HARRIS CENTER FOR MENTAL HEALTH AND IDD,TX,599367.0,2023,Hacking/IT Incident,Network Server,Yes
,False,"SOUTHCOAST MEDICAL GROUP, LLC",GA,450860.0,2023,Hacking/IT Incident,Network Server,No
,False,"SYSINFORMATION HEALTHCARE SERVICES, LLC",TX,537987.0,2023,Hacking/IT Incident,Network Server,Yes
,False,"UNITED HEALTHCARE SERVICES, INC. SINGLE AFFILIATED COVERED ENTITY",CT,527.0,2023,Hacking/IT Incident,Network Server,Yes
,False,"BAESMAN GROUP, INC.",OH,1170094.0,2023,Hacking/IT Incident,Network Server,Yes
,False,BLUE CROSS BLUE SHIELD OF ARIZONA,AZ,47485.0,2023,Hacking/IT Incident,Network Server,Yes
,False,"TAG URGENT CARE SUPPORT SERVICES, LLC",NY,516985.0,2023,Hacking/IT Incident,Network Server,Yes
,False,"ASPEN DENTAL MANAGEMENT, INC.",NY,62183.0,2023,Hacking/IT Incident,Network Server,Yes
,False,UOFL HEALTH,KY,8175.0,2023,Hacking/IT Incident,Network Server,No
,False,"ADVANCED REPRODUCTIVE HEALTH CENTER LTD., D/B/A CHICAGO IVF",IL,2603.0,2023,Hacking/IT Incident,Network Server,Yes
,False,ILLINOIS DEPARTMENT OF PUBLIC HEALTH,IL,126000.0,2023,Hacking/IT Incident,Network Server,No
,False,"PRIVIA MEDICAL GROUP OF GEORGIA, LLC",GA,212789.0,2023,Hacking/IT Incident,Network Server,Yes
,False,ABSOLUTE DENTAL SERVICES,NC,10037.0,2023,Hacking/IT Incident,Email,Yes
,False,HEALTH CARE SERVICE CORPORATION,IL,220913.0,2023,Hacking/IT Incident,Network Server,Yes
,False,THE UNIVERSITY OF MASSACHUSETTS CHAN MEDICAL SCHOOL,MA,135394.0,2023,Hacking/IT Incident,Network Server,Yes
370034,True,MCALESTER REGIONAL HEALTH CENTER,OK,37731.0,2023,Hacking/IT Incident,Network Server,No
,False,VECINO HEALTH CENTERS,TX,1339.0,2023,Hacking/IT Incident,Network Server,No
,False,SERCO INC. GROUP HEALTH PLAN,VA,10140.0,2023,Hacking/IT Incident,Network Server,Yes
,False,PRIME THERAPEUTICS LLC,MN,6050.0,2023,Hacking/IT Incident,Network Server,Yes
,False,MILAN EYE CENTER,GA,67336.0,2023,Hacking/IT Incident,Network Server,Yes
,False,"IEC GROUP, INC. DBA AMERIBEN",ID,74884.0,2023,Unauthorized Access/Disclosure,Email,Yes
,False,DETROIT CENTRAL CITY COMMUNITY MENTAL HEALTH,MI,1412.0,2023,Hacking/IT Incident,Email,No
,False,DATA MEDIA ASSOCIATES,GA,100644.0,2023,Hacking/IT Incident,Network Server,Yes
,False,ASSOCIATES IN PEDIATRIC DENTISTRY,LA,9556.0,2023,Hacking/IT Incident,Email,No
,False,"PURFOODS, LLC",IA,1289643.0,2023,Hacking/IT Incident,Network Server,No
,False,"O'NEIL DIGITAL SOLUTIONS, LLC",CA,1722.0,2023,Unauthorized Access/Disclosure,Paper Records,Yes
,False,TTEC HEALTHCARE SOLUTIONS,CO,2953.0,2023,Unauthorized Access/Disclosure,Network Server,Yes
,False,"ENZO CLINICAL LABS, INC.",NY,1700.0,2023,Hacking/IT Incident,Network Server,No
150056,True,INDIANA UNIVERSITY HEALTH,IN,1191.0,2023,Hacking/IT Incident,Network Server,Yes
,False,"MOUNTAIN VIEW FAMILY PRACTICE, PC",MA,5139.0,2023,Hacking/IT Incident,Network Server,No
250004,True,"NORTH MISSISSIPPI MEDICAL CENTER, INC.",MS,950.0,2023,Hacking/IT Incident,Email,No
,False,BLOOM HEALTH CENTERS,MD,1545.0,2023,Hacking/IT Incident,Email,No
,False,"GEORGIA HAND, SHOULDER & ELBOW, PC",GA,20498.0,2023,Hacking/IT Incident,Email,No
,False,"MEDMINDER SYSTEMS, INC.",MA,12146.0,2023,Hacking/IT Incident,Network Server,No
,False,BIENVILLE ORTHOPAEDIC SPECIALISTS LLC,MS,242986.0,2023,Hacking/IT Incident,Network Server,No
,False,DELTA DENTAL OF CALIFORNIA,CA,7056189.0,2023,Hacking/IT Incident,Network Server,No
,False,AMERITA,KS,219707.0,2023,Hacking/IT Incident,Network Server,No
,False,ROSEMAN UNIVERSITY OF HEALTH SCIENCES,NV,4622.0,2023,Hacking/IT Incident,Network Server,No
,False,RYDERS HEALTH MANAGEMENT LLC,CT,7252.0,2023,Hacking/IT Incident,Network Server,No
,False,"UNITED HEALTHCARE SERVICES, INC. SINGLE AFFILIATED COVERED ENTITY",CT,315915.0,2023,Unauthorized Access/Disclosure,Network Server,No
,False,COOS HEALTH & WELLNESS,OR,22115.0,2023,Hacking/IT Incident,Network Server,No
,False,LABORATORY CORPORATION OF AMERICA HOLDINGS DBA LABCORP,NC,1431.0,2023,Unauthorized Access/Disclosure,Paper Records,No
,False,SUTTER NORTH SURGERY CENTER,CA,861.0,2023,Hacking/IT Incident,Network Server,Yes
,False,PHARM-PACC CORPORATION,FL,3749.0,2023,Hacking/IT Incident,Network Server,Yes
,False,VA DEPARTMENT OF MEDICAL ASSISTANCE SERVICES,VA,928.0,2023,Hacking/IT Incident,Network Server,Yes
,False,"NUANCE COMMUNICATIONS, INC.",MA,1225054.0,2023,Hacking/IT Incident,Network Server,Yes
050067,True,OAK VALLEY HOSPITAL DISTRICT,CA,284629.0,2023,Hacking/IT Incident,Network Server,No
,False,"TEMPLE UNIVERSITY HEALTH SYSTEM,INC.",PA,431563.0,2023,Hacking/IT Incident,Network Server,Yes
,False,ADVOCATES FOR A HEALTHY COMMUNITY INC DBA JORDAN VALLEY COMMUNITY HEALTH CENTER,MO,2502.0,2023,Unauthorized Access/Disclosure,Electronic Medical Record (EMR),No
,False,"FOUNDER PROJECT RX, INC.",TX,30836.0,2023,Hacking/IT Incident,Email,No
,False,PEACH STATE HEALTH PLAN,GA,1246.0,2023,Hacking/IT Incident,Network Server,Yes
,False,OMNICELL SPECIALTY PHARMACY SERVICES (OSPS),TX,661.0,2023,Hacking/IT Incident,Email,Yes
,False,"ERLANGER HEALTH, INC.",TN,2753.0,2023,Hacking/IT Incident,Network Server,Yes
,False,VIRGINIA DEPARTMENT OF MEDICAL ASSISTANCE SERVICES,VA,1229333.0,2023,Hacking/IT Incident,Network Server,Yes
,False,ELEVATE PATIENT FINANCIAL SOLUTIONS,TX,5364.0,2023,Unauthorized Access/Disclosure,Paper Records,Yes
,False,"ARKANSAS TOTAL CARE, INC.",AR,578.0,2023,Hacking/IT Incident,Network Server,Yes
,False,LAKEVIEW CLINIC,MN,624.0,2023,Unauthorized Access/Disclosure,Email,No
,False,WELLSTAR HEALTH SYSTEM,GA,779.0,2023,Hacking/IT Incident,Network Server,Yes
,False,"NAVVIS & COMPANY, LLC",MO,2824726.0,2023,Hacking/IT Incident,Network Server,Yes
,False,"ORTHOALASKA, LLC",AK,176203.0,2023,Hacking/IT Incident,Network Server,No
,False,"ALLEGHENY COUNTY, PENNSYLVANIA",PA,1505.0,2023,Hacking/IT Incident,Network Server,Yes
150056,True,INDIANA UNIVERSITY HEALTH,IN,4194.0,2023,Hacking/IT Incident,Network Server,Yes
,False,CLOVER HEALTH LLC,NJ,2834.0,2023,Unauthorized Access/Disclosure,Network Server,No
,False,"HEALTH FIRST, INC.",FL,14171.0,2023,Hacking/IT Incident,Email,No
,False,BLUE CROSS BLUE SHIELD OF TEXAS,IL,3708.0,2023,Unauthorized Access/Disclosure,Paper Records,Yes
,False,COOK COUNTY HEALTH AND HOSPITALS SYSTEM,IL,1248546.0,2023,Hacking/IT Incident,Network Server,Yes
,False,"TANGOE, INC.",IN,4765.0,2023,Hacking/IT Incident,Network Server,No
,False,RIVERDALE MENTAL HEALTH D/B/A MOSAIC MENTAL HEALTH,NY,7281.0,2023,Hacking/IT Incident,Network Server,No
,False,"HOSPICE OF THE BLUEGRASS, INC. DBA BLUEGRASS CARE NAVIGATORS",KY,7664.0,2023,Hacking/IT Incident,Email,No
,False,"AIDS ALABAMA, INC.",AL,1922.0,2023,Hacking/IT Incident,Network Server,No
140251,True,COMMUNITY FIRST MEDICAL CENTER,IL,216047.0,2023,Hacking/IT Incident,Network Server,No
,False,"ENTERTAINMENT COMMUNITY FUND, DBA ACTORS FUND HOME",NJ,1110.0,2023,Hacking/IT Incident,Network Server,No
,False,"ACADIA HEALTH, LLC D/B/A JUST KIDS DENTAL",AL,129463.0,2023,Hacking/IT Incident,Network Server,No
,False,"ARIETIS HEALTH, LLC",FL,1975066.0,2023,Hacking/IT Incident,Network Server,Yes
,False,"PROSPECT MEDICAL HOLDINGS, INC.",CA,1309096.0,2023,Hacking/IT Incident,Network Server,Yes
,False,"PIEDMONT HEALTHCARE, INC.",GA,895.0,2023,Hacking/IT Incident,Network Server,Yes
,False,"H3- HOPE, HEALING, HEALTH INC.",MI,1586.0,2023,Hacking/IT Incident,Email,No
,False,"PHYSIO LOGIC MEDICINE, PC",NY,1280.0,2023,Hacking/IT Incident,Network Server,No
,False,VALLEY MOUNTAIN REGIONAL CENTER,CA,126679.0,2023,Hacking/IT Incident,Network Server,Yes
,False,GILLETTE CHILDREN'S SPECIALTY HEALTHCARE,MN,542.0,2023,Hacking/IT Incident,Network Server,Yes
,False,"PHYSIO LOGIC CHIROPRACTIC AND PHYSICAL THERAPY, PLLC AND DR. PATTY DIBLASIO, PC",NY,9580.0,2023,Hacking/IT Incident,Network Server,No
031319,True,MT. GRAHAM REGIONAL MEDICAL CENTER,AZ,35688.0,2023,Hacking/IT Incident,Network Server,No
,False,"GEORGIA NORTHSIDE EAR, NOSE, AND THROAT, LLC.",TX,37774.0,2023,Hacking/IT Incident,Email,No
,False,GREATER DALLAS HEALTHCARE ENTERPRISES,TX,143833.0,2023,Hacking/IT Incident,Email,No
,False,SOUTH FLORIDA BEHAVIORAL HEALTH NETWORK DBA THRIVING MIND SOUTH FLORIDA,FL,258126.0,2023,Hacking/IT Incident,Network Server,Yes
,False,INTERNATIONAL BUSINESS MACHINES CORPORATION,NY,630755.0,2023,Unauthorized Access/Disclosure,Other (Cloud/Portable Media),Yes
,False,BORGFELD DENTAL CENTER PLLC DBA HENWOOD FAMILY DENTISTRY,TX,7300.0,2023,Hacking/IT Incident,Network Server,No
,False,WALMART ASSOCIATES HEALTH AND WELFARE PLAN,AR,85952.0,2023,Hacking/IT Incident,Network Server,Yes
,False,REGION 4 SOUTH MENTAL HEALTH CONSORTIUM,MN,677.0,2023,Hacking/IT Incident,Network Server,No
,False,RESPONSIVE CARE SOLUTIONS,FL,5200.0,2023,Unauthorized Access/Disclosure,Paper Records,Yes
,False,CARLE HEALTH,IL,679.0,2023,Hacking/IT Incident,Network Server,Yes
,False,"NEUROVATIVE DIAGNOSTICS, LLC",TX,1599.0,2023,Unauthorized Access/Disclosure,Email,No
,False,BROOKLYN PREMIER ORTHOPEDICS,NY,48459.0,2023,Hacking/IT Incident,Network Server,No
,False,FELLOWSHIP VILLAGE,NJ,501.0,2023,Hacking/IT Incident,Network Server,No
,False,DATA MEDIA ASSOCIATES,GA,2035.0,2023,Unauthorized Access/Disclosure,Paper Records,Yes
,False,NASCO,GA,1744655.0,2023,Hacking/IT Incident,Network Server,Yes
,False,"BHS PHYSICIAN NETWORK, INC.",TX,1857.0,2023,Hacking/IT Incident,Email,No
,False,"WESTAT, INC.",MD,51513.0,2023,Hacking/IT Incident,Network Server,Yes
,False,ATLAS HEALTHCARE GROUP,CT,10831.0,2023,Hacking/IT Incident,Network Server,No
,False,PACIFIC CLEAR VISION INSTITUTE,OR,626.0,2023,Unauthorized Access/Disclosure,Email,No
,False,PEERSTAR LLC,PA,11438.0,2023,Hacking/IT Incident,Network Server,No
,False,HELPING THE AGING NEEDY AND DISABLED INC,TX,628.0,2023,Hacking/IT Incident,Email,No
,False,BHI ENERGY HEALTH AND WELFARE BENEFITS PLAN,MA,4049.0,2023,Hacking/IT Incident,Network Server,No
,False,"SINGING RIVER HEALTH SYSTEM AND ITS WHOLLY OWNED SUBSIDIARY, SINGING RIVER GULFPORT",MS,895204.0,2023,Hacking/IT Incident,Network Server,No
,False,OSCAR INSURANCE COMPANY OF FLORIDA,NY,1399.0,2023,Hacking/IT Incident,Network Server,No
,False,NAPA INTEGRATED MEDICINE PC,CA,600.0,2023,Theft,Physical Device (Workstation/Laptop),Yes
,False,"HOSPITAL & MEDICAL FOUNDATION OF PARIS, INC D/B/A HORIZON HEALTH",IL,16598.0,2023,Hacking/IT Incident,Network Server,Yes
,False,COUNSELING AND RECOVERY SERVICES OF OKLAHOMA,OK,3365.0,2023,Hacking/IT Incident,Email,No
,False,RADIUS GLOBAL SOLUTIONS,PA,135742.0,2023,Hacking/IT Incident,Network Server,Yes
,False,LA RED HEALTH CENTER,DE,39759.0,2023,Hacking/IT Incident,Network Server,No
,False,MORRISON CHILD AND FAMILY SERVICES,OR,2044.0,2023,Hacking/IT Incident,Network Server,No
,False,MCLAREN HEALTH CARE,MI,2103881.0,2023,Hacking/IT Incident,Network Server,No
,False,CITY OF PHILADELPHIA,PA,6107.0,2023,Hacking/IT Incident,Email,No
,False,DAKOTA EYE INSTITUTE,ND,107143.0,2023,Hacking/IT Incident,Network Server,No
230046,True,UNIVERSITY OF MICHIGAN,MI,61033.0,2023,Hacking/IT Incident,Network Server,No
,False,ELEHEALTH,LA,2187.0,2023,Unauthorized Access/Disclosure,Paper Records,Yes
,False,"MNGI DIGESTIVE HEALTH, PA",MN,767670.0,2023,Hacking/IT Incident,Network Server,No
,False,LCS FINANCIAL SERVICES,CO,768.0,2023,Hacking/IT Incident,Network Server,Yes
,False,"EDWARD C. TAYLOR, PHD",FL,6684.0,2023,Hacking/IT Incident,Network Server,No
,False,"FREDERICKSBURG FOOT & ANKLE CENTER, PLC",VA,14912.0,2023,Hacking/IT Incident,Network Server,No
,False,HOSPITAL SISTERS HEALTH SYSTEM,IL,500.0,2023,Hacking/IT Incident,Network Server,Yes
,False,"GREATER ROCHESTER INDEPENDENT PRACTICE ASSOCIATION, INC.",NY,279156.0,2023,Hacking/IT Incident,Network Server,No
,False,WESTERN WASHINGTON MEDICAL GROUP,MS,350863.0,2023,Hacking/IT Incident,Network Server,No
,False,"JDA EHEALTH SYSTEMS, INC. D/B/A PARATHON",IL,8099.0,2023,Hacking/IT Incident,Network Server,Yes
,False,CADENCE BANK,MS,13862.0,2023,Hacking/IT Incident,Network Server,Yes
,False,PAUSE PAIN & WELLNESS,MS,777.0,2023,Unauthorized Access/Disclosure,Email,Yes
,False,PEAKMED,CO,27800.0,2023,Hacking/IT Incident,Network Server,No
,False,NORTHERN IOWA THERAPY PC,IA,5112.0,2023,Hacking/IT Incident,Network Server,Yes
,False,"FREDERIKSTED HEALTH CARE, INC.",Unknown,600.0,2023,Hacking/IT Incident,Network Server,No
,False,LONGHORN VILLAGE,TX,1670.0,2023,Hacking/IT Incident,Email,No
,False,"POSTMEDS, INC.",CA,2369026.0,2023,Hacking/IT Incident,Network Server,Yes
,False,MAYO CLINIC,MN,1152.0,2023,Unauthorized Access/Disclosure,Network Server,No
,False,SUTTER HEALTH,CA,845441.0,2023,Hacking/IT Incident,Network Server,Yes
,False,SOUTH AUSTIN HEALTH IMAGING LLC DBA LONGHORN IMAGING CENTER,TX,100643.0,2023,Hacking/IT Incident,Network Server,Yes
,False,"PERRY JOHNSON & ASSOCIATES, INC. DBA PJ&A",NV,9302588.0,2023,Hacking/IT Incident,Network Server,Yes
,False,CATHOLIC CHARITIES OF THE DIOCESE OF ROCKVILLE CENTRE D/B/A CATHOLIC CHARITIES OF LONG ISLAND,NY,13000.0,2023,Hacking/IT Incident,Network Server,No
,False,WACOSA,MN,1380.0,2023,Hacking/IT Incident,Network Server,No
,False,LIFE GENERATIONS HEALTHCARE LLC,CA,5832.0,2023,Hacking/IT Incident,Email,No
,False,"MULKAY CARDIOLOGY CONSULTANTS AT HOLY NAME MEDICAL CENTER, P.C.",NJ,79582.0,2023,Hacking/IT Incident,Network Server,No
,False,REBEKAH CHILDREN’S SERVICES,CA,2033.0,2023,Hacking/IT Incident,Network Server,No
,False,"YOUTH AND SHELTER SERVICES, INC.",IA,13603.0,2023,Hacking/IT Incident,Network Server,No
,False,"WESTAT, INC.",MD,20045.0,2023,Hacking/IT Incident,Network Server,Yes
,False,FINANCIAL ASSET MANAGEMENT SYSTEMS,GA,164796.0,2023,Hacking/IT Incident,Network Server,Yes
,False,"WELLTOK, INC.",CO,14782887.0,2023,Hacking/IT Incident,Network Server,Yes
,False,"PRESTIGE CARE, INC.",WA,116956.0,2023,Hacking/IT Incident,Network Server,No
,False,WYNDEMERE SENIOR CARE LLC,IL,6832.0,2023,Hacking/IT Incident,Network Server,No
,False,HEALTHSOFT LLC,GA,1000.0,2023,Hacking/IT Incident,Network Server,Yes
,False,WELLLIFE NETWORK INC.,NY,43875.0,2023,Hacking/IT Incident,Network Server,No
,False,"PHARMACY GROUP OF MISSISSIPPI, LLC",MS,13129.0,2023,Hacking/IT Incident,Network Server,No
,False,CONFUCIUS PHARMACY,NY,501.0,2023,Hacking/IT Incident,Network Server,No
,False,MANNINGS 8TH AVE INC.,NY,5796.0,2023,Hacking/IT Incident,Network Server,No
,False,BBRX PHARMACY,NY,8786.0,2023,Hacking/IT Incident,Network Server,No
,False,BOOMERANG HEALTHCARE,CA,1204.0,2023,Unauthorized Access/Disclosure,Email,No
,False,MARINER MANAGEMENT GROUP,OH,1756.0,2023,Hacking/IT Incident,Network Server,No
390146,True,WARREN GENERAL HOSPITAL,PA,168921.0,2023,Hacking/IT Incident,Network Server,No
,False,"SOUTHLAND INTEGRATED SERVICES, INC.",CA,7988.0,2023,Hacking/IT Incident,Network Server,No
,False,WOODFORDS FAMILY SERVICES,ME,6691.0,2023,Hacking/IT Incident,Network Server,No
,False,"CBIZ KA CONSULTING SERVICES, LLC",NJ,436198.0,2023,Hacking/IT Incident,Network Server,Yes
,False,SOUTHWEST BEHAVIORAL HEALTH CENTER,UT,17147.0,2023,Hacking/IT Incident,Network Server,No
,False,MEDICAL UNIVERSITY OF SOUTH CAROLINA,SC,1758.0,2023,Unauthorized Access/Disclosure,Network Server,No
,False,"MEDICAL EYE SERVICES, INC.",NY,377931.0,2023,Hacking/IT Incident,Network Server,Yes
,False,MEDICAL COLLEGE OF WISCONSIN,WI,240667.0,2023,Hacking/IT Incident,Network Server,No
,False,INTERNATIONAL PAPER COMPANY GROUP HEALTH AND WELFARE PLAN,TN,78692.0,2023,Hacking/IT Incident,Network Server,Yes
,False,ENDOCRINE AND PSYCHIATRY CENTER,TX,28531.0,2023,Hacking/IT Incident,Network Server,No
,False,WESTSIDE COMMUNITY SERVICES,CA,2484.0,2023,Hacking/IT Incident,Network Server,No
,False,"CARETREE, INC.",IL,15846.0,2023,Hacking/IT Incident,Network Server,Yes
,False,ROCK VALLEY PHYSICAL THERAPY CENTER,IL,2421.0,2023,Unauthorized Access/Disclosure,Email,No
,False,STATE OF MAINE,ME,376504.0,2023,Hacking/IT Incident,Network Server,No
,False,WYOMING COUNTY COMMUNITY HEALTH SYSTEM,NY,26000.0,2023,Hacking/IT Incident,Network Server,No
,False,JACKSONVILLE CHILDREN'S AND MULTISPECIALTY CLINIC,NC,40000.0,2023,Hacking/IT Incident,Network Server,No
,False,"CKF ADDICTION TREATMENT, INC.",KS,501.0,2023,Hacking/IT Incident,Email,No
,False,"COMMUNITY HEALTH NETWORK, INC.",IN,20777.0,2023,Hacking/IT Incident,Email,No
,False,PSYCHIATRY ASSOCIATES OF KANSAS CITY,KS,18255.0,2023,Hacking/IT Incident,Network Server,No
,False,BLUE SHIELD OF CALIFORNIA OR BLUE SHIELD OF CALIFORNIA PROMISE HEALTH PLAN,CA,27832.0,2023,Hacking/IT Incident,Network Server,Yes
,False,CALIFORNIA PHYSICIANS’ SERVICE D/B/A BLUE SHIELD OF CALIFORNIA,CA,636849.0,2023,Hacking/IT Incident,Network Server,Yes
,False,1ST SOURCE BANK,IN,1477.0,2023,Hacking/IT Incident,Network Server,Yes
,False,PROLIANCE SURGEONS,WA,437392.0,2023,Hacking/IT Incident,Network Server,No
,False,"DETROIT CHASSIS, LLC",MI,958.0,2023,Hacking/IT Incident,Network Server,No
,False,"TGI DIRECT, INC.",MI,16113.0,2023,Hacking/IT Incident,Network Server,Yes
,False,"U.S. DRUG MART, INC.",TX,48261.0,2023,Hacking/IT Incident,Network Server,Yes
,False,"BERRY, DUNN, MCNEIL & PARKER, LLC",ME,2068426.0,2023,Hacking/IT Incident,Network Server,Yes
,False,COLUMBUS AESTHETIC AND PLASTIC SURGERY,OH,12677.0,2023,Hacking/IT Incident,Network Server,No
,False,"MOLINA HEALTHCARE OF IOWA, INC.",IA,1647.0,2023,Hacking/IT Incident,Email,Yes
,False,"SAISYSTEMS INTERNATIONAL, INC.",CT,10063.0,2023,Hacking/IT Incident,Network Server,Yes
,False,"SIERRA COUNTY DEPARTMENT OF PUBLIC HEALTH, DEPARTMENT OF BEHAVIORAL HEALTH",CA,2463.0,2023,Hacking/IT Incident,Email,No
,False,THE CHARLES LEA CENTER,SC,1250.0,2023,Hacking/IT Incident,Network Server,No
,False,NORTHWEST EYE CARE PROFESSIONALS,OR,950.0,2023,Hacking/IT Incident,Network Server,No
,False,"EAST RIVER MEDICAL IMAGING, PC",NY,605809.0,2023,Hacking/IT Incident,Network Server,No
,False,MORRISON COMMUNITY HOSPITAL DISTRICT,IL,122488.0,2023,Hacking/IT Incident,Network Server,No
144043,True,"MONTROSE BEHAVIORAL HEALTH HOSPITAL, INC.",IL,597.0,2023,Hacking/IT Incident,Email,No
,False,OAK STREET HEALTH,IL,3169.0,2023,Unauthorized Access/Disclosure,Paper Records,Yes
,False,"EQUALITY HEALTH, LLC",AZ,9240.0,2023,Hacking/IT Incident,Email,No
,False,INLINE PLASTICS CORP.,CT,4853.0,2023,Hacking/IT Incident,Network Server,No
,False,"FOURSQUARE HEALTHCARE, LTD.",TX,10890.0,2023,Hacking/IT Incident,Network Server,No
,False,"LAKEVIEW HEALTHCARE SYSTEM, LLC",FL,2495.0,2023,Theft,Paper Records,No
,False,COLUMBIA COUNTY CHILD ABUSE ASSESSMENT CENTER DBA THE AMANI CENTER,OR,760.0,2023,Hacking/IT Incident,Email,No
050426,True,WEST ANAHEIM MEDICAL CENTER,CA,1166.0,2023,Hacking/IT Incident,Network Server,Yes
,False,CHESAPEAKE REGIONAL HEALTHCARE,VA,31679.0,2023,Hacking/IT Incident,Network Server,Yes
,False,"COUNTY OF ROCK, WI",WI,10853.0,2023,Hacking/IT Incident,Network Server,No
,False,"FENWAY COMMUNITY HEALTH CENTER, INC.",MA,599.0,2023,Unauthorized Access/Disclosure,Paper Records,Yes
,False,"W.P. MALONE, INC. D/B/A ALLCARE PHARMACY",AR,16341.0,2023,Hacking/IT Incident,Network Server,No
,False,"COMMUNITY HEALTHCARE NETWORK, INC.",NY,500.0,2023,Hacking/IT Incident,Network Server,No
,False,"F&E AVIATION HOLDINGS, INC.",FL,3097.0,2023,Hacking/IT Incident,Network Server,No
,False,"NEUROMUSCULOSKELETAL CENTER OF THE CASCADES, PC",OR,19373.0,2023,Hacking/IT Incident,Email,No
,False,THE CHILDREN’S HOME OF WYOMING CONFERENCE,NY,1111.0,2023,Hacking/IT Incident,Network Server,No
,False,CARDIOVASCULAR CONSULTANTS LTD.,AZ,484000.0,2023,Hacking/IT Incident,Network Server,No
,False,EMS MANAGEMENT AND CONSULTANTS INC.,NC,2654.0,2023,Unauthorized Access/Disclosure,Paper Records,Yes
,False,STRATEGIC MANAGEMENT LLC,MS,1640.0,2023,Hacking/IT Incident,Email,Yes
,False,KY CABINET FOR HEALTH AND FAMILY SERVICES (CHFS),KY,2062.0,2023,Hacking/IT Incident,Network Server,Yes
,False,"PAN-AMERICAN LIFE INSURANCE GROUP, INC.",LA,94807.0,2023,Hacking/IT Incident,Network Server,Yes
,False,LEGGETT & PLATT INCORPORATED EMPLOYEE BENEFIT FUND,MO,1200.0,2023,Hacking/IT Incident,Network Server,Yes
,False,4 OVER LLC GROUP HEALTH PLAN,CA,6491.0,2023,Hacking/IT Incident,Network Server,No
,False,NEUROSURGICAL ASSOCIATES OF NEW JERSEY,NJ,32156.0,2023,Hacking/IT Incident,Email,No
,False,WATERFORD COUNTRY SCHOOL,CT,6211.0,2023,Hacking/IT Incident,Network Server,No
,False,HI-SCHOOL PHARMACY,WA,12779.0,2023,Hacking/IT Incident,Network Server,No
,False,AKUMIN OPERATING CORP.,FL,7127.0,2023,Hacking/IT Incident,Network Server,No
,False,PRIME HEALTHCARE,CA,7185.0,2023,Hacking/IT Incident,Network Server,Yes
,False,"AFFINITY LEGACY, INC.",NY,5538.0,2023,Hacking/IT Incident,Network Server,Yes
,False,WICHITA UROLOGY GROUP,KS,5314.0,2023,Hacking/IT Incident,Network Server,Yes
,False,CITY OF HOMER,AK,1412.0,2023,Loss,Other (Cloud/Portable Media),No
,False,"NEW PARTNERS, INC. D/B/A VNS HEALTH PERSONAL CARE",NY,5175.0,2023,Hacking/IT Incident,Email,No
,False,VNS CHOICE D/B/A VNS HEALTH HEALTH PLANS,NY,13584.0,2023,Hacking/IT Incident,Email,No
,False,MERCY MEDICAL CENTER,IA,97132.0,2023,Hacking/IT Incident,Network Server,Yes
,False,"INDEPENDENT LIVING SYSTEMS, LLC",FL,19303.0,2023,Hacking/IT Incident,Network Server,No
,False,"UNITED HEALTHCARE SERVICES, INC. SINGLE AFFILIATED COVERED ENTITY",CT,4264.0,2023,Hacking/IT Incident,Email,No
,False,HEALTH ALLIANCE HOSPITAL MARY'S AVENUE CAMPUS,NY,264197.0,2023,Hacking/IT Incident,Network Server,No
,False,KEENAN & ASSOCIATES,CA,1651124.0,2023,Hacking/IT Incident,Network Server,No
,False,"HEALIX INFUSION THERAPY, LLC",TX,10277.0,2023,Hacking/IT Incident,Network Server,Yes
,False,"YORKSHIRE WELLNESS GROUP, CORP.",NM,1000.0,2023,Unauthorized Access/Disclosure,Paper Records,No
,False,HEART OF TEXAS BEHAVIORAL HEALTH NETWORK,TX,63776.0,2023,Hacking/IT Incident,Network Server,No
,False,"CARDIOTHORACIC AND VASCULAR SURGEONS, P.A.",TX,1868.0,2023,Hacking/IT Incident,Network Server,No
,False,REGIONAL FAMILY MEDICINE,AR,80166.0,2023,Hacking/IT Incident,Network Server,No
,False,"HEALTH DIAGNOSTIC MANAGEMENT, LLC",NY,1863.0,2023,Hacking/IT Incident,Network Server,Yes
,False,CITY OF HOPE,CA,902540.0,2023,Hacking/IT Incident,Network Server,No
,False,"INDEPENDENT VISION GROUP, LTD",WI,2931.0,2023,Hacking/IT Incident,Email,No
,False,"EYEFINITY, INC.",CA,1352.0,2023,Unauthorized Access/Disclosure,Network Server,Yes
,False,"DISCOUNT EMPORIUM, INC. D/B/A DRUG EMPORIUM",WV,2500.0,2023,Hacking/IT Incident,Network Server,Yes
,False,MOUNT CARMEL CARE CENTER,MA,1430.0,2023,Hacking/IT Incident,Network Server,No
,False,"D'YOUVILLE LIFE AND WELLNESS COMMUNITY, INC.",MA,19691.0,2023,Hacking/IT Incident,Network Server,No
,False,"ACCESSONE MEDCARD, INC.",SC,8049.0,2023,Hacking/IT Incident,Network Server,Yes
,False,ERIE FAMILY HEALTH CENTERS,IL,6351.0,2023,Hacking/IT Incident,Email,No
171363,True,"COMMUNITY MEMORIAL HEALTHCARE, INC.",KS,14798.0,2023,Hacking/IT Incident,Network Server,No
,False,"PRIMARY HEALTH & WELLNESS CENTER, LLC",MD,4792.0,2023,Hacking/IT Incident,Network Server,No
,False,DALLAS COUNTY,TX,501.0,2023,Hacking/IT Incident,Network Server,No
,False,"ESO SOLUTIONS, INC.",TX,2700000.0,2023,Hacking/IT Incident,Network Server,Yes
,False,ZOLL MEDICAL CORPORATION,MA,8898.0,2023,Hacking/IT Incident,Email,No
,False,"BLUECROSS BLUESHIELD OF TENNESSEE, INC.",TN,1676.0,2023,Hacking/IT Incident,Network Server,Yes
,False,MICHIGAN ORTHOPAEDIC SURGEONS,MI,67477.0,2023,Hacking/IT Incident,Email,No
,False,BELLIN HEALTH,WI,20790.0,2023,Hacking/IT Incident,Network Server,No
,False,COMPLETECARE HEALTH NETWORK,NJ,316059.0,2023,Hacking/IT Incident,Network Server,No
,False,"PLAZA RADIOLOGY, LLC",TN,569022.0,2023,Hacking/IT Incident,Network Server,No
,False,HEALTHEC LLC,NJ,4786241.0,2023,Hacking/IT Incident,Network Server,Yes
,False,"MOLINA HEALTHCARE OF OHIO, INC.",CA,1977.0,2023,Unauthorized Access/Disclosure,Paper Records,Yes
,False,"ACCESSDX LABORATORY, LLC",TX,535.0,2023,Hacking/IT Incident,Email,No
,False,HUMANA INC.,KY,2844.0,2023,Hacking/IT Incident,Network Server,Yes
,False,RUSH SYSTEM FOR HEALTH,IL,4961.0,2023,Unauthorized Access/Disclosure,Email,No
,False,"LONE PEAK PHYSICAL THERAPY, INC.",MT,5809.0,2023,Theft,Paper Records,No
,False,"SOUTHEASTERN ORTHOPAEDIC SPECIALISTS, PA",NC,35533.0,2023,Hacking/IT Incident,Network Server,No
,False,"360 PHYSICAL THERAPY, LLC",ND,520.0,2023,Theft,Paper Records,Yes
,False,FIRST CHOICE DENTAL,WI,1000.0,2023,Hacking/IT Incident,Network Server,No
,False,"MERIDIAN BEHAVIORAL HEALTHCARE, INC.",FL,98808.0,2023,Hacking/IT Incident,Network Server,No
,False,"MOUNTAIN DERMATOLOGY SPECIALISTS, PC",CO,2705.0,2023,Hacking/IT Incident,Email,No
,False,"EYE PHYSICIANS OF CENTRAL FLORIDA, PLLC, A DIVISION OF FLORIDA PEDIATRIC ASSOCIATES, LLC",FL,31189.0,2023,Hacking/IT Incident,Network Server,No
,False,HIGHLANDS ONCOLOGY GROUP PA,AR,55297.0,2023,Hacking/IT Incident,Network Server,No
,False,KENT COUNTY COMMUNITY MENTAL HEALTH AUTHORITY D/B/A NETWORK180,MI,59334.0,2023,Hacking/IT Incident,Email,No
,False,"REVSPRING, INC.",TN,1053.0,2023,Unauthorized Access/Disclosure,Network Server,Yes
,False,CLAY COUNTY SOCIAL SERVICES,MN,123847.0,2023,Hacking/IT Incident,Network Server,Yes
,False,NYC HEALTH + HOSPITALS,NY,3000.0,2023,Unauthorized Access/Disclosure,Physical Device (Workstation/Laptop),No
,False,"THE FOLECK CENTER, LTD",VA,6965.0,2023,Hacking/IT Incident,Email,No
,False,"RETINA GROUP OF WASHINGTON, PLLC",MD,455935.0,2023,Hacking/IT Incident,Network Server,No
,False,FRED HUTCHINSON CANCER CENTER,WA,1840927.0,2023,Hacking/IT Incident,Network Server,No
,False,COUNTY OF LOS ANGELES DEPARTMENT OF MENTAL HEALTH,CA,1284.0,2023,Hacking/IT Incident,Network Server,No
,False,LAKE COUNTY HEALTH DEPARTMENT AND COMMUNITY HEALTH CENTER,IL,5000.0,2023,Hacking/IT Incident,Email,No
,False,FRED HUTCHINSON CANCER CENTER,WA,20192.0,2023,Loss,Physical Device (Workstation/Laptop),No
011307,True,MEDICAL CENTER BARBOUR,AL,61014.0,2023,Hacking/IT Incident,Network Server,No
,False,"ELECTROSTIM MEDICAL SERVICES, INC. D/B/A EMSI",FL,542990.0,2023,Hacking/IT Incident,Network Server,No
,False,"HMG HEALTHCARE, LLC",TX,80000.0,2023,Hacking/IT Incident,Network Server,No
,False,EDI HEALTH GROUP DBA DENTALXCHANGE,CA,2574.0,2023,Hacking/IT Incident,Network Server,No
,False,"TRANSFORMATIVE HEALTHCARE, ON BEHALF OF FALLON AMBULANCE SERVICES",MA,911757.0,2023,Hacking/IT Incident,Network Server,No
,False,KEYSTONE FIRST,PA,1965.0,2024,Hacking/IT Incident,Network Server,Yes
,False,COMMUNITY TRI-COUNTY HEALTHCARE,AL,5809.0,2024,Hacking/IT Incident,Network Server,No
,False,MIDWEST LONG TERM CARE SERVICES DBA SENIOR SCRIPTS,MO,10566.0,2024,Hacking/IT Incident,Network Server,No
,False,NORTHERN INYO HEALTHCARE DISTRICT,CA,1305.0,2024,Hacking/IT Incident,Network Server,Yes
260096,True,NORTH KANSAS CITY HOSPITAL,MO,502438.0,2024,Hacking/IT Incident,Network Server,Yes
,False,"AMERIGROUP IOWA, INC",IN,1023.0,2024,Unauthorized Access/Disclosure,Network Server,Yes
,False,MORGAN STANLEY HEALTH BENEFITS AND INSURANCE PLAN,NY,2442.0,2024,Hacking/IT Incident,Network Server,Yes
,False,"CONSENSIOHEALTH, LLC",WI,60871.0,2024,Hacking/IT Incident,Network Server,Yes
,False,"COOPER CLINIC, P.A.",TX,124341.0,2024,Hacking/IT Incident,Network Server,No
,False,TAMPA BAY SURGICAL GROUP,FL,1107.0,2024,Loss,Other (Cloud/Portable Media),No
,False,VETERANS HEALTH ADMINISTRATION,DC,2380.0,2024,Unauthorized Access/Disclosure,Paper Records,No
,False,DALEVILLE DENTAL II LLC,AL,5280.0,2024,Hacking/IT Incident,Network Server,No
,False,THE HARRIS CENTER FOR MENTAL HEALTH AND IDD,TX,545001.0,2024,Hacking/IT Incident,Network Server,No
,False,"FINCANTIERI MARINE GROUP, LLC",DC,11535.0,2024,Hacking/IT Incident,Network Server,No
,False,SHARP HEALTH PLAN,CA,8200.0,2024,Unauthorized Access/Disclosure,Paper Records,Yes
,False,"PSYCHOLOGICAL HOLDINGS, PLLC D/B/A SENIOR PSYCHCARE",TX,75349.0,2024,Hacking/IT Incident,Network Server,No
,False,CATHOLIC HEATH INITIATIVE TRINITY MEDICAL CENTER,OH,797.0,2024,Hacking/IT Incident,Network Server,Yes
,False,DIGNITY HEALTH NEVADA ST. ROSE DOMINICAN HOSPITAL,NV,2652.0,2024,Hacking/IT Incident,Network Server,Yes
,False,"CONCENTRA HEALTH SERVICES, INC.",TX,3998163.0,2024,Hacking/IT Incident,Network Server,Yes
,False,COASTAL PLAINS COMMUNITY MENTAL HEALTH MENTAL RETARDATION CENTER,TX,45357.0,2024,Hacking/IT Incident,Network Server,No
,False,BURR & FORMAN LLP,AL,19893.0,2024,Hacking/IT Incident,Network Server,Yes
,False,INHEALTH TECHNOLOGIES,CA,12143.0,2024,Hacking/IT Incident,Network Server,No
,False,HAMPTON-NEWPORT NEWS COMMUNITY SERVICES BOARD,VA,44312.0,2024,Hacking/IT Incident,Network Server,No
,False,FAMILY HEALTHCARE CENTER,ND,6457.0,2024,Hacking/IT Incident,Network Server,Yes
,False,LESTER AND ROSALIE ANIXTER CENTER,IL,6194.0,2024,Hacking/IT Incident,Email,No
,False,"PACIFIC CATARACT AND LASER INSTITUTE, INC., P.C.",WA,9967.0,2024,Hacking/IT Incident,Network Server,No
,False,"COVENANT CARE CALIFORNIA, LLC",CA,501.0,2024,Hacking/IT Incident,Network Server,No
,False,"AIR METHODS, LLC",NV,34063.0,2024,Theft,Physical Device (Workstation/Laptop),No
,False,"SUMMIT MEDICAL GROUP, PLLC",TN,4135.0,2024,Hacking/IT Incident,Email,No
,False,"HORNE, LLP",MS,170052.0,2024,Hacking/IT Incident,Network Server,Yes
,False,"COLORADO OPHTHALMOLOGY ASSOCIATES, PC",CO,6020.0,2024,Hacking/IT Incident,Network Server,No
,False,AZURA VASCULAR CARE,PA,348000.0,2024,Hacking/IT Incident,Network Server,Yes
,False,"CR PHARMACY SERVICES, INC. D/B/A CAREPRO",IA,151499.0,2024,Hacking/IT Incident,Network Server,No
,False,DICKINSON COUNTY HEALTH DEPARTMENT,KS,1063.0,2024,Unauthorized Access/Disclosure,Physical Device (Workstation/Laptop),No
,False,BRADY MARTZ & ASSOCIATES PC,ND,13655.0,2024,Hacking/IT Incident,Network Server,Yes
,False,TGI DIRECT,MI,11556.0,2024,Hacking/IT Incident,Network Server,Yes
,False,"WALKER, INC. D/B/A WALKER THERAPEUTIC & EDUCATIONAL PROGRAMS",MA,846.0,2024,Hacking/IT Incident,Email,No
,False,REGENCE BLUECROSS BLUESHIELD OF OREGON,OR,856.0,2024,Unauthorized Access/Disclosure,Paper Records,No
,False,NATIVE AMERICAN HEALTH CENTER,CA,4231.0,2024,Hacking/IT Incident,Network Server,No
,False,MOUNT VERNON DENTAL SMILES,VA,1074.0,2024,Unauthorized Access/Disclosure,Email,No
340068,True,COLUMBUS REGIONAL HEALTHCARE SYSTEM,NC,132887.0,2024,Hacking/IT Incident,Network Server,No
,False,OMAHA FIREFIGHTERS HEALTHCARE TRUST,NE,3567.0,2024,Hacking/IT Incident,Email,No
,False,"CATHOLIC CHARITIES OF THE ARCHDIOCESE OF MIAMI, INC.",FL,1170.0,2024,Hacking/IT Incident,Network Server,No
,False,"DES MOINES ORTHOPAEDIC SURGEONS, P.C.",IA,307864.0,2024,Hacking/IT Incident,Network Server,No
,False,HUMANA INC.,KY,12539.0,2024,Unauthorized Access/Disclosure,Paper Records,No
,False,"AHS MANAGEMENT COMPANY, INC.",TN,38361.0,2024,Hacking/IT Incident,Network Server,Yes
,False,COASTAL HOSPICE & PALLIATIVE CARE,MD,29100.0,2024,Hacking/IT Incident,Network Server,No
,False,"J.D. GILMOUR & CO., INC.",CA,2570.0,2024,Hacking/IT Incident,Email,Yes
,False,"DES MOINES ORTHOPAEDIC SURGEONS, P.C.",IA,55055.0,2024,Hacking/IT Incident,Network Server,Yes
,False,"WEBBER CHIROPRACTIC SPORTS CLINIC, INC.",WA,1695.0,2024,Hacking/IT Incident,Network Server,No
,False,FEDEX CORPORATION GROUP HEALTH PLAN,TN,553.0,2024,Hacking/IT Incident,Network Server,Yes
,False,"MARIAN VILLAGE CORPORATION, D/B/A/ MARYWOOD NURSING CARE CENTER (“MARYWOOD”)",MI,6178.0,2024,Hacking/IT Incident,Network Server,No
,False,"PRUITTHEALTH, INC.",GA,56405.0,2024,Hacking/IT Incident,Network Server,Yes
450010,True,UNITED REGIONAL HEALTH CARE SYSTEM,TX,36900.0,2024,Hacking/IT Incident,Network Server,Yes
,False,NABHOLZ CONSTRUCTION COMPANY EMPLOYEE WELFARE HEALTH PLAN,AR,5326.0,2024,Hacking/IT Incident,Network Server,Yes
,False,INTEGRIS HEALTH,OK,2385646.0,2024,Hacking/IT Incident,Network Server,No
320030,True,ARTESIA GENERAL HOSPITAL,NM,2931.0,2024,Unauthorized Access/Disclosure,Paper Records,No
,False,KERN REGIONAL CENTER,CA,772.0,2024,Unauthorized Access/Disclosure,Email,No
,False,CNO ACE,IN,65295.0,2024,Hacking/IT Incident,Network Server,No
,False,"SUN PAIN MANAGEMENT, LLC",AZ,2988.0,2024,Hacking/IT Incident,Network Server,No
,False,"ORTHOARKANSAS, PA EMPLOYEE BENEFIT PLAN",AR,1270.0,2024,Hacking/IT Incident,Network Server,Yes
,False,SAINT ANTHONY HEALTH MINISTRIES,IL,360220.0,2024,Hacking/IT Incident,Network Server,No
,False,VETERANS HEALTH ADMINISTRATION,DC,46677.0,2024,Unauthorized Access/Disclosure,Paper Records,No
,False,ALLIES FOR HEALTH + WELLBEING,PA,680.0,2024,Hacking/IT Incident,Email,No
,False,"BAY AREA HEART CENTER, PA",FL,11709.0,2024,Hacking/IT Incident,Email,Yes
,False,COPPOLA PHYSICAL THERAPY AND FITNESS GYMS,NH,632.0,2024,Unauthorized Access/Disclosure,Email,Yes
,False,CRESCENT COMMUNITY HEALTH CENTER,IA,20529.0,2024,Hacking/IT Incident,Email,No
,False,"CAPITAL HEALTH SYSTEM, INC.",NJ,503071.0,2024,Hacking/IT Incident,Network Server,No
,False,HEALTH ALLIANCE MEDICAL PLANS,IL,6900.0,2024,Hacking/IT Incident,Network Server,Yes
,False,EAST SIDE HEALTH DISTRICT,IL,559.0,2024,Hacking/IT Incident,Network Server,No
,False,GREATER CINCINNATI BEHAVIORAL HEALTH SERVICES,OH,50000.0,2024,Hacking/IT Incident,Network Server,No
,False,SPECTRUM VISION PARTNERS,NY,592237.0,2024,Hacking/IT Incident,Network Server,Yes
,False,THE BENGTSON CENTER FOR AESTHETICS AND PLASTIC SURGERY,MI,935.0,2024,Unauthorized Access/Disclosure,Network Server,No
,False,KENTUCKY CABINET FOR HEALTH AND FAMILY SERVICES,KY,857.0,2024,Unauthorized Access/Disclosure,Paper Records,Yes
,False,HUMANA INC.,KY,6440.0,2024,Unauthorized Access/Disclosure,Paper Records,No
,False,"MEDICAL MANAGEMENT RESOURCE GROUP, L.L.C.",AZ,2264157.0,2024,Hacking/IT Incident,Network Server,Yes
,False,"CBIZ MARKS PANETH, LLC",OH,5562.0,2024,Hacking/IT Incident,Network Server,Yes
,False,"FORWARD HEALTHCARE, LLC",MD,3999.0,2024,Hacking/IT Incident,Network Server,Yes
260177,True,LIBERTY HOSPITAL,MO,264541.0,2024,Hacking/IT Incident,Network Server,No
,False,HUMANA INC.,KY,12339.0,2024,Unauthorized Access/Disclosure,Network Server,No
,False,PRIME HEALTHCARE EMPLOYEE HEALTH PLAN,CA,101135.0,2024,Hacking/IT Incident,Network Server,Yes
,False,TIEGERMAN,NY,19000.0,2024,Hacking/IT Incident,Network Server,No
,False,COLEMAN PROFESSIONAL SERVICES INC.,OH,51889.0,2024,Hacking/IT Incident,Email,No
,False,"AGC FLAT GLASS NORTH AMERICA, INC. WELFARE BENEFITS PLAN",GA,13079.0,2024,Hacking/IT Incident,Network Server,No
,False,ERIE INDEMNITY COMPANY GROUP DENTAL ASSISTANCE PLAN,PA,3122.0,2024,Hacking/IT Incident,Network Server,Yes
,False,MAY INSTITUTE,MA,2612.0,2024,Hacking/IT Incident,Network Server,No
,False,"LEXINGTON HEALTH, INC.",SC,1994.0,2024,Hacking/IT Incident,Email,No
,False,"BIOMATRIX SPECIALTY PHARMACY, LLC",FL,3640.0,2024,Hacking/IT Incident,Network Server,No
,False,INSURANCE ACE/HUMANA INC.,KY,3480.0,2024,Unauthorized Access/Disclosure,Paper Records,Yes
,False,"NORTH HILL NEEDHAM, INC., NORTH HILL HOME HEALTH CARE, INC. AND NORTH HILL EMPLOYEE DENTAL PLAN",MA,1096.0,2024,Hacking/IT Incident,Network Server,No
,False,ROSWELL PARK COMPREHENSIVE CANCER CENTER,NY,755.0,2024,Hacking/IT Incident,Email,No
,False,CITY OF DUBUQUE FIRE DEPARTMENT,IA,1381.0,2024,Unauthorized Access/Disclosure,Network Server,Yes
,False,LENA POPE HOME INC.,TX,3954.0,2024,Hacking/IT Incident,Email,No
,False,"BLUECROSS BLUESHIELD OF TENNESSEE, INC. AND VOLUNTEER STATE HEALTH PLAN, INC. D/B/A BLUECARE PLUS TENNESSEE",TN,790.0,2024,Hacking/IT Incident,Network Server,No
,False,AMIN RADIOLOGY D/B/A CITRUS DIAGNOSTIC CENTER,FL,1273.0,2024,Hacking/IT Incident,Network Server,No
,False,QUALCOMM INCORPORATED,CA,4102.0,2024,Hacking/IT Incident,Network Server,Yes
,False,"EMPLOYEE BENEFITS CORPORATION OF AMERICA AND BENEFIT DESIGN GROUP, INC.",VA,38912.0,2024,Hacking/IT Incident,Network Server,No
,False,DIGNITY HEALTH WELFARE BENEFITS PLAN,CO,744.0,2024,Unauthorized Access/Disclosure,Paper Records,No
,False,"MCKENZIE COUNTY HEALTHCARE SYSTEM, INC.",ND,8345.0,2024,Hacking/IT Incident,Email,No
,False,HUMAN AFFAIRS INTERNATIONAL OF CALIFORNIA,CA,18347.0,2024,Unauthorized Access/Disclosure,Paper Records,Yes
,False,HOSPICE OF HUNTINGTON,WV,9013.0,2024,Hacking/IT Incident,Network Server,No
,False,CAREFIRST BLUECROSS BLUESHIELD COMMUNITY HEALTH PLAN – DISTRICT OF COLUMBIA,DC,2189.0,2024,Unauthorized Access/Disclosure,Network Server,Yes
,False,"MENTAL HEALTH CENTER OF NORTH CENTRAL ALABAMA, INC.",AL,75667.0,2024,Hacking/IT Incident,Network Server,No
,False,"CVS PHARMACY, INC.",RI,1896.0,2024,Unauthorized Access/Disclosure,Network Server,No
,False,"DEDICATED PHYSICIANS GROUP OF TEXAS, PLLC D/B/A DEDICATED SENIOR MEDICAL CENTER",FL,3441.0,2024,Theft,Other (Cloud/Portable Media),No
,False,ANNA JAQUES HOSPITAL A MEMBER OF BETH ISRAEL HEALTH INCORPORATED,MA,308829.0,2024,Hacking/IT Incident,Network Server,No
,False,EGYPTIAN HEALTH DEPARTMENT,IL,121995.0,2024,Hacking/IT Incident,Network Server,No
,False,"EAST CAROLINA UNIVERSITY’S BRODY SCHOOL OF MEDICINE, A MEMBER OF THE ECU HEALTH AFFILIATED COVERED ENTITY",NC,19085.0,2024,Unauthorized Access/Disclosure,Network Server,No
,False,INTERVENTIONAL PAIN AND REGENERATIVE MEDICINE,TX,2843.0,2024,Unauthorized Access/Disclosure,Paper Records,No
,False,"MARYVILLE, INC.",NJ,15503.0,2024,Hacking/IT Incident,Email,No
,False,"LAMONT HANLEY & ASSOCIATES, INC.",NH,22216.0,2024,Hacking/IT Incident,Email,Yes
,False,WASHINGTON COUNTY HOSPITAL AND NURSING HOME,AL,29346.0,2024,Hacking/IT Incident,Network Server,No
371301,True,PRAGUE REGIONAL MEMORIAL HOSPITAL,OK,1347.0,2024,Hacking/IT Incident,Email,No
,False,"MEDQ, INC.",TX,55917.0,2024,Hacking/IT Incident,Network Server,Yes
,False,"BOLD QUAIL HOLDINGS, LLC (NEWGEN ADMINISTRATIVE SERVICES, LLC)",CA,105425.0,2024,Hacking/IT Incident,Network Server,Yes
,False,"ORTHOPEDICSNY, LLP",NY,656086.0,2024,Hacking/IT Incident,Network Server,No
,False,SANTA CLARITA COMMUNITY COLLEGE DISTRICT,CA,2324.0,2024,Hacking/IT Incident,Network Server,Yes
,False,"CVS CAREMARK PART D SERVICES, L.L.C. (“CVS”)",RI,11193.0,2024,Unauthorized Access/Disclosure,Paper Records,Yes
,False,UNITE HERE,NY,95797.0,2024,Hacking/IT Incident,Network Server,Yes
,False,SCURRY COUNTY HOSPITAL DISTRICT DBA COGDELL MEMORIAL HOSPITAL,TX,86981.0,2024,Hacking/IT Incident,Network Server,No
,False,"BAY AREA ANESTHESIA, LLC",FL,15196.0,2024,Hacking/IT Incident,Network Server,Yes
,False,ASCEND HEALTHCARE MANAGEMENT LLC,AZ,791.0,2024,Hacking/IT Incident,Other (Cloud/Portable Media),No
,False,COMMUNITY HEALTH GROUP PARTNERSHIP PLAN,CA,708.0,2024,Hacking/IT Incident,Network Server,Yes
,False,"NORTHEAST ORTHOPEDICS AND SPORTS MEDICINE, PLLC",NY,177101.0,2024,Hacking/IT Incident,Network Server,No
,False,KMJ HEALTH SOLUTIONS,MI,2191.0,2024,Hacking/IT Incident,Network Server,Yes
301302,True,LITTLETON REGIONAL HEALTHCARE,NH,12614.0,2024,Unauthorized Access/Disclosure,Email,No
,False,OHIO NEUROLOGIC INSTITUTE,OH,5548.0,2024,Theft,Physical Device (Workstation/Laptop),No
,False,"CHERRY STREET SERVICES, INC. D/B/A CHERRY HEALTH",MI,181820.0,2024,Hacking/IT Incident,Network Server,No
,False,DGA-PRODUCER PENSION & HEALTH PLANS,CA,4211.0,2024,Hacking/IT Incident,Network Server,Yes
,False,"ADA TECHNOLOGIES, INC.",OH,2398.0,2024,Hacking/IT Incident,Network Server,No
,False,KIRKLAND & ELLIS LLP,IL,48802.0,2024,Hacking/IT Incident,Network Server,Yes
,False,HIGHLAND HEALTH SYSTEMS,AL,83543.0,2024,Hacking/IT Incident,Network Server,No
,False,"EASTERN RADIOLOGISTS, INC",NC,886746.0,2024,Hacking/IT Incident,Network Server,No
,False,"YAKIMA VALLEY RADIOLOGY, PC",WA,235249.0,2024,Hacking/IT Incident,Network Server,No
,False,LAKE OF THE WOODS COUNTY SOCIAL SERVICES,MN,537.0,2024,Hacking/IT Incident,Network Server,No
,False,"BAY SURGICAL SPECIALISTS, LLC",FL,1505.0,2024,Hacking/IT Incident,Network Server,Yes
,False,PHILIPS RESPIRONICS,PA,457152.0,2024,Hacking/IT Incident,Network Server,Yes
10099F,True,ORLANDO VA MEDICAL CENTER,FL,9850.0,2024,Unauthorized Access/Disclosure,Email,No
,False,"BLUECROSS BLUESHIELD OF TENNESSEE, INC. AND VOLUNTEER STATE HEALTH PLAN, INC. D/B/A BLUECARE PLUS TENNESSEE",TN,1251.0,2024,Hacking/IT Incident,Network Server,No
,False,UNIVERSITY OF WISCONSIN HOSPITALS AND CLINICS AUTHORITY,WI,85902.0,2024,Hacking/IT Incident,Email,No
,False,ORTHOPEDIC ASSOCIATES OF FLOWER MOUND PLLC,TX,1759.0,2024,Hacking/IT Incident,Email,No
,False,"CDC DENTAL MANAGEMENT, CO., LLC DBA KIDS CARE DENTAL & ORTHODONTICS",CA,1286.0,2024,Hacking/IT Incident,Network Server,No
,False,"GUNSTER, YOAKLEY, & STEWART, PA",FL,42077.0,2024,Hacking/IT Incident,Network Server,Yes
,False,UC SAN DIEGO HEALTH HILLCREST- HILLCREST MEDICAL CENTER,CA,1642.0,2024,Hacking/IT Incident,Email,No
,False,ACCESS TELECARE,TX,65466.0,2024,Hacking/IT Incident,Email,No
,False,"JEWISH HOME LIFECARE, INC.",NY,104234.0,2024,Hacking/IT Incident,Network Server,No
,False,"BLUE RIDGE PEDIATRIC & ADOLESCENT MEDICINE, INC.",NC,39282.0,2024,Hacking/IT Incident,Network Server,No
,False,MASSACHUSETTS DEPARTMENT OF DEVELOPMENTAL SERVICES,MA,500.0,2024,Improper Disposal,Paper Records,No
,False,"RANCHO FAMILY MEDICAL GROUP, INC.",CA,10480.0,2024,Hacking/IT Incident,Network Server,Yes
,False,TEXAS HEALTH AND HUMAN SERVICES,TX,3392.0,2024,Unauthorized Access/Disclosure,Email,No
,False,R1 RCM INC.,IL,16121.0,2024,Hacking/IT Incident,Network Server,Yes
,False,NEWTON CENTRE DENTAL,MA,2547.0,2024,Hacking/IT Incident,Email,No
,False,PLYMOUTH TUBE COMPANY EMPLOYEE BENEFIT PLAN,IL,2652.0,2024,Hacking/IT Incident,Network Server,No
,False,HEALTHFIRST,NY,6836.0,2024,Hacking/IT Incident,Network Server,No
,False,CALIFORNIA CORRECTIONAL HEALTH CARE SERVICES,CA,1348.0,2024,Unauthorized Access/Disclosure,Email,No
,False,CORNERSTONE HEALTHCARE GROUP MANAGEMENT SERVICES LLC,KY,484957.0,2024,Hacking/IT Incident,Network Server,Yes
,False,AVEANNA HEALTHCARE,GA,65482.0,2024,Hacking/IT Incident,Email,No
,False,PHILIPS RESPIRONICS,PA,1125.0,2024,Hacking/IT Incident,Network Server,Yes
510023,True,WEIRTON MEDICAL CENTER,WV,26793.0,2024,Hacking/IT Incident,Network Server,No
,False,ANDOR LABS,NC,500.0,2024,Theft,Physical Device (Workstation/Laptop),No
,False,"RXBENEFITS, INC.",AL,3396.0,2024,Unauthorized Access/Disclosure,Paper Records,Yes
,False,BONNEY FORGE CORPORATION,PA,672.0,2024,Hacking/IT Incident,Network Server,No
,False,VALLEY OAKS HEALTH,IN,50034.0,2024,Hacking/IT Incident,Network Server,No
,False,"WESTERN NEW YORK INDEPENDENT LIVING, INC.",NY,2886.0,2024,Hacking/IT Incident,Network Server,No
,False,"EZRAS CHOILIM HEALTH CENTER, INC.",NY,59861.0,2024,Hacking/IT Incident,Network Server,No
050231,True,POMONA VALLEY HOSPITAL MEDICAL CENTER,CA,13516.0,2024,Hacking/IT Incident,Network Server,Yes
291303,True,BATTLE MOUNTAIN GENERAL HOSPITAL,NV,2767.0,2024,Hacking/IT Incident,Email,No
,False,CITY OF CONNEAUT,OH,771.0,2024,Hacking/IT Incident,Email,No
,False,M&D CAPITAL PREMIER BILLING LLC,NY,284326.0,2024,Hacking/IT Incident,Network Server,Yes
,False,"LAKEWOOD MEDICAL CENTER, PC",CO,2500.0,2024,Hacking/IT Incident,Network Server,No
,False,COUNTY OF LOS ANGELES DEPARTMENT OF MENTAL HEALTH,CA,1408.0,2024,Hacking/IT Incident,Email,No
,False,EMERGENCY MEDICAL SERVICES AUTHORITY,OK,611743.0,2024,Hacking/IT Incident,Network Server,No
,False,"ETHOS, ALSO KNOWN AS SOUTHWEST BOSTON SENIOR SERVICES",MA,14503.0,2024,Hacking/IT Incident,Network Server,Yes
,False,"HUMAN DEVELOPMENT SERVICES OF WESTCHESTER, INC.",NY,506.0,2024,Hacking/IT Incident,Email,No
,False,"DESIGNED RECEIVABLE SOLUTIONS, INC.",CA,585035.0,2024,Hacking/IT Incident,Network Server,Yes
,False,"ROBERT PETERSON DDS, PC",OR,6500.0,2024,Theft,Paper Records,No
,False,"BAYTOWN MEDICAL CENTER, L.P.",TX,1500.0,2024,Unauthorized Access/Disclosure,Network Server,No
351319,True,PEMBINA COUNTY MEMORIAL HOSPITAL,ND,23811.0,2024,Hacking/IT Incident,Network Server,No
,False,WASHINGTON COUNTY DEPARTMENT OF HUMAN SERVICES,PA,13583.0,2024,Hacking/IT Incident,Network Server,No
,False,UT SOUTHWESTERN MEDICAL CENTER,TX,2045.0,2024,Unauthorized Access/Disclosure,Network Server,No
,False,RISAS DENTAL & BRACES,PA,618189.0,2024,Hacking/IT Incident,Network Server,No
,False,"FLORIDA PEDIATRIC ASSOCIATES, LLC",FL,1104.0,2024,Hacking/IT Incident,Network Server,Yes
,False,WESLACO REGIONAL REHABILITATION HOSPITAL,TX,2781.0,2024,Hacking/IT Incident,Network Server,Yes
,False,SPARTANBURG REHABILITATION INSTITUTE,SC,4506.0,2024,Hacking/IT Incident,Network Server,Yes
,False,ELKHORN VALLEY REHABILITATION HOSPITAL,WY,3636.0,2024,Hacking/IT Incident,Network Server,Yes
,False,LAREDO SPECIALTY HOSPITAL,TX,1242.0,2024,Hacking/IT Incident,Network Server,Yes
,False,BAYLOR COLLEGE OF MEDICINE,TX,801.0,2024,Hacking/IT Incident,Email,Yes
,False,MESQUITE SPECIALTY HOSPITAL,TX,1244.0,2024,Hacking/IT Incident,Network Server,Yes
,False,UTAH VALLEY REHABILITATION HOSPITAL,UT,1642.0,2024,Hacking/IT Incident,Network Server,Yes
,False,OLIVE VIEW-UCLA MEDICAL CENTER,CA,3716.0,2024,Theft,Paper Records,No
,False,NORTHERN UTAH REHABILITATION HOSPITAL,UT,3477.0,2024,Hacking/IT Incident,Network Server,Yes
,False,MESQUITE REHABILITATION INSTITUTE,TX,3317.0,2024,Hacking/IT Incident,Network Server,Yes
,False,REHABILITATION HOSPITAL OF NORTHERN ARIZONA,AZ,3287.0,2024,Hacking/IT Incident,Network Server,Yes
,False,REHABILITATION HOSPITAL OF NORTHERN INDIANA,IN,1643.0,2024,Hacking/IT Incident,Network Server,Yes
,False,SOUTH TEXAS REHABILITATION HOSPITAL,TX,4130.0,2024,Hacking/IT Incident,Network Server,Yes
,False,PRATT MRI LLC,KS,4265.0,2024,Loss,Other (Cloud/Portable Media),Yes
,False,NORTHERN IDAHO ADVANCED CARE HOSPITAL,ID,5606.0,2024,Hacking/IT Incident,Network Server,Yes
,False,TRUSTPOINT REHABILITATION HOSPITAL OF LUBBOCK,TX,9014.0,2024,Hacking/IT Incident,Network Server,Yes
,False,HIGHMARK,PA,6205.0,2024,Unauthorized Access/Disclosure,Paper Records,No
,False,SUMMA REHABILITATION HOSPITAL,OH,2986.0,2024,Hacking/IT Incident,Network Server,Yes
,False,CORPUS CHRISTI REHABILITATION HOSPITAL,TX,3581.0,2024,Hacking/IT Incident,Network Server,Yes
,False,GREENWOOD REGIONAL REHABILITATION HOSPITAL,SC,5823.0,2024,Hacking/IT Incident,Network Server,Yes
,False,DENVER REGIONAL REHABILITATION HOSPITAL,CO,848.0,2024,Hacking/IT Incident,Network Server,Yes
,False,MIDLANDS REGIONAL REHABILITATION HOSPITAL,SC,2018.0,2024,Hacking/IT Incident,Network Server,Yes
,False,ADVANCED CARE HOSPITAL OF SOUTHERN NEW MEXICO,NM,1162.0,2024,Hacking/IT Incident,Network Server,Yes
,False,MOUNTAIN VALLEY REGIONAL REHABILITATION HOSPITAL,AZ,5963.0,2024,Hacking/IT Incident,Network Server,Yes
,False,NEW BRAUNFELS REGIONAL REHABILITATION HOSPITAL,TX,5384.0,2024,Hacking/IT Incident,Network Server,Yes
,False,NORTHERN COLORADO LONG TERM ACUTE HOSPITAL,CO,4335.0,2024,Hacking/IT Incident,Network Server,Yes
,False,LAFAYETTE REGIONAL REHABILITATION HOSPITAL,IN,2861.0,2024,Hacking/IT Incident,Network Server,Yes
,False,REHABILITATION HOSPITAL OF NORTHWEST OHIO,OH,3671.0,2024,Hacking/IT Incident,Network Server,Yes
,False,NORTHERN COLORADO REHABILITATION HOSPITAL,CO,885.0,2024,Hacking/IT Incident,Network Server,Yes
,False,BLOOMINGTON REGIONAL REHABILITATION HOSPITAL,IN,1191.0,2024,Hacking/IT Incident,Network Server,Yes
,False,REHABILITATION HOSPITAL OF THE NORTHWEST,ID,3821.0,2024,Hacking/IT Incident,Network Server,Yes
,False,LAREDO REHABILITATION HOSPITAL,TX,1785.0,2024,Hacking/IT Incident,Network Server,Yes
,False,BAKERSFIELD REHABILITATION HOSPITAL,CA,852.0,2024,Hacking/IT Incident,Network Server,Yes
,False,REHABILITATION HOSPITAL OF SOUTHERN CALIFORNIA,CA,925.0,2024,Hacking/IT Incident,Network Server,Yes
,False,REHABILITATION HOSPITAL OF SOUTHERN NEW MEXICO,NM,5466.0,2024,Hacking/IT Incident,Network Server,Yes
,False,"OTOLARYNGOLOGY ASSOCIATES, LLC",IN,316802.0,2024,Hacking/IT Incident,Network Server,No
,False,UNIVERSITY OF TENNESSEE HEALTH SCIENCE CENTER,TN,19353.0,2024,Hacking/IT Incident,Network Server,Yes
,False,"CONTINUUM HEALTH ALLIANCE, LLC",NJ,377119.0,2024,Hacking/IT Incident,Network Server,Yes
,False,RUTGERS ROBERT WOOD JOHNSON MEDICAL SCHOOL,NJ,2399.0,2024,Unauthorized Access/Disclosure,Email,No
,False,ADVANCED CARE HOSPITAL OF MONTANA,MT,2331.0,2024,Hacking/IT Incident,Network Server,Yes
,False,CATTARAUGUS-ALLEGANY BOARD OF COOPERATIVE EDUCATION SERVICES,NY,15203.0,2024,Hacking/IT Incident,Network Server,Yes
,False,"POLITZER AND DUROCHER, PLC D/B/A OPTOMETRIC PHYSICIANS OF MIDDLE TENNESSEE",TN,24996.0,2024,Hacking/IT Incident,Network Server,No
,False,ZUCKERBERG SAN FRANCISCO GENERAL HOSPITAL AND TRAUMA CENTER,CA,754.0,2024,Loss,Paper Records,No
,False,"ISLAND AMBULATORY SURGERY CENTER, LLC",NY,8266.0,2024,Hacking/IT Incident,Network Server,No
010128,True,"JACKSON MEDICAL CENTER, LLC",AL,16892.0,2024,Hacking/IT Incident,Network Server,No
,False,"BLUECROSS BLUESHIELD OF TENNESSEE, INC.",TN,717.0,2024,Unauthorized Access/Disclosure,Network Server,Yes
,False,SLEEP MANAGEMENT INSTITUTE,OH,500.0,2024,Hacking/IT Incident,Network Server,No
,False,THE EPILEPSY FOUNDATION OF METRO NEW YORK,NY,3852.0,2024,Hacking/IT Incident,Network Server,No
,False,GROUP HEALTH COOPERATIVE OF SOUTH CENTRAL WISCONSIN,WI,533809.0,2024,Hacking/IT Incident,Network Server,No
,False,"KNOWLES SMITH & ASSOCIATES, D/B/A VILLAGE FAMILY DENTAL",NC,240214.0,2024,Hacking/IT Incident,Network Server,No
,False,"SPURWINK SERVICES, INC.",MS,27332.0,2024,Hacking/IT Incident,Network Server,No
,False,COMPUNET CLINICAL LABORATORIES,OH,6963.0,2024,Unauthorized Access/Disclosure,Other (Cloud/Portable Media),No
,False,AMERICAN HEALTHCARE SYSTEMS LLC DBA RANDOLPH HEALTH,NC,899.0,2024,Hacking/IT Incident,Email,No
,False,REBOUND ORTHOPEDICS & NEUROSURGERY,WA,426536.0,2024,Hacking/IT Incident,Network Server,No
300034,True,CATHOLIC MEDICAL CENTER,NH,2792.0,2024,Hacking/IT Incident,Email,Yes
,False,PHILIPS RESPIRONICS,PA,1338.0,2024,Hacking/IT Incident,Network Server,Yes
,False,"MOVEABLE FEAST, INC.",MD,568.0,2024,Improper Disposal,Paper Records,No
,False,DENTAL HEALTH SERVICES,CA,4562.0,2024,Unauthorized Access/Disclosure,Email,No
,False,"DENTAL HEALTH SERVICES, INC",WA,1778.0,2024,Unauthorized Access/Disclosure,Email,No
,False,SOMERSET DENTAL,NV,11321.0,2024,Hacking/IT Incident,Network Server,No
,False,MHNU CORPORATION D/B/A MEDICAL HOME NETWORK,IL,681.0,2024,Hacking/IT Incident,Email,Yes
,False,ORTHOPEDIC AND FRACTURE CLINIC DBA WEST IDAHO ORTHOPEDICS AND SPORTS MEDICINE,ID,6146.0,2024,Hacking/IT Incident,Network Server,No
,False,"HOSPICE OF THE BLUEGRASS, INC. DBA BLUEGRASS CARE NAVIGATORS",KY,2282.0,2024,Hacking/IT Incident,Email,No
,False,"TOBIN, CARBERRY, O'MALLEY, RILEY & SELINGER, P.C.",CT,47106.0,2024,Hacking/IT Incident,Network Server,Yes
,False,MONTGOMERY COUNTY BOARD OF DEVELOPMENTAL DISABILITIES SERVICES,OH,8819.0,2024,Hacking/IT Incident,Network Server,Yes
,False,GREEN DIAMOND RESOURCE COMPANY,WA,8172.0,2024,Hacking/IT Incident,Network Server,No
,False,"ADVARRA, INC.",MD,596.0,2024,Hacking/IT Incident,Email,Yes
,False,"SOUTH TEXAS ONCOLOGY AND HEMATOLOGY, PLLC",TX,175195.0,2024,Hacking/IT Incident,Network Server,No
,False,THE GEORGIA INSTITUTE FOR PLASTIC SURGERY,GA,8111.0,2024,Hacking/IT Incident,Network Server,No
,False,BLACKSTONE VALLEY COMMUNITY HEALTH CARE,RI,34518.0,2024,Hacking/IT Incident,Network Server,No
,False,THE PRUDENTIAL INSURANCE COMPANY OF AMERICA,NJ,36075.0,2024,Hacking/IT Incident,Network Server,No
,False,BLUEBONNET TRAILS COMMUNITY SERVICES,TX,76165.0,2024,Hacking/IT Incident,Email,No
,False,HEALTH FIRST URGENT CARE PLLC,WA,4169.0,2024,Unauthorized Access/Disclosure,Network Server,No
,False,CAPE FEAR AESTHETICS,NC,1165.0,2024,Hacking/IT Incident,Network Server,No
,False,MOFFITT CANCER CENTER AND RESEARCH INSTITUTE,FL,26577.0,2024,Hacking/IT Incident,Network Server,Yes
,False,COUNTY OF LOS ANGELES DEPARTMENTS OF HEALTH SERVICES AND PUBLIC HEALTH,CA,252856.0,2024,Hacking/IT Incident,Email,No
,False,JUSTICE RESOURCE INSTITUTE,MA,23118.0,2024,Hacking/IT Incident,Network Server,No
,False,BAY ORAL SURGERY & IMPLANT CENTER,WI,13055.0,2024,Hacking/IT Incident,Email,No
,False,ASPIRE HEALTH ALLIANCE,MA,17490.0,2024,Hacking/IT Incident,Network Server,No
,False,ORTHOCONNECTICUT PLLC,CT,178742.0,2024,Hacking/IT Incident,Network Server,No
,False,"FOREFRONT DERMATOLOGY, S.C. D/B/A PREMIER DERMATOLOGY",IL,2297.0,2024,Hacking/IT Incident,Email,No
,False,"LIVANOVA USA, INC.",TX,129031.0,2024,Hacking/IT Incident,Network Server,Yes
,False,"GUARDANT HEALTH, INC.",CA,9309.0,2024,Unauthorized Access/Disclosure,Network Server,No
,False,INLAND PHYSICIANS BILLING SERVICES,CA,77434.0,2024,Hacking/IT Incident,Network Server,No
,False,"ALLERGY MEDICAL GROUP OF THE NORTH AREA, INC.",CA,6934.0,2024,Hacking/IT Incident,Network Server,No
,False,MERCHANTS BENEFIT ADMINISTRATION,AZ,767.0,2024,Hacking/IT Incident,Email,No
,False,UNITEDHEALTHCARE INSURANCE COMPANY,CT,16665.0,2024,Unauthorized Access/Disclosure,Paper Records,Yes
,False,MARPAI HEALTH,NY,1129.0,2024,Hacking/IT Incident,Email,No
,False,GRAYSON & ASSOCIATES,AL,573.0,2024,Hacking/IT Incident,Network Server,No
,False,"MEDSTAR HEALTH, INC.",MD,183079.0,2024,Hacking/IT Incident,Email,No
,False,AETNA ACE,CT,9191.0,2024,Hacking/IT Incident,Network Server,Yes
,False,"AFFILIATED DERMATOLOGISTS AND DERMATOLOGIC SURGEONS, P.A.",NJ,373680.0,2024,Hacking/IT Incident,Network Server,No
,False,PANORAMIC HEALTH,AZ,5445.0,2024,Hacking/IT Incident,Email,Yes
,False,REDWOOD COAST REGIONAL CENTER,CA,24937.0,2024,Hacking/IT Incident,Network Server,No
,False,COLUMBIA UNIVERSITY IRVING MEDICAL CENTER,NY,29629.0,2024,Unauthorized Access/Disclosure,Network Server,No
,False,ALLINA HEALTH SYSTEM,MN,715.0,2024,Unauthorized Access/Disclosure,Electronic Medical Record (EMR),No
,False,THE KENNEDY COLLECTIVE,CT,851.0,2024,Hacking/IT Incident,Email,No
,False,1ST CHOICE HOME CARE,AR,1600.0,2024,Unauthorized Access/Disclosure,Electronic Medical Record (EMR),No
100052,True,WINTER HAVEN HOSPITAL,FL,2101.0,2024,Unauthorized Access/Disclosure,Email,No
440159,True,DELTA SPECIALTY HOSPITAL,TN,1019.0,2024,Unauthorized Access/Disclosure,Email,No
,False,TEXAS PANHANDLE CENTERS,TX,16394.0,2024,Hacking/IT Incident,Network Server,No
,False,PRECISION MEDICAL PRODUCTS INC.,CA,1094.0,2024,Hacking/IT Incident,Email,No
,False,CHILDREN'S HEALTH CARE,MN,24183.0,2024,Hacking/IT Incident,Email,No
,False,"TIMEDOC, INC",IL,1894.0,2024,Theft,Physical Device (Workstation/Laptop),Yes
,False,BADALAMENTI-FERLITO ORTHODONTICS,MI,1427.0,2024,Unauthorized Access/Disclosure,Email,No
,False,TOBII DYNAVOX,PA,1098.0,2024,Hacking/IT Incident,Email,No
,False,"BROCKTON AREA MULTI SERVICES, INC.",MA,21537.0,2024,Hacking/IT Incident,Network Server,No
,False,"CALL 4 HEALTH, INC.",FL,10434.0,2024,Hacking/IT Incident,Network Server,Yes
,False,EL CENTRO DEL BARRIO D/B/A CENTROMED,TX,400000.0,2024,Hacking/IT Incident,Network Server,No
,False,"GASTROENTEROLOGY ASSOCIATES OF CENTRAL FLORIDA, P.A./ CENTER FOR DIGESTIVE HEALTH",FL,121693.0,2024,Hacking/IT Incident,Network Server,No
,False,MULTNOMAH COUNTY HEALTH DEPARTMENT,OR,1092.0,2024,Unauthorized Access/Disclosure,Physical Device (Workstation/Laptop),No
,False,COUNTY OF LOS ANGELES DEPARTMENT OF MENTAL HEALTH,CA,1598.0,2024,Hacking/IT Incident,Network Server,No
,False,MCLEAN HOSPITAL,MA,2231.0,2024,Unauthorized Access/Disclosure,Email,No
,False,"ALN MEDICAL MANAGEMENT, LLC",NE,1323720.0,2024,Hacking/IT Incident,Network Server,Yes
030062,True,SUMMIT HEALTHCARE REGIONAL MEDICAL CENTER,AZ,905.0,2024,Unauthorized Access/Disclosure,Electronic Medical Record (EMR),No
,False,MOFFITT CANCER CENTER AND RESEARCH INSTITUTE,FL,756.0,2024,Unauthorized Access/Disclosure,Other (Cloud/Portable Media),No
,False,MONTEFIORE EINSTEIN ADVANCE CARE,NY,2356.0,2024,Hacking/IT Incident,Network Server,No
,False,"ICIRCLE SERVICES OF THE FINGER LAKES, INC.",NY,3414.0,2024,Hacking/IT Incident,Email,No
,False,UNIVERSITY OF CHICAGO MEDICAL CENTER,IL,10332.0,2024,Hacking/IT Incident,Email,No
,False,"FLORIDA DIGESTIVE HEALTH SPECIALISTS, LLP",FL,3205.0,2024,Hacking/IT Incident,Network Server,No
,False,"FORA HEALTH, INC.",OR,1568.0,2024,Hacking/IT Incident,Email,No
,False,ORCHARD PARK FIRE DISTRICT EMS,NY,2089.0,2024,Hacking/IT Incident,Email,No
,False,"LAKEVIEW HEALTH SYSTEMS, LLC",FL,10772.0,2024,Hacking/IT Incident,Network Server,No
,False,"BOSTON IVF, LLC",MA,604.0,2024,Unauthorized Access/Disclosure,Paper Records,No
050784,True,ADVENTIST HEALTH TULARE,CA,70802.0,2024,Hacking/IT Incident,Network Server,Yes
440159,True,DELTA SPECIALTY HOSPITAL,TN,1998.0,2024,Hacking/IT Incident,Email,No
,False,"FC COMPASSUS, LLC",TN,1383.0,2024,Hacking/IT Incident,Email,No
,False,"CRESTWYN BEHAVIORAL HEALTH HOSPITAL, INC.",TN,1757.0,2024,Hacking/IT Incident,Email,No
,False,MENDING MINDS LLC DBA WALNUT CREEK PSYCHIATRY,IA,733.0,2024,Unauthorized Access/Disclosure,Electronic Medical Record (EMR),No
,False,WOODFORDS FAMILY SERVICES,ME,500.0,2024,Hacking/IT Incident,Network Server,No
,False,"WILSON & COMPANY, INC., ENGINEERS & ARCHITECTS HEALTH AND WELFARE BENEFIT PLAN",NM,1867.0,2024,Hacking/IT Incident,Network Server,No
,False,"FINANCIAL BUSINESS AND CONSUMER SOLUTIONS, INC.",PA,117567.0,2024,Hacking/IT Incident,Network Server,Yes
,False,"ANGELS NEUROLOGICAL CENTERS, P.C.",MA,934.0,2024,Hacking/IT Incident,Electronic Medical Record (EMR),No
,False,IACT HEALTH,GA,676.0,2024,Hacking/IT Incident,Network Server,Yes
,False,"BEST HEALTH PHYSICAL THERAPY, LLC",CT,3764.0,2024,Hacking/IT Incident,Network Server,No
,False,"CRG LYNWOOD, LLC, D/B/A LYNWOOD MANOR",MI,6566.0,2024,Hacking/IT Incident,Network Server,No
,False,LOOKING GLASS COUNSELING,MA,2739.0,2024,Unauthorized Access/Disclosure,Network Server,No
,False,WAREHOUSE EMPLOYEES LOCAL 169 CONTRIBUTING EMPLOYERS HEALTH & WELFARE FUND,PA,1061.0,2024,Hacking/IT Incident,Network Server,Yes
,False,BENEFIT MANAGEMENT LLC,KS,8777.0,2024,Hacking/IT Incident,Email,Yes
,False,"APTIHEALTH, INC.",NY,19805.0,2024,Hacking/IT Incident,Network Server,Yes
,False,HEART SOUTH CARDIOVASCULAR GROUP,AL,20577.0,2024,Hacking/IT Incident,Network Server,No
,False,CONSULTING RADIOLOGISTS LTD.,MN,583824.0,2024,Hacking/IT Incident,Network Server,No
,False,WALMART INC.,AR,1267.0,2024,Unauthorized Access/Disclosure,Network Server,No
,False,KAISER FOUNDATION HEALTH PLAN OF NORTHWEST,OR,578.0,2024,Unauthorized Access/Disclosure,Paper Records,No
,False,OB GYN SPECIALISTS OF LIMA INC,OH,1241.0,2024,Improper Disposal,Paper Records,No
,False,ZWANGER-PESIRI RADIOLOGY,NY,985.0,2024,Unauthorized Access/Disclosure,Paper Records,No
261332,True,CARROLL COUNTY MEMORIAL HOSPITAL,MO,7021.0,2024,Hacking/IT Incident,Email,No
,False,ACCESS SPORTS MEDICINE & ORTHOPAEDICS,NH,88044.0,2024,Hacking/IT Incident,Network Server,No
,False,PINNACLE ORTHOPAEDICS & SPORTS MEDICINE SPECIALISTS LLC,GA,1100.0,2024,Hacking/IT Incident,Network Server,No
,False,ALTOONA LOGAN TOWNSHIP MOBILE MEDICAL EMERGENCY DEPARTMENT AUTHORITY,PA,6169.0,2024,Hacking/IT Incident,Network Server,No
360084,True,AULTMAN HOSPITAL,OH,26206.0,2024,Hacking/IT Incident,Email,No
,False,WISCONSIN DEPARTMENT OF HEALTH SERVICES,WI,19150.0,2024,Hacking/IT Incident,Network Server,Yes
,False,COUNTY OF LOS ANGELES DEPARTMENT OF HEALTH SERVICES,CA,41444.0,2024,Hacking/IT Incident,Email,No
,False,"MOBILE MEDICAL RESPONSE, INC.",MI,700.0,2024,Theft,Paper Records,Yes
,False,"AMBULNZ HOLDINGS, LLC",NY,43773.0,2024,Hacking/IT Incident,Network Server,No
,False,MEMORIAL SLOAN KETTERING CANCER CENTER,NY,12274.0,2024,Hacking/IT Incident,Email,No
,False,"MD NOW MEDICAL CENTERS, INC.",FL,150560.0,2024,Hacking/IT Incident,Network Server,No
,False,THE MOUNT KISCO SURGERY CENTER LLC D/B/A THE AMBULATORY SURGERY CENTER OF WESTCHESTER,NY,22139.0,2024,Hacking/IT Incident,Email,No
,False,"KAIROS HEALTH ARIZONA, INC.",AZ,14435.0,2024,Unauthorized Access/Disclosure,Network Server,Yes
,False,PROVIDENCE MISSION HERITAGE ENDOCRINOLOGY,CA,1875.0,2024,Unauthorized Access/Disclosure,Physical Device (Workstation/Laptop),No
,False,MAYFIELD DENTAL ARTS LLC,OH,3318.0,2024,Unauthorized Access/Disclosure,Electronic Medical Record (EMR),No
143300,True,ANN & ROBERT H. LURIE CHILDREN'S HOSPITAL OF CHICAGO,IL,775860.0,2024,Hacking/IT Incident,Network Server,No
,False,"SAMARITAN HEALTH SERVICES, INC.",OR,1296.0,2024,Unauthorized Access/Disclosure,Electronic Medical Record (EMR),No
,False,MASS GENERAL BRIGHAM INCORPORATED,MA,655.0,2024,Unauthorized Access/Disclosure,Electronic Medical Record (EMR),No
,False,MASS GENERAL BRIGHAM HEALTH PLAN,MA,3659.0,2024,Unauthorized Access/Disclosure,Other (Cloud/Portable Media),No
,False,SKINCURE ONCOLOGY,IL,13434.0,2024,Hacking/IT Incident,Email,Yes
,False,CORE DENTAL HEALTH,TN,2349.0,2024,Hacking/IT Incident,Network Server,No
,False,AMERIHEALTH CARITAS DELAWARE,DE,2823.0,2024,Hacking/IT Incident,Network Server,Yes
,False,"HUMAN TECHNOLOGY INC., AND ITS AFFILIATES",TN,24580.0,2024,Hacking/IT Incident,Network Server,No
,False,"MARANA HEALTH CENTER, INC.",AZ,542.0,2024,Unauthorized Access/Disclosure,Email,No
,False,"MARYVILLE, INC.",NJ,24827.0,2024,Hacking/IT Incident,Email,No
360084,True,AULTMAN HOSPITAL,OH,6892.0,2024,Hacking/IT Incident,Email,No
,False,PATENTED ACQUISITION CORPORATION,OH,12787.0,2024,Hacking/IT Incident,Network Server,Yes
,False,SHEET METAL WORKERS LOCAL UNION #83 INSURANCE FUND AND ANNUITY FUND,NY,2184.0,2024,Hacking/IT Incident,Email,No
,False,"BUTLER HEALTH PLAN, SW DIVISION OF OHI",OH,5911.0,2024,Hacking/IT Incident,Network Server,Yes
,False,"THE MEDIBASE GROUP, INC.",GA,117957.0,2024,Hacking/IT Incident,Network Server,Yes
,False,"SMITH, GAMBRELL & RUSSELL LLP",GA,220000.0,2024,Hacking/IT Incident,Network Server,Yes
,False,JANNA PHARMACY LLC,CA,26372.0,2024,Unauthorized Access/Disclosure,Email,No
,False,"JOHNSON & ASSOCIATES, INC.",MT,4600.0,2024,Hacking/IT Incident,Network Server,Yes
,False,"MERIDIAN INTERNAL MEDICINE, P.A.",NC,2656.0,2024,Hacking/IT Incident,Network Server,No
,False,"FAMILY DYNAMICS COUNSELING SERVICES, INC.",WA,4373.0,2024,Hacking/IT Incident,Network Server,No
,False,"AVEANNA HEALTHCARE, LLC",GA,10482.0,2024,Unauthorized Access/Disclosure,Email,No
,False,NEW JERSEY ORAL & MAXILLOFACIAL SURGERY,NJ,74413.0,2024,Hacking/IT Incident,Network Server,No
,False,HOSPITAL AUXILIO MUTUO,Unknown,42000.0,2024,Hacking/IT Incident,Network Server,No
,False,THE NORTH COTTAGE PROGRAM,MA,8190.0,2024,Hacking/IT Incident,Network Server,No
,False,"KAISER FOUNDATION HOSPITALS, NORTHERN CALIFORNIA AND THE PERMANENTE MEDICAL GROUP, INC.",CA,3435.0,2024,Unauthorized Access/Disclosure,Electronic Medical Record (EMR),No
,False,"IMAGINE360, LLC",PA,6926.0,2024,Hacking/IT Incident,Email,Yes
,False,"NEURO REHAB ASSOCIATES, INC. D/B/A NORTHEAST REHABILITATION HOSPITAL NETWORK",NH,136724.0,2024,Hacking/IT Incident,Network Server,No
,False,ARISA HEALTH INCORPORATED,AR,375436.0,2024,Hacking/IT Incident,Network Server,No
,False,UNIVERSITY OF MICHIGAN/MICHIGAN MEDICINE,MI,56953.0,2024,Hacking/IT Incident,Email,No
,False,"FRANKLIN COUNTY, KANSAS",KS,10263.0,2024,Hacking/IT Incident,Network Server,No
,False,ALLCARE MEDICAL MANAGEMENT INCORPORATED,CA,16378.0,2024,Hacking/IT Incident,Email,Yes
,False,"AMERICAN CLINICAL SOLUTIONS, LLC",FL,300000.0,2024,Hacking/IT Incident,Network Server,No
,False,NEIGHBORHEALTH,MA,526.0,2024,Unauthorized Access/Disclosure,Paper Records,No
,False,"SOUTH WESTERN COMMUNICATIONS, INC.",IN,1115.0,2024,Hacking/IT Incident,Network Server,No
,False,UNIVERSITY OF ALABAMA AT BIRMINGHAM SCHOOL OF NURSING,AL,1655.0,2024,Unauthorized Access/Disclosure,Paper Records,No
,False,"ADVANTAGE ORTHOPEDIC & SPORTS MEDICINE, LLP",OR,1914.0,2024,Hacking/IT Incident,Network Server,No
,False,PROVIDENCE PEDIATRICS MANITO,WA,1166.0,2024,Unauthorized Access/Disclosure,Paper Records,Yes
,False,HAMILTON-MADISON HOUSE,NY,1114.0,2024,Hacking/IT Incident,Network Server,No
,False,FRASER CHILD AND FAMILY CENTER,MN,64131.0,2024,Hacking/IT Incident,Network Server,No
,False,"PRM MANAGEMENT COMPANY, INC.",FL,3359.0,2024,Hacking/IT Incident,Email,No
,False,"INTERNAL MEDICINE ASSOCIATES, LLC D/B/A GASTROINTESTINAL MEDICINE ASSOCIATES",RI,31835.0,2024,Hacking/IT Incident,Network Server,No
,False,HARBORVIEW ORAL & FACIAL SURGERY CENTER,MS,3472.0,2024,Hacking/IT Incident,Network Server,Yes
,False,MONTE NIDO,FL,41662.0,2024,Hacking/IT Incident,Network Server,No
,False,"DENTAL SPECIALISTS OF MINNESOTA, PLLC DBA THE DENTAL SPECIALISTS",MN,38442.0,2024,Hacking/IT Incident,Email,No
,False,PG DENTAL D/B/A AIRE DENTAL ARTS,NY,10200.0,2024,Hacking/IT Incident,Network Server,No
,False,"PDG, P.A. DBA PARK DENTAL",MN,185606.0,2024,Hacking/IT Incident,Email,No
,False,THE FACIAL PAIN CENTER,MN,1894.0,2024,Hacking/IT Incident,Email,No
,False,JULIE D. KINSLER DDS LLC DBA KINSLER FAMILY DENTISTRY,IN,5500.0,2024,Hacking/IT Incident,Network Server,No
,False,UNIVERSITY OF CONNECTICUT HEALTH CENTER FINANCE CORPORATION,CT,1123.0,2024,Hacking/IT Incident,Email,No
,False,UNITED UROLOGY GROUP,MD,10704.0,2024,Hacking/IT Incident,Network Server,Yes
,False,CARESPRING HEALTH CARE MANAGEMENT LLC,OH,64609.0,2024,Hacking/IT Incident,Network Server,No
,False,PACKAGING CORPORATION OF AMERICA,IL,783.0,2024,Hacking/IT Incident,Network Server,Yes
,False,FAIRFIELD MEMORIAL HOSPITAL ASSOCIATION,IL,25093.0,2024,Hacking/IT Incident,Network Server,No
,False,BEHAVIORAL HEALTH ALLIANCE OF RURAL PENNSYLVANIA,PA,642.0,2024,Hacking/IT Incident,Email,No
,False,VASINDA'S AROUND THE CLOCK CARE DBA ATC HOME CARE,CA,30819.0,2024,Hacking/IT Incident,Network Server,No
,False,"BAKER PLACES, INC.",CA,971.0,2024,Hacking/IT Incident,Email,Yes
,False,"HAH GROUP HOLDING COMPANY, LLC D/B/A “HELP AT HOME""",IL,26744.0,2024,Hacking/IT Incident,Network Server,Yes
,False,MID-COLUMBIA CENTER FOR LIVING,OR,4435.0,2024,Hacking/IT Incident,Email,No
,False,"CONNECTICUT GI, PLLC",CT,46354.0,2024,Hacking/IT Incident,Network Server,No
,False,"ADVANCED MEDICAL MANAGEMENT, LLC",KS,2815.0,2024,Hacking/IT Incident,Email,No
,False,OKANOGAN BEHAVIORAL HEALTHCARE,WA,26429.0,2024,Hacking/IT Incident,Network Server,No
,False,FLORIDA DEPARTMENT OF HEALTH,FL,729699.0,2024,Hacking/IT Incident,Network Server,No
,False,ROPER ST. FRANCIS HEALTHCARE,SC,4125.0,2024,Unauthorized Access/Disclosure,Paper Records,No
,False,COMPASS HEALTHCARE & REHAB ROWAN LLC,NC,1381.0,2024,Hacking/IT Incident,Email,No
,False,PANORAMIC HEALTH,AZ,6228.0,2024,Hacking/IT Incident,Email,Yes
,False,"CBIZ BENEFITS & INSURANCE SERVICES, INC.",OH,9602.0,2024,Hacking/IT Incident,Network Server,Yes
,False,GOODWIN LIVING INCORPORATED,VA,7170.0,2024,Hacking/IT Incident,Email,No
364062,True,MOUNT CARMEL BEHAVIORAL HEALTH,OH,1221.0,2024,Hacking/IT Incident,Email,No
,False,"ILLINOIS BONE & JOINT INSTITUTE, LLC",IL,665321.0,2024,Hacking/IT Incident,Network Server,No
,False,CATHOLIC CHARITIES CYO OF THE ARCHDIOCESE OF SAN FRANCISCO,CA,7486.0,2024,Hacking/IT Incident,Network Server,No
,False,BAPTIST HEALTH MEDICAL CENTER DREW COUNTY,AR,5207.0,2024,Hacking/IT Incident,Network Server,No
,False,WASHOE COUNTY SCHOOL DISTRICT,NV,1017.0,2024,Hacking/IT Incident,Network Server,Yes
,False,"SERVICE ACCESS & MANAGEMENT, INC.",PA,1450.0,2024,Hacking/IT Incident,Network Server,No
,False,PREMIER HEALTH FAMILY CARE – NORTH AND PREMIER HEALTH FAMILY CARE OF VANDALIA,OH,3092.0,2024,Unauthorized Access/Disclosure,Paper Records,No
,False,"UNITED WAY OF CONNECTICUT, INC.",CT,8039.0,2024,Hacking/IT Incident,Email,Yes
,False,PROJECT HOSPITALITY,NY,42432.0,2024,Hacking/IT Incident,Network Server,No
,False,COUNTY OF LOS ANGELES DEPARTMENT OF MENTAL HEALTH,CA,2334.0,2024,Hacking/IT Incident,Email,No
,False,GUAM SEVENTH-DAY ADVENTIST CLINIC,Unknown,56635.0,2024,Hacking/IT Incident,Email,No
,False,SENECA NATION HEALTH SYSTEM,NY,16879.0,2024,Hacking/IT Incident,Network Server,No
,False,CENTERS FOR MEDICARE & MEDICAID SERVICES,MD,3112815.0,2024,Hacking/IT Incident,Network Server,Yes
,False,OFICINA MEDICA,Unknown,2618.0,2024,Theft,Physical Device (Workstation/Laptop),No
201307,True,MILLINOCKET REGIONAL HOSPITAL,ME,813.0,2024,Hacking/IT Incident,Network Server,No
,False,"RICHLAND COUNTY, WI",WI,76365.0,2024,Hacking/IT Incident,Network Server,No
,False,LOCAL 1964 ILA HEALTH & INSURANCE FUND,NJ,2059.0,2024,Hacking/IT Incident,Network Server,No
,False,YOUNG CONSULTING LLC,GA,961003.0,2024,Hacking/IT Incident,Network Server,Yes
,False,"ACCESS AMBULATORY SURGERY CENTER, LLC",NH,5205.0,2024,Hacking/IT Incident,Network Server,No
,False,CHAMBERS CO PUBLIC HOSPITAL DISTRICT NO1 DBA CHAMBERS HEALTH,TX,85531.0,2024,Hacking/IT Incident,Network Server,No
,False,LA LIGA PUERTORRIQUENA CONTRA EL CANCER DBA HOSPITAL ONCOLÓGICO,Unknown,4590.0,2024,Hacking/IT Incident,Email,No
,False,JTAYLOR & ASSOCIATES LLC,TX,22315.0,2024,Hacking/IT Incident,Email,Yes
,False,MICHIGAN MASONIC HOME,MI,4189.0,2024,Hacking/IT Incident,Email,No
,False,"ERLC LLC, D/B/A ELITECARE EMERGENCY HOSPITAL",TX,24754.0,2024,Hacking/IT Incident,Network Server,No
,False,JEFFERSON PA HEART AND VASCULAR,PA,755.0,2024,Unauthorized Access/Disclosure,Paper Records,No
,False,UT SOUTHWESTERN MEDICAL CENTER,TX,778.0,2024,Unauthorized Access/Disclosure,Electronic Medical Record (EMR),No
,False,HOLISTIX TREATMENT CENTER LLC D/B/A WE LEVEL UP TREATMENT LAKE WORTH,FL,6567.0,2024,Hacking/IT Incident,Network Server,No
,False,PRENTKE ROMICH COMPANY DBA PRC-SALTILLO,OH,51627.0,2024,Hacking/IT Incident,Network Server,No
,False,CF MEDICAL,GA,242200.0,2024,Hacking/IT Incident,Network Server,Yes
,False,"COMMUNITY CLINIC OF MAUI, INC. DBA MALAMA I KE OLA HEALTH CENTER",HI,123816.0,2024,Hacking/IT Incident,Network Server,No
,False,UNIVERSITY OF MICHIGAN/MICHIGAN MEDICINE,MI,57891.0,2024,Hacking/IT Incident,Email,No
,False,HAFETZ AND ASSOCIATES,NJ,26474.0,2024,Hacking/IT Incident,Email,Yes
450108,True,CONNALLY MEMORIAL MEDICAL CENTER,TX,1228.0,2024,Hacking/IT Incident,Email,No
,False,WALGREEN CO.,IL,1915.0,2024,Unauthorized Access/Disclosure,Physical Device (Workstation/Laptop),No
,False,JUDGE ROTENBERG EDUCATIONAL CENTER,MA,2579.0,2024,Hacking/IT Incident,Network Server,No
,False,"SEVEN COUNTIES SERVICES, INC.",KY,132609.0,2024,Hacking/IT Incident,Email,No
,False,"LONG ISLAND PLASTIC SURGICAL GROUP, P.C.",NY,161707.0,2024,Hacking/IT Incident,Network Server,No
,False,"EASTER SEALS DC | MD | VA, INC.",MD,584.0,2024,Hacking/IT Incident,Email,No
,False,BAYHEALTH MEDICAL CENTER,DE,497047.0,2024,Hacking/IT Incident,Network Server,No
,False,"GENERAL PHYSICIAN, P.C.",NY,167387.0,2024,Hacking/IT Incident,Email,No
,False,UNIVERSITY OF MINNESOTA BOARD OF REGENTS,MN,1331.0,2024,Hacking/IT Incident,Email,No
,False,"DOHMAN, AKERLUND & EDDY",NE,9941.0,2024,Hacking/IT Incident,Network Server,Yes
,False,SMILE DESIGN MANAGEMENT LLC,FL,10625.0,2024,Hacking/IT Incident,Network Server,No
,False,"WELLFLEET GROUP, LLC",MA,23082.0,2024,Unauthorized Access/Disclosure,Network Server,Yes
,False,"DMESCRIPTS, LLC",IN,9993.0,2024,Hacking/IT Incident,Email,Yes
,False,TOWER CLOCK EYE CENTER,WI,10737.0,2024,Hacking/IT Incident,Email,No
,False,MICARE HEALTH CENTER,MT,2766.0,2024,Hacking/IT Incident,Email,No
,False,"CHEASAPEAKE REGIONAL INFORMATION SYSTEM FOR OUR PATIENTS, INC. (CRISP)",MD,8008.0,2024,Unauthorized Access/Disclosure,Electronic Medical Record (EMR),Yes
,False,CENTER FOR URBAN COMMUNITY SERVICES,NY,38000.0,2024,Hacking/IT Incident,Network Server,Yes
,False,ONEPOINT PATIENT CARE,AZ,1741152.0,2024,Hacking/IT Incident,Network Server,No
,False,TRI COUNTY MEDICAL SUPPLY AND RESPIRATORY SERVICES INC.,AR,8000.0,2024,Improper Disposal,Paper Records,No
,False,SARAH BUSH LINCOLN FAYETTE COUNTY HOSPITAL,IL,4845.0,2024,Hacking/IT Incident,Email,No
,False,CHICAGO CARDIOLOGY INSTITUTE,IL,2743.0,2024,Hacking/IT Incident,Email,No
,False,"SURVIVAL FLIGHT, INC.",AZ,10989.0,2024,Hacking/IT Incident,Email,No
,False,SMILES IN THE PINES,NC,1800.0,2024,Unauthorized Access/Disclosure,Email,No
,False,EAST ADAMS RURAL HEALTHCARE,WA,13206.0,2024,Hacking/IT Incident,Network Server,No
,False,ARKANSAS BLUE CROSS AND BLUE SHIELD,AR,633.0,2024,Hacking/IT Incident,Network Server,Yes
,False,STANISLAUS COUNTY BEHAVIORAL HEALTH AND RECOVERY SERVICES,CA,767.0,2024,Unauthorized Access/Disclosure,Paper Records,No
,False,"GPS SANGO FAMILY DENTISTRY, PLLC D/B/A SANGO FAMILY DENTISTRY",TN,27000.0,2024,Hacking/IT Incident,Network Server,No
,False,POSITIVE BEHAVIOR SUPPORTS CORPORATION,FL,2247.0,2024,Hacking/IT Incident,Network Server,No
150059,True,RIVERVIEW HEALTH,IN,1562.0,2024,Hacking/IT Incident,Network Server,No
,False,"SOUTHWEST COLORADO MENTAL HEALTH CENTER, INC. D/B/A AXIS HEALTH SYSTEM",CO,23385.0,2024,Hacking/IT Incident,Network Server,No
,False,QUEST DIAGNOSTICS INCORPORATED,NJ,1062.0,2024,Unauthorized Access/Disclosure,Network Server,No
,False,EASTERSEALS REHABILITATION CENTER EVANSVILLE,IN,8394.0,2024,Hacking/IT Incident,Network Server,No
,False,ST. ANTHONY REGIONAL HOSPITAL,IA,139214.0,2024,Hacking/IT Incident,Network Server,No
,False,NATIVE VILLAGE OF EYAK ILANKA COMMUNITY HEALTH CENTER,AK,512.0,2024,Hacking/IT Incident,Network Server,Yes
,False,"OREGON REPRODUCTIVE MEDICINE, LLC D/B/A ORM FERTILITY",NY,2322.0,2024,Hacking/IT Incident,Network Server,No
,False,BRIGHTSTAR CARE,IL,1187.0,2024,Hacking/IT Incident,Email,No
,False,"MYSTIC VALLEY ELDER SERVICES, CE",MA,85133.0,2024,Hacking/IT Incident,Network Server,No
,False,"THE PHYSICAL MEDICINE & REHABILITATION CENTER, P.A.",NJ,4083.0,2024,Hacking/IT Incident,Network Server,No
,False,NORTH TEXAS MEDICAL SPECIALISTS,TX,994.0,2024,Unauthorized Access/Disclosure,Electronic Medical Record (EMR),No
,False,FAMILY MEDICAL CENTER,MD,2100.0,2024,Hacking/IT Incident,Network Server,No
,False,REGENCE BLUECROSS BLUESHIELD,OR,610.0,2024,Unauthorized Access/Disclosure,Paper Records,Yes
,False,"POTOMAC MEDICAL AESTHETICS, LLC",MD,2876.0,2024,Unauthorized Access/Disclosure,Email,No
,False,KAISER FOUNDATION HOSPITALS,CA,44600.0,2024,Hacking/IT Incident,Email,No
334026,True,BRUNSWICK HOSPITAL CENTER,NY,40764.0,2024,Hacking/IT Incident,Network Server,No
,False,THOMPSON COBURN LLP,MO,305088.0,2024,Hacking/IT Incident,Network Server,Yes
,False,EMBODY PERFORMANCE & RECOVERY,MO,1100.0,2024,Unauthorized Access/Disclosure,Email,No
,False,PLANNED PARENTHOOD OF MONTANA,MT,56917.0,2024,Hacking/IT Incident,Network Server,No
370206,True,OKLAHOMA SPINE HOSPITAL,OK,38945.0,2024,Hacking/IT Incident,Email,No
,False,UNIVERSAL HEALTH CORPORATION,VA,583.0,2024,Hacking/IT Incident,Email,No
,False,"ORTHOPEDICS RHODE ISLAND, INC.",CT,377731.0,2024,Hacking/IT Incident,Network Server,No
,False,MDLAND INTERNATIONAL CORPORATION,NY,63073.0,2024,Hacking/IT Incident,Electronic Medical Record (EMR),Yes
,False,MISSOURI DEPARTMENT OF MENTAL HEALTH,MO,537.0,2024,Unauthorized Access/Disclosure,Email,No
,False,MASSACHUSETTS DEPARTMENT OF DEVELOPMENTAL SERVICES,MA,3800.0,2024,Hacking/IT Incident,Email,No
,False,MICHIGAN MASONIC HOME,MI,3255.0,2024,Hacking/IT Incident,Email,No
,False,FAMILYLINKS INC.,PA,3775.0,2024,Hacking/IT Incident,Email,No
,False,"LIBERTY ENDO, LLC",NY,942.0,2024,Hacking/IT Incident,Email,No
,False,HOSPICE AND PALLIATIVE CARE CHARLOTTE REGION DBA VIA HEALTH PARTNERS,NC,777.0,2024,Hacking/IT Incident,Email,Yes
,False,"HOPSCOTCH HEALTH MANAGEMENT, LLC",IL,4945.0,2024,Theft,Paper Records,Yes
,False,WESTERN MONTANA MENTAL HEALTH CENTER,MT,86758.0,2024,Hacking/IT Incident,Network Server,No
,False,"TRIHEALTH H, LLC D/B/A TRIHEALTH PHYSICIAN PARTNERS (“TRIHEALTH”)",OH,36753.0,2024,Hacking/IT Incident,Electronic Medical Record (EMR),Yes
,False,OPTION CARE HEALTH,IL,2897.0,2024,Hacking/IT Incident,Email,No
,False,"EQUINOX, INC.",NY,21565.0,2024,Hacking/IT Incident,Network Server,No
,False,VPS OF MI PLLC,MI,20604.0,2024,Hacking/IT Incident,Network Server,No
,False,"ATHENAHEALTH, INC.",MA,1974.0,2024,Unauthorized Access/Disclosure,Network Server,Yes
,False,VILLAGE PHARMACY GROUP,MA,584.0,2024,Hacking/IT Incident,Email,No
,False,VILLA ST. FRANCIS CATHOLIC CARE CENTER,KS,2522.0,2024,Hacking/IT Incident,Electronic Medical Record (EMR),Yes
,False,"APERION CARE MARSEILLES, LLC",IL,1052.0,2024,Hacking/IT Incident,Network Server,Yes
,False,"BERKSHIRE NURSING & REHAB CENTER, LLC",IL,4237.0,2024,Hacking/IT Incident,Network Server,Yes
,False,"THE ARBORS OPERATOR, LLC",IN,2808.0,2024,Hacking/IT Incident,Network Server,Yes
,False,ATHENS COUNTY BOARD OF DEVELOPMENTAL DISABILITIES,OH,1458.0,2024,Hacking/IT Incident,Network Server,No
,False,"ENSO COUNSELING GROUP, PLLC",NH,943.0,2024,Unauthorized Access/Disclosure,Email,No
,False,PINNACLE CLAIMS MANAGEMENT,CA,1119.0,2024,Hacking/IT Incident,Network Server,Yes
,False,ARDON HEALTH,OR,10098.0,2024,Hacking/IT Incident,Email,No
,False,"VANN VIRGINIA CENTER FOR ORTHOPAEDICS, PC DBA ATLANTIC ORTHOPAEDIC SPECIALISTS",VA,15264.0,2024,Hacking/IT Incident,Email,No
,False,"GREEN CASTLE RECOVERY CENTER DBA, SANFORD BEHAVIORAL HEALTH",MI,703.0,2024,Hacking/IT Incident,Email,No
,False,"EAST PARIS INTERNAL MEDICINE ASSOCIATES, PC",MI,5239.0,2024,Unauthorized Access/Disclosure,Email,No
,False,PAVILION OF BRIDGEVIEW,IL,1407.0,2024,Hacking/IT Incident,Electronic Medical Record (EMR),Yes
,False,GEORGIA DEPARTMENT OF PUBLIC HEALTH,GA,532.0,2024,Hacking/IT Incident,Email,No
,False,"CONTINENTAL CAFE HOLDINGS, LLC HEALTH PLAN",MI,5039.0,2024,Hacking/IT Incident,Network Server,No
,False,COLONIAL BEHAVIORAL HEALTH,VA,29930.0,2024,Hacking/IT Incident,Network Server,No
,False,HARDIN COUNTY EMERGENCY MEDICAL SERVICES,KY,1046.0,2024,Hacking/IT Incident,Email,No
,False,"JEFFERSON DENTAL CENTER, INC.",IN,12340.0,2024,Hacking/IT Incident,Network Server,No
,False,SAG-AFTRA HEALTH PLAN,CA,98474.0,2024,Hacking/IT Incident,Email,No
,False,VILLAGE OF ELM GROVE,WI,668.0,2024,Hacking/IT Incident,Network Server,No
,False,"FC COMPASSUS, LLC",TN,2703.0,2024,Hacking/IT Incident,Email,Yes
,False,VETERANS HEALTH ADMINISTRATION,DC,2302.0,2024,Hacking/IT Incident,Network Server,Yes
,False,CENTER FOR VEIN RESTORATION,MD,446094.0,2024,Hacking/IT Incident,Network Server,Yes
,False,HARTSON-KENNEDY INC. GROUP BENEFIT PLAN,IN,3600.0,2024,Hacking/IT Incident,Network Server,No
,False,UT SOUTHWESTERN MEDICAL CENTER,TX,43048.0,2024,Unauthorized Access/Disclosure,Email,No
,False,"RUMPKE CONSOLIDATED COMPANIES, INC. & AFFILIATES BENEFITS PLAN",OH,16946.0,2024,Hacking/IT Incident,Network Server,No
,False,INSURED RECOVERY,TN,850.0,2024,Hacking/IT Incident,Network Server,No
,False,"CONNECTONCALL.COM, LLC",DE,914138.0,2024,Hacking/IT Incident,Network Server,Yes
,False,BROCKTON NEIGHBORHOOD HEALTH CENTER,MA,97488.0,2024,Hacking/IT Incident,Network Server,No
,False,"VISIONPOINT EYE CENTER, PLLC",IL,66926.0,2024,Hacking/IT Incident,Network Server,No
,False,MASSACHUSETTS DEPARTMENT OF MENTAL HEALTH,MA,959.0,2024,Loss,Other (Cloud/Portable Media),No
,False,"INDIANA UNIVERSITY HEALTH, AFFILIATED COVERED ENTITY",IN,19827.0,2024,Hacking/IT Incident,Email,No
,False,"OTT CONE & REDPATH, P.A.",NC,22171.0,2024,Hacking/IT Incident,Email,Yes
,False,"CHCM, INC. DBA COLLEGE HOSPITAL COSTA MESA",CA,38695.0,2024,Hacking/IT Incident,Network Server,No
,False,GOLDEN AGE HOME HEALTH INC.,OK,2280.0,2024,Hacking/IT Incident,Network Server,No
,False,CARDIOLOGY ASSOCIATES OF MOBILE,AL,172678.0,2024,Hacking/IT Incident,Network Server,No
,False,AETNA ACE,CT,1317.0,2024,Unauthorized Access/Disclosure,Other (Cloud/Portable Media),Yes
,False,IN-HOME ATTENDANT SERVICES LTD.,TX,22000.0,2024,Hacking/IT Incident,Network Server,No
,False,"VICKERS ENGINEERING, INC.",MI,857.0,2024,Hacking/IT Incident,Network Server,No
,False,"ALLYSCRIPTS, LLC",AL,776.0,2024,Hacking/IT Incident,Network Server,No
,False,ALTA RESOURCES CORP.,WI,12162.0,2024,Hacking/IT Incident,Network Server,No
,False,"KANSAS CITY HOSPICE, INC",MO,3621.0,2024,Hacking/IT Incident,Network Server,No
,False,"MENORAH LIFE, INC.",FL,2736.0,2024,Hacking/IT Incident,Electronic Medical Record (EMR),No
,False,BCBS OF TX,IL,1028.0,2024,Unauthorized Access/Disclosure,Paper Records,No
,False,YOUTH EASTSIDE SERVICES,WA,23492.0,2024,Hacking/IT Incident,Network Server,No
,False,"WORD & BROWN INSURANCE ADMINISTRATORS, INC.",CA,3223.0,2024,Hacking/IT Incident,Network Server,Yes
,False,DIGNITY HEALTH LASSEN MEDICAL CLINIC,CA,64946.0,2024,Hacking/IT Incident,Network Server,No
,False,LEXINGTON DIAGNOSTIC CENTER,KY,29819.0,2024,Hacking/IT Incident,Network Server,No
,False,JUDGE BAKER CHILDREN’S CENTER DBA THE BAKER CENTER FOR CHILDREN AND FAMILIES,MA,2715.0,2024,Hacking/IT Incident,Network Server,No
,False,"LIFETIME PSYCHIATRY, LLC",MO,16926.0,2024,Hacking/IT Incident,Email,No
,False,PACIFIC PULMONARY MEDICAL GROUP,CA,12723.0,2024,Hacking/IT Incident,Network Server,No
,False,"CENTER FOR CHILD DEVELOPMENT, INC",DE,540.0,2025,Unauthorized Access/Disclosure,Email,No
,False,"PRINTCOMM, INC.",MI,3864.0,2025,Unauthorized Access/Disclosure,Paper Records,Yes
271344,True,SIDNEY HEALTH CENTER,MT,1370.0,2025,Unauthorized Access/Disclosure,Email,No
,False,"TRUBRIDGE, INC.",AL,3855.0,2025,Hacking/IT Incident,Email,Yes
,False,"INDIANA UNIVERSITY HEALTH, AFFILIATED COVERED ENTITY",IN,1446.0,2025,Hacking/IT Incident,Email,No
,False,"MCNALL & ASSOCIATES, P.C.",AK,10175.0,2025,Hacking/IT Incident,Network Server,Yes
,False,"LIFEBRIDGE HEALTH, INC",MD,25895.0,2025,Hacking/IT Incident,Email,No
,False,HERITAGE HEALTH CARE,OH,12162.0,2025,Hacking/IT Incident,Network Server,Yes
,False,"HCF OF WASHINGTON INC. (""COURT HOUSE MANOR"")",OH,2489.0,2025,Hacking/IT Incident,Network Server,Yes
,False,"HCF OF WARREN INC. (""WARREN MANOR"")",PA,2709.0,2025,Hacking/IT Incident,Network Server,Yes
,False,"HCF OF HEMPFIELD INC. (""HEMPFIELD MANOR"")",PA,4744.0,2025,Hacking/IT Incident,Network Server,Yes
,False,"HCF OF WAPAKONETA INC. (""WAPAKONETA MANOR"")",OH,1862.0,2025,Hacking/IT Incident,Network Server,Yes
,False,"HCF OF VAN WERT INC. (""VAN WERT MANOR"")",OH,1604.0,2025,Hacking/IT Incident,Network Server,Yes
,False,"HCF OF SWEDEN VALLEY INC. (""SWEDEN VALLEY MANOR"")",PA,1768.0,2025,Hacking/IT Incident,Network Server,Yes
,False,"HCF OF SHAWNEE INC. (""SHAWNEE MANOR"")",OH,4395.0,2025,Hacking/IT Incident,Network Server,Yes
,False,"HCF OF ROSELAWN INC. (""ROSELAWN MANOR"")",OH,1208.0,2025,Hacking/IT Incident,Network Server,Yes
,False,"HCF OF PIQUA INC. (""PIQUA MANOR"")",OH,2969.0,2025,Hacking/IT Incident,Network Server,Yes
,False,"HCF OF PERRYSBURG INC. (""MANOR AT PERRYSBURG"")",OH,2704.0,2025,Hacking/IT Incident,Network Server,Yes
,False,"HCF OF GARBRY RIDGE (""GARBRY RIDGE"")",OH,512.0,2025,Hacking/IT Incident,Network Server,Yes
,False,"HCF OF BRADFORD INC. (""BRADFORD MANOR"")",PA,1565.0,2025,Hacking/IT Incident,Network Server,Yes
,False,"HCF OF FOSTORIA INC. (""ST. CATHERINE'S MANOR OF FOSTORIA"")",OH,1253.0,2025,Hacking/IT Incident,Network Server,Yes
,False,"HCF OF FINDLAY INC. (""FOX RUN MANOR"")",OH,3986.0,2025,Hacking/IT Incident,Network Server,Yes
,False,"HCF OF FAIRVIEW INC. (""FAIRVIEW MANOR"")",PA,2935.0,2025,Hacking/IT Incident,Network Server,Yes
,False,"HCF OF EDINBORO INC. (""EDINBORO MANOR"")",PA,2844.0,2025,Hacking/IT Incident,Network Server,Yes
,False,"HCF OF CRESTVIEW INC. (""VILLAGE AT THE GREENE"")",OH,1944.0,2025,Hacking/IT Incident,Network Server,Yes
,False,"HCF OF COURT HOUSE INC. (""ST. CATHERINE'S MANOR OF WASHINGTON COURT HOUSE"")",OH,3012.0,2025,Hacking/IT Incident,Network Server,Yes
,False,"HCF OF CORRY INC. (""CORRY MANOR"")",PA,2620.0,2025,Hacking/IT Incident,Network Server,Yes
,False,"HCF OF CELINA INC. (""CELINA MANOR"")",OH,2321.0,2025,Hacking/IT Incident,Network Server,Yes
,False,"HCF OF BRIARWOOD INC. (""BRIARWOOD VILLAGE"")",OH,2650.0,2025,Hacking/IT Incident,Network Server,Yes
,False,"HCF OF BOWLING GREEN, INC. (""BOWLING GREEN MANOR"")",OH,3500.0,2025,Hacking/IT Incident,Network Server,Yes
,False,MHMR CONCHO VALLEY,TX,1338.0,2025,Hacking/IT Incident,Email,No
,False,BUILDING SERVICE EMPLOYEES INSURANCE HEALTH AND WELFARE PLAN,MO,980.0,2025,Theft,Paper Records,No
,False,"HCF OF FOX RUN INC. (""THE MANOR AT GREENDALE"")",OH,2333.0,2025,Hacking/IT Incident,Network Server,Yes
360020,True,SUMMA HEALTH,OH,874.0,2025,Unauthorized Access/Disclosure,Electronic Medical Record (EMR),No
,False,VETERANS HEALTH ADMINISTRATION,DC,1847.0,2025,Unauthorized Access/Disclosure,Paper Records,No
,False,HAN VAN DUONG M.D. INC,CA,1571.0,2025,Theft,Physical Device (Workstation/Laptop),No
,False,"BANKERS COOPERATIVE GROUP, INC.",NJ,14403.0,2025,Hacking/IT Incident,Email,Yes
,False,"SQUARE MEDICAL GROUP, LLC",MA,2363.0,2025,Unauthorized Access/Disclosure,Email,Yes
,False,TEXAS HEALTH AND HUMAN SERVICES COMMISSION,TX,61104.0,2025,Unauthorized Access/Disclosure,Physical Device (Workstation/Laptop),No
,False,ALLIANT HEALTH PLANS,GA,695.0,2025,Unauthorized Access/Disclosure,Paper Records,No
,False,"OU MEDICINE, INC.",OK,2537.0,2025,Hacking/IT Incident,Email,No
,False,LITTLESTAR ABA THERAPY,IN,2530.0,2025,Hacking/IT Incident,Email,No
,False,"ENDO GROUP, LLC",NY,4498.0,2025,Hacking/IT Incident,Email,No
,False,"CARDIOLOGY OF VIRGINIA, INC.",VA,21085.0,2025,Hacking/IT Incident,Network Server,No
,False,ST CLAIR ORTHOPAEDICS & SPORTS MEDICINE,MI,340000.0,2025,Hacking/IT Incident,Network Server,No
,False,"LUCENT HEALTH SOLUTIONS, LLC",TN,37000.0,2025,Hacking/IT Incident,Email,Yes
,False,"INFOSYS PUBLIC SERVICES, INC. (“INFOSYS”)",MD,2985.0,2025,Unauthorized Access/Disclosure,Network Server,Yes
,False,JEWISH CHILD CARE ASSOCIATION OF NEW YORK,NY,1962.0,2025,Hacking/IT Incident,Network Server,Yes
,False,CATHOLIC CHARITIES WEST MICHIGAN,MI,45115.0,2025,Hacking/IT Incident,Network Server,No
,False,INSURANCE ACE/HUMANA INC.,KY,8553.0,2025,Unauthorized Access/Disclosure,Paper Records,Yes
,False,THE LEAGUE TREATMENT CENTER,NY,1826.0,2025,Hacking/IT Incident,Network Server,No
,False,ST. ANDREW’S RESOURCES FOR SENIORS SYSTEM,MO,4434.0,2025,Hacking/IT Incident,Email,No
,False,AUTHORITY OF THE CITY OF BAINBRIDGE AND DECATUR COUNTY (“MEMORIAL HOSPITAL & MANOR”),GA,120085.0,2025,Hacking/IT Incident,Network Server,No
,False,"HEARTLAND MEDICAL CLINIC, INC. DBA HEARTLAND COMMUNITY HEALTH CENTER",KS,43768.0,2025,Hacking/IT Incident,Email,No
,False,NEW ERA LIFE INSURANCE COMPANIES,TX,335506.0,2025,Hacking/IT Incident,Network Server,No
,False,OTTAWA FAMILY PHYSICIANS,KS,19460.0,2025,Hacking/IT Incident,Network Server,No
,False,PRECISION ORTHOPEDICS AND SPORTS MEDICINE,MD,1903.0,2025,Hacking/IT Incident,Email,No
281301,True,FILLMORE COUNTY HOSPITAL,NE,3535.0,2025,Hacking/IT Incident,Email,No
510022,True,CHARLESTON AREA MEDICAL CENTER,WV,67413.0,2025,Hacking/IT Incident,Email,No
,False,LIFE UNIVERSITY,GA,3389.0,2025,Hacking/IT Incident,Network Server,No
,False,CENTRAL NEW YORK CARDIOLOGY,NY,93983.0,2025,Hacking/IT Incident,Network Server,No
,False,"HEALTHREV PARTNERS, LLC",MO,1446.0,2025,Hacking/IT Incident,Email,Yes
,False,ROSWELL PARK COMPREHENSIVE CANCER CENTER,NY,11435.0,2025,Theft,Other (Cloud/Portable Media),No
,False,BASSFORD REMELE P.A.,MN,4435.0,2025,Hacking/IT Incident,Email,Yes
,False,ARTISTIC FAMILY DENTAL,IN,3915.0,2025,Hacking/IT Incident,Network Server,No
,False,ATLANTIS OPERATING LLC D/B/A THE PHOENIX REHABILITATION AND NURSING CENTER,NY,6459.0,2025,Hacking/IT Incident,Electronic Medical Record (EMR),Yes
,False,"HHH ACQUISITION, LLC D/B/A THE GROVE AT VALHALLA REHABILITATION AND NURSING CENTER",NY,4196.0,2025,Hacking/IT Incident,Electronic Medical Record (EMR),Yes
,False,SMC CORPORATION OF AMERICA,IN,6566.0,2025,Hacking/IT Incident,Network Server,No
,False,STRAM CENTER FOR INTEGRATIVE MEDICINE,NY,15263.0,2025,Theft,Paper Records,No
,False,UNITED COMMUNITY HEALTH CENTER,IA,750.0,2025,Hacking/IT Incident,Email,No
,False,"NVW NEWCO, LLC",AZ,3232.0,2025,Unauthorized Access/Disclosure,Email,No
,False,"LEGACY PROFESSIONALS, LLP",IL,216752.0,2025,Hacking/IT Incident,Network Server,Yes
,False,BLUE SHIELD OF CALIFORNIA,CA,624.0,2025,Unauthorized Access/Disclosure,Electronic Medical Record (EMR),No
,False,"SCOTT COUNTY, IOWA",IA,4336.0,2025,Hacking/IT Incident,Email,No
,False,"BAY COVE HUMAN SERVICES, INC.",MA,21295.0,2025,Hacking/IT Incident,Network Server,No
,False,VERNON REHABILITATION AND HEALTHCARE CENTER,CT,5416.0,2025,Hacking/IT Incident,Network Server,No
,False,SUTERA & JONES SURGICAL PODIATRY A DIVISION OF PACE FOOT AND ANKLE CENTER,PA,602.0,2025,Theft,Physical Device (Workstation/Laptop),No
,False,"UNITED SEATING AND MOBILITY, LLC D/B/A NUMOTION",TN,529004.0,2025,Hacking/IT Incident,Email,No
,False,"HAND & PLASTIC SURGERY CENTRE, PLC",MI,19846.0,2025,Hacking/IT Incident,Network Server,No
,False,"SUNFLOWER MEDICAL GROUP, P.A.",KS,220968.0,2025,Hacking/IT Incident,Network Server,No
,False,ST. CHARLES COUNTY AMBULANCE DISTRICT,MO,1265.0,2025,Hacking/IT Incident,Email,No
,False,ROCKY MOUNTAIN REGIONAL VA MEDICAL CENTER,CO,1115.0,2025,Unauthorized Access/Disclosure,Email,No
,False,VISION UPRIGHT MRI,CA,23031.0,2025,Unauthorized Access/Disclosure,Network Server,No
,False,"OCH REGIONAL MEDICAL CENTER, MS",MS,51266.0,2025,Unauthorized Access/Disclosure,Other (Cloud/Portable Media),No
,False,PACE GREATER NEW ORLEANS,LA,715.0,2025,Unauthorized Access/Disclosure,Email,No
,False,"CHC SOLUTIONS, INC.",PA,794.0,2025,Hacking/IT Incident,Email,No
,False,LAKE PSYCHOLOGICAL SERVICES,PA,987.0,2025,Hacking/IT Incident,Network Server,No
,False,"COTTRILL’S PHARMACY, INC. DBA COTTRILL’S SPECIALTY PHARMACY",NY,2348.0,2025,Hacking/IT Incident,Network Server,No
,False,DOVE HEALTHCARE,WI,16255.0,2025,Hacking/IT Incident,Network Server,No
,False,MEIGS COUNTY EMERGENCY MEDICAL SERVICES,OH,5802.0,2025,Hacking/IT Incident,Email,No
,False,PINELAND COMMUNITY SERVICE BOARD,GA,19010.0,2025,Hacking/IT Incident,Network Server,No
,False,SPECIAL TREE LTD.,MI,3820.0,2025,Hacking/IT Incident,Network Server,No
,False,GRAPHIUM HEALTH,UT,1187.0,2025,Unauthorized Access/Disclosure,Paper Records,Yes
,False,PAR REHAB,MI,4300.0,2025,Hacking/IT Incident,Email,No
,False,"FUNDAMENTAL ADMINISTRATIVE SERVICES, LLC",MD,56325.0,2025,Hacking/IT Incident,Network Server,Yes
,False,WILLIAM F RINEHART DMD PA,SC,25000.0,2025,Hacking/IT Incident,Network Server,No
,False,MAK ANESTHESIA,GA,24079.0,2025,Hacking/IT Incident,Network Server,Yes
,False,GEORGIA UROLOGY,GA,12398.0,2025,Hacking/IT Incident,Email,No
,False,APRIA HEALTHCARE LLC,IN,713.0,2025,Unauthorized Access/Disclosure,Paper Records,No
,False,SAMARITAN'S PURSE,NC,2351.0,2025,Hacking/IT Incident,Email,Yes
,False,SENTARA HEALTH,VA,1620.0,2025,Unauthorized Access/Disclosure,Electronic Medical Record (EMR),No
,False,"COSE HEALTHCLOUD SOLUTIONS, LLC",AZ,2606.0,2025,Unauthorized Access/Disclosure,Network Server,No
,False,HOWARD HEALTH SYSTEMS DBA HOWARD MEMORIAL HOSPITAL,AR,17703.0,2025,Hacking/IT Incident,Network Server,No
,False,"GILEAD SCIENCES, INC.",CA,12224.0,2025,Unauthorized Access/Disclosure,Paper Records,Yes
,False,WORTHINGTON STEEL HEALTH AND WELFARE PLAN,OH,4078.0,2025,Hacking/IT Incident,Network Server,No
,False,CENTRAL TEXAS PEDIATRIC ORTHOPEDICS,TX,140000.0,2025,Hacking/IT Incident,Network Server,No
,False,HEBREW HOME FOR AGED DISABLED D/B/A SAN FRANCISCO CAMPUS FOR JEWISH LIVING,CA,2568.0,2025,Hacking/IT Incident,Email,No
,False,NORTHEAST GEORGIA HEALTH SYSTEM,GA,24849.0,2025,Hacking/IT Incident,Network Server,Yes
,False,"BENEFITS PARTNER, LLC DBA SALUS GROUP*",MI,40177.0,2025,Hacking/IT Incident,Email,Yes
,False,CALIFORNIA CORRECTIONAL HEALTH CARE SERVICES,CA,4105.0,2025,Unauthorized Access/Disclosure,Email,No
,False,BOUDREAUX’S SPECIALTY COMPOUNDING PHARMACY,LA,6270.0,2025,Hacking/IT Incident,Network Server,No
,False,ERLANGER HEALTH,TN,3193.0,2025,Hacking/IT Incident,Network Server,Yes
441310,True,RHEA MEDICAL CENTER,TN,8309.0,2025,Hacking/IT Incident,Network Server,Yes
,False,YALE NEW HAVEN HEALTH SYSTEM,CT,5556702.0,2025,Hacking/IT Incident,Network Server,No
,False,WHITMAN COUNTY PUBLIC HOSPITAL DISTRICT NO. 3,WA,63453.0,2025,Hacking/IT Incident,Network Server,No
,False,"ALTERNATE SOLUTIONS HEALTH NETWORK, LLC",OH,93589.0,2025,Hacking/IT Incident,Email,No
,False,BASSETT HEALTHCARE NETWORK,NY,5565.0,2025,Unauthorized Access/Disclosure,Email,No
,False,SCHARNHORST AST KENNARD GRIFFIN PC,MO,639.0,2025,Hacking/IT Incident,Email,Yes
,False,HIGHLAND RIVERS BEHAVIORAL HEALTH,GA,2253.0,2025,Hacking/IT Incident,Network Server,Yes
,False,THRIVE PHYSICAL THERAPY PARTNERS,IL,3403.0,2025,Hacking/IT Incident,Email,Yes
,False,CARDIOLOGY ASSOCIATES OF FREDERICKSBURG,VA,75476.0,2025,Hacking/IT Incident,Network Server,No
,False,"WPM PATHOLOGY LABORATORY, CHARTERED",KS,5694.0,2025,Hacking/IT Incident,Network Server,Yes
,False,LANGDON PRAIRIE HEALTH,ND,1152.0,2025,Unauthorized Access/Disclosure,Email,No
,False,"UNION HEALTH SYSTEM, INC.",IN,262831.0,2025,Hacking/IT Incident,Network Server,Yes
,False,RHEUMATOLOGY ASSOCIATES OF BALTIMORE,MD,28968.0,2025,Hacking/IT Incident,Network Server,Yes
,False,HORIZON BEHAVIORAL HEALTH,VA,49303.0,2025,Hacking/IT Incident,Network Server,No
,False,CHARLESTON FIRE DEPARTMENT,WV,2583.0,2025,Hacking/IT Incident,Email,No
,False,"CITY OF BRISTOL, TENNESSEE",TN,4708.0,2025,Hacking/IT Incident,Network Server,Yes
,False,ELIZA JENNINGS SENIOR CARE NETWORK,OH,845.0,2025,Hacking/IT Incident,Network Server,No
,False,"MARC IRWIN SHARFMAN, M.D., P.A.",FL,650.0,2025,Hacking/IT Incident,Network Server,Yes
,False,"PRESTONWOOD BAPTIST CHURCH, INC.",TX,501.0,2025,Hacking/IT Incident,Network Server,No
,False,"THE NEUROLOGICAL INSTITUTE OF SAVANNAH & CENTER FOR SPINE, P.C",GA,32548.0,2025,Hacking/IT Incident,Network Server,No
,False,SHELBY DERMATOLOGY D.B.A DERMATOLOGISTS OF BIRMINGHAM,AL,86414.0,2025,Hacking/IT Incident,Network Server,No
,False,LINCOLN NATIONAL CORPORATION D/B/A LINCOLN FINANCIAL,IN,1123.0,2025,Hacking/IT Incident,Network Server,Yes
,False,"ARIZONA ARTHRITIS AND RHEUMATOLOGY ASSOCIATES, P.C.",AZ,5509.0,2025,Hacking/IT Incident,Email,No
,False,SCHEWITZ PSYCHOLOGICAL SERVICES DBA COUPLES LEARN,ME,3700.0,2025,Hacking/IT Incident,Network Server,No
,False,"PRIMARY HEALTH CARE, INC.",IA,787.0,2025,Unauthorized Access/Disclosure,Email,No
,False,"MARLBORO-CHESTERFIELD PATHOLOGY, P.C.",NC,235911.0,2025,Hacking/IT Incident,Network Server,No
,False,"THE CARING HEALTHCARE NETWORK, LLC",PA,1019.0,2025,Unauthorized Access/Disclosure,Paper Records,No
,False,"SERVICEAIDE, INC.",CA,483126.0,2025,Unauthorized Access/Disclosure,Network Server,Yes
,False,"INSIDER VISION, LLC",CO,1426.0,2025,Unauthorized Access/Disclosure,Email,No
,False,MIDLOTHIAN PHARMACY COMPOUNDING & PRESCRIPTION,TX,1000.0,2025,Unauthorized Access/Disclosure,Email,No
,False,BALANCE AUTISM,IA,1281.0,2025,Hacking/IT Incident,Network Server,No
,False,RADIOLOGY CHARTERED,WI,12656.0,2025,Hacking/IT Incident,Network Server,Yes
500026,True,SWEDISH EDMONDS HOSPITAL,WA,886.0,2025,Hacking/IT Incident,Network Server,No
,False,"FAMILY HEALTH SERVICES, INC.",NE,4025.0,2025,Hacking/IT Incident,Network Server,Yes
310047,True,SHORE MEDICAL CENTER,NJ,31177.0,2025,Hacking/IT Incident,Network Server,Yes
,False,UCHICAGO MEDICINE MEDICAL GROUP,IL,38656.0,2025,Hacking/IT Incident,Network Server,Yes
,False,MEDSTAR ST. MARY'S HOSPITAL,MD,172915.0,2025,Hacking/IT Incident,Network Server,Yes
,False,"CAREOREGON, INC.",OR,1786.0,2025,Hacking/IT Incident,Email,No
,False,OCUCO INC,FL,240961.0,2025,Hacking/IT Incident,Network Server,Yes
,False,AFFIRMEDRX PBC,KY,1089.0,2025,Unauthorized Access/Disclosure,Paper Records,Yes
,False,SELECT MEDICAL HOLDINGS CORPORATION,PA,119525.0,2025,Hacking/IT Incident,Network Server,Yes
,False,SENTARA HEALTH,VA,13278.0,2025,Unauthorized Access/Disclosure,Electronic Medical Record (EMR),No
,False,"APEX GLOBAL SOLUTIONS, LLC",NY,14741.0,2025,Hacking/IT Incident,Physical Device (Workstation/Laptop),Yes
,False,ARKANSAS UROLOGY ASSOCIATES PA,AR,642.0,2025,Unauthorized Access/Disclosure,Email,No
,False,CERNER CORPORATION,MO,501.0,2025,Hacking/IT Incident,Network Server,Yes
,False,CALIFORNIA CANCER ASSOCIATES FOR RESEARCH AND EXCELLENCE - FRESNO,CA,7670.0,2025,Hacking/IT Incident,Email,Yes
,False,"E+ ONCOLOGICS LOUISIANA, LLC",LA,8270.0,2025,Hacking/IT Incident,Email,Yes
,False,GOLDEN STATE RADIATION ONCOLOGY,CA,2130.0,2025,Hacking/IT Incident,Email,Yes
,False,MOJAVE RADIATION ONCOLOGY MEDICAL GROUP,CA,4403.0,2025,Hacking/IT Incident,Email,Yes
,False,PET IMAGING OF SUGAR LAND,TX,1808.0,2025,Hacking/IT Incident,Email,Yes
,False,"SOUTH GEORGIA CENTER FOR CANCER CARE, LLC",GA,4108.0,2025,Hacking/IT Incident,Email,Yes
,False,KOTEL ATX PLLC DBA HEADING HEALTH,TX,650.0,2025,Unauthorized Access/Disclosure,Email,No
,False,"COMMUNITY HEALTH NETWORK, INC.",IN,15410.0,2025,Hacking/IT Incident,Email,No
,False,REGIONAL CENTER OF THE EAST BAY,CA,689.0,2025,Unauthorized Access/Disclosure,Physical Device (Workstation/Laptop),No
,False,JACK L MARCUS,WI,705.0,2025,Unauthorized Access/Disclosure,Network Server,Yes
,False,ABC HOLDING COMPANY,WV,1300.0,2025,Unauthorized Access/Disclosure,Paper Records,Yes
,False,OB/GYN MEDICAL CENTER ASSOCIATES,TX,2132.0,2025,Hacking/IT Incident,Network Server,Yes
,False,VALLEY MOUNTAIN REGIONAL CENTER,CA,529.0,2025,Unauthorized Access/Disclosure,Network Server,No
,False,AVALA HOLDINGS,LA,22732.0,2025,Hacking/IT Incident,Email,No
,False,WEST TEXAS ORAL FACIAL SURGERY,TX,11151.0,2025,Hacking/IT Incident,Network Server,No
,False,ANDERSON & KREIGER LLP,MA,1607.0,2025,Hacking/IT Incident,Network Server,Yes
,False,INTEGRATED ORTHOPEDICS OF ARIZONA,AZ,2916.0,2025,Hacking/IT Incident,Email,No
,False,UNIVERSITY OF MICHIGAN/MICHIGAN MEDICINE,MI,1015.0,2025,Unauthorized Access/Disclosure,Paper Records,No
,False,CANCER CARE CENTER OF NORTH FLORIDA,FL,1798.0,2025,Hacking/IT Incident,Network Server,Yes
,False,BEHAVIORAL HEALTH GROUP,TX,597.0,2025,Hacking/IT Incident,Email,No
,False,ASPIRE RURAL HEALTH SYSTEM,MI,138386.0,2025,Unauthorized Access/Disclosure,Network Server,No
,False,REHABILITATION SUPPORT SERVICES,NY,1237.0,2025,Hacking/IT Incident,Network Server,Yes
151313,True,WOODLAWN HOSPITAL,IN,62278.0,2025,Hacking/IT Incident,Network Server,No
,False,NORTHWEST MEDICAL SPECIALTIES PLLC,WA,3864.0,2025,Hacking/IT Incident,Network Server,No
,False,CHILDREN'S CENTER OF HAMDEN,CT,5213.0,2025,Hacking/IT Incident,Network Server,No
,False,"MERIDIAN VALLEY LABORATORIES, INC.",WA,16341.0,2025,Hacking/IT Incident,Network Server,No
,False,SENTARA HEALTH,VA,696.0,2025,Unauthorized Access/Disclosure,Paper Records,No
,False,"ROUSH FENWAY KESELOWSKI RACING, LLC",NC,2160.0,2025,Hacking/IT Incident,Network Server,No
,False,GOSHEN MEDICAL CENTER,NC,456385.0,2025,Hacking/IT Incident,Network Server,No
,False,THE UNIVERSITY OF NORTH CAROLINA AT CHAPEL HILL - SCHOOL OF MEDICINE,NC,799.0,2025,Hacking/IT Incident,Email,No
340061,True,UNC HOSPITALS,NC,6377.0,2025,Hacking/IT Incident,Email,No
,False,"HERR FOODS, INC.",PA,1164.0,2025,Hacking/IT Incident,Network Server,Yes
,False,"OUTCOMES ONE, INC.",FL,257481.0,2025,Hacking/IT Incident,Email,Yes
,False,NORTH CAROLINA DEPARTMENT OF HEALTH AND HUMAN SERVICES,NC,3437.0,2025,Unauthorized Access/Disclosure,Paper Records,Yes
,False,"THOMAS DAVIES, DPM",NY,14581.0,2025,Hacking/IT Incident,Electronic Medical Record (EMR),No
,False,"SUPERIOR VISION SERVICES, INC.",NY,25341.0,2025,Hacking/IT Incident,Email,Yes
,False,WALGREEN CO.,IL,2708.0,2025,Loss,Paper Records,No
,False,INNOVATIVE PHYSICAL THERAPY,IL,2023.0,2025,Hacking/IT Incident,Email,Yes
,False,"VIBRA HOSPITAL OF SACRAMENTO, LLC",CA,620.0,2025,Hacking/IT Incident,Email,No
,False,DERMATOLOGY ASSOCIATES,KY,501.0,2025,Hacking/IT Incident,Network Server,No
,False,HOUSTON METHODIST SPECIALTY PHYSICIAN GROUP,TX,2329.0,2025,Unauthorized Access/Disclosure,Paper Records,No
,False,"MCELROY & ASSOCIATES, INC.",OK,6633.0,2025,Hacking/IT Incident,Email,Yes
,False,CENTRAL JERSEY MEDICAL CENTER,NJ,88000.0,2025,Hacking/IT Incident,Network Server,No
,False,SAPPHIRE COMMUNITY HEALTH,MT,5617.0,2025,Hacking/IT Incident,Network Server,Yes
101305,True,GEORGE E. WEEMS MEMORIAL HOSPITAL,FL,2607.0,2025,Hacking/IT Incident,Email,No
,False,SEDGEBROOK OPCO SL VII LLC,IL,7382.0,2025,Hacking/IT Incident,Network Server,No
,False,ROCKY MOUNTAIN ONCOLOGY CARE,WY,5615.0,2025,Hacking/IT Incident,Network Server,Yes
,False,BOSCH CHOICE WELFARE BENEFIT PLAN,MI,55000.0,2025,Hacking/IT Incident,Network Server,Yes
,False,FIDELIS CARE NEW YORK,MO,1680.0,2025,Unauthorized Access/Disclosure,Email,No
,False,"RIVER OAKS HOSPITAL & CLINICS, LLC",TX,2742.0,2025,Unauthorized Access/Disclosure,Electronic Medical Record (EMR),No
,False,WISCONSIN DEPARTMENT OF CORRECTIONS,WI,1723.0,2025,Unauthorized Access/Disclosure,Network Server,No
,False,ADVENTIST HEALTHCARE,MD,1300.0,2025,Loss,Paper Records,Yes
,False,"SOMNOSLEEP CONSULTANTS, LLC",VA,913.0,2025,Hacking/IT Incident,Network Server,Yes
,False,ALLEGHANY HEALTH,NC,2187.0,2025,Hacking/IT Incident,Email,No
,False,HEALTH FIRST HEALTH PLANS,FL,1036.0,2025,Hacking/IT Incident,Network Server,Yes
,False,JEWISH FAMILY AND COMMUNITY SERVICES- EAST BAY,CA,987.0,2025,Hacking/IT Incident,Network Server,Yes
,False,"AFFILIATES OF NEXION HEALTH, INC.",MD,1027.0,2025,Unauthorized Access/Disclosure,Email,No
,False,INDIAN HEALTH BOARD OF MINNEAPOLIS,MN,503.0,2025,Unauthorized Access/Disclosure,Network Server,Yes
,False,FRIENDS OF FAMILY HEALTH CENTER,CA,2256.0,2025,Hacking/IT Incident,Network Server,Yes
,False,MISSION NEIGHBORHOOD HEALTH CENTER,CA,3741.0,2025,Hacking/IT Incident,Network Server,Yes
,False,GARDNER HEALTH SERVICES,CA,6197.0,2025,Unauthorized Access/Disclosure,Other (Cloud/Portable Media),Yes
,False,ADVOCATES FOR A HEALTHY COMMUNITY DBA JORDAN VALLEY COMMUNITY HEALTH CENTER,MO,8842.0,2025,Hacking/IT Incident,Network Server,Yes
,False,VARIETY CARE,OK,17163.0,2025,Hacking/IT Incident,Network Server,Yes
,False,"UROLOGY ASSOCIATES OF GREEN BAY, SC",WI,4000.0,2025,Unauthorized Access/Disclosure,Physical Device (Workstation/Laptop),No
,False,SHARE OURSELVES,CA,2864.0,2025,Hacking/IT Incident,Network Server,Yes
,False,MENDOCINO COMMUNITY HEALTH CLINIC INC.,CA,3538.0,2025,Hacking/IT Incident,Network Server,Yes
,False,GOLD COAST HEALTH PLAN,CA,540.0,2025,Hacking/IT Incident,Network Server,Yes
,False,"ABSENTEE SHAWNEE TRIBAL HEALTH AUTHORITY, INC.",OK,1112.0,2025,Hacking/IT Incident,Network Server,Yes
,False,ONE COMMUNITY HEALTH,CA,4309.0,2026,Hacking/IT Incident,Network Server,Yes
,False,HEALTHPOINT FAMILY CARE,KY,7990.0,2026,Unauthorized Access/Disclosure,Email,No
,False,ASIAN AMERICANS FOR COMMUNITY INVOLVEMENT,CA,521.0,2026,Hacking/IT Incident,Network Server,Yes
,False,OPEN DOOR COMMUNITY HEALTH CENTERS,CA,6633.0,2026,Hacking/IT Incident,Network Server,Yes
,False,VALLEY FAMILY HEALTH CARE,ID,4300.0,2026,Unauthorized Access/Disclosure,Electronic Medical Record (EMR),No
,False,SANTA CRUZ COMMUNITY HEALTH,CA,1487.0,2026,Hacking/IT Incident,Network Server,Yes
,False,EXCEL HEALTHCARE RECEIVABLE MANAGEMENT & CONSULTING CORP.,FL,500.0,2026,Hacking/IT Incident,Network Server,No
,False,"COMMUNITY HEALTH CLINICS, INC. DBA TERRY REILLY HEALTH SERVICES",ID,5421.0,2026,Hacking/IT Incident,Electronic Medical Record (EMR),Yes
,False,AXIS COMMUNITY HEALTH,CA,3579.0,2026,Hacking/IT Incident,Network Server,Yes
,False,BAY AREA COMMUNITY HEALTH,CA,9912.0,2026,Hacking/IT Incident,Network Server,Yes
,False,DESCHUTES COUNTY HEALTH SERVICES,OR,1305.0,2026,Hacking/IT Incident,Network Server,Yes
,False,BALTIMORE CITY HEALTH DEPARTMENT,MD,2597.0,2026,Hacking/IT Incident,Network Server,Yes
,False,AXIS HEALTHCARE GROUP P.C.,MD,3537.0,2026,Hacking/IT Incident,Email,No
,False,CHATTANOOGA C.A.R.E.S. D/B/A CEMPA COMMUNITY CARE,TN,1341.0,2026,Unauthorized Access/Disclosure,Other (Cloud/Portable Media),Yes
,False,LIFELONG MEDICAL CARE,CA,70000.0,2026,Unauthorized Access/Disclosure,Other (Cloud/Portable Media),Yes
,False,KO-KWEL WELLNESS CENTER,OR,543.0,2026,Hacking/IT Incident,Network Server,Yes
,False,LA PINE COMMUNITY HEALTH CENTER,OR,1190.0,2026,Hacking/IT Incident,Physical Device (Workstation/Laptop),Yes
