ccn,report_year,y_true,LogisticRegression_proba,LogisticRegression_pred,RandomForest_proba,RandomForest_pred,XGBoost_proba,XGBoost_pred,SV_proba,SVM_pred
10001,2021,0,0.484856,0,0.65895,1,0.581531,1,0.026622,0
10005,2021,0,0.842459,1,0.542228,1,0.153712,0,0.5798,1
10006,2021,0,0.426835,0,0.161748,0,0.060532,0,0.001786,0
10007,2021,0,0.75412,1,0.209973,0,0.031119,0,0.000832,0
10008,2021,0,0.319911,0,0.159571,0,0.038359,0,0.082715,1
10011,2021,0,0.195589,0,0.068687,0,0.00955,0,0.017306,0
10012,2021,0,0.602426,1,0.015251,0,0.009081,0,0.00431,0
10016,2021,0,0.327134,0,0.060681,0,0.034322,0,0.001092,0
10018,2021,0,0.665948,1,0.305171,0,0.111901,0,0.001168,0
10019,2021,0,0.784907,1,0.140268,0,0.132796,0,0.015067,0
10021,2021,0,0.383649,0,0.273621,0,0.095701,0,0.000327,0
10022,2021,0,0.562967,1,0.214556,0,0.04972,0,0.182028,1
10023,2021,0,0.6428,1,0.170249,0,0.103042,0,0.013657,0
10024,2021,0,0.541042,1,0.207957,0,0.085977,0,0.00026,0
10029,2021,0,0.724546,1,0.233753,0,0.136788,0,0.011672,0
10033,2021,0,0.911212,1,0.752544,1,0.297325,0,0.035833,1
10034,2021,0,0.383317,0,0.260911,0,0.212308,0,0.003741,0
10035,2021,0,0.760556,1,0.42874,0,0.526348,1,0.051993,1
10036,2021,0,0.444649,0,0.019518,0,0.004271,0,0.003659,0
10038,2021,0,0.064348,0,0.099996,0,0.014895,0,1.3e-05,0
10039,2021,0,0.938065,1,0.500881,1,0.053057,0,0.002935,0
10040,2021,0,0.378651,0,0.018821,0,0.007758,0,0.000631,0
10044,2021,0,0.235719,0,0.116437,0,0.0366,0,4.1e-05,0
10045,2021,0,0.486469,0,0.253698,0,0.064745,0,0.00796,0
10046,2021,0,0.220921,0,0.078345,0,0.022447,0,0.025734,0
10049,2021,0,0.527644,1,0.02523,0,0.005634,0,0.003068,0
10051,2021,0,0.153417,0,0.042324,0,0.006388,0,0.000502,0
10052,2021,0,0.126352,0,0.09633,0,0.021549,0,0.000117,0
10055,2021,0,0.446075,0,0.015653,0,0.020262,0,0.001863,0
10056,2021,0,0.512015,1,0.077688,0,0.0521,0,0.00558,0
10058,2021,0,0.436563,0,0.220252,0,0.084622,0,0.006021,0
10059,2021,0,0.372115,0,0.321406,0,0.384931,0,0.007868,0
10061,2021,0,0.619439,1,0.102084,0,0.020863,0,0.017601,0
10062,2021,0,0.598497,1,0.254705,0,0.185773,0,0.030501,0
10065,2021,0,0.812026,1,0.429457,0,0.192033,0,0.002917,0
10069,2021,0,0.154373,0,0.051608,0,0.027203,0,0.00078,0
10073,2021,0,0.32368,0,0.326546,0,0.32224,0,0.000185,0
10078,2021,0,0.691372,1,0.17562,0,0.111262,0,0.006553,0
10079,2021,0,0.872611,1,0.236717,0,0.095145,0,0.010486,0
10083,2021,0,0.266495,0,0.006752,0,0.000537,0,7e-06,0
10085,2021,0,0.493858,0,0.207708,0,0.135717,0,0.004884,0
10086,2021,0,0.318329,0,0.148115,0,0.097056,0,0.000552,0
10087,2021,0,0.414381,0,0.307401,0,0.269116,0,2e-05,0
10089,2021,0,0.415106,0,0.11029,0,0.080957,0,0.00082,0
10090,2021,0,0.411652,0,0.136069,0,0.064183,0,0.004439,0
10091,2021,0,0.47613,0,0.268438,0,0.314273,0,0.082031,1
10092,2021,0,0.673442,1,0.645152,1,0.431315,0,0.003472,0
10095,2021,0,0.413597,0,0.327479,0,0.446027,0,0.014213,0
10097,2021,0,0.114723,0,0.155351,0,0.053836,0,0.000496,0
10099,2021,0,0.541379,1,0.331668,0,0.198046,0,0.006858,0
10100,2021,0,0.52187,1,0.266769,0,0.059009,0,0.004757,0
10101,2021,0,0.37353,0,0.088202,0,0.04684,0,0.000387,0
10102,2021,0,0.173735,0,0.192336,0,0.02954,0,0.001492,0
10103,2021,0,0.169839,0,0.058404,0,0.018031,0,0.000463,0
10104,2021,0,0.529184,1,0.065444,0,0.013316,0,0.000189,0
10108,2021,0,0.268199,0,0.07793,0,0.023409,0,0.004134,0
10110,2021,0,0.268952,0,0.156691,0,0.149512,0,0.015904,0
10112,2021,0,0.495348,0,0.136595,0,0.055304,0,0.001221,0
10113,2021,0,0.561698,1,0.192447,0,0.0624,0,0.003192,0
10114,2021,0,0.622019,1,0.251836,0,0.256091,0,0.072477,1
10118,2021,0,0.238867,0,0.001813,0,0.005659,0,0.000647,0
10120,2021,0,0.35027,0,0.275439,0,0.042558,0,0.000441,0
10125,2021,0,0.160779,0,0.188445,0,0.076455,0,5.7e-05,0
10126,2021,0,0.594525,1,0.3257,0,0.336392,0,0.005648,0
10128,2021,1,0.277385,0,0.624735,1,0.798798,1,0.271908,1
10129,2021,0,0.41711,0,0.05611,0,0.005258,0,0.030977,0
10130,2021,0,0.268044,0,0.030986,0,0.002477,0,1.2e-05,0
10131,2021,0,0.608055,1,0.004621,0,0.002818,0,5.4e-05,0
10138,2021,0,0.322838,0,0.148085,0,0.079412,0,0.004176,0
10139,2021,0,0.454024,0,0.049515,0,0.027922,0,0.001204,0
10144,2021,0,0.496739,0,0.119407,0,0.050216,0,0.000317,0
10148,2021,0,0.15312,0,0.178366,0,0.102952,0,0.002467,0
10149,2021,0,0.506968,1,0.018856,0,0.007193,0,0.001475,0
10150,2021,0,0.575164,1,0.162012,0,0.079466,0,0.000421,0
10157,2021,0,0.367989,0,0.22,0,0.093177,0,0.002036,0
10158,2021,0,0.401573,0,0.119564,0,0.03451,0,0.000125,0
10164,2021,0,0.338426,0,0.223949,0,0.088343,0,0.000342,0
10168,2021,0,0.341278,0,0.329668,0,0.149279,0,0.001192,0
10169,2021,0,0.273319,0,0.305451,0,0.04025,0,0.002403,0
10173,2021,0,0.374719,0,0.043451,0,0.014372,0,1.4e-05,0
10174,2021,0,0.200627,0,0.066356,0,0.005249,0,0.001607,0
10175,2021,0,0.152187,0,0.099704,0,0.032469,0,0.001698,0
11300,2021,0,0.393981,0,0.266116,0,0.050197,0,0.000922,0
11302,2021,0,0.484152,0,0.258731,0,0.266017,0,0.135544,1
11304,2021,0,0.31174,0,0.148488,0,0.023731,0,0.016738,0
11305,2021,0,0.448496,0,0.191742,0,0.151298,0,0.000465,0
11306,2021,0,0.477398,0,0.34391,0,0.092483,0,0.038727,1
12006,2021,0,0.040651,0,0.007682,0,0.002847,0,9.7e-05,0
12007,2021,0,0.000185,0,0.015628,0,0.001288,0,3e-05,0
12008,2021,0,0.000246,0,0.000586,0,0.001545,0,9.2e-05,0
12009,2021,0,0.030845,0,0.00038,0,0.003121,0,5.2e-05,0
12010,2021,0,0.048326,0,0.000423,0,0.002013,0,8.6e-05,0
12011,2021,0,0.000202,0,0.000423,0,0.000746,0,3.9e-05,0
12012,2021,0,0.060441,0,0.000423,0,0.002863,0,7.2e-05,0
12014,2021,0,0.000181,0,0.000296,0,0.002321,0,2.2e-05,0
13025,2021,0,0.017965,0,0.029702,0,0.006572,0,2.5e-05,0
13028,2021,0,0.020618,0,0.005723,0,0.00543,0,4e-06,0
13029,2021,0,0.02646,0,0.006008,0,0.005065,0,6e-06,0
13030,2021,0,0.016975,0,0.004548,0,0.003283,0,2e-06,0
13031,2021,0,0.026394,0,0.003416,0,0.001894,0,8.1e-05,0
13032,2021,0,0.019188,0,0.001533,0,0.003499,0,4e-06,0
13033,2021,0,0.013136,0,0.008481,0,0.001878,0,1e-06,0
13300,2021,0,0.875286,1,0.617651,1,0.558352,1,0.001232,0
13301,2021,0,0.809405,1,0.249932,0,0.098225,0,0.000263,0
14000,2021,0,0.185626,0,0.028866,0,0.006438,0,0.009414,0
14006,2021,0,0.26249,0,0.041538,0,0.012278,0,0.003744,0
14007,2021,0,0.002025,0,0.039173,0,0.005307,0,6e-06,0
14012,2021,0,0.445342,0,0.041883,0,0.003648,0,0.001047,0
14014,2021,0,0.422748,0,0.279253,0,0.129215,0,0.002435,0
14016,2021,0,0.00675,0,0.040376,0,0.007847,0,0.000152,0
14017,2021,0,0.372694,0,0.403391,0,0.158737,0,0.012311,0
14018,2021,0,0.002166,0,0.03053,0,0.006543,0,0.001372,0
20001,2021,0,0.638259,1,0.240931,0,0.231413,0,0.004421,0
20006,2021,0,0.273636,0,0.02339,0,0.000472,0,0.002742,0
20008,2021,0,0.803098,1,0.652716,1,0.890574,1,0.019499,0
20012,2021,0,0.57752,1,0.126167,0,0.037961,0,0.014278,0
20017,2021,0,0.242902,0,0.035029,0,0.001869,0,4.3e-05,0
20018,2021,0,0.588579,1,0.617472,1,0.865879,1,0.4394,1
20024,2021,0,0.432831,0,0.464082,0,0.370165,0,0.000727,0
20026,2021,0,0.621165,1,0.197397,0,0.122319,0,0.001788,0
21301,2021,0,0.453604,0,0.240223,0,0.033991,0,0.001294,0
21302,2021,0,0.421309,0,0.129843,0,0.093324,0,0.000631,0
21304,2021,0,0.619849,1,0.238873,0,0.120958,0,0.014486,0
21305,2021,0,0.401563,0,0.078986,0,0.009721,0,0.008977,0
21306,2021,0,0.580064,1,0.240759,0,0.029773,0,0.056363,1
21307,2021,0,0.369974,0,0.106422,0,0.025521,0,0.01656,0
21308,2021,0,0.785219,1,0.337998,0,0.08391,0,0.002084,0
21309,2021,0,0.000361,0,0.265845,0,0.287478,0,0.001745,0
21310,2021,0,0.473072,0,0.203078,0,0.121918,0,0.001356,0
21311,2021,0,0.762517,1,0.252306,0,0.194357,0,2.1e-05,0
21312,2021,0,3e-06,0,0.319888,0,0.268048,0,0.002969,0
21313,2021,0,0.573538,1,0.479308,0,0.479352,0,0.002061,0
21314,2021,0,0.600676,1,0.375751,0,0.379741,0,0.010131,0
22001,2021,0,0.068495,0,0.003317,0,0.000831,0,0.000258,0
24001,2021,0,0.235324,0,0.002711,0,0.00138,0,0.013974,0
24002,2021,0,0.377559,0,0.054441,0,0.005385,0,0.000225,0
30002,2021,0,0.547155,1,0.042207,0,0.015926,0,0.001245,0
30006,2021,0,0.557756,1,0.311188,0,0.020978,0,0.001166,0
30007,2021,0,0.31252,0,0.149523,0,0.009092,0,4.5e-05,0
30010,2021,0,0.491954,0,0.121889,0,0.10257,0,0.001715,0
30011,2021,0,0.415153,0,0.05912,0,0.076412,0,0.00325,0
30012,2021,0,0.424243,0,0.396044,0,0.351081,0,0.088581,1
30013,2021,1,0.730283,1,0.746596,1,0.780845,1,0.443048,1
30014,2021,0,0.357507,0,0.004844,0,0.003081,0,0.000526,0
30016,2021,0,0.461632,0,0.07744,0,0.008949,0,0.034806,1
30022,2021,0,0.100088,0,0.241025,0,0.028899,0,2.7e-05,0
30023,2021,0,0.36096,0,0.133398,0,0.154262,0,0.082327,1
30024,2021,0,0.456327,0,0.255883,0,0.058375,0,0.001783,0
30030,2021,0,0.340476,0,0.075886,0,0.015453,0,0.002377,0
30036,2021,0,0.248794,0,0.244537,0,0.110976,0,0.00214,0
30037,2021,0,0.303264,0,0.034343,0,0.007388,0,0.011921,0
30038,2021,0,0.156466,0,0.003243,0,0.000808,0,0.000581,0
30043,2021,0,0.397365,0,0.150069,0,0.156758,0,0.01598,0
30055,2021,0,0.599409,1,0.256148,0,0.040832,0,0.000461,0
30061,2021,0,0.297208,0,0.079252,0,0.0047,0,0.000474,0
30062,2021,0,0.630693,1,0.447657,0,0.725441,1,0.024841,0
30064,2021,0,0.617662,1,0.088855,0,0.064647,0,0.006728,0
30065,2021,0,0.553031,1,0.028426,0,0.013164,0,0.002324,0
30068,2021,0,0.183543,0,0.116071,0,0.011913,0,0.001343,0
30069,2021,0,0.217715,0,0.04062,0,0.002963,0,7e-06,0
30071,2021,1,0.549324,1,0.652199,1,0.80101,1,0.243192,1
30073,2021,0,0.025354,0,0.198211,0,0.016098,0,5.7e-05,0
30074,2021,0,0.546071,1,0.178855,0,0.074188,0,0.001778,0
30077,2021,0,0.134378,0,0.220286,0,0.032063,0,0.001499,0
30078,2021,0,0.397587,0,0.345768,0,0.307514,0,0.004103,0
30083,2021,0,0.411319,0,0.091473,0,0.013996,0,0.000237,0
30084,2021,0,0.844305,1,0.474759,0,0.404425,0,0.003578,0
30085,2021,0,0.365618,0,0.001971,0,0.00532,0,0.000457,0
30087,2021,0,0.27656,0,0.018535,0,0.002065,0,0.000344,0
30088,2021,0,0.335405,0,0.042649,0,0.006627,0,0.000268,0
30089,2021,0,0.483668,0,0.024849,0,0.00475,0,0.000182,0
30092,2021,0,0.244509,0,0.005963,0,0.003717,0,0.003519,0
30093,2021,0,0.486159,0,0.057664,0,0.007159,0,0.006591,0
30094,2021,0,0.239954,0,0.065003,0,0.031291,0,0.000738,0
30101,2021,0,0.127679,0,0.003495,0,0.000725,0,1e-06,0
30103,2021,0,0.655279,1,0.235366,0,0.012226,0,0.006491,0
30105,2021,0,0.273339,0,0.017511,0,0.002832,0,1.7e-05,0
30107,2021,0,0.252276,0,0.097122,0,0.009636,0,0.000181,0
30108,2021,0,0.397953,0,0.163184,0,0.030869,0,0.000106,0
30110,2021,0,0.326037,0,0.049859,0,0.027238,0,0.000358,0
30111,2021,0,0.427764,0,0.025054,0,0.007765,0,0.002016,0
30112,2021,0,0.705953,1,0.186211,0,0.066534,0,0.002881,0
30113,2021,0,0.394154,0,0.406642,0,0.372681,0,0.000901,0
30114,2021,0,0.47032,0,0.022653,0,0.003727,0,0.001039,0
30115,2021,0,0.532582,1,0.024183,0,0.011231,0,0.0065,0
30117,2021,0,0.335028,0,0.075221,0,0.022359,0,0.005949,0
30119,2021,0,0.572652,1,0.271465,0,0.060839,0,0.060264,1
30121,2021,0,0.748929,1,0.111765,0,0.072568,0,0.01362,0
30122,2021,0,0.499693,0,0.032533,0,0.010823,0,0.035404,1
30123,2021,0,0.335113,0,0.00977,0,0.002095,0,0.00037,0
30130,2021,0,0.251115,0,0.066867,0,0.012995,0,0.001482,0
30131,2021,0,0.072947,0,0.103905,0,0.013419,0,0.000276,0
30134,2021,0,0.218663,0,0.1387,0,0.009187,0,0.001508,0
30136,2021,0,0.176043,0,0.12458,0,0.017082,0,0.004777,0
30137,2021,0,0.113468,0,0.152428,0,0.056044,0,0.000811,0
30138,2021,0,0.780257,1,0.056188,0,0.005694,0,0.002075,0
30139,2021,0,0.256854,0,0.049047,0,0.005991,0,0.025222,0
30146,2021,0,0.413386,0,0.071363,0,0.060191,0,0.060646,1
30147,2021,0,0.387158,0,0.153961,0,0.025458,0,0.012183,0
30148,2021,0,0.195217,0,0.033752,0,0.003396,0,7.3e-05,0
31300,2021,0,0.481382,0,0.2997,0,0.144256,0,0.003957,0
31301,2021,0,0.506082,1,0.165491,0,0.07474,0,0.001655,0
31302,2021,0,0.471195,0,0.252381,0,0.059341,0,0.00128,0
31304,2021,0,0.604666,1,0.129982,0,0.020552,0,9.3e-05,0
31305,2021,0,0.000134,0,0.131351,0,0.016008,0,0.000285,0
31307,2021,0,0.041694,0,0.102985,0,0.083407,0,0.004313,0
31308,2021,0,0.029537,0,0.262965,0,0.17238,0,0.000225,0
31309,2021,0,0.343753,0,0.158311,0,0.059514,0,0.001549,0
31311,2021,0,0.256931,0,0.383459,0,0.16895,0,0.003824,0
31312,2021,0,0.575479,1,0.250866,0,0.074458,0,0.001897,0
31313,2021,0,0.289315,0,0.103516,0,0.004316,0,1e-05,0
31314,2021,0,0.306606,0,0.331891,0,0.052177,0,0.011308,0
31315,2021,0,0.492238,0,0.167779,0,0.100806,0,0.008323,0
31317,2021,0,0.394667,0,0.283669,0,0.286412,0,0.195674,1
31318,2021,0,0.386865,0,0.147737,0,0.006806,0,0.000193,0
31319,2021,1,0.565706,1,0.231669,0,0.083787,0,8.2e-05,0
32000,2021,0,0.039762,0,0.000652,0,0.001109,0,9.4e-05,0
32001,2021,0,0.000102,0,0.00159,0,0.000868,0,3e-06,0
32002,2021,0,0.000233,0,0.003351,0,0.004544,0,0.000165,0
32004,2021,0,0.031142,0,0.000565,0,0.003074,0,6.3e-05,0
32005,2021,0,0.00016,0,0.000818,0,0.000669,0,3e-06,0
32006,2021,0,0.027378,0,0.000712,0,0.002539,0,3.2e-05,0
33025,2021,0,0.036794,0,0.013212,0,0.003181,0,1e-05,0
33028,2021,0,0.021992,0,0.015188,0,0.004116,0,4e-06,0
33029,2021,0,0.024225,0,0.014976,0,0.006091,0,3e-05,0
33032,2021,0,0.032529,0,0.009543,0,0.003046,0,1.7e-05,0
33034,2021,0,0.031978,0,0.000106,0,0.003816,0,2e-06,0
33036,2021,0,0.074423,0,0.004402,0,0.006926,0,5.9e-05,0
33037,2021,0,0.022555,0,0.011296,0,0.002724,0,6e-06,0
33038,2021,0,9.9e-05,0,0.044271,0,0.001053,0,2e-06,0
33039,2021,0,0.042283,0,0.001305,0,0.002916,0,0.000151,0
33040,2021,0,0.018634,0,0.012455,0,0.001391,0,1e-06,0
33041,2021,0,0.041774,0,0.002471,0,0.011292,0,0.000122,0
33042,2021,0,0.000206,0,0.008815,0,0.005014,0,9.7e-05,0
33302,2021,1,0.844415,1,0.811978,1,0.896858,1,0.466411,1
34004,2021,0,0.234713,0,0.035422,0,0.031005,0,0.085597,1
34013,2021,0,0.188696,0,0.011316,0,0.002897,0,0.008567,0
34020,2021,0,0.000566,0,0.006466,0,0.002779,0,2.3e-05,0
34021,2021,0,0.358348,0,0.041282,0,0.011809,0,0.000232,0
34022,2021,0,0.234692,0,0.003994,0,0.002253,0,0.000612,0
34023,2021,1,0.504241,1,0.442477,0,0.407175,0,0.233554,1
34024,2021,0,0.183871,0,0.044918,0,0.013802,0,0.007163,0
34025,2021,0,0.592994,1,0.322548,0,0.419883,0,0.00969,0
34026,2021,0,0.1704,0,0.002699,0,0.001771,0,0.003849,0
34028,2021,0,0.191935,0,0.053957,0,0.021972,0,0.007757,0
34029,2021,0,0.137063,0,0.005797,0,0.002299,0,0.003092,0
34030,2021,0,0.352827,0,0.056767,0,0.055051,0,0.000381,0
34031,2021,0,0.239596,0,0.008344,0,0.003361,0,0.156011,1
34032,2021,0,0.244162,0,0.062779,0,0.004467,0,0.000447,0
34033,2021,0,0.092668,0,0.067041,0,0.023768,0,7.5e-05,0
34034,2021,0,0.126576,0,0.062227,0,0.001492,0,8.4e-05,0
34035,2021,0,0.226776,0,0.0375,0,0.018403,0,0.001097,0
34036,2021,0,0.000277,0,0.002999,0,0.002132,0,0.000153,0
34037,2021,0,0.000235,0,0.02012,0,0.003436,0,0.000103,0
34038,2021,0,0.00143,0,0.055853,0,0.019665,0,0.000214,0
40001,2021,0,0.270289,0,0.010201,0,0.003149,0,0.001,0
40002,2021,0,0.40933,0,0.477422,0,0.407437,0,0.015744,0
40004,2021,0,0.767471,1,0.53791,1,0.127017,0,0.005203,0
40007,2021,0,0.335776,0,0.032874,0,0.004466,0,0.000494,0
40010,2021,0,0.415259,0,0.074735,0,0.054188,0,0.008724,0
40011,2021,0,0.220559,0,0.344035,0,0.107921,0,0.003494,0
40014,2021,0,0.728842,1,0.469232,0,0.760719,1,0.191849,1
40015,2021,0,0.193381,0,0.291204,0,0.153655,0,0.001278,0
40016,2021,0,0.034933,0,0.285808,0,0.102041,0,0.03222,0
40017,2021,0,0.752407,1,0.521759,1,0.716374,1,0.021194,0
40018,2021,0,0.07842,0,0.109626,0,0.009128,0,5e-06,0
40019,2021,0,0.260829,0,0.05516,0,0.005815,0,0.000381,0
40020,2021,0,0.240885,0,0.247956,0,0.02111,0,0.001784,0
40022,2021,0,0.470344,0,0.006409,0,0.010886,0,0.00163,0
40026,2021,0,0.31803,0,0.031338,0,0.009545,0,0.003389,0
40027,2021,0,0.750667,1,0.332886,0,0.159348,0,0.087576,1
40029,2021,0,0.5738,1,0.360994,0,0.486034,0,0.075465,1
40036,2021,0,0.269845,0,0.032564,0,0.021617,0,0.004121,0
40039,2021,1,0.517469,1,0.704082,1,0.804256,1,0.156461,1
40041,2021,0,0.527382,1,0.00439,0,0.003122,0,0.000285,0
40047,2021,0,0.106323,0,0.147486,0,0.081953,0,0.000541,0
40050,2021,0,0.564746,1,0.330701,0,0.095976,0,0.001761,0
40051,2021,0,0.292221,0,0.437172,0,0.264241,0,0.008342,0
40055,2021,0,0.338587,0,0.082426,0,0.01493,0,0.000603,0
40062,2021,0,0.153155,0,0.132794,0,0.102121,0,0.003555,0
40067,2021,0,0.396822,0,0.170202,0,0.091454,0,0.00114,0
40069,2021,0,0.465002,0,0.229316,0,0.084122,0,0.012961,0
40071,2021,0,0.538391,1,0.263627,0,0.02275,0,0.00362,0
40072,2021,0,0.506823,1,0.189846,0,0.237937,0,0.00131,0
40076,2021,0,0.323418,0,0.103271,0,0.034929,0,0.000919,0
40078,2021,0,0.511005,1,0.02465,0,0.007354,0,0.027557,0
40084,2021,0,0.485228,0,0.167021,0,0.042081,0,0.006252,0
40085,2021,0,0.077735,0,0.017797,0,0.002337,0,0.000184,0
40088,2021,0,0.814764,1,0.005482,0,0.000468,0,0.001248,0
40114,2021,0,0.558884,1,0.021445,0,0.016101,0,0.011868,0
40118,2021,0,0.437073,0,0.068029,0,0.01834,0,0.0002,0
40119,2021,0,0.807139,1,0.541321,1,0.557636,1,0.00438,0
40132,2021,0,0.075726,0,0.131146,0,0.011556,0,0.00033,0
40134,2021,0,0.289858,0,0.319576,0,0.114506,0,0.000893,0
40137,2021,0,0.133303,0,0.017321,0,0.020345,0,0.002097,0
40147,2021,0,0.298801,0,0.22689,0,0.174042,0,1e-05,0
40152,2021,0,0.049529,0,0.019237,0,0.004969,0,2.1e-05,0
40153,2021,0,0.280584,0,0.126425,0,0.14608,0,0.178454,1
40154,2021,0,0.271134,0,0.104219,0,0.047731,0,0.002516,0
40156,2021,0,0.564622,1,0.14705,0,0.022037,0,0.000203,0
40161,2021,0,0.37755,0,0.21409,0,0.068757,0,0.002521,0
41300,2021,0,0.28427,0,0.058909,0,0.00474,0,0.045075,1
41302,2021,0,0.487516,0,0.172344,0,0.093628,0,0.191267,1
41303,2021,0,0.299456,0,0.02706,0,0.007635,0,0.000495,0
41304,2021,0,0.220867,0,0.06034,0,0.017615,0,0.001563,0
41305,2021,0,0.339633,0,0.037191,0,0.00325,0,0.020762,0
41306,2021,0,0.599492,1,0.223203,0,0.126208,0,0.009341,0
41307,2021,0,0.235858,0,0.195297,0,0.073843,0,0.002565,0
41308,2021,0,0.519452,1,0.284945,0,0.213676,0,0.004454,0
41309,2021,0,0.477865,0,0.289111,0,0.142658,0,0.042811,1
41310,2021,0,0.56326,1,0.270134,0,0.430915,0,0.04591,1
41311,2021,1,0.344128,0,0.42798,0,0.502,1,0.098636,1
41312,2021,0,0.465711,0,0.104133,0,0.122219,0,0.042402,1
41313,2021,0,0.495897,0,0.402754,0,0.327963,0,0.088601,1
41314,2021,0,0.178718,0,0.126349,0,0.051357,0,0.001311,0
41316,2021,0,0.132426,0,0.051677,0,0.011874,0,0.002592,0
41317,2021,0,0.625204,1,0.301392,0,0.07382,0,0.12551,1
41318,2021,0,0.420772,0,0.062936,0,0.009551,0,0.023508,0
41320,2021,0,0.266014,0,0.227734,0,0.083101,0,0.000661,0
41321,2021,0,0.485794,0,0.029168,0,0.004043,0,0.002672,0
41322,2021,0,0.62683,1,0.353196,0,0.141595,0,0.002459,0
41323,2021,0,0.666445,1,0.478129,0,0.369605,0,0.002456,0
41324,2021,0,0.360654,0,0.087212,0,0.015603,0,0.064429,1
41326,2021,0,0.510704,1,0.352578,0,0.045407,0,8.3e-05,0
41327,2021,0,0.484388,0,0.174344,0,0.11646,0,0.044206,1
41328,2021,0,0.398483,0,0.327751,0,0.091688,0,0.020547,0
41329,2021,0,0.371611,0,0.075598,0,0.026234,0,0.002898,0
41330,2021,0,0.381828,0,0.283063,0,0.326559,0,0.002774,0
41331,2021,0,0.51056,1,0.165407,0,0.025798,0,0.05128,1
42004,2021,0,0.000164,0,0.000359,0,0.003044,0,7.7e-05,0
42006,2021,0,0.00024,0,0.00046,0,0.002387,0,5.8e-05,0
42008,2021,0,0.00017,0,0.000581,0,0.003518,0,4.1e-05,0
42009,2021,0,0.000204,0,0.000745,0,0.001353,0,8.1e-05,0
42010,2021,0,0.035263,0,4.3e-05,0,0.00088,0,5.8e-05,0
42011,2021,0,0.070468,0,0.00141,0,0.004377,0,0.000152,0
42012,2021,0,0.055622,0,0.002978,0,0.001003,0,0.000221,0
42013,2021,0,0.000138,0,0.008409,0,0.003099,0,1.7e-05,0
43026,2021,0,0.041593,0,0.003506,0,0.003714,0,5.3e-05,0
43028,2021,0,0.019981,0,0.010487,0,0.004867,0,4e-06,0
43029,2021,0,0.017201,0,0.011514,0,0.003772,0,1e-06,0
43031,2021,0,0.020743,0,0.011006,0,0.010134,0,2e-06,0
43032,2021,0,0.020467,0,0.011744,0,0.004656,0,2e-06,0
43033,2021,0,0.050191,0,0.000546,0,0.003869,0,0.000144,0
43034,2021,0,0.000344,0,0.000328,0,0.000925,0,0.000387,0
43035,2021,0,0.021257,0,0.01044,0,0.005218,0,2e-06,0
43036,2021,0,0.057789,0,0.002144,0,0.004803,0,0.000238,0
43037,2021,0,0.000167,0,0.028258,0,0.002245,0,4.2e-05,0
43300,2021,0,0.782111,1,0.487018,0,0.790598,1,0.006228,0
43301,2021,0,0.899397,1,0.408187,0,0.259763,0,0.002888,0
44004,2021,0,0.159099,0,0.002779,0,0.002256,0,0.000575,0
44005,2021,0,0.255735,0,0.011317,0,0.002568,0,0.036765,1
44006,2021,0,0.131501,0,0.009192,0,0.005042,0,0.000347,0
44007,2021,0,0.1633,0,0.002572,0,0.00107,0,0.000216,0
44011,2021,0,0.299385,0,0.031603,0,0.017291,0,0.00011,0
44019,2021,0,0.184695,0,0.034481,0,0.008198,0,0.002812,0
44020,2021,0,0.156384,0,0.010792,0,0.015901,0,0.00028,0
44021,2021,0,0.001127,0,0.016132,0,0.003446,0,0.000378,0
44022,2021,0,0.119522,0,0.015807,0,0.017883,0,0.000145,0
50002,2021,0,0.280176,0,0.288541,0,0.25717,0,0.000337,0
50006,2021,0,0.74957,1,0.090596,0,0.022382,0,0.17784,1
50007,2021,0,0.25215,0,0.182091,0,0.012623,0,0.000471,0
50008,2021,0,0.270984,0,0.103426,0,0.004686,0,0.00045,0
50009,2021,0,0.567087,1,0.131378,0,0.100322,0,0.056487,1
50013,2021,0,0.549154,1,0.040184,0,0.009287,0,0.003162,0
50014,2021,0,0.467492,0,0.195367,0,0.181364,0,0.053657,1
50017,2021,0,0.372623,0,0.259379,0,0.102244,0,0.057045,1
50022,2021,0,0.307364,0,0.012,0,0.002331,0,1.5e-05,0
50024,2021,0,0.096441,0,0.282824,0,0.592717,1,0.012645,0
50025,2021,0,0.842131,1,0.29567,0,0.018916,0,0.003791,0
50026,2021,0,0.467646,0,0.443292,0,0.428969,0,0.000189,0
50028,2021,0,0.373136,0,0.301081,0,0.054888,0,0.001249,0
50030,2021,0,0.182231,0,0.204918,0,0.243566,0,0.009534,0
50036,2021,0,0.941249,1,0.232854,0,0.094225,0,0.002962,0
50038,2021,0,0.279278,0,0.090039,0,0.043218,0,0.005309,0
50039,2021,0,0.284728,0,0.503892,1,0.234805,0,0.002595,0
50040,2021,0,0.589753,1,0.168897,0,0.085698,0,0.000268,0
50042,2021,0,0.279795,0,0.151036,0,0.028136,0,0.001417,0
50043,2021,0,0.227044,0,0.216705,0,0.033028,0,9.3e-05,0
50045,2021,0,0.685154,1,0.232218,0,0.11553,0,0.00695,0
50047,2021,0,0.137553,0,0.423146,0,0.064108,0,0.003475,0
50054,2021,1,0.348011,0,0.297719,0,0.744896,1,0.224714,1
50055,2021,0,0.247872,0,0.094903,0,0.017237,0,0.003259,0
50056,2021,0,0.858117,1,0.26116,0,0.14225,0,0.001215,0
50057,2021,0,0.711895,1,0.57422,1,0.685861,1,0.008779,0
50058,2021,0,0.375725,0,0.040646,0,0.035519,0,0.001071,0
50060,2021,0,0.680517,1,0.142282,0,0.010859,0,0.001222,0
50063,2021,0,0.461757,0,0.098528,0,0.026656,0,0.000593,0
50067,2021,1,0.699423,1,0.658181,1,0.776378,1,0.300768,1
50069,2021,0,0.312817,0,0.172476,0,0.007537,0,0.004242,0
50070,2021,0,0.260768,0,0.084202,0,0.012562,0,0.000777,0
50071,2021,0,0.251901,0,0.097578,0,0.019634,0,0.000882,0
50072,2021,0,0.282243,0,0.072284,0,0.010194,0,0.005177,0
50073,2021,0,0.227308,0,0.061318,0,0.00798,0,0.000531,0
50075,2021,0,0.195992,0,0.08461,0,0.035532,0,0.001133,0
50076,2021,0,0.087173,0,0.072893,0,0.00738,0,0.00092,0
50077,2021,0,0.537331,1,0.323325,0,0.566213,1,0.00261,0
50078,2021,0,0.078947,0,0.087104,0,0.038414,0,2.6e-05,0
50082,2021,0,0.476605,0,0.076774,0,0.111533,0,0.012676,0
50084,2021,0,0.36776,0,0.420343,0,0.613803,1,0.024512,0
50089,2021,0,0.545736,1,0.09313,0,0.019037,0,0.011689,0
50090,2021,0,0.368262,0,0.312703,0,0.076435,0,0.000597,0
50091,2021,0,0.17716,0,0.064993,0,0.012726,0,0.001416,0
50093,2021,0,0.639568,1,0.460516,0,0.454786,0,0.038301,1
50096,2021,0,0.089892,0,0.02178,0,0.003333,0,2.7e-05,0
50099,2021,0,0.446974,0,0.448194,0,0.127868,0,0.060434,1
50100,2021,0,0.506889,1,0.212933,0,0.129732,0,0.001218,0
50101,2021,0,0.303956,0,0.069087,0,0.046852,0,0.001202,0
50102,2021,0,0.590822,1,0.294852,0,0.079324,0,0.042608,1
50103,2021,0,0.428447,0,0.116435,0,0.017709,0,0.004782,0
50104,2021,0,0.105528,0,0.058756,0,0.005248,0,0.000223,0
50107,2021,0,0.346167,0,0.276036,0,0.025841,0,0.002285,0
50108,2021,0,0.579493,1,0.636043,1,0.592774,1,0.03849,1
50110,2021,0,0.670313,1,0.504776,1,0.439293,0,0.006759,0
50112,2021,0,0.37514,0,0.388935,0,0.205922,0,0.003405,0
50113,2021,0,0.340771,0,0.229468,0,0.215115,0,0.003338,0
50115,2021,0,0.973366,1,0.247577,0,0.172077,0,0.002425,0
50116,2021,0,0.363255,0,0.120907,0,0.189512,0,0.01198,0
50118,2021,0,0.082577,0,0.018932,0,0.014787,0,0.001355,0
50121,2021,0,0.536921,1,0.13264,0,0.033139,0,0.160672,1
50122,2021,0,0.376676,0,0.17246,0,0.088463,0,0.026325,0
50124,2021,0,0.530318,1,0.054741,0,0.060342,0,0.002625,0
50125,2021,0,0.564571,1,0.064403,0,0.049058,0,0.000642,0
50126,2021,0,0.385427,0,0.223977,0,0.221894,0,0.004381,0
50127,2021,0,0.596906,1,0.036026,0,0.01729,0,0.006098,0
50128,2021,0,0.67935,1,0.147287,0,0.090148,0,0.005347,0
50129,2021,0,0.330694,0,0.041247,0,0.013463,0,0.028799,0
50131,2021,0,0.104988,0,0.042657,0,0.002957,0,3.5e-05,0
50132,2021,0,0.126824,0,0.133143,0,0.043813,0,9e-06,0
50133,2021,0,0.426326,0,0.120624,0,0.010414,0,0.000284,0
50135,2021,0,0.035326,0,0.023487,0,0.005716,0,3e-06,0
50136,2021,0,0.316947,0,0.114588,0,0.010716,0,0.002549,0
50137,2021,0,0.074929,0,0.073369,0,0.007437,0,4.6e-05,0
50138,2021,0,0.106214,0,0.05283,0,0.014574,0,0.000127,0
50139,2021,0,0.277971,0,0.080378,0,0.01698,0,0.00253,0
50140,2021,0,0.156784,0,0.09781,0,0.01449,0,0.000117,0
50145,2021,0,0.301469,0,0.481493,0,0.071813,0,0.00127,0
50146,2021,0,0.053064,0,0.480562,0,0.438126,0,3.9e-05,0
50149,2021,0,0.566918,1,0.326794,0,0.117194,0,0.177357,1
50150,2021,0,0.307952,0,0.346994,0,0.470996,0,0.004458,0
50152,2021,0,0.602715,1,0.10211,0,0.01737,0,0.009893,0
50158,2021,0,0.007192,0,0.157565,0,0.003685,0,1.2e-05,0
50159,2021,0,0.860412,1,0.493044,0,0.562551,1,0.004504,0
50167,2021,0,0.627489,1,0.158385,0,0.076324,0,0.000691,0
50168,2021,0,0.30817,0,0.516143,1,0.128474,0,0.028503,0
50169,2021,0,0.764127,1,0.346736,0,0.44197,0,0.037753,1
50174,2021,0,0.430065,0,0.111064,0,0.05032,0,0.009458,0
50179,2021,0,0.361505,0,0.033951,0,0.031464,0,0.000991,0
50180,2021,0,0.415207,0,0.292304,0,0.53524,1,0.004745,0
50191,2021,0,0.383286,0,0.06035,0,0.022595,0,0.012187,0
50192,2021,0,0.255542,0,0.238889,0,0.080762,0,0.001793,0
50194,2021,0,0.362561,0,0.138656,0,0.091092,0,0.075951,1
50195,2021,0,0.601249,1,0.337641,0,0.475352,0,0.005418,0
50197,2021,0,0.743327,1,0.106336,0,0.006697,0,0.003016,0
50204,2021,0,0.436413,0,0.088057,0,0.027745,0,0.004677,0
50211,2021,0,0.460772,0,0.085991,0,0.003612,0,8.4e-05,0
50222,2021,0,0.524577,1,0.334018,0,0.230802,0,0.001346,0
50224,2021,0,0.505022,1,0.473336,0,0.218832,0,0.006204,0
50226,2021,0,0.423198,0,0.197826,0,0.081031,0,0.050197,1
50228,2021,0,0.402529,0,0.183323,0,0.105934,0,0.000556,0
50230,2021,0,0.195465,0,0.229471,0,0.238556,0,0.017612,0
50231,2021,1,0.598897,1,0.713,1,0.911917,1,0.286229,1
50232,2021,0,0.358002,0,0.098405,0,0.00867,0,0.002264,0
50234,2021,0,0.340873,0,0.164018,0,0.037514,0,0.003994,0
50235,2021,0,0.476665,0,0.134917,0,0.349299,0,0.003446,0
50236,2021,1,0.358028,0,0.165579,0,0.087566,0,0.002107,0
50238,2021,0,0.649585,1,0.147515,0,0.174227,0,0.009887,0
50239,2021,0,0.172705,0,0.061036,0,0.026926,0,4.5e-05,0
50242,2021,0,0.47953,0,0.277912,0,0.391892,0,0.011245,0
50243,2021,0,0.289741,0,0.050362,0,0.014373,0,0.000411,0
50245,2021,0,0.70072,1,0.316649,0,0.284229,0,0.000356,0
50248,2021,0,0.466751,0,0.240448,0,0.136358,0,0.005932,0
50254,2021,0,0.596172,1,0.327241,0,0.461669,0,0.01489,0
50257,2021,1,0.309299,0,0.555822,1,0.901057,1,0.280175,1
50261,2021,0,0.654738,1,0.389212,0,0.208552,0,0.001406,0
50262,2021,0,0.802345,1,0.176914,0,0.036224,0,0.00401,0
50272,2021,0,0.567691,1,0.179238,0,0.052059,0,0.051376,1
50276,2021,0,0.656799,1,0.369364,0,0.235758,0,0.00032,0
50278,2021,0,0.590787,1,0.036525,0,0.031398,0,0.126325,1
50279,2021,0,0.681764,1,0.139291,0,0.083669,0,0.004614,0
50280,2021,0,0.517081,1,0.255761,0,0.291443,0,0.127364,1
50281,2021,0,0.601535,1,0.251402,0,0.034927,0,0.001228,0
50283,2021,0,0.580642,1,0.093882,0,0.018893,0,0.037299,1
50289,2021,0,0.35439,0,0.074043,0,0.01638,0,7.4e-05,0
50290,2021,0,0.319738,0,0.058842,0,0.003669,0,0.000749,0
50291,2021,0,0.389954,0,0.137821,0,0.0423,0,0.00579,0
50292,2021,0,0.135179,0,0.13998,0,0.007156,0,0.000489,0
50295,2021,0,0.369462,0,0.22961,0,0.152324,0,0.156094,1
50298,2021,0,0.875742,1,0.074414,0,0.030787,0,0.004139,0
50300,2021,0,0.459969,0,0.140425,0,0.039328,0,0.007206,0
50301,2021,0,0.596453,1,0.272999,0,0.13647,0,0.087038,1
50305,2021,0,0.486594,0,0.331719,0,0.051304,0,0.06641,1
50308,2021,0,0.578638,1,0.582952,1,0.535378,1,0.017964,0
50309,2021,0,0.702491,1,0.258519,0,0.135811,0,0.020889,0
50313,2021,0,0.532042,1,0.08399,0,0.129596,0,0.012088,0
50315,2021,0,0.778941,1,0.346193,0,0.07957,0,0.027749,0
50320,2021,0,0.504108,1,0.128562,0,0.005459,0,0.001529,0
50324,2021,0,0.208101,0,0.097538,0,0.019361,0,5.5e-05,0
50327,2021,0,0.692639,1,0.257275,0,0.015058,0,0.000789,0
50329,2021,0,0.328087,0,0.087124,0,0.017014,0,0.00074,0
50334,2021,0,0.368671,0,0.272008,0,0.045097,0,0.003836,0
50335,2021,0,0.587194,1,0.15218,0,0.04304,0,0.002412,0
50336,2021,0,0.433872,0,0.116993,0,0.03238,0,0.018504,0
50342,2021,0,0.473682,0,0.217386,0,0.060378,0,0.104836,1
50348,2021,0,0.890217,1,0.137247,0,0.032009,0,0.006001,0
50350,2021,0,0.696987,1,0.300787,0,0.053726,0,0.000195,0
50351,2021,1,0.676083,1,0.651832,1,0.778997,1,0.188636,1
50352,2021,0,0.521389,1,0.487044,0,0.411835,0,0.007002,0
50353,2021,0,0.28987,0,0.099457,0,0.015382,0,0.00015,0
50357,2021,0,0.581095,1,0.142048,0,0.027847,0,1.9e-05,0
50360,2021,0,0.686609,1,0.288141,0,0.184464,0,0.001414,0
50367,2021,0,0.365969,0,0.340024,0,0.148784,0,0.092195,1
50373,2021,0,0.957891,1,0.107328,0,0.036473,0,0.003705,0
50376,2021,0,0.983552,1,0.166358,0,0.075665,0,0.002672,0
50378,2021,0,0.141106,0,0.204686,0,0.241695,0,0.00162,0
50380,2021,0,0.410601,0,0.007793,0,0.002066,0,5.2e-05,0
50382,2021,0,0.492776,0,0.284848,0,0.305311,0,0.004228,0
50390,2021,0,0.34963,0,0.012837,0,0.003386,0,0.02255,0
50393,2021,0,0.599453,1,0.045685,0,0.131671,0,0.001667,0
50394,2021,0,0.667603,1,0.513098,1,0.394324,0,0.295082,1
50396,2021,0,0.605805,1,0.348888,0,0.28658,0,0.107345,1
50407,2021,0,0.409375,0,0.316102,0,0.18109,0,0.032701,0
50411,2021,0,0.244538,0,0.064109,0,0.019856,0,0.000145,0
50414,2021,0,0.410862,0,0.188384,0,0.343089,0,0.051638,1
50417,2021,0,0.839301,1,0.226509,0,0.232987,0,0.020004,0
50423,2021,0,0.137682,0,0.123822,0,0.024322,0,0.000371,0
50424,2021,0,0.381564,0,0.032562,0,0.008134,0,0.001011,0
50425,2021,0,0.190732,0,0.057538,0,0.011878,0,0.002681,0
50426,2021,1,0.412981,0,0.419522,0,0.828941,1,0.269027,1
50438,2021,0,0.60015,1,0.201938,0,0.04789,0,0.000681,0
50441,2021,0,0.921243,1,0.403948,0,0.240884,0,0.003765,0
50444,2021,0,0.358516,0,0.173661,0,0.183763,0,0.021035,0
50454,2021,0,0.985565,1,0.473809,0,0.047557,0,0.003687,0
50455,2021,0,0.438599,0,0.111631,0,0.128063,0,0.004676,0
50457,2021,0,0.300689,0,0.056345,0,0.021445,0,0.000393,0
50464,2021,0,0.240026,0,0.070424,0,0.014837,0,0.000551,0
50468,2021,0,0.279527,0,0.047764,0,0.018622,0,0.001112,0
50471,2021,0,0.386519,0,0.097091,0,0.042737,0,9.2e-05,0
50481,2021,0,0.325964,0,0.009806,0,0.001826,0,0.000151,0
50485,2021,0,0.421357,0,0.205211,0,0.099101,0,0.00235,0
50488,2021,0,0.471591,0,0.127079,0,0.06196,0,0.089913,1
50492,2021,0,0.618226,1,0.097463,0,0.059419,0,0.01566,0
50496,2021,0,0.415542,0,0.079878,0,0.064169,0,0.000151,0
50498,2021,0,0.27726,0,0.107344,0,0.025735,0,0.004685,0
50503,2021,0,0.62299,1,0.057095,0,0.010016,0,0.000922,0
50506,2021,0,0.493749,0,0.034027,0,0.012136,0,0.003668,0
50510,2021,0,0.55076,1,0.204944,0,0.170642,0,0.000561,0
50512,2021,0,0.498892,0,0.149754,0,0.136067,0,0.000804,0
50515,2021,0,0.06799,0,0.072857,0,0.007267,0,0.000426,0
50516,2021,0,0.295951,0,0.341282,0,0.152687,0,0.063464,1
50517,2021,0,0.448946,0,0.250945,0,0.163529,0,0.032326,0
50523,2021,0,0.462383,0,0.144901,0,0.134364,0,0.037226,1
50526,2021,0,0.180246,0,0.228556,0,0.015393,0,0.004662,0
50528,2021,0,0.375047,0,0.061715,0,0.028395,0,1.7e-05,0
50534,2021,0,0.184285,0,0.037963,0,0.006577,0,0.00053,0
50537,2021,0,0.06032,0,0.054867,0,0.005494,0,0.000464,0
50541,2021,0,0.126832,0,0.063329,0,0.015198,0,0.007827,0
50543,2021,0,3e-06,0,0.089983,0,0.003626,0,0.002652,0
50546,2021,0,0.44633,0,0.054443,0,0.004889,0,0.00212,0
50549,2021,0,0.267109,0,0.013874,0,0.005537,0,9.1e-05,0
50551,2021,0,0.240813,0,0.073937,0,0.01365,0,0.000135,0
50557,2021,0,0.443539,0,0.157664,0,0.095194,0,0.001716,0
50561,2021,0,0.076705,0,0.07596,0,0.004578,0,3.6e-05,0
50567,2021,0,0.543514,1,0.149021,0,0.043379,0,0.032406,0
50568,2021,0,0.058686,0,0.127208,0,0.043477,0,0.000129,0
50570,2021,0,0.537542,1,0.096592,0,0.117464,0,0.012721,0
50573,2021,0,0.799874,1,0.351376,0,0.019689,0,0.010933,0
50580,2021,0,0.035849,0,0.207407,0,0.016325,0,5.5e-05,0
50581,2021,0,0.219594,0,0.067527,0,0.015646,0,0.000171,0
50586,2021,0,0.021616,0,0.120905,0,0.024303,0,3.6e-05,0
50588,2021,0,0.386371,0,0.14926,0,0.128415,0,0.022182,0
50589,2021,0,0.233015,0,0.091628,0,0.00677,0,0.001945,0
50590,2021,0,0.425646,0,0.096868,0,0.036558,0,0.017862,0
50597,2021,0,0.178404,0,0.09063,0,0.058739,0,5.4e-05,0
50599,2021,0,0.956909,1,0.304312,0,0.188281,0,0.004358,0
50603,2021,0,0.274464,0,0.075157,0,0.015129,0,0.030478,0
50604,2021,0,0.272411,0,0.057384,0,0.014611,0,0.002895,0
50608,2021,0,0.31675,0,0.200931,0,0.043175,0,0.005676,0
50609,2021,0,0.167476,0,0.096826,0,0.003611,0,0.000273,0
50624,2021,0,0.422167,0,0.269972,0,0.116751,0,0.001207,0
50625,2021,0,0.819864,1,0.705384,1,0.196583,0,0.004214,0
50633,2021,0,0.245495,0,0.025837,0,0.010905,0,0.000918,0
50636,2021,0,0.573183,1,0.153425,0,0.051105,0,5e-05,0
50641,2021,0,0.228999,0,0.072602,0,0.008203,0,0.023024,0
50660,2021,0,0.104841,0,0.141673,0,0.033056,0,9e-06,0
50663,2021,0,0.022272,0,0.04845,0,0.002524,0,7.3e-05,0
50668,2021,0,0.043786,0,0.034892,0,0.002799,0,2e-06,0
50674,2021,0,0.182933,0,0.071825,0,0.011169,0,0.001817,0
50677,2021,0,0.104351,0,0.062709,0,0.003517,0,0.000202,0
50678,2021,0,0.383032,0,0.034874,0,0.012532,0,0.000404,0
50684,2021,0,0.648495,1,0.072007,0,0.027824,0,0.001288,0
50686,2021,0,0.119709,0,0.071081,0,0.003637,0,0.002098,0
50689,2021,0,0.370138,0,0.031537,0,0.013485,0,0.015538,0
50690,2021,0,0.336721,0,0.10477,0,0.01786,0,0.010019,0
50696,2021,0,0.654782,1,0.302883,0,0.253872,0,0.002396,0
50697,2021,0,0.359826,0,0.197331,0,0.038449,0,0.06737,1
50701,2021,0,0.330457,0,0.003828,0,0.002749,0,0.002335,0
50704,2021,0,0.316995,0,0.079166,0,0.01878,0,3e-06,0
50708,2021,0,0.389775,0,0.293056,0,0.028379,0,1.3e-05,0
50709,2021,0,0.284259,0,0.057588,0,0.009007,0,0.0002,0
50710,2021,0,0.299535,0,0.074128,0,0.01818,0,0.004189,0
50714,2021,0,0.582476,1,0.21715,0,0.021696,0,0.000572,0
50717,2021,0,0.305621,0,0.110724,0,0.029767,0,0.000228,0
50723,2021,0,0.458291,0,0.126974,0,0.029813,0,0.000203,0
50724,2021,0,0.085537,0,0.104568,0,0.044386,0,0.000253,0
50726,2021,0,0.522288,1,0.313383,0,0.211808,0,0.055821,1
50735,2021,0,0.291991,0,0.218319,0,0.396109,0,0.004963,0
50736,2021,0,0.217039,0,0.131356,0,0.006838,0,6.5e-05,0
50737,2021,0,0.468938,0,0.129535,0,0.060383,0,0.000906,0
50738,2021,0,0.23591,0,0.14435,0,0.032236,0,0.000225,0
50739,2021,0,0.127204,0,0.100935,0,0.026913,0,2.2e-05,0
50740,2021,0,0.281119,0,0.159561,0,0.095285,0,0.058205,1
50742,2021,0,0.004892,0,0.088706,0,0.014635,0,1.7e-05,0
50744,2021,0,0.013017,0,0.11715,0,0.011291,0,1.3e-05,0
50745,2021,0,0.320978,0,0.115367,0,0.11174,0,0.00423,0
50746,2021,0,0.26537,0,0.119027,0,0.069084,0,0.004406,0
50747,2021,0,0.237827,0,0.146525,0,0.038984,0,0.059049,1
50748,2021,0,0.098071,0,0.060206,0,0.008159,0,0.000862,0
50755,2021,0,0.207899,0,0.091437,0,0.048842,0,0.073155,1
50757,2021,0,0.066436,0,0.134319,0,0.111053,0,0.00267,0
50758,2021,0,0.012902,0,0.070644,0,0.008431,0,7e-06,0
50760,2021,0,0.164199,0,0.052167,0,0.014445,0,0.008253,0
50761,2021,0,0.607442,1,0.124789,0,0.038184,0,0.000593,0
50763,2021,0,0.158614,0,0.065594,0,0.020798,0,0.001089,0
50764,2021,0,0.400717,0,0.222152,0,0.085352,0,0.005228,0
50765,2021,0,0.619873,1,0.186761,0,0.026826,0,0.002332,0
50766,2021,0,0.609506,1,0.387918,0,0.08376,0,0.025132,0
50767,2021,0,0.364999,0,0.043208,0,0.016881,0,0.009176,0
50769,2021,0,0.000107,0,0.049366,0,0.001191,0,0.003565,0
50770,2021,0,0.453834,0,0.105933,0,0.030113,0,5.6e-05,0
50771,2021,0,0.456514,0,0.0622,0,0.040356,0,0.031422,0
50772,2021,0,0.02987,0,0.079411,0,0.005398,0,0.000137,0
50775,2021,0,0.396268,0,0.018145,0,0.012846,0,0.000251,0
50776,2021,0,0.166279,0,0.126107,0,0.057501,0,0.001762,0
50777,2021,0,0.36747,0,0.076876,0,0.044115,0,0.003938,0
50778,2021,0,0.17072,0,0.057804,0,0.00694,0,0.003583,0
50779,2021,0,0.463107,0,0.104274,0,0.267669,0,0.001295,0
50780,2021,0,0.018431,0,0.027331,0,0.001427,0,4.3e-05,0
50782,2021,0,0.596981,1,0.084828,0,0.007555,0,9e-06,0
50783,2021,0,0.575453,1,0.296473,0,0.221671,0,0.09222,1
50784,2021,1,0.327728,0,0.10186,0,0.045684,0,0.044986,1
50785,2021,0,0.215793,0,0.045861,0,0.012756,0,0.000414,0
50849,2021,0,0.09759,0,0.057759,0,0.026568,0,0.000789,0
51300,2021,0,0.586922,1,0.16168,0,0.021171,0,0.001138,0
51301,2021,0,0.224105,0,0.183906,0,0.033923,0,0.003498,0
51302,2021,0,0.43631,0,0.194418,0,0.059721,0,0.021648,0
51303,2021,0,0.774788,1,0.280043,0,0.082125,0,0.473147,1
51304,2021,0,0.615505,1,0.205259,0,0.261256,0,0.010629,0
51305,2021,0,0.507363,1,0.218478,0,0.058775,0,0.000257,0
51306,2021,0,0.594015,1,0.172833,0,0.054374,0,0.011095,0
51307,2021,0,0.290188,0,0.164255,0,0.012211,0,0.000465,0
51308,2021,0,0.417539,0,0.128724,0,0.021633,0,0.003968,0
51309,2021,0,0.44973,0,0.119303,0,0.077246,0,0.087733,1
51310,2021,0,0.378325,0,0.221482,0,0.057774,0,2.8e-05,0
51311,2021,0,0.420022,0,0.186531,0,0.075009,0,0.005411,0
51312,2021,0,0.596008,1,0.24646,0,0.070607,0,0.00043,0
51314,2021,0,0.505106,1,0.248826,0,0.410519,0,0.000648,0
51315,2021,0,0.604659,1,0.186284,0,0.037478,0,0.000422,0
51316,2021,0,0.789511,1,0.152364,0,0.031307,0,0.009015,0
51317,2021,0,0.498031,0,0.297516,0,0.073248,0,0.036784,1
51318,2021,0,0.467311,0,0.083079,0,0.02705,0,0.217103,1
51319,2021,0,0.365646,0,0.19679,0,0.016078,0,0.000207,0
51320,2021,0,0.367841,0,0.144107,0,0.020636,0,0.023638,0
51321,2021,0,0.449515,0,0.31203,0,0.169165,0,0.004274,0
51323,2021,0,0.370399,0,0.255258,0,0.09295,0,0.000705,0
51324,2021,0,0.653124,1,0.266889,0,0.018632,0,8e-06,0
51325,2021,0,0.576765,1,0.117968,0,0.006886,0,0.004957,0
51326,2021,0,0.627693,1,0.278322,0,0.075944,0,0.010456,0
51327,2021,0,0.573675,1,0.213697,0,0.041112,0,0.060298,1
51328,2021,0,0.670317,1,0.402724,0,0.301835,0,0.02687,0
51329,2021,0,0.49739,0,0.113198,0,0.022749,0,0.001077,0
51330,2021,0,0.497983,0,0.242434,0,0.041882,0,0.000788,0
51331,2021,0,0.362109,0,0.196346,0,0.05052,0,0.001698,0
51332,2021,0,0.439796,0,0.304279,0,0.065851,0,0.000175,0
51333,2021,0,0.442447,0,0.396938,0,0.398657,0,0.002603,0
51334,2021,0,0.462813,0,0.126661,0,0.030043,0,0.006588,0
51335,2021,0,0.454373,0,0.24082,0,0.012641,0,0.000669,0
51336,2021,0,0.432491,0,0.238235,0,0.029212,0,0.000701,0
51337,2021,0,0.500819,1,0.277325,0,0.212524,0,0.00065,0
51990,2021,0,0.108251,0,0.001439,0,0.001269,0,0.000894,0
51991,2021,0,0.083525,0,0.017026,0,0.002322,0,0.000234,0
51993,2021,0,0.083896,0,0.006917,0,0.000766,0,0.000325,0
52031,2021,0,0.041798,0,0.01817,0,0.006577,0,0.000468,0
52032,2021,0,0.031685,0,0.000565,0,0.003508,0,3.6e-05,0
52033,2021,0,0.026282,0,0.000372,0,0.000473,0,3e-06,0
52034,2021,0,0.051264,0,0.002174,0,0.004209,0,0.000538,0
52035,2021,0,0.03409,0,0.000416,0,0.001326,0,0.000217,0
52036,2021,0,0.040105,0,0.002897,0,0.003086,0,5.8e-05,0
52037,2021,0,0.033632,0,0.001046,0,0.00142,0,3.1e-05,0
52038,2021,0,0.037857,0,0.021916,0,0.004367,0,0.000305,0
52039,2021,0,0.023512,0,0.001189,0,0.000789,0,1.2e-05,0
52043,2021,0,0.048334,0,0.001925,0,0.000941,0,0.000889,0
52044,2021,0,0.041365,0,0.001377,0,0.00336,0,0.000398,0
52045,2021,0,0.036197,0,0.00128,0,0.002313,0,0.000166,0
52046,2021,0,0.051193,0,0.008679,0,0.007105,0,0.000639,0
52047,2021,0,0.030274,0,4.3e-05,0,0.000546,0,4e-06,0
52049,2021,0,0.036095,0,0.013633,0,0.001887,0,4.8e-05,0
52050,2021,0,0.037701,0,0.00713,0,0.002691,0,7.1e-05,0
52052,2021,0,0.052281,0,0.001215,0,0.001196,0,5.1e-05,0
52054,2021,0,0.027838,0,0.012586,0,0.002862,0,1.2e-05,0
52055,2021,0,0.026263,0,0.035497,0,0.008048,0,5e-05,0
52057,2021,0,0.067804,0,0.002935,0,0.002292,0,0.00013,0
53031,2021,0,0.029244,0,0.009524,0,0.004287,0,1.6e-05,0
53032,2021,0,0.031869,0,0.0,0,0.000956,0,1.4e-05,0
53034,2021,0,0.000112,0,0.000522,0,0.000716,0,2.5e-05,0
53037,2021,0,0.03855,0,0.008059,0,0.001155,0,8e-06,0
53039,2021,0,0.024915,0,0.012364,0,0.006846,0,8.3e-05,0
53040,2021,0,0.03406,0,0.002004,0,0.009548,0,1.4e-05,0
53041,2021,0,0.039958,0,0.001827,0,0.002792,0,1.6e-05,0
53042,2021,0,0.000102,0,0.001647,0,0.003389,0,3.8e-05,0
53043,2021,0,0.000214,0,0.027595,0,0.002469,0,6.1e-05,0
53300,2021,0,0.783536,1,0.769617,1,0.758125,1,0.035254,1
53301,2021,0,0.839704,1,0.716544,1,0.787446,1,0.266019,1
53302,2021,0,0.85204,1,0.402765,0,0.671696,1,0.333587,1
53303,2021,1,0.726325,1,0.829892,1,0.925101,1,0.244308,1
53304,2021,0,0.786747,1,0.615978,1,0.375519,0,0.04976,1
53305,2021,0,0.5628,1,0.254529,0,0.278898,0,0.009526,0
53306,2021,0,0.752783,1,0.182751,0,0.085897,0,0.000436,0
53308,2021,0,0.524998,1,0.006062,0,0.001374,0,0.000465,0
53309,2021,0,0.712689,1,0.060263,0,0.021662,0,0.007282,0
54009,2021,0,0.502812,1,0.018291,0,0.003321,0,7.7e-05,0
54028,2021,0,0.320367,0,0.158425,0,0.041282,0,0.001037,0
54032,2021,0,0.145309,0,0.009866,0,0.001541,0,3.4e-05,0
54053,2021,0,0.211491,0,0.004213,0,0.002388,0,0.000369,0
54055,2021,0,0.221787,0,0.039225,0,0.036795,0,0.000571,0
54069,2021,0,0.249751,0,0.041813,0,0.036773,0,0.002984,0
54074,2021,0,0.242361,0,0.031243,0,0.005385,0,0.008039,0
54075,2021,0,0.290808,0,0.162868,0,0.095591,0,0.002391,0
54077,2021,0,0.184045,0,0.039694,0,0.023196,0,0.001142,0
54078,2021,0,0.197768,0,0.037712,0,0.052704,0,0.014303,0
54087,2021,0,0.173685,0,0.010455,0,0.000893,0,0.000195,0
54089,2021,0,0.004336,0,0.124344,0,0.071493,0,0.003421,0
54093,2021,0,0.058365,0,0.055302,0,0.008439,0,0.000168,0
54095,2021,0,0.194049,0,0.04304,0,0.021686,0,0.007684,0
54096,2021,0,0.330768,0,0.183822,0,0.162442,0,0.004832,0
54104,2021,0,0.258008,0,0.00412,0,0.001225,0,0.000257,0
54110,2021,0,0.197501,0,0.00434,0,0.002314,0,0.000296,0
54111,2021,0,0.162112,0,0.012242,0,0.004109,0,0.000712,0
54122,2021,0,0.590848,1,0.027662,0,0.003539,0,0.000553,0
54123,2021,0,0.371937,0,0.072107,0,0.043494,0,0.097219,1
54124,2021,0,0.005921,0,0.061171,0,0.008145,0,0.000121,0
54125,2021,0,0.001698,0,0.106424,0,0.013152,0,3.2e-05,0
54130,2021,0,0.115764,0,0.002779,0,0.001514,0,0.000124,0
54131,2021,0,0.38605,0,0.087719,0,0.114896,0,0.001031,0
54133,2021,0,0.317354,0,0.04119,0,0.001924,0,0.000501,0
54135,2021,0,0.000159,0,0.0,0,0.001028,0,6.9e-05,0
54144,2021,0,0.619179,1,0.094214,0,0.015207,0,0.000245,0
54145,2021,0,0.349332,0,0.041142,0,0.016772,0,0.002549,0
54146,2021,0,0.001583,0,0.060985,0,0.028779,0,0.000361,0
54147,2021,0,0.004509,0,0.058265,0,0.002747,0,0.058574,1
54148,2021,0,0.543357,1,0.387518,0,0.272697,0,0.096266,1
54151,2021,0,0.260328,0,0.029635,0,0.015918,0,0.000788,0
54152,2021,0,0.001187,0,0.045127,0,0.011935,0,0.000418,0
54153,2021,0,0.115919,0,0.046876,0,0.026593,0,0.013316,0
54154,2021,0,0.156899,0,0.023521,0,0.010332,0,0.000127,0
54155,2021,0,0.178133,0,0.01962,0,0.008456,0,0.004516,0
54156,2021,0,0.077379,0,0.03181,0,0.001734,0,9.1e-05,0
54157,2021,0,0.286423,0,0.043356,0,0.09754,0,0.008694,0
60001,2021,0,0.422918,0,0.152383,0,0.143404,0,0.035144,1
60003,2021,0,0.170158,0,0.178712,0,0.041104,0,0.002529,0
60004,2021,0,0.253715,0,0.513911,1,0.642986,1,0.157134,1
60006,2021,1,0.449664,0,0.670133,1,0.779656,1,0.276418,1
60008,2021,0,0.572613,1,0.553006,1,0.433164,0,0.053165,1
60009,2021,0,0.360215,0,0.082443,0,0.036206,0,0.141226,1
60010,2021,0,0.277324,0,0.153219,0,0.030085,0,0.008488,0
60011,2021,0,0.905014,1,0.617533,1,0.480933,0,0.000524,0
60012,2021,0,0.534697,1,0.07972,0,0.005867,0,0.000259,0
60013,2021,0,0.453897,0,0.106085,0,0.11843,0,0.020254,0
60014,2021,0,0.339347,0,0.019068,0,0.002988,0,0.001297,0
60015,2021,0,0.093704,0,0.014972,0,0.003153,0,0.006113,0
60020,2021,0,0.566593,1,0.481347,0,0.119916,0,0.054263,1
60022,2021,0,0.570619,1,0.466222,0,0.209754,0,0.150299,1
60023,2021,0,0.771242,1,0.507972,1,0.267863,0,0.506298,1
60024,2021,1,0.506958,1,0.588111,1,0.869405,1,0.00711,0
60027,2021,0,0.587892,1,0.364963,0,0.40125,0,0.377323,1
60028,2021,0,0.358115,0,0.251988,0,0.037643,0,0.062919,1
60030,2021,0,0.301015,0,0.146618,0,0.031169,0,0.001116,0
60031,2021,0,0.551529,1,0.298238,0,0.056133,0,0.003348,0
60032,2021,0,0.313523,0,0.002856,0,0.003501,0,0.000521,0
60034,2021,0,0.12917,0,0.004595,0,0.000805,0,1.5e-05,0
60044,2021,0,0.587127,1,0.027559,0,0.009085,0,0.058676,1
60049,2021,0,0.746764,1,0.323643,0,0.197813,0,0.009909,0
60054,2021,0,0.71139,1,0.372401,0,0.648336,1,0.010776,0
60064,2021,0,0.425112,0,0.088921,0,0.01048,0,0.005797,0
60065,2021,0,0.280286,0,0.018969,0,0.007541,0,0.00032,0
60071,2021,0,0.750162,1,0.402731,0,0.545652,1,0.118948,1
60075,2021,1,0.655132,1,0.702602,1,0.912601,1,0.327942,1
60076,2021,0,0.605801,1,0.121874,0,0.022189,0,0.029203,0
60096,2021,0,0.582475,1,0.251195,0,0.050637,0,0.038112,1
60100,2021,0,0.527931,1,0.023178,0,0.011514,0,0.003708,0
60103,2021,0,0.299222,0,0.046103,0,0.009629,0,4e-06,0
60104,2021,0,0.503381,1,0.045557,0,0.006084,0,0.003838,0
60107,2021,0,0.75618,1,0.374948,0,0.058553,0,0.002274,0
60112,2021,0,0.35623,0,0.008559,0,0.006087,0,0.004064,0
60113,2021,0,0.443709,0,0.056087,0,0.010365,0,0.02958,0
60114,2021,0,0.708425,1,0.101444,0,0.009638,0,0.004086,0
60116,2021,0,0.383364,0,0.06045,0,0.010094,0,0.001008,0
60117,2021,0,0.407009,0,0.223938,0,0.043267,0,0.000371,0
60118,2021,0,0.583038,1,0.024222,0,0.021362,0,0.001484,0
60119,2021,0,0.523963,1,0.135261,0,0.074608,0,0.020164,0
60124,2021,0,0.339228,0,0.067997,0,0.021433,0,0.000741,0
60125,2021,0,0.172195,0,0.077427,0,0.039882,0,0.010822,0
60126,2021,0,0.493918,0,0.186763,0,0.040603,0,0.03066,0
60128,2021,0,0.380249,0,0.021794,0,0.018319,0,0.021122,0
60129,2021,0,0.727197,1,0.029515,0,0.014863,0,0.087506,1
60130,2021,0,0.567262,1,0.040876,0,0.001519,0,0.000224,0
60131,2021,0,0.304772,0,0.047264,0,0.010696,0,0.018719,0
60132,2021,0,0.185609,0,0.017633,0,0.004681,0,7.9e-05,0
61300,2021,0,0.270972,0,0.104387,0,0.027152,0,0.014389,0
61301,2021,0,0.275169,0,0.387366,0,0.422078,0,0.000754,0
61302,2021,0,0.594802,1,0.337789,0,0.212174,0,0.003602,0
61303,2021,0,0.385313,0,0.098118,0,0.006848,0,9e-06,0
61304,2021,0,0.487243,0,0.247457,0,0.166579,0,0.065656,1
61305,2021,0,0.680892,1,0.375599,0,0.160742,0,0.009402,0
61306,2021,0,0.704271,1,0.290535,0,0.138076,0,0.026613,0
61307,2021,1,0.747097,1,0.578815,1,0.814829,1,0.388301,1
61308,2021,0,0.299498,0,0.231942,0,0.112545,0,0.004187,0
61309,2021,0,0.824849,1,0.321622,0,0.300628,0,0.008765,0
61310,2021,0,0.578273,1,0.211362,0,0.26539,0,0.136687,1
61311,2021,1,0.368039,0,0.198708,0,0.16932,0,0.207639,1
61312,2021,0,0.58673,1,0.390028,0,0.193569,0,0.000712,0
61313,2021,0,0.652469,1,0.288753,0,0.179887,0,0.006005,0
61314,2021,0,0.78771,1,0.602994,1,0.767868,1,0.708764,1
61315,2021,0,0.716996,1,0.341917,0,0.093493,0,0.005462,0
61316,2021,0,0.715327,1,0.277532,0,0.035799,0,0.021079,0
61317,2021,0,0.676546,1,0.466999,0,0.758478,1,0.103684,1
61318,2021,0,0.827791,1,0.403425,0,0.175175,0,0.125263,1
61319,2021,0,0.425074,0,0.24719,0,0.075818,0,0.061871,1
61320,2021,0,0.750239,1,0.425032,0,0.42504,0,0.115208,1
61321,2021,0,0.504599,1,0.503399,1,0.484254,0,0.040542,1
61322,2021,0,0.734197,1,0.598362,1,0.701715,1,0.375,1
61323,2021,0,0.720098,1,0.138856,0,0.178737,0,0.00101,0
61324,2021,0,0.74787,1,0.412987,0,0.450657,0,0.033478,0
61325,2021,0,0.502456,1,0.402259,0,0.19536,0,0.014011,0
61326,2021,0,0.393197,0,0.121739,0,0.033262,0,0.003111,0
61327,2021,0,0.625541,1,0.469715,0,0.416479,0,0.000533,0
61328,2021,0,0.638506,1,0.373833,0,0.23369,0,0.004401,0
61336,2021,0,0.375136,0,0.272507,0,0.429548,0,0.00305,0
61343,2021,0,0.446691,0,0.242482,0,0.038183,0,0.126252,1
61344,2021,0,0.452022,0,0.083575,0,0.007752,0,0.000582,0
62009,2021,0,0.033167,0,0.001068,0,0.003441,0,5.5e-05,0
62011,2021,0,0.03594,0,0.050873,0,0.01167,0,0.000231,0
62012,2021,0,0.022275,0,0.000965,0,0.002724,0,3e-06,0
62013,2021,0,0.043409,0,4.3e-05,0,0.000601,0,3.8e-05,0
62014,2021,0,0.028905,0,4.3e-05,0,0.002165,0,1.6e-05,0
62017,2021,0,0.031133,0,0.001941,0,0.001221,0,0.000103,0
63027,2021,0,0.026929,0,4.3e-05,0,0.001353,0,9e-06,0
63030,2021,0,0.033272,0,0.009333,0,0.002619,0,1.7e-05,0
63033,2021,0,0.049752,0,0.009728,0,0.005608,0,3.1e-05,0
63034,2021,0,0.029796,0,0.019122,0,0.005736,0,1.2e-05,0
63035,2021,0,0.02575,0,0.003091,0,0.002785,0,5.7e-05,0
63036,2021,0,0.000259,0,0.00141,0,0.004263,0,9.6e-05,0
63301,2021,1,0.920965,1,0.869063,1,0.925139,1,0.370744,1
63303,2021,0,0.771667,1,0.10964,0,0.073678,0,0.244808,1
64001,2021,0,0.000869,0,0.037794,0,0.00799,0,1.4e-05,0
64003,2021,0,0.000766,0,0.016038,0,0.003482,0,0.000701,0
64007,2021,0,0.289001,0,0.006071,0,0.004082,0,0.000789,0
64009,2021,0,0.259309,0,0.002699,0,0.003222,0,6.9e-05,0
64023,2021,0,0.023219,0,0.007577,0,0.001717,0,6.4e-05,0
64024,2021,0,0.215374,0,0.006396,0,0.002851,0,0.001205,0
64026,2021,0,0.27488,0,0.046731,0,0.014624,0,0.001593,0
64028,2021,0,0.197106,0,0.054754,0,0.027045,0,0.000167,0
64029,2021,0,0.333156,0,0.056799,0,0.010865,0,0.008863,0
70002,2021,0,0.615318,1,0.253666,0,0.096709,0,0.05139,1
70003,2021,0,0.448169,0,0.41728,0,0.56846,1,0.107354,1
70004,2021,0,0.481742,0,0.128563,0,0.129263,0,0.006336,0
70005,2021,0,0.220854,0,0.080798,0,0.011441,0,2.5e-05,0
70006,2021,1,0.659533,1,0.830732,1,0.917154,1,0.271827,1
70007,2021,1,0.423869,0,0.590127,1,0.58134,1,0.303766,1
70008,2021,0,0.520158,1,0.235796,0,0.157427,0,0.001069,0
70010,2021,0,0.625752,1,0.762778,1,0.395663,0,0.141389,1
70011,2021,0,0.545211,1,0.496071,0,0.39387,0,0.039365,1
70012,2021,0,0.352258,0,0.141011,0,0.06799,0,0.00185,0
70016,2021,0,0.603947,1,0.184865,0,0.137953,0,0.017231,0
70017,2021,0,0.318154,0,0.206152,0,0.112221,0,0.044901,1
70018,2021,0,0.324741,0,0.165835,0,0.025171,0,0.002001,0
70020,2021,1,0.629848,1,0.757038,1,0.830244,1,0.49499,1
70021,2021,0,0.305758,0,0.262729,0,0.099343,0,0.056926,1
70022,2021,0,0.875115,1,0.842132,1,0.507176,1,0.012253,0
70024,2021,0,0.270701,0,0.144069,0,0.08704,0,0.033869,0
70025,2021,0,0.668681,1,0.802609,1,0.722297,1,0.003759,0
70027,2021,0,0.66502,1,0.132082,0,0.033279,0,0.006314,0
70028,2021,0,0.430431,0,0.171226,0,0.198919,0,0.028976,0
70029,2021,0,0.681788,1,0.492069,0,0.473927,0,0.014876,0
70031,2021,1,0.556492,1,0.440884,0,0.739955,1,0.048148,1
70033,2021,0,0.530893,1,0.501926,1,0.298455,0,0.106065,1
70034,2021,0,0.231448,0,0.302181,0,0.167641,0,0.005438,0
70035,2021,0,0.264126,0,0.31033,0,0.061173,0,0.114377,1
70036,2021,0,0.55799,1,0.122446,0,0.152164,0,0.002428,0
70038,2021,0,0.17605,0,0.247421,0,0.267041,0,0.002747,0
70039,2021,0,0.120261,0,0.034678,0,0.004502,0,0.00053,0
70040,2021,0,0.079202,0,0.0246,0,0.003318,0,0.000312,0
72003,2021,0,0.037909,0,0.048678,0,0.049249,0,0.000199,0
72004,2021,0,0.020931,0,0.026892,0,0.022292,0,0.001366,0
73025,2021,0,0.041387,0,0.079122,0,0.014212,0,1.5e-05,0
73300,2021,1,0.78539,1,0.618241,1,0.805336,1,0.265532,1
74003,2021,0,1e-06,0,0.064639,0,0.010428,0,0.000734,0
74008,2021,0,0.337245,0,0.215177,0,0.433684,0,0.013591,0
74011,2021,0,0.485929,0,0.03817,0,0.007587,0,0.00048,0
74012,2021,0,0.122175,0,0.029713,0,0.004466,0,0.000196,0
74014,2021,0,0.649202,1,0.315036,0,0.14553,0,0.002296,0
80001,2021,0,0.947575,1,0.481271,0,0.353104,0,0.022051,0
80003,2021,0,0.321221,0,0.05333,0,0.024824,0,0.005982,0
80004,2021,0,0.345774,0,0.353447,0,0.071445,0,0.00274,0
80006,2021,0,0.538091,1,0.114724,0,0.05826,0,0.224879,1
80007,2021,0,0.476133,0,0.354412,0,0.04974,0,0.032618,0
80009,2021,0,0.51941,1,0.192106,0,0.021096,0,0.191696,1
82000,2021,0,0.000263,0,0.000876,0,0.001597,0,5.3e-05,0
83026,2021,0,0.000169,0,0.027331,0,0.003064,0,7e-06,0
83027,2021,0,0.03496,0,0.000909,0,0.003416,0,8e-06,0
83300,2021,0,0.776044,1,0.220215,0,0.045522,0,0.365407,1
84002,2021,0,0.32184,0,0.009388,0,0.00313,0,0.003052,0
84003,2021,0,0.157956,0,0.003773,0,0.002119,0,0.001866,0
84004,2021,0,0.167309,0,0.004046,0,0.002691,0,0.00944,0
84005,2021,0,0.156277,0,0.05273,0,0.023669,0,0.000405,0
90001,2021,0,0.537449,1,0.010958,0,0.005507,0,0.002157,0
90003,2021,0,0.568912,1,0.172676,0,0.028167,0,5e-06,0
90004,2021,0,0.53612,1,0.128819,0,0.043946,0,0.000231,0
90005,2021,0,0.512924,1,0.181107,0,0.112908,0,0.007117,0
90008,2021,0,0.633677,1,0.381467,0,0.346782,0,0.096313,1
90011,2021,0,0.800283,1,0.130544,0,0.011501,0,0.000737,0
92002,2021,0,0.045139,0,0.00149,0,0.002804,0,0.000106,0
92003,2021,0,0.0601,0,0.0,0,0.000729,0,0.000115,0
93025,2021,0,0.104457,0,0.083109,0,0.036624,0,0.000334,0
93300,2021,0,0.779826,1,0.560533,1,0.381743,0,0.240466,1
94001,2021,0,0.323027,0,0.063772,0,0.014204,0,0.000126,0
94004,2021,0,0.195439,0,0.029745,0,0.017091,0,0.06178,1
100001,2021,0,0.563779,1,0.606907,1,0.335668,0,0.002673,0
100002,2021,0,0.502496,1,0.182865,0,0.053056,0,0.010034,0
100006,2021,1,0.971172,1,0.831769,1,0.829733,1,0.048906,1
100007,2021,0,0.737278,1,0.395963,0,0.037062,0,0.003686,0
100008,2021,0,0.188536,0,0.122666,0,0.026006,0,0.000466,0
100012,2021,0,0.64273,1,0.548385,1,0.096131,0,0.011008,0
100014,2021,0,0.503574,1,0.156302,0,0.082524,0,0.001135,0
100017,2021,0,0.67681,1,0.62098,1,0.67118,1,0.096014,1
100018,2021,0,0.608622,1,0.577502,1,0.707312,1,0.015806,0
100019,2021,0,0.684125,1,0.129694,0,0.19405,0,0.006402,0
100022,2021,0,0.240273,0,0.152421,0,0.004978,0,0.004205,0
100023,2021,0,0.620675,1,0.020556,0,0.009609,0,0.00672,0
100025,2021,0,0.479449,0,0.181845,0,0.151802,0,0.002703,0
100026,2021,0,0.327986,0,0.060772,0,0.013909,0,1.8e-05,0
100028,2021,0,0.751054,1,0.136227,0,0.131467,0,0.01643,0
100029,2021,0,0.17709,0,0.059805,0,0.051682,0,0.000496,0
100030,2021,0,0.410847,0,0.199894,0,0.264535,0,0.001277,0
100032,2021,0,0.281101,0,0.100315,0,0.012182,0,0.010926,0
100034,2021,0,0.751809,1,0.450316,0,0.084604,0,0.00016,0
100035,2021,0,0.444902,0,0.035558,0,0.022157,0,0.002942,0
100038,2021,0,0.91852,1,0.484025,0,0.209647,0,0.001062,0
100039,2021,0,0.064283,0,0.040836,0,0.044549,0,0.00395,0
100040,2021,0,0.581433,1,0.018463,0,0.069828,0,0.001434,0
100043,2021,0,0.352198,0,0.04763,0,0.028237,0,1.7e-05,0
100044,2021,0,0.615304,1,0.575037,1,0.38001,0,0.000668,0
100045,2021,0,0.279831,0,0.08617,0,0.019346,0,0.000471,0
100046,2021,0,0.34491,0,0.126448,0,0.040073,0,0.001543,0
100047,2021,0,0.255887,0,0.037611,0,0.009522,0,0.000641,0
100048,2021,0,0.131255,0,0.03663,0,0.035886,0,0.000123,0
100049,2021,0,0.350802,0,0.029112,0,0.035817,0,0.000245,0
100050,2021,0,0.294385,0,0.121816,0,0.018897,0,0.005476,0
100051,2021,0,0.526489,1,0.253265,0,0.102325,0,0.000378,0
100052,2021,0,0.223299,0,0.061332,0,0.016305,0,0.000687,0
100053,2021,0,0.532033,1,0.089339,0,0.01166,0,0.01114,0
100054,2021,0,0.029372,0,0.002079,0,0.000525,0,1.6e-05,0
100055,2021,0,0.39791,0,0.097327,0,0.022304,0,0.018499,0
100057,2021,0,0.266801,0,0.206425,0,0.039394,0,0.000317,0
100062,2021,0,0.311808,0,0.11548,0,0.035007,0,0.000176,0
100063,2021,0,0.082842,0,0.06003,0,0.00364,0,0.002619,0
100067,2021,0,0.301647,0,0.034946,0,0.012773,0,0.00071,0
100068,2021,0,0.258727,0,0.256508,0,0.073632,0,0.018208,0
100069,2021,0,0.349381,0,0.074168,0,0.02052,0,0.002423,0
100070,2021,0,0.059641,0,0.01204,0,0.004381,0,0.000707,0
100071,2021,0,0.41715,0,0.010767,0,0.01305,0,0.003989,0
100072,2021,0,0.143604,0,0.088168,0,0.005517,0,0.000359,0
100073,2021,0,0.307832,0,0.331283,0,0.153565,0,0.001275,0
100075,2021,0,0.276794,0,0.061661,0,0.085915,0,0.011922,0
100077,2021,0,0.413084,0,0.029817,0,0.004466,0,0.004954,0
100079,2021,0,0.028756,0,0.028871,0,0.010266,0,0.002927,0
100080,2021,0,0.183283,0,0.006378,0,0.004978,0,1.4e-05,0
100084,2021,0,0.418517,0,0.330496,0,0.172569,0,0.002907,0
100086,2021,0,0.230717,0,0.014757,0,0.007803,0,0.059113,1
100087,2021,0,0.467162,0,0.547559,1,0.140547,0,0.000297,0
100088,2021,0,0.70056,1,0.39363,0,0.299104,0,0.02258,0
100090,2021,0,0.474307,0,0.18928,0,0.075421,0,0.056113,1
100092,2021,0,0.264707,0,0.032216,0,0.008173,0,0.004411,0
100093,2021,0,0.599975,1,0.444495,0,0.117864,0,0.054149,1
100099,2021,0,0.001053,0,0.053584,0,0.009925,0,0.001844,0
100105,2021,0,0.734576,1,0.330078,0,0.418323,0,0.046227,1
100106,2021,0,0.085517,0,0.102143,0,0.012151,0,0.0004,0
100107,2021,0,0.138305,0,0.093912,0,0.002077,0,5.1e-05,0
100109,2021,0,0.337886,0,0.16424,0,0.085548,0,0.003546,0
100110,2021,0,0.293965,0,0.004508,0,0.003298,0,1e-05,0
100113,2021,0,0.578234,1,0.343093,0,0.148825,0,0.001792,0
100117,2021,0,0.604015,1,0.059041,0,0.016173,0,0.00288,0
100118,2021,0,0.249402,0,0.081929,0,0.00824,0,0.000413,0
100121,2021,0,0.372714,0,0.05412,0,0.015263,0,0.005754,0
100122,2021,0,0.350284,0,0.003911,0,0.001317,0,3.6e-05,0
100124,2021,0,0.50155,1,0.002337,0,0.003379,0,0.004912,0
100125,2021,0,0.268382,0,0.070142,0,0.053293,0,0.000961,0
100126,2021,0,0.300256,0,0.059974,0,0.016711,0,0.004182,0
100127,2021,0,0.659107,1,0.113481,0,0.037445,0,0.087309,1
100128,2021,0,0.721337,1,0.362914,0,0.022577,0,0.005241,0
100130,2021,0,0.499105,0,0.112447,0,0.034849,0,0.000332,0
100131,2021,0,0.149106,0,0.003716,0,0.002913,0,1e-05,0
100132,2021,0,0.421381,0,0.046444,0,0.005767,0,0.000846,0
100134,2021,0,0.37958,0,0.422873,0,0.598452,1,0.012552,0
100135,2021,1,0.854358,1,0.788671,1,0.878377,1,0.212407,1
100137,2021,0,0.485792,0,0.099827,0,0.030597,0,0.003203,0
100140,2021,0,0.087251,0,0.037771,0,0.003221,0,0.000856,0
100142,2021,0,0.687314,1,0.545991,1,0.359188,0,0.042203,1
100150,2021,0,0.523726,1,0.003445,0,0.006089,0,0.00083,0
100151,2021,0,0.146491,0,0.05167,0,0.002772,0,0.000959,0
100154,2021,0,0.329495,0,0.064463,0,0.013486,0,0.001012,0
100156,2021,0,0.312755,0,0.003657,0,0.002447,0,0.000258,0
100157,2021,0,0.603955,1,0.37955,0,0.2621,0,0.001751,0
100161,2021,0,0.238519,0,0.017367,0,0.003731,0,0.000184,0
100166,2021,0,0.443098,0,0.013851,0,0.003458,0,0.000215,0
100167,2021,0,0.627653,1,0.004702,0,0.001576,0,0.000142,0
100168,2021,0,0.601438,1,0.131208,0,0.027285,0,0.029435,0
100173,2021,0,0.608784,1,0.515224,1,0.318408,0,0.064755,1
100175,2021,0,0.28634,0,0.212644,0,0.016993,0,0.000141,0
100176,2021,0,0.346022,0,0.05933,0,0.034887,0,8.9e-05,0
100177,2021,0,0.443788,0,0.128714,0,0.056603,0,6.3e-05,0
100179,2021,0,0.067685,0,0.005677,0,0.002921,0,7e-06,0
100180,2021,0,0.390955,0,0.016833,0,0.008957,0,0.000712,0
100181,2021,0,0.056121,0,0.127144,0,0.07918,0,0.000948,0
100183,2021,0,0.048405,0,0.073205,0,0.008762,0,0.002196,0
100187,2021,0,0.435149,0,0.066217,0,0.102434,0,0.000953,0
100189,2021,0,0.493496,0,0.004667,0,0.004226,0,0.000191,0
100191,2021,0,0.561884,1,0.028461,0,0.016253,0,0.001035,0
100200,2021,0,0.479404,0,0.026228,0,0.006227,0,0.017655,0
100204,2021,0,0.244142,0,0.003173,0,0.002085,0,1.9e-05,0
100206,2021,0,0.093995,0,0.035552,0,0.019783,0,0.000352,0
100209,2021,0,0.122212,0,0.010873,0,0.001498,0,2e-06,0
100211,2021,0,0.054995,0,0.129393,0,0.008353,0,8e-06,0
100212,2021,0,0.117067,0,0.026239,0,0.004637,0,0.000861,0
100213,2021,0,0.145776,0,0.0073,0,0.002643,0,0.000915,0
100217,2021,0,0.316422,0,0.03093,0,0.015092,0,0.000806,0
100220,2021,0,0.386234,0,0.081445,0,0.020319,0,0.000603,0
100223,2021,0,0.141229,0,0.002189,0,0.000716,0,3e-06,0
100224,2021,0,0.530135,1,0.006916,0,0.002259,0,0.003385,0
100226,2021,0,0.22095,0,0.002952,0,0.004106,0,0.002888,0
100228,2021,0,0.027757,0,0.014224,0,0.001292,0,0.0,0
100230,2021,0,0.50036,1,0.103417,0,0.056807,0,0.000281,0
100231,2021,0,0.279167,0,0.003651,0,0.005186,0,0.000972,0
100232,2021,0,0.358735,0,0.014757,0,0.005209,0,0.000607,0
100236,2021,0,0.280717,0,0.00621,0,0.003312,0,9.9e-05,0
100238,2021,0,0.124721,0,0.014553,0,0.000748,0,0.00049,0
100242,2021,0,0.233024,0,0.003104,0,0.003916,0,0.000737,0
100243,2021,0,0.365013,0,0.00644,0,0.00404,0,7e-06,0
100244,2021,0,0.495349,0,0.059025,0,0.014044,0,0.000539,0
100246,2021,0,0.240818,0,0.008111,0,0.003892,0,1.8e-05,0
100248,2021,0,0.12888,0,0.011961,0,0.003154,0,0.000135,0
100249,2021,0,0.280105,0,0.02217,0,0.006743,0,0.000122,0
100252,2021,0,0.045983,0,0.00506,0,0.001576,0,4e-06,0
100253,2021,0,0.404745,0,0.140826,0,0.026535,0,0.002425,0
100254,2021,0,0.264501,0,0.007165,0,0.004435,0,0.000763,0
100256,2021,0,0.138694,0,0.009324,0,0.002376,0,3e-06,0
100258,2021,0,0.086629,0,0.020776,0,0.001512,0,5.7e-05,0
100259,2021,0,0.150222,0,0.02283,0,0.011245,0,1.9e-05,0
100260,2021,0,0.613915,1,0.010229,0,0.002553,0,0.000287,0
100264,2021,0,0.226986,0,0.007553,0,0.001743,0,1e-05,0
100265,2021,0,0.397721,0,0.047168,0,0.016483,0,0.044278,1
100266,2021,0,0.093696,0,0.019333,0,0.00892,0,0.00048,0
100267,2021,0,0.115272,0,0.002485,0,0.005055,0,1.3e-05,0
100268,2021,0,0.370124,0,0.011767,0,0.012441,0,0.000105,0
100269,2021,0,0.544328,1,0.015323,0,0.006115,0,0.000213,0
100271,2021,0,0.045496,0,0.052647,0,0.008982,0,9e-06,0
100275,2021,0,0.520465,1,0.013509,0,0.005022,0,0.001217,0
100276,2021,0,0.358179,0,0.020668,0,0.009784,0,0.256933,1
100277,2021,0,0.220684,0,0.068222,0,0.005001,0,0.004102,0
100281,2021,0,0.34377,0,0.009014,0,0.010117,0,0.000172,0
100284,2021,0,0.460849,0,0.090675,0,0.020836,0,0.001282,0
100285,2021,0,0.453781,0,0.007697,0,0.005949,0,0.000554,0
100286,2021,0,0.271725,0,0.002156,0,0.00376,0,1.6e-05,0
100287,2021,0,0.566231,1,0.050669,0,0.075968,0,0.001168,0
100288,2021,0,0.585587,1,0.030081,0,0.030462,0,0.000432,0
100289,2021,0,0.120352,0,0.02338,0,0.001788,0,0.001004,0
100290,2021,0,0.582451,1,0.254123,0,0.142272,0,0.000606,0
100291,2021,0,0.166119,0,0.008957,0,0.002407,0,0.000731,0
100292,2021,0,0.383393,0,0.021646,0,0.003142,0,0.00229,0
100296,2021,0,0.042565,0,0.044738,0,0.003565,0,7e-06,0
100298,2021,0,0.002251,0,0.053061,0,0.012397,0,0.00025,0
100299,2021,0,0.564343,1,0.013576,0,0.007569,0,0.00047,0
100302,2021,0,0.181052,0,0.129317,0,0.008659,0,0.000761,0
100307,2021,0,0.516449,1,0.052254,0,0.005901,0,0.003816,0
100313,2021,0,0.571399,1,0.176955,0,0.031361,0,0.000308,0
100314,2021,0,0.225965,0,0.048825,0,0.006377,0,0.000304,0
100315,2021,0,0.65999,1,0.067211,0,0.003171,0,0.007299,0
100316,2021,0,0.268447,0,0.087946,0,0.030504,0,5.4e-05,0
100319,2021,0,0.33281,0,0.057854,0,0.015855,0,0.001869,0
100320,2021,0,0.021055,0,0.012749,0,0.003879,0,0.00012,0
100321,2021,0,0.478361,0,0.007153,0,0.012929,0,0.07987,1
100329,2021,0,0.140604,0,0.041776,0,0.005949,0,0.004212,0
100330,2021,0,0.428954,0,0.240174,0,0.034832,0,9.9e-05,0
100350,2021,0,0.033539,0,0.075613,0,0.017169,0,7.1e-05,0
101300,2021,0,0.48345,0,0.116312,0,0.014291,0,8.3e-05,0
101303,2021,0,0.191739,0,0.09556,0,0.086065,0,0.000797,0
101304,2021,0,0.313884,0,0.292387,0,0.030142,0,0.012755,0
101305,2021,1,0.56508,1,0.429763,0,0.654347,1,0.219089,1
101307,2021,0,0.978087,1,0.263841,0,0.030175,0,0.000896,0
101308,2021,0,0.507566,1,0.209944,0,0.024595,0,0.000324,0
101309,2021,0,0.487126,0,0.287891,0,0.216453,0,0.034169,0
101311,2021,0,0.488064,0,0.194662,0,0.11252,0,0.033107,0
101312,2021,0,0.659838,1,0.129895,0,0.008089,0,0.125379,1
101313,2021,0,0.506822,1,0.099276,0,0.009192,0,0.028057,0
101993,2021,0,0.036158,0,4.3e-05,0,0.002441,0,0.000213,0
102001,2021,0,0.000109,0,0.006144,0,0.002517,0,1.2e-05,0
102003,2021,0,0.000154,0,0.006345,0,0.00214,0,0.000151,0
102009,2021,0,0.041545,0,0.002488,0,0.002382,0,0.000371,0
102010,2021,0,0.037996,0,0.007393,0,0.003433,0,0.000314,0
102012,2021,0,0.032017,0,0.003481,0,0.002875,0,0.000573,0
102013,2021,0,0.03368,0,0.001529,0,0.002149,0,0.000155,0
102015,2021,0,0.032571,0,0.007633,0,0.001613,0,4.9e-05,0
102017,2021,0,0.00015,0,0.000459,0,0.001942,0,8.7e-05,0
102018,2021,0,0.048758,0,0.000818,0,0.002332,0,2.9e-05,0
102019,2021,0,0.050394,0,0.000149,0,0.002396,0,4.6e-05,0
102020,2021,0,0.000159,0,0.001494,0,0.001717,0,2.2e-05,0
102021,2021,0,0.040882,0,0.006066,0,0.002268,0,1.4e-05,0
102022,2021,0,0.000113,0,0.017084,0,0.003809,0,8e-06,0
102023,2021,0,0.000131,0,0.002258,0,0.002158,0,1.4e-05,0
102024,2021,0,0.00012,0,0.000879,0,0.002038,0,5e-06,0
102025,2021,0,0.033172,0,0.001892,0,0.002379,0,7e-06,0
102026,2021,0,0.027846,0,0.017851,0,0.003596,0,1.9e-05,0
102027,2021,0,0.025935,0,0.006444,0,0.002691,0,9e-06,0
102028,2021,0,0.029926,0,0.001834,0,0.001998,0,0.000172,0
102029,2021,0,0.031079,0,0.001331,0,0.001552,0,6.6e-05,0
102030,2021,0,0.000194,0,0.001218,0,0.001704,0,2.8e-05,0
102031,2021,0,0.000101,0,0.00292,0,0.002843,0,5e-06,0
102032,2021,0,0.05148,0,0.045854,0,0.007401,0,0.000227,0
103026,2021,0,0.044596,0,0.023316,0,0.009471,0,7.6e-05,0
103027,2021,0,0.092373,0,0.001721,0,0.006178,0,0.000325,0
103028,2021,0,0.02776,0,0.008042,0,0.006541,0,8.2e-05,0
103031,2021,0,0.029736,0,0.011985,0,0.010084,0,5.3e-05,0
103032,2021,0,0.000139,0,0.056763,0,0.004564,0,3e-06,0
103033,2021,0,0.038759,0,0.005828,0,0.004045,0,1e-05,0
103034,2021,0,0.028192,0,0.001378,0,0.009802,0,3e-06,0
103036,2021,0,0.023618,0,0.007444,0,0.004138,0,5e-06,0
103037,2021,0,0.024578,0,0.0019,0,0.002904,0,3e-06,0
103038,2021,0,0.029124,0,0.000416,0,0.00383,0,5e-06,0
103039,2021,0,0.042081,0,0.120782,0,0.040882,0,0.000178,0
103040,2021,0,0.037026,0,0.012521,0,0.007355,0,1.2e-05,0
103042,2021,0,0.031016,0,0.012251,0,0.00287,0,4e-06,0
103043,2021,0,0.030707,0,0.005828,0,0.004377,0,6e-06,0
103044,2021,0,7.9e-05,0,0.043901,0,0.002301,0,0.0,0
103045,2021,0,0.01993,0,0.014527,0,0.004897,0,2e-06,0
103046,2021,0,0.000106,0,0.005088,0,0.004753,0,6e-06,0
103047,2021,0,0.000106,0,0.00348,0,0.003306,0,8e-06,0
103048,2021,0,0.000138,0,0.007232,0,0.000663,0,1e-06,0
103300,2021,0,0.81309,1,0.631753,1,0.623528,1,0.002452,0
103301,2021,0,0.910265,1,0.565278,1,0.657132,1,0.090762,1
103304,2021,0,0.802467,1,0.310498,0,0.110448,0,0.387976,1
104001,2021,0,0.004484,0,0.044419,0,0.015215,0,0.000106,0
104007,2021,0,0.001463,0,0.021837,0,0.004189,0,5e-05,0
104016,2021,0,0.14579,0,0.051248,0,0.039305,0,0.000216,0
104017,2021,0,0.298179,0,0.043433,0,0.028155,0,0.029919,0
104018,2021,0,0.213563,0,0.338914,0,0.107786,0,0.000149,0
104024,2021,1,0.328656,0,0.510129,1,0.650938,1,0.254408,1
104026,2021,0,0.207657,0,0.042502,0,0.04172,0,0.005874,0
104040,2021,0,0.002372,0,0.029963,0,0.014464,0,0.001813,0
104049,2021,0,0.071059,0,0.037657,0,0.007353,0,3.2e-05,0
104057,2021,0,0.195409,0,0.017465,0,0.008223,0,0.005419,0
104059,2021,0,0.000925,0,0.065091,0,0.028724,0,0.000147,0
104063,2021,0,0.125852,0,0.002319,0,0.001927,0,0.000158,0
104067,2021,0,0.000174,0,0.210936,0,0.0441,0,0.000186,0
104069,2021,0,0.235502,0,0.004253,0,0.004979,0,0.017329,0
104070,2021,0,0.161102,0,0.00291,0,0.001772,0,5.2e-05,0
104071,2021,0,0.202765,0,0.037902,0,0.02498,0,0.001448,0
104072,2021,0,0.215684,0,0.070973,0,0.100504,0,0.002359,0
104073,2021,0,0.055057,0,0.007952,0,0.001259,0,3e-06,0
104074,2021,0,0.127355,0,0.030584,0,0.005947,0,0.002275,0
104075,2021,0,0.222174,0,0.041482,0,0.045009,0,0.016166,0
104076,2021,0,0.220761,0,0.060845,0,0.0364,0,0.102659,1
104078,2021,0,0.193564,0,0.020848,0,0.016383,0,0.002074,0
104079,2021,0,0.000686,0,0.060638,0,0.021036,0,4.6e-05,0
104080,2021,0,0.223507,0,0.044782,0,0.046331,0,0.004088,0
104081,2021,0,0.000578,0,0.105036,0,0.207296,0,5.7e-05,0
104082,2021,0,0.207585,0,0.035394,0,0.072751,0,0.001492,0
110001,2021,0,0.193028,0,0.324144,0,0.195024,0,0.000133,0
110002,2021,0,0.608803,1,0.394503,0,0.215934,0,0.012254,0
110003,2021,0,0.389861,0,0.027814,0,0.007472,0,0.001142,0
110005,2021,0,0.512977,1,0.011277,0,0.002556,0,0.004853,0
110006,2021,0,0.401478,0,0.170413,0,0.035542,0,1.1e-05,0
110007,2021,0,0.343837,0,0.194067,0,0.014172,0,0.087191,1
110008,2021,0,0.353608,0,0.209617,0,0.017259,0,0.012219,0
110010,2021,0,0.096653,0,0.097353,0,0.027119,0,0.003687,0
110011,2021,0,0.425908,0,0.35158,0,0.012816,0,0.001566,0
110015,2021,0,0.072989,0,0.074008,0,0.006469,0,1e-06,0
110016,2021,0,0.539818,1,0.286875,0,0.229801,0,0.00292,0
110018,2021,0,0.389262,0,0.051057,0,0.004567,0,0.005363,0
110023,2021,0,0.357456,0,0.29163,0,0.072888,0,3e-06,0
110024,2021,0,0.63924,1,0.058599,0,0.022385,0,0.005093,0
110025,2021,0,0.363857,0,0.103385,0,0.036384,0,0.00301,0
110027,2021,0,0.300479,0,0.11173,0,0.033092,0,0.000779,0
110028,2021,0,0.68783,1,0.514822,1,0.14073,0,0.054632,1
110029,2021,0,0.839026,1,0.784566,1,0.805346,1,0.01549,0
110030,2021,0,0.068064,0,0.013378,0,0.001131,0,0.001599,0
110031,2021,0,0.568912,1,0.254077,0,0.167965,0,0.007011,0
110032,2021,0,0.461198,0,0.349514,0,0.225231,0,0.002161,0
110034,2021,0,0.495202,0,0.223735,0,0.00928,0,0.000175,0
110035,2021,0,0.485385,0,0.166622,0,0.046687,0,0.001863,0
110036,2021,0,0.673625,1,0.17398,0,0.259179,0,0.059901,1
110038,2021,0,0.541403,1,0.244177,0,0.123497,0,0.425511,1
110041,2021,0,0.476069,0,0.217835,0,0.060244,0,0.00343,0
110042,2021,0,0.097587,0,0.049012,0,0.020421,0,1.3e-05,0
110043,2021,0,0.324846,0,0.06172,0,0.008443,0,6.2e-05,0
110044,2021,0,0.464013,0,0.22468,0,0.011216,0,0.002158,0
110045,2021,0,0.117724,0,0.015385,0,0.000863,0,0.000153,0
110046,2021,0,0.03139,0,0.055159,0,0.009806,0,8.7e-05,0
110050,2021,0,0.198518,0,0.135793,0,0.044699,0,0.000128,0
110051,2021,0,0.738622,1,0.272374,0,0.2177,0,0.003337,0
110054,2021,0,0.743061,1,0.443265,0,0.234133,0,0.005454,0
110064,2021,0,0.657329,1,0.097497,0,0.067998,0,0.00383,0
110069,2021,0,0.566772,1,0.23663,0,0.098102,0,0.005172,0
110071,2021,0,0.538372,1,0.23114,0,0.158158,0,0.007983,0
110073,2021,0,0.379031,0,0.404214,0,0.130681,0,0.000325,0
110074,2021,0,0.413291,0,0.360378,0,0.047178,0,0.000698,0
110075,2021,0,0.457561,0,0.002281,0,0.002182,0,0.000282,0
110076,2021,0,0.420128,0,0.070819,0,0.014457,0,0.000253,0
110078,2021,0,0.482772,0,0.30263,0,0.062372,0,0.004675,0
110079,2021,0,0.268304,0,0.308965,0,0.235857,0,0.000129,0
110082,2021,0,0.281274,0,0.153196,0,0.017391,0,0.00131,0
110083,2021,0,0.379471,0,0.29304,0,0.025151,0,0.004524,0
110086,2021,0,0.363857,0,0.251217,0,0.043177,0,0.000724,0
110087,2021,0,0.727056,1,0.203095,0,0.02585,0,0.012481,0
110089,2021,0,0.509343,1,0.314982,0,0.086929,0,8.1e-05,0
110091,2021,0,0.194682,0,0.106707,0,0.015317,0,1.2e-05,0
110092,2021,0,0.575958,1,0.237913,0,0.095025,0,0.001299,0
110095,2021,1,0.615618,1,0.695512,1,0.952922,1,0.229229,1
110100,2021,0,0.459089,0,0.252223,0,0.154966,0,0.238197,1
110101,2021,0,0.672517,1,0.281808,0,0.063512,0,0.217467,1
110104,2021,0,0.450019,0,0.479931,0,0.20911,0,0.006768,0
110105,2021,0,0.618521,1,0.517525,1,0.292972,0,2.9e-05,0
110107,2021,0,0.763537,1,0.321505,0,0.210604,0,0.002294,0
110109,2021,0,0.485038,0,0.269744,0,0.031957,0,0.001453,0
110111,2021,0,0.520663,1,0.285742,0,0.185492,0,0.006892,0
110113,2021,0,0.386982,0,0.21072,0,0.0722,0,0.005249,0
110115,2021,0,0.029988,0,0.097653,0,0.017253,0,5e-06,0
110121,2021,0,0.562502,1,0.079342,0,0.038354,0,0.000137,0
110122,2021,0,0.562722,1,0.398097,0,0.185578,0,0.012116,0
110124,2021,0,0.641111,1,0.275085,0,0.019298,0,0.115272,1
110125,2021,0,0.148774,0,0.00611,0,0.001037,0,9e-05,0
110128,2021,0,0.325832,0,0.107477,0,0.044889,0,0.007965,0
110129,2021,0,0.583006,1,0.10835,0,0.083846,0,0.000551,0
110130,2021,0,0.143539,0,0.078722,0,0.019072,0,0.001571,0
110132,2021,0,0.615346,1,0.411203,0,0.287308,0,0.00271,0
110135,2021,0,0.126476,0,0.175458,0,0.088484,0,0.000368,0
110142,2021,0,0.252163,0,0.154988,0,0.13274,0,0.001079,0
110143,2021,0,0.352189,0,0.041916,0,0.005433,0,0.000134,0
110146,2021,0,0.564589,1,0.150725,0,0.016233,0,0.012304,0
110150,2021,0,0.343725,0,0.235435,0,0.027948,0,0.001231,0
110153,2021,0,0.128209,0,0.017021,0,0.003707,0,2.5e-05,0
110161,2021,0,0.753087,1,0.397953,0,0.066518,0,0.002597,0
110164,2021,0,0.545789,1,0.144481,0,0.07349,0,0.012415,0
110165,2021,0,0.665608,1,0.182272,0,0.13707,0,0.012424,0
110168,2021,0,0.153519,0,0.072534,0,0.001918,0,0.000184,0
110177,2021,0,0.174303,0,0.005781,0,0.001826,0,0.000333,0
110184,2021,0,0.462798,0,0.030799,0,0.017237,0,0.000939,0
110189,2021,0,0.134674,0,0.004307,0,0.001884,0,0.000722,0
110190,2021,0,0.160229,0,0.078188,0,0.012109,0,0.000887,0
110191,2021,0,0.438237,0,0.04259,0,0.020978,0,0.000368,0
110192,2021,0,0.390751,0,0.130275,0,0.036579,0,0.001405,0
110194,2021,0,0.484707,0,0.290546,0,0.223991,0,0.000513,0
110198,2021,0,0.150864,0,0.072403,0,0.005128,0,8e-06,0
110200,2021,0,0.124573,0,0.072449,0,0.015929,0,3.9e-05,0
110201,2021,0,0.268341,0,0.032428,0,0.001514,0,0.001898,0
110209,2021,0,0.561305,1,0.03494,0,0.00358,0,0.001432,0
110215,2021,0,0.408199,0,0.071675,0,0.067305,0,0.055042,1
110225,2021,0,0.092844,0,0.031324,0,0.006939,0,0.000116,0
110226,2021,0,0.251398,0,0.021531,0,0.00386,0,0.000359,0
110229,2021,0,0.404611,0,0.067378,0,0.007184,0,0.007211,0
110230,2021,0,0.283398,0,0.2205,0,0.037754,0,0.000528,0
110233,2021,0,0.505181,1,0.06222,0,0.008524,0,0.000609,0
110234,2021,0,0.307244,0,0.225958,0,0.073582,0,0.246827,1
110236,2021,0,0.353068,0,0.075535,0,0.026773,0,0.001073,0
110237,2021,0,0.24174,0,0.01872,0,0.004952,0,6e-05,0
110252,2021,0,0.497324,0,0.026028,0,0.006615,0,0.001392,0
111302,2021,0,0.44604,0,0.148565,0,0.024454,0,0.085917,1
111303,2021,0,0.268841,0,0.145477,0,0.017006,0,0.000979,0
111304,2021,0,0.518854,1,0.361671,0,0.242556,0,0.014843,0
111305,2021,0,0.496846,0,0.167922,0,0.013199,0,0.017137,0
111306,2021,0,0.572812,1,0.229852,0,0.189715,0,0.003587,0
111308,2021,0,0.268301,0,0.258038,0,0.092266,0,0.025928,0
111310,2021,0,0.242234,0,0.063116,0,0.015168,0,0.016629,0
111311,2021,0,0.257988,0,0.221082,0,0.147684,0,0.004363,0
111312,2021,0,0.387385,0,0.308654,0,0.166519,0,0.009757,0
111313,2021,0,0.463273,0,0.302496,0,0.312783,0,0.272342,1
111314,2021,0,0.486101,0,0.197362,0,0.167373,0,0.004411,0
111316,2021,0,0.087506,0,0.152795,0,0.006362,0,0.000152,0
111318,2021,1,0.56241,1,0.493755,0,0.79096,1,0.242604,1
111319,2021,0,0.433732,0,0.076541,0,0.003168,0,0.000909,0
111320,2021,0,0.331715,0,0.072979,0,0.004721,0,0.000432,0
111323,2021,0,0.446228,0,0.0728,0,0.022353,0,0.001345,0
111324,2021,0,0.475868,0,0.087986,0,0.023574,0,0.000608,0
111325,2021,0,0.505466,1,0.318747,0,0.187776,0,0.069185,1
111326,2021,0,0.260056,0,0.183817,0,0.097662,0,0.003639,0
111327,2021,0,0.206712,0,0.29978,0,0.175134,0,0.002598,0
111328,2021,0,0.23156,0,0.130075,0,0.015789,0,6.8e-05,0
111329,2021,0,0.402921,0,0.130245,0,0.024123,0,0.001526,0
111330,2021,0,0.943827,1,0.137079,0,0.019995,0,0.000127,0
111331,2021,0,0.700161,1,0.125832,0,0.027705,0,0.001191,0
111332,2021,0,0.296012,0,0.097357,0,0.084154,0,0.003847,0
111333,2021,0,0.612218,1,0.340791,0,0.3546,0,0.072169,1
111334,2021,0,0.408112,0,0.213984,0,0.088401,0,0.001291,0
111335,2021,0,0.372083,0,0.304127,0,0.345151,0,0.00024,0
111336,2021,0,0.400619,0,0.29298,0,0.083398,0,0.010502,0
111337,2021,0,0.325962,0,0.29475,0,0.144566,0,0.044192,1
112000,2021,0,0.049269,0,0.004891,0,0.000676,0,0.000182,0
112003,2021,0,0.035702,0,0.171395,0,0.011952,0,0.000158,0
112004,2021,0,0.000167,0,0.015803,0,0.001562,0,6.9e-05,0
112006,2021,0,0.035366,0,0.001433,0,0.000563,0,0.000169,0
112007,2021,0,0.088295,0,0.027132,0,0.004348,0,0.00217,0
112011,2021,0,0.000276,0,0.000876,0,0.001654,0,2.6e-05,0
112012,2021,0,0.036916,0,0.000359,0,0.002334,0,0.00014,0
112013,2021,0,0.000147,0,0.000712,0,0.001098,0,8e-06,0
112016,2021,0,0.000131,0,0.006711,0,0.002258,0,3e-06,0
112017,2021,0,0.000156,0,4.3e-05,0,0.000244,0,4e-05,0
112018,2021,0,0.02871,0,0.00225,0,0.001806,0,7.9e-05,0
113028,2021,0,0.02878,0,0.001305,0,0.000595,0,2.7e-05,0
113029,2021,0,0.038492,0,0.038897,0,0.008798,0,1.6e-05,0
113030,2021,0,0.022067,0,0.024782,0,0.001513,0,3e-06,0
113031,2021,0,0.038582,0,0.0,0,0.000569,0,2.5e-05,0
113032,2021,0,0.018013,0,0.00607,0,0.00288,0,2e-06,0
113033,2021,0,0.019639,0,0.015382,0,0.004691,0,1e-06,0
113034,2021,0,7.8e-05,0,0.011018,0,0.000336,0,1e-06,0
113300,2021,0,0.608848,1,0.028126,0,0.002732,0,0.007504,0
113301,2021,0,0.621104,1,0.076334,0,0.004029,0,0.010703,0
114004,2021,0,0.140801,0,0.002572,0,0.000637,0,0.000195,0
114008,2021,0,0.215758,0,0.004124,0,0.002583,0,0.000571,0
114010,2021,0,0.166386,0,0.002572,0,0.000856,0,9.3e-05,0
114012,2021,0,0.200702,0,0.076236,0,0.021176,0,0.007395,0
114013,2021,0,0.646189,1,0.10617,0,0.02249,0,0.000752,0
114016,2021,0,0.189183,0,0.038852,0,0.033651,0,0.000158,0
114019,2021,0,0.441602,0,0.113774,0,0.016968,0,0.000292,0
114028,2021,0,0.436831,0,0.075093,0,0.01405,0,6.2e-05,0
114029,2021,0,0.0,0,0.03003,0,0.001914,0,0.003687,0
114032,2021,0,0.276028,0,0.005706,0,0.001364,0,0.001293,0
114035,2021,0,0.212147,0,0.05492,0,0.027167,0,0.004825,0
114036,2021,0,0.164984,0,0.008523,0,0.015424,0,0.003704,0
114037,2021,0,0.169189,0,0.019618,0,0.003556,0,0.001052,0
120001,2021,0,0.751167,1,0.535103,1,0.173306,0,0.006881,0
120002,2021,0,0.325713,0,0.234122,0,0.120851,0,0.000104,0
120004,2021,0,0.137504,0,0.069767,0,0.019053,0,0.000717,0
120005,2021,0,0.526223,1,0.110286,0,0.044056,0,2.7e-05,0
120006,2021,0,0.659085,1,0.400267,0,0.264142,0,0.087165,1
120007,2021,0,0.545027,1,0.303717,0,0.250263,0,0.380264,1
120011,2021,0,0.521133,1,0.093836,0,0.016194,0,0.002857,0
120014,2021,0,0.684086,1,0.070621,0,0.01793,0,0.000931,0
120019,2021,0,0.492028,0,0.11291,0,0.051021,0,0.000211,0
120022,2021,0,0.541524,1,0.087583,0,0.083335,0,0.000116,0
120026,2021,0,0.284834,0,0.072206,0,0.015213,0,0.000148,0
120028,2021,0,0.703463,1,0.190367,0,0.050156,0,0.003033,0
121300,2021,0,0.674889,1,0.302129,0,0.206788,0,0.001443,0
121301,2021,0,0.338445,0,0.097864,0,0.054734,0,0.000212,0
121302,2021,0,0.114436,0,0.031202,0,0.00558,0,0.000181,0
121303,2021,0,0.262233,0,0.192869,0,0.087545,0,0.00061,0
121304,2021,0,0.177993,0,0.147037,0,0.050374,0,0.000317,0
121305,2021,0,0.290295,0,0.133107,0,0.018771,0,0.000687,0
121306,2021,0,0.544832,1,0.122788,0,0.034054,0,0.002953,0
121307,2021,0,0.354047,0,0.08625,0,0.012252,0,4.2e-05,0
121308,2021,0,0.278975,0,0.083141,0,0.022864,0,0.0011,0
122001,2021,0,0.114318,0,0.004005,0,0.00259,0,0.000857,0
123025,2021,0,0.034932,0,0.035073,0,0.00923,0,1e-05,0
123300,2021,0,0.701626,1,0.105844,0,0.045464,0,0.001503,0
124001,2021,0,0.448974,0,0.040714,0,0.01253,0,0.071248,1
130002,2021,0,0.50414,1,0.064861,0,0.050155,0,0.038804,1
130003,2021,0,0.456484,0,0.082596,0,0.030711,0,0.004984,0
130006,2021,0,0.929283,1,0.546695,1,0.41767,0,0.004289,0
130007,2021,0,0.704306,1,0.779812,1,0.523995,1,0.040175,1
130013,2021,0,0.681709,1,0.160178,0,0.428329,0,0.038285,1
130014,2021,0,0.031585,0,0.013242,0,0.000668,0,1e-06,0
130018,2021,0,0.352013,0,0.004775,0,0.004898,0,4e-06,0
130025,2021,0,0.086534,0,0.420975,0,0.09626,0,0.000221,0
130028,2021,0,0.461582,0,0.047368,0,0.040881,0,0.001008,0
130049,2021,0,0.745403,1,0.581269,1,0.258382,0,0.005881,0
130063,2021,0,0.166,0,0.093233,0,0.010497,0,3.1e-05,0
130065,2021,1,0.872813,1,0.687956,1,0.894361,1,0.459164,1
130066,2021,0,0.365019,0,0.255755,0,0.038639,0,9e-06,0
130071,2021,0,0.393812,0,0.140174,0,0.099891,0,0.000506,0
130073,2021,0,0.122549,0,0.069509,0,0.003731,0,0.000194,0
130074,2021,0,0.523862,1,0.152068,0,0.171584,0,0.003315,0
131301,2021,0,0.500164,1,0.314949,0,0.197051,0,0.027868,0
131302,2021,0,0.188947,0,0.307143,0,0.025136,0,3.2e-05,0
131303,2021,0,0.454639,0,0.281095,0,0.072484,0,0.145637,1
131304,2021,0,0.265478,0,0.234279,0,0.146633,0,0.000804,0
131305,2021,0,0.805861,1,0.513644,1,0.499415,0,0.06244,1
131307,2021,0,0.682598,1,0.359638,0,0.256873,0,0.008938,0
131308,2021,0,0.181218,0,0.227828,0,0.020569,0,0.001868,0
131309,2021,0,0.289035,0,0.233127,0,0.1302,0,0.000496,0
131310,2021,0,0.447752,0,0.069194,0,0.02022,0,0.010003,0
131311,2021,0,0.585645,1,0.054885,0,0.004408,0,0.001464,0
131312,2021,0,0.632797,1,0.224944,0,0.032673,0,5e-05,0
131313,2021,0,0.592795,1,0.197186,0,0.06599,0,0.01336,0
131314,2021,0,0.549627,1,0.297922,0,0.226631,0,0.134409,1
131315,2021,0,0.389262,0,0.327534,0,0.356102,0,0.032863,0
131316,2021,0,0.716525,1,0.267046,0,0.253976,0,8e-05,0
131317,2021,0,0.606045,1,0.313032,0,0.267088,0,0.039539,1
131318,2021,0,0.549265,1,0.166728,0,0.105168,0,0.000298,0
131319,2021,0,0.709447,1,0.485426,0,0.545555,1,0.004719,0
131320,2021,0,0.440628,0,0.319382,0,0.077711,0,0.000705,0
131321,2021,0,0.508014,1,0.340812,0,0.277482,0,0.021448,0
131322,2021,0,0.235972,0,0.411296,0,0.233204,0,0.024078,0
131323,2021,0,0.717824,1,0.098003,0,0.014126,0,0.006858,0
131324,2021,0,0.372257,0,0.272868,0,0.119744,0,0.005301,0
131325,2021,0,0.671326,1,0.494372,0,0.459158,0,0.246336,1
131326,2021,0,0.323207,0,0.027178,0,0.000673,0,5.9e-05,0
131327,2021,0,0.49036,0,0.390823,0,0.168408,0,0.002379,0
131328,2021,0,0.665519,1,0.376478,0,0.140889,0,0.001214,0
132001,2021,0,0.04216,0,0.002072,0,0.003799,0,0.00012,0
132002,2021,0,0.000158,0,0.002404,0,0.001786,0,9.5e-05,0
133027,2021,0,0.027486,0,0.012511,0,0.005256,0,0.000122,0
133028,2021,0,0.000194,0,0.017606,0,0.002587,0,2.6e-05,0
134002,2021,0,0.17241,0,0.014213,0,0.00312,0,0.00762,0
134009,2021,0,0.002883,0,0.16828,0,0.017672,0,0.049507,1
134010,2021,0,0.291507,0,0.007638,0,0.002059,0,0.00038,0
134017,2021,0,0.190128,0,0.016011,0,0.012027,0,0.000958,0
140001,2021,0,0.669835,1,0.567649,1,0.666663,1,0.011858,0
140002,2021,0,0.64308,1,0.131392,0,0.095058,0,0.160475,1
140007,2021,0,0.380236,0,0.090847,0,0.098549,0,0.000696,0
140008,2021,0,0.552404,1,0.274314,0,0.258935,0,0.085553,1
140010,2021,0,0.588059,1,0.489222,0,0.109071,0,0.004718,0
140011,2021,0,0.346332,0,0.129386,0,0.065557,0,5.7e-05,0
140012,2021,0,0.437343,0,0.66037,1,0.482076,0,0.138505,1
140013,2021,0,0.319035,0,0.077734,0,0.022181,0,1.9e-05,0
140015,2021,0,0.732159,1,0.52426,1,0.517226,1,0.103017,1
140018,2021,0,0.474699,0,0.223809,0,0.389749,0,0.034188,0
140019,2021,0,0.187379,0,0.108505,0,0.038888,0,0.002855,0
140029,2021,0,0.70111,1,0.611337,1,0.517275,1,0.398816,1
140030,2021,0,0.794979,1,0.070066,0,0.011103,0,0.003583,0
140032,2021,0,0.227933,0,0.059816,0,0.019446,0,0.004215,0
140034,2021,0,0.300548,0,0.108742,0,0.049124,0,0.02173,0
140043,2021,0,0.854077,1,0.452898,0,0.510278,1,0.004266,0
140046,2021,0,0.47122,0,0.111841,0,0.043579,0,0.008196,0
140048,2021,0,0.770171,1,0.128199,0,0.018341,0,0.003647,0
140049,2021,0,0.485795,0,0.047854,0,0.022605,0,6e-05,0
140052,2021,0,0.236893,0,0.08043,0,0.058422,0,0.000821,0
140053,2021,0,0.487906,0,0.143215,0,0.024534,0,0.004258,0
140054,2021,0,0.652427,1,0.183052,0,0.123499,0,0.002115,0
140058,2021,0,0.114293,0,0.154047,0,0.043579,0,0.001833,0
140059,2021,0,0.478289,0,0.411259,0,0.280919,0,0.009896,0
140062,2021,0,0.321596,0,0.244756,0,0.118348,0,0.000456,0
140063,2021,0,0.134507,0,0.454304,0,0.440024,0,0.000204,0
140064,2021,0,0.3692,0,0.030392,0,0.029872,0,0.025011,0
140065,2021,0,0.659133,1,0.152676,0,0.031213,0,7.6e-05,0
140067,2021,0,0.62437,1,0.134365,0,0.035241,0,0.002479,0
140068,2021,0,0.049399,0,0.135912,0,0.072452,0,0.000106,0
140077,2021,0,0.46151,0,0.304344,0,0.108529,0,0.004075,0
140080,2021,0,0.269079,0,0.084255,0,0.035921,0,0.014832,0
140082,2021,0,0.53674,1,0.070596,0,0.022875,0,0.000372,0
140083,2021,0,0.283883,0,0.303776,0,0.384497,0,0.001911,0
140084,2021,0,0.477276,0,0.033414,0,0.037668,0,0.032916,0
140088,2021,0,0.666642,1,0.446652,0,0.067868,0,0.002952,0
140089,2021,0,0.66756,1,0.451521,0,0.424187,0,0.002004,0
140091,2021,0,0.504131,1,0.0009,0,0.009172,0,0.000441,0
140093,2021,0,0.371808,0,0.070977,0,0.017852,0,0.0291,0
140095,2021,0,0.178175,0,0.333871,0,0.400886,0,0.006453,0
140100,2021,0,0.11438,0,0.07934,0,0.056796,0,0.003641,0
140101,2021,1,0.554392,1,0.567987,1,0.848003,1,0.025214,0
140103,2021,0,0.590014,1,0.231196,0,0.157096,0,0.001336,0
140110,2021,0,0.733251,1,0.063716,0,0.021812,0,0.053692,1
140113,2021,0,0.405849,0,0.055742,0,0.019342,0,0.000894,0
140114,2021,0,0.749057,1,0.403452,0,0.666656,1,0.607488,1
140115,2021,0,0.303043,0,0.202645,0,0.086859,0,0.002733,0
140116,2021,0,0.280941,0,0.120696,0,0.086104,0,0.005512,0
140117,2021,0,0.274358,0,0.042996,0,0.024756,0,0.002845,0
140119,2021,0,0.879789,1,0.540572,1,0.070167,0,0.000639,0
140120,2021,0,0.331961,0,0.084475,0,0.015495,0,0.000441,0
140122,2021,0,0.359958,0,0.166791,0,0.055111,0,0.024598,0
140124,2021,0,0.028576,0,0.257795,0,0.049182,0,0.000203,0
140125,2021,0,0.306917,0,0.050167,0,0.005016,0,0.002995,0
140127,2021,0,0.514466,1,0.106537,0,0.060111,0,0.006178,0
140130,2021,0,0.323103,0,0.108001,0,0.040546,0,0.007263,0
140133,2021,0,0.259638,0,0.186937,0,0.159059,0,0.00135,0
140135,2021,0,0.564246,1,0.405106,0,0.531455,1,0.034006,0
140137,2021,0,0.606611,1,0.312519,0,0.49342,0,0.006682,0
140143,2021,0,0.261292,0,0.253642,0,0.089912,0,0.001213,0
140145,2021,0,0.124837,0,0.077029,0,0.010913,0,0.000906,0
140147,2021,0,0.160665,0,0.150152,0,0.048369,0,0.003044,0
140148,2021,0,0.700605,1,0.651459,1,0.206718,0,0.003961,0
140150,2021,0,0.897195,1,0.362004,0,0.113887,0,0.001211,0
140155,2021,0,0.492675,0,0.05081,0,0.030763,0,0.001104,0
140158,2021,0,0.469305,0,0.189674,0,0.031916,0,0.000156,0
140160,2021,0,0.701749,1,0.23707,0,0.052165,0,0.192752,1
140161,2021,0,0.395666,0,0.021688,0,0.017662,0,3.5e-05,0
140162,2021,0,0.436966,0,0.051893,0,0.030042,0,0.034224,1
140164,2021,0,0.474244,0,0.188169,0,0.288079,0,0.051338,1
140166,2021,0,0.449102,0,0.074871,0,0.018121,0,1.8e-05,0
140167,2021,0,0.21168,0,0.195806,0,0.039995,0,0.001133,0
140172,2021,0,0.429536,0,0.111644,0,0.0229,0,0.01205,0
140174,2021,0,0.506151,1,0.085571,0,0.014837,0,0.089746,1
140177,2021,0,0.141899,0,0.253889,0,0.127987,0,0.000324,0
140179,2021,0,0.162097,0,0.074163,0,0.034768,0,0.003482,0
140180,2021,0,0.353662,0,0.041432,0,0.013242,0,0.002022,0
140181,2021,0,0.642397,1,0.161285,0,0.14273,0,0.002485,0
140182,2021,0,0.849426,1,0.148441,0,0.016035,0,0.00357,0
140184,2021,0,0.27446,0,0.033757,0,0.013985,0,0.000318,0
140185,2021,0,0.42934,0,0.220328,0,0.083175,0,0.004867,0
140186,2021,0,0.607452,1,0.600223,1,0.746155,1,0.110101,1
140187,2021,0,0.436068,0,0.053333,0,0.026239,0,0.006498,0
140189,2021,0,0.7448,1,0.352816,0,0.196703,0,0.002015,0
140191,2021,0,0.363563,0,0.109963,0,0.11241,0,0.003264,0
140197,2021,0,0.093736,0,0.180787,0,0.148078,0,0.000395,0
140200,2021,0,0.391521,0,0.061142,0,0.041845,0,0.000501,0
140202,2021,0,0.743498,1,0.081251,0,0.023639,0,0.003583,0
140206,2021,0,0.628749,1,0.29235,0,0.158986,0,0.146955,1
140208,2021,0,0.882382,1,0.51057,1,0.112458,0,0.003587,0
140209,2021,0,0.312424,0,0.416588,0,0.344743,0,0.003259,0
140210,2021,1,0.54789,1,0.340623,0,0.378391,0,0.278206,1
140211,2021,0,0.345291,0,0.060461,0,0.078555,0,0.023204,0
140213,2021,0,0.594537,1,0.453119,0,0.262523,0,0.085351,1
140217,2021,0,0.400979,0,0.038496,0,0.011445,0,0.00085,0
140223,2021,0,0.818785,1,0.545822,1,0.343228,0,0.003588,0
140224,2021,0,0.424993,0,0.093607,0,0.048512,0,0.01424,0
140228,2021,0,0.59318,1,0.588845,1,0.513126,1,0.109878,1
140231,2021,0,0.441604,0,0.070762,0,0.016052,0,0.00889,0
140233,2021,0,0.439418,0,0.049577,0,0.039782,0,0.00771,0
140234,2021,0,0.101423,0,0.229707,0,0.048744,0,0.000277,0
140239,2021,0,0.684116,1,0.308385,0,0.113953,0,0.001665,0
140242,2021,0,0.425106,0,0.258926,0,0.122523,0,0.001099,0
140251,2021,1,0.250053,0,0.470464,0,0.652153,1,0.238778,1
140252,2021,0,0.743438,1,0.588658,1,0.574438,1,0.046308,1
140258,2021,0,0.508399,1,0.062289,0,0.045079,0,0.014284,0
140275,2021,0,0.716371,1,0.243963,0,0.077399,0,0.418729,1
140276,2021,1,0.911068,1,0.802825,1,0.895924,1,0.039074,1
140280,2021,0,0.697259,1,0.078893,0,0.124727,0,0.037755,1
140281,2021,0,0.382792,0,0.314254,0,0.372072,0,0.00286,0
140286,2021,0,0.309611,0,0.047974,0,0.068692,0,3.4e-05,0
140288,2021,0,0.865581,1,0.145745,0,0.136538,0,0.003567,0
140289,2021,0,0.558642,1,0.349541,0,0.317289,0,0.006889,0
140290,2021,0,0.398747,0,0.077619,0,0.037205,0,0.006428,0
140291,2021,0,0.854387,1,0.091489,0,0.012948,0,0.003585,0
140292,2021,0,0.217306,0,0.227393,0,0.489295,0,0.002289,0
140294,2021,0,0.329325,0,0.05906,0,0.013231,0,0.000105,0
140300,2021,0,0.681311,1,0.149844,0,0.005407,0,0.002727,0
140304,2021,0,0.412528,0,0.266972,0,0.126224,0,0.002698,0
141300,2021,0,0.614615,1,0.27036,0,0.171021,0,0.111005,1
141301,2021,0,0.5903,1,0.363365,0,0.212382,0,0.004634,0
141302,2021,1,0.630063,1,0.501536,1,0.587984,1,0.345584,1
141303,2021,0,0.713882,1,0.164859,0,0.079649,0,0.002214,0
141304,2021,0,0.477178,0,0.185211,0,0.140088,0,0.001046,0
141305,2021,0,0.441019,0,0.393509,0,0.292479,0,0.074109,1
141306,2021,0,0.412189,0,0.31215,0,0.23594,0,0.000604,0
141307,2021,0,0.514089,1,0.310049,0,0.266426,0,0.005116,0
141308,2021,0,0.415191,0,0.201939,0,0.163396,0,0.20552,1
141309,2021,0,0.506162,1,0.204429,0,0.079353,0,0.030866,0
141310,2021,0,0.837902,1,0.215143,0,0.086965,0,0.00041,0
141311,2021,0,0.432267,0,0.388144,0,0.215081,0,0.007103,0
141312,2021,0,0.551993,1,0.499565,0,0.430065,0,0.016793,0
141313,2021,0,0.684259,1,0.385769,0,0.222257,0,0.016283,0
141315,2021,0,0.398117,0,0.363847,0,0.154805,0,0.15295,1
141316,2021,0,0.430522,0,0.168777,0,0.090715,0,0.010171,0
141317,2021,0,0.749998,1,0.273058,0,0.218273,0,0.002677,0
141318,2021,0,0.435388,0,0.123554,0,0.031312,0,0.063657,1
141319,2021,0,0.472109,0,0.486709,0,0.526011,1,0.004897,0
141320,2021,0,0.36874,0,0.371294,0,0.323077,0,0.081425,1
141321,2021,0,0.611541,1,0.221895,0,0.154882,0,0.01152,0
141322,2021,0,0.384184,0,0.083097,0,0.006729,0,0.004116,0
141323,2021,0,0.634788,1,0.438884,0,0.495264,0,0.020272,0
141324,2021,0,0.804684,1,0.329439,0,0.246966,0,0.000413,0
141325,2021,0,0.364818,0,0.12029,0,0.023457,0,0.004938,0
141326,2021,0,0.40625,0,0.398349,0,0.483867,0,0.531272,1
141327,2021,0,0.662946,1,0.464764,0,0.342436,0,0.060069,1
141328,2021,0,0.367806,0,0.330766,0,0.628814,1,0.061839,1
141329,2021,0,0.560841,1,0.308734,0,0.086811,0,0.005469,0
141330,2021,0,0.5741,1,0.467517,0,0.454866,0,0.029869,0
141331,2021,0,0.561572,1,0.405471,0,0.234407,0,0.023724,0
141332,2021,0,0.584704,1,0.205661,0,0.078228,0,0.051704,1
141333,2021,0,0.496437,0,0.243591,0,0.042064,0,0.002233,0
141334,2021,0,0.471271,0,0.158643,0,0.189266,0,0.002068,0
141335,2021,0,0.393742,0,0.248686,0,0.022373,0,0.007652,0
141336,2021,0,0.431495,0,0.104814,0,0.012048,0,0.033238,0
141337,2021,0,0.131519,0,0.254468,0,0.023209,0,2.1e-05,0
141338,2021,0,0.657876,1,0.264815,0,0.129271,0,0.024491,0
141339,2021,0,0.597225,1,0.231731,0,0.379047,0,0.067307,1
141340,2021,0,0.444603,0,0.10299,0,0.022459,0,0.001645,0
141341,2021,0,0.557994,1,0.519901,1,0.591854,1,0.057697,1
141342,2021,0,0.488733,0,0.149034,0,0.06213,0,0.008497,0
141343,2021,0,0.526858,1,0.437743,0,0.239037,0,0.026373,0
141344,2021,0,0.346275,0,0.16599,0,0.01032,0,5e-05,0
141345,2021,0,0.656249,1,0.282522,0,0.067869,0,0.071869,1
141346,2021,0,0.525145,1,0.164299,0,0.022973,0,0.000392,0
141347,2021,0,0.565099,1,0.3998,0,0.135299,0,0.000295,0
141348,2021,0,0.081443,0,0.035043,0,0.01389,0,9.4e-05,0
141349,2021,0,0.780843,1,0.414422,0,0.451247,0,0.245049,1
141350,2021,0,0.647295,1,0.072557,0,0.013994,0,0.008504,0
141351,2021,0,0.428916,0,0.237027,0,0.138858,0,0.001085,0
142006,2021,0,0.051888,0,0.000962,0,0.002613,0,0.000199,0
142008,2021,0,0.039969,0,0.011539,0,0.005254,0,0.00033,0
142009,2021,0,0.041742,0,0.001215,0,0.002016,0,0.000135,0
142010,2021,0,0.032311,0,0.033205,0,0.012089,0,0.00018,0
142011,2021,0,0.041006,0,0.011543,0,0.002736,0,0.000261,0
142013,2021,0,0.030225,0,0.015298,0,0.00307,0,0.00019,0
143025,2021,0,0.028737,0,0.036305,0,0.008374,0,2.1e-05,0
143026,2021,0,0.043466,0,0.41808,0,0.437046,0,0.000392,0
143027,2021,0,0.030557,0,0.023351,0,0.024691,0,8.8e-05,0
143028,2021,0,0.025795,0,0.013489,0,0.00288,0,3e-06,0
143029,2021,0,0.000494,0,0.003372,0,0.002389,0,0.000185,0
143300,2021,1,0.825904,1,0.748845,1,0.851354,1,0.012028,0
143301,2021,0,0.663355,1,0.137958,0,0.144023,0,0.001607,0
144009,2021,0,0.156998,0,0.011628,0,0.002265,0,0.001277,0
144010,2021,0,0.008589,0,0.0325,0,0.006017,0,0.000834,0
144016,2021,0,0.018921,0,0.04697,0,0.007326,0,0.000981,0
144021,2021,0,0.01427,0,0.031721,0,0.008745,0,0.000162,0
144026,2021,0,0.244846,0,0.016925,0,0.001899,0,0.000174,0
144028,2021,0,0.000714,0,0.039119,0,0.008063,0,0.000883,0
144029,2021,0,0.185425,0,0.002572,0,0.002079,0,0.003338,0
144031,2021,0,0.350237,0,0.086184,0,0.083815,0,0.001491,0
144034,2021,0,0.193383,0,0.00262,0,0.002743,0,0.000385,0
144035,2021,0,0.393436,0,0.074449,0,0.058107,0,0.003204,0
144037,2021,0,0.019162,0,0.048216,0,0.008412,0,6.4e-05,0
144038,2021,0,0.016359,0,0.042322,0,0.013259,0,9.5e-05,0
144040,2021,0,0.132799,0,0.051746,0,0.022738,0,0.00203,0
144041,2021,0,0.252925,0,0.041317,0,0.022552,0,0.002683,0
144042,2021,0,0.213712,0,0.06075,0,0.045175,0,0.017525,0
150001,2021,0,0.320078,0,0.34916,0,0.112492,0,0.003365,0
150002,2021,0,0.535799,1,0.335903,0,0.549727,1,0.059872,1
150004,2021,0,0.001255,0,0.096074,0,0.007794,0,0.002856,0
150005,2021,0,0.809184,1,0.474381,0,0.750732,1,0.591492,1
150006,2021,0,0.267058,0,0.120067,0,0.034701,0,0.008832,0
150007,2021,0,0.578315,1,0.039202,0,0.024869,0,0.011237,0
150008,2021,0,0.457264,0,0.100306,0,0.027609,0,0.001391,0
150009,2021,0,0.437033,0,0.121435,0,0.081034,0,0.000962,0
150010,2021,0,0.422632,0,0.034922,0,0.022253,0,0.002152,0
150011,2021,0,0.441086,0,0.498468,0,0.60656,1,0.030252,0
150012,2021,0,0.669678,1,0.135397,0,0.111144,0,0.143043,1
150015,2021,0,0.530515,1,0.140905,0,0.098648,0,0.048255,1
150017,2021,0,0.054819,0,0.002637,0,0.00287,0,0.000348,0
150018,2021,0,0.654191,1,0.204073,0,0.162596,0,0.013342,0
150021,2021,0,0.831142,1,0.182677,0,0.046223,0,0.001037,0
150022,2021,0,0.435056,0,0.088348,0,0.041524,0,0.000135,0
150023,2021,0,0.734195,1,0.201587,0,0.069382,0,0.28951,1
150024,2021,1,0.567418,1,0.631451,1,0.785146,1,0.102808,1
150026,2021,0,0.534594,1,0.471489,0,0.271097,0,0.000726,0
150030,2021,0,0.547029,1,0.556827,1,0.613713,1,0.150324,1
150034,2021,0,0.503909,1,0.038282,0,0.014081,0,0.03005,0
150035,2021,0,0.374144,0,0.014873,0,0.004128,0,0.000287,0
150037,2021,0,0.35178,0,0.422997,0,0.34257,0,0.000425,0
150042,2021,0,0.842752,1,0.61177,1,0.374645,0,0.029334,0
150044,2021,0,0.461165,0,0.039591,0,0.057269,0,0.033567,0
150045,2021,0,0.30915,0,0.041185,0,0.017282,0,0.00518,0
150046,2021,0,0.369182,0,0.010868,0,0.002077,0,4.5e-05,0
150047,2021,0,0.204824,0,0.104894,0,0.029899,0,0.001339,0
150048,2021,0,0.59334,1,0.214543,0,0.125802,0,0.064592,1
150051,2021,0,0.72327,1,0.250622,0,0.121331,0,0.004598,0
150056,2021,1,0.60268,1,0.565145,1,0.698924,1,0.015027,0
150057,2021,0,0.409353,0,0.004233,0,0.003967,0,0.012631,0
150058,2021,0,0.587143,1,0.41956,0,0.386677,0,0.129594,1
150059,2021,1,0.740185,1,0.64678,1,0.761459,1,0.266483,1
150061,2021,0,0.772246,1,0.456998,0,0.256614,0,0.00411,0
150065,2021,1,0.786831,1,0.613026,1,0.873414,1,0.385333,1
150069,2021,0,0.589412,1,0.58237,1,0.82011,1,0.330962,1
150072,2021,0,0.763305,1,0.693061,1,0.796098,1,0.027575,0
150074,2021,0,0.503807,1,0.051008,0,0.031319,0,0.00085,0
150075,2021,0,0.487702,0,0.064985,0,0.018893,0,0.018202,0
150076,2021,0,0.61937,1,0.127967,0,0.030101,0,8.5e-05,0
150082,2021,0,0.366991,0,0.528146,1,0.198917,0,0.000308,0
150084,2021,0,0.558528,1,0.374318,0,0.558908,1,0.002058,0
150086,2021,0,0.474434,0,0.12529,0,0.067901,0,0.001389,0
150088,2021,0,0.627268,1,0.096569,0,0.019771,0,0.030566,0
150089,2021,0,0.462645,0,0.142982,0,0.11379,0,0.00505,0
150090,2021,0,0.55963,1,0.308271,0,0.271344,0,0.005829,0
150091,2021,0,0.608944,1,0.037364,0,0.009295,0,0.004301,0
150097,2021,0,0.349069,0,0.4682,0,0.506986,1,0.077517,1
150100,2021,0,0.362327,0,0.060231,0,0.095043,0,0.008116,0
150101,2021,0,0.414699,0,0.037471,0,0.001695,0,6e-06,0
150102,2021,0,0.30554,0,0.010413,0,0.001174,0,0.002574,0
150104,2021,0,0.5361,1,0.498186,0,0.69686,1,0.070682,1
150109,2021,0,0.752897,1,0.332197,0,0.575964,1,0.403508,1
150112,2021,0,0.7516,1,0.218697,0,0.07146,0,0.092662,1
150113,2021,0,0.58827,1,0.073694,0,0.057852,0,0.033859,0
150115,2021,0,0.473269,0,0.54164,1,0.19537,0,0.000306,0
150125,2021,0,0.534381,1,0.084048,0,0.059212,0,0.008034,0
150126,2021,0,0.605131,1,0.174843,0,0.106727,0,0.022239,0
150128,2021,0,0.595756,1,0.006797,0,0.020759,0,0.220055,1
150133,2021,0,0.323831,0,0.004623,0,0.002041,0,0.00042,0
150146,2021,0,0.516927,1,0.013942,0,0.012123,0,0.00427,0
150149,2021,0,0.031149,0,0.18848,0,0.076638,0,0.223716,1
150150,2021,0,0.46012,0,0.004551,0,0.001011,0,0.000131,0
150153,2021,0,0.131343,0,0.06023,0,0.013634,0,4.3e-05,0
150157,2021,0,0.469037,0,0.127205,0,0.024294,0,0.001115,0
150158,2021,0,0.579951,1,0.07229,0,0.076032,0,0.000134,0
150160,2021,0,0.027197,0,0.161175,0,0.007089,0,6.7e-05,0
150161,2021,0,0.538697,1,0.058952,0,0.008485,0,0.000487,0
150162,2021,0,0.640956,1,0.224257,0,0.350253,0,0.006538,0
150165,2021,0,0.395977,0,0.168692,0,0.223529,0,0.044068,1
150166,2021,0,0.468302,0,0.244397,0,0.053602,0,0.01385,0
150167,2021,0,0.199896,0,0.065955,0,0.004664,0,1e-06,0
150168,2021,0,0.285779,0,0.016272,0,0.000961,0,8e-06,0
150169,2021,0,0.206293,0,0.033844,0,0.014519,0,0.102355,1
150172,2021,0,0.575655,1,0.107081,0,0.053096,0,0.05959,1
150173,2021,0,0.635058,1,0.054952,0,0.046614,0,0.014349,0
150177,2021,0,0.630754,1,0.125733,0,0.077774,0,0.027975,0
150179,2021,0,1.2e-05,0,0.10132,0,0.001192,0,0.002603,0
150181,2021,0,0.35633,0,0.050656,0,0.009676,0,0.005153,0
150183,2021,0,0.391082,0,0.111596,0,0.050875,0,0.002143,0
150191,2021,0,0.270554,0,0.081209,0,0.001725,0,0.000312,0
151300,2021,0,0.58479,1,0.299401,0,0.141524,0,0.111813,1
151301,2021,0,0.644648,1,0.068813,0,0.005697,0,0.000991,0
151302,2021,0,0.174618,0,0.138103,0,0.023227,0,0.00137,0
151303,2021,0,0.278356,0,0.092285,0,0.005639,0,1.5e-05,0
151304,2021,0,0.590469,1,0.39713,0,0.113263,0,0.008645,0
151305,2021,0,0.452485,0,0.449117,0,0.681786,1,0.116323,1
151306,2021,0,0.566395,1,0.221428,0,0.086898,0,0.000466,0
151307,2021,0,0.402169,0,0.168076,0,0.065093,0,0.017701,0
151308,2021,0,0.497991,0,0.130372,0,0.024973,0,0.01348,0
151309,2021,0,0.586374,1,0.119649,0,0.027009,0,0.056571,1
151310,2021,0,0.381599,0,0.063771,0,0.010272,0,0.034686,1
151311,2021,0,0.611128,1,0.309477,0,0.351521,0,0.043065,1
151312,2021,0,0.52747,1,0.261694,0,0.334708,0,0.061479,1
151313,2021,1,0.79964,1,0.546044,1,0.674306,1,0.580261,1
151314,2021,0,0.4287,0,0.121624,0,0.023817,0,0.000894,0
151315,2021,0,0.603533,1,0.553221,1,0.530365,1,0.048305,1
151316,2021,0,0.29916,0,0.109351,0,0.004292,0,0.00023,0
151317,2021,0,0.616619,1,0.438374,0,0.169016,0,0.003104,0
151318,2021,0,0.361244,0,0.004124,0,0.002536,0,0.000664,0
151319,2021,0,0.515155,1,0.352558,0,0.125085,0,0.031938,0
151320,2021,0,0.474558,0,0.159812,0,0.061927,0,0.007169,0
151322,2021,0,0.333566,0,0.359149,0,0.118007,0,0.002812,0
151323,2021,0,0.419501,0,0.092126,0,0.033969,0,0.061186,1
151324,2021,0,0.437918,0,0.187443,0,0.17209,0,0.017777,0
151325,2021,0,0.488602,0,0.127706,0,0.044901,0,0.009943,0
151326,2021,0,0.297073,0,0.079067,0,0.01888,0,0.0011,0
151327,2021,0,0.638576,1,0.41343,0,0.532771,1,0.000107,0
151328,2021,0,0.198732,0,0.052934,0,0.002711,0,0.002101,0
151329,2021,0,0.57465,1,0.509462,1,0.547118,1,0.008715,0
151330,2021,0,0.716203,1,0.310592,0,0.226428,0,0.001254,0
151331,2021,0,0.500566,1,0.445077,0,0.226439,0,0.003513,0
151332,2021,0,0.683505,1,0.342814,0,0.067422,0,0.024692,0
151333,2021,0,0.468562,0,0.515454,1,0.540574,1,0.00349,0
151334,2021,0,0.410553,0,0.089098,0,0.037708,0,0.000663,0
151335,2021,0,0.229049,0,0.033023,0,0.01237,0,0.002114,0
152007,2021,0,0.0304,0,0.001215,0,0.001335,0,8.7e-05,0
152013,2021,0,0.055274,0,0.001335,0,0.002378,0,0.000182,0
152014,2021,0,0.000139,0,0.00046,0,0.001609,0,7e-06,0
152020,2021,0,0.047145,0,0.016161,0,0.003735,0,3e-05,0
152024,2021,0,0.000154,0,0.000586,0,0.002834,0,1.3e-05,0
152025,2021,0,0.00026,0,0.000818,0,0.00306,0,2e-05,0
152028,2021,0,0.034621,0,0.000459,0,0.002194,0,8.3e-05,0
153025,2021,0,0.012284,0,0.016582,0,0.003678,0,1e-06,0
153028,2021,0,0.04295,0,0.067569,0,0.053206,0,2.2e-05,0
153030,2021,0,0.037482,0,0.002623,0,0.003489,0,1.4e-05,0
153037,2021,0,0.044737,0,0.011088,0,0.019302,0,0.000141,0
153042,2021,0,0.046975,0,0.002471,0,0.005612,0,0.00012,0
153043,2021,0,0.015857,0,0.00142,0,0.001865,0,0.0,0
153044,2021,0,0.000217,0,0.013964,0,0.00247,0,9e-06,0
153045,2021,0,0.08177,0,0.005209,0,0.004984,0,0.00024,0
153046,2021,0,0.03334,0,0.005598,0,0.003797,0,4e-05,0
153047,2021,0,0.000249,0,0.002174,0,0.003631,0,0.000116,0
153048,2021,0,0.000232,0,0.001663,0,0.00445,0,7.2e-05,0
154005,2021,0,0.066254,0,0.055767,0,0.0151,0,0.000105,0
154008,2021,0,0.403315,0,0.023504,0,0.004684,0,0.00061,0
154009,2021,0,0.541649,1,0.343178,0,0.179885,0,0.220331,1
154011,2021,0,0.448752,0,0.331281,0,0.463731,0,0.067818,1
154014,2021,1,0.829568,1,0.651552,1,0.853413,1,0.266068,1
154018,2021,0,0.978398,1,0.043312,0,0.009321,0,0.001526,0
154019,2021,0,0.433059,0,0.028959,0,0.003392,0,0.000181,0
154020,2021,0,0.776086,1,0.382376,0,0.173315,0,0.03793,1
154021,2021,0,0.521836,1,0.470554,0,0.48623,0,0.081445,1
154024,2021,0,0.199856,0,0.002779,0,0.003389,0,0.000191,0
154031,2021,0,0.676515,1,0.554165,1,0.605105,1,0.442558,1
154035,2021,0,0.694206,1,0.262762,0,0.262339,0,0.288647,1
154041,2021,0,0.134161,0,0.003033,0,0.003104,0,0.00041,0
154047,2021,0,0.276757,0,0.002397,0,0.002052,0,4.7e-05,0
154050,2021,0,0.530061,1,0.225362,0,0.217001,0,0.101005,1
154051,2021,0,0.288014,0,0.047566,0,0.021157,0,0.003118,0
154052,2021,0,0.527357,1,0.477529,0,0.547136,1,0.091847,1
154054,2021,0,0.000781,0,0.010872,0,0.002964,0,3.7e-05,0
154055,2021,0,0.162586,0,0.03775,0,0.044914,0,0.001725,0
154056,2021,0,0.209724,0,0.030889,0,0.006135,0,0.000465,0
154057,2021,0,0.190017,0,0.007261,0,0.002371,0,0.000417,0
154058,2021,0,0.001458,0,0.049372,0,0.037673,0,0.000131,0
154059,2021,0,0.11648,0,0.051939,0,0.04344,0,9.8e-05,0
154060,2021,0,0.479208,0,0.269069,0,0.302786,0,0.189615,1
154061,2021,0,0.001372,0,0.056149,0,0.03943,0,0.000324,0
154063,2021,0,0.000554,0,0.04425,0,0.017066,0,0.000113,0
154064,2021,0,0.000932,0,0.022801,0,0.00359,0,0.000168,0
154065,2021,0,0.000532,0,0.033673,0,0.016945,0,3.1e-05,0
154066,2021,0,0.001516,0,0.017225,0,0.017872,0,0.000697,0
154067,2021,0,0.233157,0,0.059052,0,0.02702,0,0.008142,0
160001,2021,0,0.46813,0,0.235697,0,0.130336,0,3e-06,0
160005,2021,0,0.158776,0,0.184507,0,0.096586,0,0.00328,0
160008,2021,0,0.089344,0,0.077654,0,0.036829,0,0.000453,0
160013,2021,0,0.363123,0,0.493791,0,0.129057,0,0.038777,1
160016,2021,0,0.779483,1,0.256337,0,0.084882,0,0.000455,0
160028,2021,0,0.278573,0,0.044418,0,0.013645,0,0.003612,0
160029,2021,0,0.435847,0,0.270404,0,0.077674,0,0.013051,0
160030,2021,0,0.775429,1,0.438369,0,0.39429,0,0.704225,1
160032,2021,0,0.262473,0,0.129611,0,0.148052,0,0.002844,0
160033,2021,0,0.561977,1,0.165272,0,0.040657,0,0.010072,0
160040,2021,0,0.506714,1,0.088917,0,0.01433,0,0.002717,0
160045,2021,0,0.523609,1,0.397478,0,0.150499,0,0.00141,0
160047,2021,0,0.505732,1,0.235314,0,0.168245,0,0.062945,1
160057,2021,0,0.787085,1,0.445447,0,0.498833,0,0.004484,0
160058,2021,0,0.933962,1,0.590196,1,0.682871,1,0.091279,1
160064,2021,0,0.663545,1,0.326721,0,0.230799,0,0.020346,0
160067,2021,0,0.705144,1,0.312419,0,0.345755,0,0.059201,1
160069,2021,0,0.467875,0,0.296737,0,0.028156,0,0.001605,0
160079,2021,0,0.54718,1,0.52713,1,0.588028,1,0.042248,1
160080,2021,0,0.788108,1,0.335063,0,0.252198,0,0.013098,0
160082,2021,0,0.719722,1,0.568258,1,0.731597,1,0.002617,0
160083,2021,0,0.874448,1,0.363497,0,0.280976,0,0.135787,1
160089,2021,0,0.441819,0,0.110198,0,0.120395,0,0.008571,0
160101,2021,0,0.614039,1,0.507237,1,0.361178,0,0.011548,0
160104,2021,0,0.494367,0,0.159053,0,0.1028,0,0.412491,1
160110,2021,0,0.669257,1,0.491274,0,0.461532,0,0.14101,1
160112,2021,0,0.737128,1,0.265502,0,0.079163,0,0.309999,1
160117,2021,0,0.600718,1,0.44307,0,0.349896,0,0.344028,1
160124,2021,0,0.809436,1,0.391559,0,0.105649,0,0.077064,1
160146,2021,0,0.507721,1,0.234698,0,0.138881,0,0.106549,1
160147,2021,0,0.639929,1,0.347606,0,0.313961,0,0.008166,0
160153,2021,0,0.536659,1,0.084465,0,0.068085,0,0.045277,1
161300,2021,0,0.215237,0,0.048337,0,0.00514,0,0.001461,0
161301,2021,0,0.422996,0,0.410047,0,0.143245,0,0.001609,0
161302,2021,0,0.732405,1,0.516565,1,0.479594,0,0.416579,1
161303,2021,0,0.562121,1,0.403447,0,0.482502,0,0.028475,0
161304,2021,0,0.391545,0,0.130961,0,0.030225,0,0.053358,1
161305,2021,0,0.632239,1,0.249564,0,0.140392,0,0.129697,1
161306,2021,0,0.160874,0,0.19756,0,0.015267,0,0.000143,0
161307,2021,0,0.707045,1,0.40171,0,0.192037,0,0.092792,1
161308,2021,0,0.622054,1,0.382043,0,0.327917,0,0.029723,0
161309,2021,0,0.40935,0,0.108827,0,0.021968,0,0.024414,0
161310,2021,0,0.641643,1,0.315443,0,0.082075,0,0.137523,1
161311,2021,0,0.512125,1,0.383804,0,0.153316,0,0.168327,1
161312,2021,0,0.701502,1,0.315296,0,0.255687,0,0.026759,0
161313,2021,0,0.53514,1,0.152795,0,0.089522,0,0.082342,1
161314,2021,0,0.391818,0,0.343043,0,0.442109,0,0.001133,0
161315,2021,0,0.472685,0,0.24494,0,0.102714,0,0.15828,1
161316,2021,0,0.49444,0,0.293921,0,0.105942,0,0.060867,1
161317,2021,0,0.558325,1,0.389594,0,0.585658,1,0.009705,0
161318,2021,0,0.779184,1,0.470889,0,0.113594,0,0.053179,1
161319,2021,0,0.48615,0,0.208239,0,0.052091,0,0.005211,0
161320,2021,0,0.445546,0,0.375359,0,0.118554,0,0.002796,0
161321,2021,0,0.547572,1,0.215183,0,0.020352,0,0.005387,0
161322,2021,0,0.449557,0,0.286349,0,0.142437,0,0.00064,0
161323,2021,0,0.929038,1,0.373702,0,0.020516,0,0.000701,0
161324,2021,0,0.513686,1,0.274925,0,0.036242,0,0.010026,0
161325,2021,0,0.703506,1,0.413101,0,0.191788,0,0.020185,0
161326,2021,0,0.571168,1,0.298207,0,0.100814,0,0.000896,0
161327,2021,0,0.7153,1,0.336993,0,0.178578,0,0.031319,0
161328,2021,0,0.648033,1,0.275549,0,0.042785,0,0.003024,0
161329,2021,0,0.673792,1,0.377603,0,0.131144,0,0.021579,0
161330,2021,0,0.628743,1,0.355131,0,0.215127,0,0.205189,1
161331,2021,0,0.576272,1,0.231978,0,0.07013,0,0.07272,1
161332,2021,0,0.388641,0,0.363357,0,0.126092,0,0.001823,0
161333,2021,0,0.567589,1,0.307621,0,0.116241,0,0.000805,0
161334,2021,0,0.549188,1,0.427152,0,0.196355,0,0.082947,1
161335,2021,0,0.682436,1,0.473133,0,0.280036,0,0.013577,0
161336,2021,0,0.555483,1,0.386265,0,0.125505,0,0.061108,1
161337,2021,0,0.639782,1,0.347163,0,0.160883,0,0.011437,0
161338,2021,0,0.436825,0,0.17615,0,0.051118,0,0.003095,0
161339,2021,0,0.548316,1,0.411083,0,0.209352,0,0.010775,0
161340,2021,0,0.651385,1,0.313286,0,0.05782,0,0.004783,0
161341,2021,0,0.519748,1,0.301166,0,0.368687,0,0.097591,1
161342,2021,0,0.741546,1,0.399456,0,0.107204,0,0.001632,0
161343,2021,0,0.672387,1,0.516278,1,0.224872,0,0.396218,1
161344,2021,0,0.527069,1,0.367303,0,0.056756,0,0.002055,0
161345,2021,0,0.57463,1,0.326228,0,0.078388,0,0.008611,0
161346,2021,0,0.417307,0,0.469185,0,0.380248,0,0.129791,1
161347,2021,0,0.619616,1,0.347635,0,0.205228,0,0.000979,0
161348,2021,1,0.525498,1,0.56643,1,0.673347,1,0.165201,1
161349,2021,1,0.322832,0,0.343856,0,0.714197,1,0.09305,1
161350,2021,0,0.669148,1,0.325046,0,0.148553,0,0.000884,0
161351,2021,0,0.699123,1,0.29352,0,0.554741,1,0.091343,1
161352,2021,0,0.623689,1,0.425105,0,0.540056,1,0.02396,0
161353,2021,0,0.403932,0,0.349031,0,0.080824,0,0.002156,0
161354,2021,0,0.568959,1,0.445484,0,0.298964,0,0.114161,1
161355,2021,0,0.516323,1,0.483473,0,0.234364,0,0.061373,1
161356,2021,0,0.708143,1,0.366913,0,0.103831,0,0.007708,0
161357,2021,0,0.691198,1,0.342339,0,0.17355,0,0.000361,0
161358,2021,1,0.775696,1,0.557593,1,0.688838,1,0.211305,1
161359,2021,0,0.786171,1,0.338422,0,0.253583,0,0.000175,0
161360,2021,0,0.56782,1,0.596211,1,0.638235,1,0.409625,1
161361,2021,0,0.426959,0,0.304469,0,0.093718,0,0.000388,0
161362,2021,0,0.758021,1,0.233875,0,0.068616,0,7.3e-05,0
161363,2021,0,0.687733,1,0.416302,0,0.370133,0,0.022832,0
161364,2021,1,0.638648,1,0.536264,1,0.681536,1,0.452168,1
161365,2021,0,0.680811,1,0.622765,1,0.245817,0,0.21863,1
161366,2021,0,0.561741,1,0.482979,0,0.45617,0,0.095722,1
161367,2021,0,0.519301,1,0.490653,0,0.542331,1,0.087471,1
161368,2021,0,0.741771,1,0.504027,1,0.412019,0,0.120388,1
161369,2021,0,0.496428,0,0.315812,0,0.162194,0,0.003195,0
161370,2021,0,0.367765,0,0.394778,0,0.279792,0,0.007299,0
161371,2021,0,0.777586,1,0.56023,1,0.410791,0,0.254272,1
161372,2021,0,0.472004,0,0.437855,0,0.161561,0,0.001442,0
161373,2021,0,0.656218,1,0.246783,0,0.294641,0,0.009642,0
161374,2021,0,0.517403,1,0.32473,0,0.013081,0,0.001264,0
161375,2021,0,0.687644,1,0.401897,0,0.176158,0,0.284958,1
161376,2021,0,0.836476,1,0.520689,1,0.14842,0,0.575564,1
161377,2021,0,0.582502,1,0.242558,0,0.410535,0,0.076222,1
161378,2021,0,0.496715,0,0.235539,0,0.108765,0,0.000345,0
161379,2021,0,0.508534,1,0.449273,0,0.132238,0,0.032943,0
161380,2021,0,0.618828,1,0.320775,0,0.088404,0,0.009475,0
161381,2021,0,0.472161,0,0.03399,0,0.003717,0,0.000891,0
162001,2021,0,0.000123,0,0.001494,0,0.002107,0,3.7e-05,0
162003,2021,0,0.000126,0,0.000802,0,0.001004,0,3.5e-05,0
163025,2021,0,0.000119,0,0.014365,0,0.002965,0,4e-06,0
163026,2021,0,0.000289,0,0.006198,0,0.00377,0,0.000104,0
164002,2021,0,0.751044,1,0.050946,0,0.006839,0,0.000297,0
164003,2021,0,0.430515,0,0.032382,0,0.006384,0,5.8e-05,0
164006,2021,0,0.219577,0,0.053369,0,0.009262,0,0.004859,0
164007,2021,0,0.230006,0,0.090731,0,0.023309,0,0.009609,0
170006,2021,0,0.601337,1,0.133341,0,0.01988,0,0.006966,0
170009,2021,0,0.278648,0,0.046797,0,0.029517,0,0.000968,0
170012,2021,0,0.802038,1,0.434514,0,0.74525,1,0.627075,1
170013,2021,0,0.809287,1,0.506562,1,0.504686,1,0.145376,1
170014,2021,0,0.55105,1,0.191768,0,0.118857,0,0.000709,0
170016,2021,0,0.73718,1,0.076309,0,0.024782,0,0.004092,0
170017,2021,0,0.562925,1,0.40217,0,0.229295,0,0.010597,0
170020,2021,0,0.820246,1,0.371179,0,0.277066,0,0.002475,0
170023,2021,0,0.642711,1,0.550155,1,0.517502,1,0.016431,0
170027,2021,0,0.667815,1,0.408116,0,0.262065,0,0.00247,0
170040,2021,0,0.841233,1,0.567161,1,0.245978,0,0.073052,1
170049,2021,0,0.434252,0,0.15887,0,0.049158,0,0.001447,0
170068,2021,0,0.765754,1,0.513123,1,0.212265,0,0.00145,0
170074,2021,0,0.285955,0,0.211812,0,0.084889,0,0.011057,0
170075,2021,0,0.099557,0,0.039581,0,0.001256,0,0.000502,0
170086,2021,0,0.920983,1,0.799943,1,0.65588,1,0.29216,1
170103,2021,0,0.601137,1,0.354202,0,0.290976,0,0.212903,1
170104,2021,1,0.758713,1,0.817708,1,0.940491,1,0.195959,1
170105,2021,1,0.687233,1,0.506059,1,0.688202,1,0.191381,1
170109,2021,0,0.296137,0,0.144659,0,0.003731,0,2.7e-05,0
170110,2021,0,0.177612,0,0.063526,0,0.015082,0,0.002342,0
170120,2021,1,0.897392,1,0.723829,1,0.86678,1,0.264829,1
170122,2021,0,0.46984,0,0.057883,0,0.051554,0,0.005671,0
170123,2021,0,0.581323,1,0.003765,0,0.001106,0,2.3e-05,0
170137,2021,0,0.75913,1,0.386269,0,0.574342,1,0.032606,0
170142,2021,0,0.718408,1,0.128202,0,0.067118,0,0.00086,0
170145,2021,0,0.10772,0,0.276378,0,0.121452,0,0.000272,0
170146,2021,0,0.35919,0,0.173273,0,0.189658,0,0.000301,0
170150,2021,0,0.227064,0,0.230358,0,0.079611,0,0.003329,0
170166,2021,0,0.140151,0,0.101047,0,0.032716,0,0.000824,0
170175,2021,0,0.40185,0,0.011603,0,0.004764,0,0.003097,0
170176,2021,0,0.379087,0,0.006713,0,0.003594,0,3.9e-05,0
170182,2021,0,0.30139,0,0.02068,0,0.007549,0,0.003644,0
170183,2021,0,0.03372,0,0.112279,0,0.012013,0,0.000898,0
170185,2021,0,0.38726,0,0.153811,0,0.060866,0,0.001497,0
170186,2021,0,0.224792,0,0.169791,0,0.028253,0,0.0001,0
170187,2021,0,0.479785,0,0.239237,0,0.059274,0,0.000301,0
170188,2021,0,0.319464,0,0.076189,0,0.006273,0,2.8e-05,0
170190,2021,0,0.319882,0,0.186035,0,0.050111,0,0.000501,0
170191,2021,0,0.727517,1,0.263054,0,0.137316,0,0.087101,1
170194,2021,0,0.446509,0,0.123605,0,0.013702,0,0.00343,0
170196,2021,0,0.479019,0,0.182511,0,0.227564,0,0.000708,0
170197,2021,0,0.233469,0,0.164884,0,0.027437,0,0.000398,0
170198,2021,1,0.438545,0,0.545678,1,0.79934,1,0.26039,1
170199,2021,0,0.426028,0,0.194076,0,0.031928,0,0.06357,1
170200,2021,0,0.535711,1,0.013313,0,0.014569,0,0.000247,0
170203,2021,0,0.527233,1,0.0471,0,0.002597,0,0.000776,0
170204,2021,0,0.369582,0,0.192322,0,0.178505,0,0.002815,0
171300,2021,0,0.452356,0,0.22713,0,0.115652,0,0.02142,0
171301,2021,0,0.531552,1,0.222217,0,0.045661,0,0.060139,1
171303,2021,0,0.240849,0,0.196584,0,0.07125,0,0.012425,0
171304,2021,0,0.319928,0,0.278332,0,0.201532,0,0.004907,0
171306,2021,0,0.333581,0,0.293667,0,0.162673,0,0.010307,0
171307,2021,0,0.461584,0,0.388181,0,0.103232,0,0.03109,0
171308,2021,0,0.389181,0,0.120506,0,0.025499,0,0.004848,0
171309,2021,0,0.574891,1,0.326245,0,0.233673,0,0.101666,1
171310,2021,0,0.386057,0,0.303717,0,0.100965,0,0.014683,0
171311,2021,0,0.501147,1,0.241973,0,0.078726,0,0.00298,0
171312,2021,0,0.607453,1,0.212037,0,0.156471,0,0.065813,1
171313,2021,0,0.630172,1,0.308834,0,0.286822,0,0.000408,0
171314,2021,0,0.274828,0,0.121008,0,0.01218,0,0.001811,0
171315,2021,0,0.3986,0,0.279043,0,0.032576,0,7e-06,0
171316,2021,0,0.570878,1,0.335547,0,0.091065,0,0.078812,1
171317,2021,0,0.285096,0,0.25275,0,0.052502,0,0.01042,0
171318,2021,0,0.521239,1,0.260978,0,0.07619,0,0.131213,1
171319,2021,0,0.445241,0,0.408326,0,0.072637,0,0.011557,0
171321,2021,0,0.539796,1,0.293002,0,0.135536,0,0.030552,0
171322,2021,0,0.351693,0,0.145573,0,0.029948,0,0.006879,0
171323,2021,0,0.39586,0,0.195244,0,0.1064,0,0.091403,1
171324,2021,0,0.535093,1,0.231307,0,0.041445,0,0.045054,1
171325,2021,0,0.473331,0,0.29337,0,0.07934,0,0.154001,1
171326,2021,0,0.476036,0,0.446461,0,0.616944,1,0.083147,1
171327,2021,0,0.353314,0,0.244363,0,0.19986,0,0.000948,0
171328,2021,0,0.371329,0,0.1509,0,0.106085,0,0.002755,0
171329,2021,0,0.466796,0,0.289283,0,0.146943,0,0.010115,0
171330,2021,0,0.320246,0,0.168469,0,0.04223,0,0.000581,0
171331,2021,0,0.496288,0,0.397362,0,0.167513,0,0.223031,1
171332,2021,0,0.485018,0,0.255963,0,0.266856,0,0.029328,0
171333,2021,0,0.272297,0,0.42921,0,0.378453,0,0.096199,1
171334,2021,0,0.410187,0,0.348516,0,0.241945,0,0.304314,1
171335,2021,0,0.540609,1,0.246509,0,0.089982,0,0.155816,1
171336,2021,0,0.879087,1,0.303257,0,0.077593,0,0.00094,0
171337,2021,0,0.339093,0,0.12142,0,0.015156,0,0.000318,0
171338,2021,0,0.404675,0,0.302792,0,0.133548,0,0.042085,1
171339,2021,0,0.494748,0,0.218253,0,0.033104,0,0.000883,0
171340,2021,0,0.150675,0,0.090062,0,0.044009,0,0.006027,0
171341,2021,0,0.580739,1,0.424592,0,0.226101,0,0.001766,0
171342,2021,0,0.070217,0,0.052628,0,0.043818,0,0.005941,0
171343,2021,0,0.570878,1,0.317484,0,0.213084,0,0.027979,0
171344,2021,0,0.624433,1,0.338878,0,0.37395,0,0.026072,0
171345,2021,0,0.344394,0,0.272393,0,0.061904,0,0.035742,1
171346,2021,0,0.629314,1,0.488143,0,0.321486,0,0.331549,1
171347,2021,0,0.527151,1,0.32497,0,0.127293,0,0.062588,1
171348,2021,0,0.5759,1,0.330305,0,0.083826,0,0.034954,1
171349,2021,0,0.433361,0,0.344762,0,0.20653,0,0.04813,1
171350,2021,0,0.442806,0,0.329686,0,0.337442,0,0.018818,0
171351,2021,0,0.616875,1,0.370341,0,0.121005,0,0.060422,1
171352,2021,0,0.4657,0,0.291903,0,0.054013,0,0.015419,0
171353,2021,0,0.491868,0,0.288732,0,0.132452,0,0.186039,1
171354,2021,0,0.580847,1,0.33314,0,0.191827,0,9.9e-05,0
171355,2021,0,0.461182,0,0.256966,0,0.057695,0,0.065453,1
171356,2021,0,0.501772,1,0.245471,0,0.060429,0,0.104855,1
171357,2021,0,0.24729,0,0.261907,0,0.05244,0,0.001901,0
171358,2021,0,0.43917,0,0.102783,0,0.007245,0,0.093044,1
171359,2021,0,0.520503,1,0.370382,0,0.290792,0,0.042041,1
171360,2021,0,0.372304,0,0.331639,0,0.091438,0,0.002067,0
171361,2021,0,0.3451,0,0.219589,0,0.077084,0,0.113928,1
171362,2021,0,0.408189,0,0.408277,0,0.333619,0,0.015011,0
171363,2021,1,0.429648,0,0.467921,0,0.402579,0,0.07693,1
171364,2021,0,0.489811,0,0.260203,0,0.126852,0,0.090431,1
171365,2021,0,0.329868,0,0.215444,0,0.023969,0,0.004624,0
171367,2021,0,0.466627,0,0.31319,0,0.131606,0,0.00017,0
171368,2021,0,0.484952,0,0.325523,0,0.095434,0,0.179574,1
171369,2021,0,0.444622,0,0.355421,0,0.102351,0,0.037497,1
171370,2021,0,0.464988,0,0.379347,0,0.323732,0,0.485858,1
171371,2021,0,0.361749,0,0.447902,0,0.134218,0,0.002998,0
171372,2021,0,0.48667,0,0.392806,0,0.41569,0,0.077616,1
171373,2021,0,0.606798,1,0.238658,0,0.106103,0,0.06218,1
171374,2021,0,0.495499,0,0.262088,0,0.251154,0,0.20221,1
171375,2021,0,0.22858,0,0.191517,0,0.025322,0,0.0,0
171376,2021,0,0.468201,0,0.41224,0,0.458207,0,0.184258,1
171377,2021,0,0.324214,0,0.319369,0,0.243801,0,0.037211,1
171378,2021,0,0.401893,0,0.431324,0,0.260214,0,0.031529,0
171379,2021,0,0.472176,0,0.401425,0,0.145506,0,0.000808,0
171380,2021,0,0.605863,1,0.506997,1,0.170598,0,0.358051,1
171381,2021,0,0.733418,1,0.293765,0,0.09512,0,5.9e-05,0
171382,2021,0,0.485176,0,0.576363,1,0.515888,1,0.04605,1
171383,2021,0,0.695721,1,0.488135,0,0.219645,0,0.015541,0
171384,2021,1,0.65506,1,0.640511,1,0.661505,1,0.259317,1
171385,2021,0,0.616358,1,0.465815,0,0.55222,1,0.021248,0
172004,2021,0,0.031085,0,0.001704,0,0.003181,0,9.2e-05,0
172005,2021,0,0.000247,0,0.000712,0,0.003432,0,4.9e-05,0
172007,2021,0,0.000133,0,0.006031,0,0.001384,0,6e-06,0
173025,2021,0,0.036076,0,0.003616,0,0.006167,0,9e-06,0
173026,2021,0,0.038793,0,0.011391,0,0.010651,0,1.5e-05,0
173027,2021,0,0.029687,0,0.000522,0,0.004756,0,8.1e-05,0
173028,2021,0,0.046395,0,0.019787,0,0.006433,0,0.000107,0
173032,2021,0,0.047214,0,0.000459,0,0.006223,0,2.5e-05,0
173033,2021,0,0.014148,0,0.000296,0,0.00084,0,2e-05,0
173300,2021,0,0.7995,1,0.104707,0,0.00782,0,0.14416,1
174006,2021,0,0.354942,0,0.017891,0,0.00215,0,1.9e-05,0
174016,2021,0,0.115314,0,0.179597,0,0.083912,0,0.000893,0
174020,2021,0,0.188194,0,0.042399,0,0.006103,0,0.000121,0
174022,2021,0,0.233494,0,0.066511,0,0.010714,0,1.4e-05,0
174023,2021,0,0.000251,0,0.002062,0,0.002899,0,0.000194,0
174024,2021,0,0.000332,0,0.002062,0,0.003749,0,0.000271,0
174025,2021,0,0.000478,0,0.002144,0,0.003212,0,0.000315,0
180001,2021,0,0.298151,0,0.195363,0,0.09437,0,0.000127,0
180002,2021,0,0.446654,0,0.011508,0,0.008391,0,0.028104,0
180004,2021,0,0.357533,0,0.113316,0,0.050716,0,0.001702,0
180005,2021,0,0.537671,1,0.009475,0,0.004638,0,0.001231,0
180009,2021,0,0.726807,1,0.753949,1,0.85711,1,0.023917,0
180010,2021,0,0.09611,0,0.072112,0,0.019971,0,0.001142,0
180011,2021,0,0.58868,1,0.145286,0,0.022586,0,0.011799,0
180012,2021,0,0.582115,1,0.066185,0,0.024669,0,0.010621,0
180013,2021,0,0.387873,0,0.202672,0,0.089284,0,0.017352,0
180016,2021,0,0.438159,0,0.037194,0,0.007179,0,0.003214,0
180017,2021,0,0.369998,0,0.345493,0,0.116461,0,0.003648,0
180018,2021,0,0.612048,1,0.435434,0,0.393734,0,0.001924,0
180019,2021,0,0.472242,0,0.001259,0,0.002083,0,2.1e-05,0
180020,2021,0,0.378454,0,0.003538,0,0.00362,0,0.060963,1
180024,2021,0,0.455203,0,0.009818,0,0.008092,0,0.006259,0
180025,2021,0,0.652455,1,0.10173,0,0.06175,0,0.016171,0
180027,2021,0,0.632416,1,0.529247,1,0.302242,0,0.005284,0
180029,2021,0,0.61592,1,0.031839,0,0.008505,0,0.000368,0
180035,2021,0,0.77645,1,0.430672,0,0.107945,0,0.003594,0
180038,2021,0,0.693397,1,0.55859,1,0.208988,0,0.309469,1
180040,2021,0,0.547063,1,0.028618,0,0.007474,0,0.000196,0
180043,2021,0,0.85597,1,0.370052,0,0.08855,0,0.000182,0
180044,2021,0,0.688999,1,0.489941,0,0.026338,0,0.000222,0
180045,2021,0,0.327958,0,0.170909,0,0.127755,0,0.000501,0
180046,2021,0,0.418568,0,0.010512,0,0.004219,0,0.025628,0
180048,2021,0,0.459129,0,0.094131,0,0.09123,0,0.011389,0
180049,2021,0,0.263631,0,0.174247,0,0.251756,0,0.072784,1
180050,2021,0,0.515212,1,0.009917,0,0.006299,0,0.064105,1
180051,2021,1,0.724247,1,0.595925,1,0.942083,1,0.271946,1
180056,2021,0,0.40871,0,0.27967,0,0.059829,0,0.002559,0
180064,2021,0,0.595756,1,0.330468,0,0.090891,0,0.016848,0
180066,2021,0,0.549848,1,0.06209,0,0.006255,0,0.000919,0
180067,2021,0,0.830298,1,0.209008,0,0.082319,0,0.0068,0
180069,2021,0,0.259762,0,0.013984,0,0.007535,0,6.3e-05,0
180070,2021,0,0.363067,0,0.297777,0,0.52815,1,0.020946,0
180078,2021,0,0.520599,1,0.060463,0,0.014816,0,0.000529,0
180079,2021,0,0.374857,0,0.433436,0,0.376285,0,0.000144,0
180080,2021,0,0.65517,1,0.053097,0,0.013129,0,0.118089,1
180087,2021,1,0.862515,1,0.619485,1,0.785142,1,0.260233,1
180088,2021,0,0.963346,1,0.09222,0,0.075381,0,0.003415,0
180092,2021,0,0.212995,0,0.000901,0,0.008964,0,0.001096,0
180093,2021,0,0.656873,1,0.15913,0,0.102368,0,0.275037,1
180095,2021,0,0.088067,0,0.150325,0,0.040655,0,0.000615,0
180101,2021,0,0.073853,0,0.013311,0,0.004952,0,0.000171,0
180102,2021,0,0.588659,1,0.124255,0,0.063473,0,0.019939,0
180103,2021,0,0.628117,1,0.099297,0,0.072286,0,0.125491,1
180104,2021,0,0.74094,1,0.068631,0,0.011732,0,0.005837,0
180105,2021,0,0.289716,0,0.221103,0,0.052803,0,1.5e-05,0
180106,2021,0,0.161522,0,0.050747,0,0.026486,0,0.002028,0
180115,2021,0,0.516324,1,0.264065,0,0.061195,0,0.001183,0
180116,2021,0,0.540856,1,0.021877,0,0.017467,0,0.002913,0
180124,2021,0,0.217812,0,0.004731,0,0.002414,0,0.000782,0
180127,2021,0,0.276705,0,0.010752,0,0.003717,0,0.000151,0
180128,2021,0,0.272082,0,0.04992,0,0.017069,0,2.2e-05,0
180130,2021,1,0.768668,1,0.432232,0,0.633386,1,0.335544,1
180132,2021,0,0.433881,0,0.046733,0,0.013719,0,0.000326,0
180138,2021,0,0.709324,1,0.024844,0,0.036258,0,0.003177,0
180139,2021,0,0.09789,0,0.035262,0,0.003981,0,0.000118,0
180141,2021,0,0.711201,1,0.172507,0,0.10662,0,0.001291,0
180143,2021,0,0.297323,0,0.240582,0,0.102827,0,0.004072,0
180149,2021,0,0.136065,0,0.126771,0,0.000751,0,0.00151,0
180154,2021,0,0.691941,1,0.298601,0,0.424904,0,0.000797,0
181301,2021,0,0.409635,0,0.07215,0,0.015397,0,0.000437,0
181302,2021,0,0.624723,1,0.0973,0,0.02039,0,0.002252,0
181304,2021,0,0.528738,1,0.281544,0,0.152521,0,0.003765,0
181305,2021,0,0.71265,1,0.158804,0,0.023474,0,5.4e-05,0
181306,2021,0,0.601978,1,0.416816,0,0.326792,0,0.024452,0
181307,2021,0,0.423027,0,0.042939,0,0.007099,0,0.005773,0
181308,2021,0,0.327156,0,0.087514,0,0.032208,0,0.001009,0
181309,2021,0,0.846124,1,0.087864,0,0.004794,0,0.003077,0
181310,2021,0,0.494654,0,0.32781,0,0.108358,0,0.012205,0
181311,2021,0,0.514408,1,0.217127,0,0.132906,0,0.0137,0
181314,2021,0,0.47196,0,0.165642,0,0.058913,0,0.023748,0
181315,2021,0,0.415057,0,0.098105,0,0.128273,0,0.02465,0
181316,2021,0,0.480138,0,0.025396,0,0.003408,0,0.014443,0
181317,2021,0,0.711258,1,0.370242,0,0.085949,0,0.000613,0
181318,2021,0,0.644003,1,0.182871,0,0.171208,0,0.012854,0
181319,2021,0,0.527818,1,0.287401,0,0.202082,0,0.013117,0
181320,2021,0,0.345978,0,0.282705,0,0.319124,0,0.056549,1
181321,2021,0,0.452468,0,0.350563,0,0.180964,0,0.051882,1
181322,2021,0,0.579667,1,0.423392,0,0.29748,0,0.064288,1
181323,2021,0,0.517723,1,0.504951,1,0.752443,1,0.002024,0
181324,2021,0,0.66605,1,0.147044,0,0.047684,0,0.000221,0
181325,2021,0,0.517771,1,0.101664,0,0.016693,0,0.000127,0
181327,2021,0,0.588041,1,0.358763,0,0.126539,0,0.009204,0
181328,2021,0,0.759277,1,0.051554,0,0.004726,0,0.037751,1
181329,2021,0,0.51233,1,0.232493,0,0.16866,0,0.0783,1
181330,2021,0,0.671193,1,0.357956,0,0.444894,0,0.005199,0
181331,2021,0,0.569583,1,0.044459,0,0.005386,0,0.046796,1
181332,2021,0,0.144792,0,0.026558,0,0.010849,0,0.005106,0
182001,2021,0,0.047155,0,0.003653,0,0.00302,0,0.000475,0
182002,2021,0,0.029112,0,0.00327,0,0.004002,0,9.4e-05,0
182003,2021,0,0.00033,0,0.00988,0,0.001818,0,0.000331,0
182004,2021,0,0.000195,0,0.000402,0,0.001417,0,3.6e-05,0
182005,2021,0,0.030302,0,0.001843,0,0.002158,0,0.000165,0
182006,2021,0,0.055483,0,0.00141,0,0.003569,0,0.000152,0
182008,2021,0,0.064332,0,0.001557,0,0.004001,0,8.5e-05,0
182009,2021,0,0.071379,0,0.001557,0,0.004674,0,0.000123,0
183026,2021,0,0.033812,0,0.02058,0,0.02293,0,0.000124,0
183027,2021,0,0.0162,0,0.005484,0,0.003103,0,3e-06,0
183028,2021,0,0.037077,0,0.012069,0,0.00623,0,7e-05,0
183029,2021,0,0.027817,0,0.0,0,0.000717,0,1.3e-05,0
183030,2021,0,0.045883,0,0.001319,0,0.002229,0,6.5e-05,0
184002,2021,0,0.250151,0,0.032163,0,0.013828,0,0.002379,0
184004,2021,0,0.260849,0,0.041369,0,0.008666,0,0.224343,1
184006,2021,0,0.187097,0,0.12296,0,0.0329,0,9.5e-05,0
184007,2021,0,0.210431,0,0.009886,0,0.000972,0,0.000516,0
184008,2021,0,0.32853,0,0.01806,0,0.000932,0,1e-06,0
184009,2021,0,0.099941,0,0.009886,0,0.002017,0,6.5e-05,0
184012,2021,0,0.126668,0,0.009935,0,0.002088,0,0.000906,0
184014,2021,0,0.203551,0,0.01854,0,0.001409,0,0.000453,0
184015,2021,0,0.001129,0,0.086286,0,0.021382,0,5e-06,0
184017,2021,0,0.177353,0,0.010374,0,0.001011,0,3e-06,0
190002,2021,0,0.592789,1,0.111104,0,0.133002,0,0.091991,1
190004,2021,0,0.652128,1,0.355677,0,0.352479,0,0.071709,1
190005,2021,0,0.29294,0,0.039776,0,0.027828,0,0.004613,0
190006,2021,0,0.32718,0,0.120697,0,0.062183,0,0.000233,0
190007,2021,0,0.665098,1,0.410919,0,0.495509,0,0.063915,1
190008,2021,0,0.88119,1,0.5046,1,0.516718,1,0.188179,1
190011,2021,0,0.443376,0,0.07493,0,0.023512,0,0.000637,0
190013,2021,0,0.583584,1,0.304523,0,0.133818,0,0.002443,0
190014,2021,0,0.109335,0,0.025966,0,0.00252,0,9e-06,0
190015,2021,0,0.431781,0,0.076016,0,0.005155,0,0.001087,0
190017,2021,0,0.757266,1,0.535501,1,0.492144,0,0.48808,1
190019,2021,0,0.450057,0,0.017819,0,0.0159,0,0.003782,0
190020,2021,0,0.622091,1,0.413764,0,0.3658,0,0.603603,1
190025,2021,0,0.680753,1,0.195169,0,0.255797,0,0.187321,1
190026,2021,0,0.174418,0,0.053476,0,0.00549,0,0.000106,0
190027,2021,0,0.383975,0,0.113878,0,0.008385,0,0.000343,0
190034,2021,0,0.655162,1,0.393403,0,0.388367,0,0.00172,0
190036,2021,0,0.865965,1,0.022416,0,0.047915,0,0.002421,0
190039,2021,0,0.571597,1,0.192357,0,0.221241,0,0.180402,1
190040,2021,0,0.556934,1,0.309431,0,0.341248,0,0.005292,0
190041,2021,0,0.510739,1,0.068428,0,0.040569,0,0.015323,0
190044,2021,0,0.602129,1,0.098206,0,0.032632,0,0.00697,0
190045,2021,0,0.517326,1,0.543871,1,0.425184,0,0.052185,1
190046,2021,0,0.708797,1,0.338557,0,0.445701,0,0.029702,0
190050,2021,0,0.488666,0,0.336136,0,0.053087,0,0.006302,0
190053,2021,0,0.302842,0,0.272367,0,0.078009,0,0.000672,0
190054,2021,0,0.718859,1,0.352405,0,0.332024,0,0.005199,0
190060,2021,0,0.57665,1,0.178299,0,0.047879,0,0.003715,0
190064,2021,0,0.361872,0,0.224344,0,0.085362,0,0.010936,0
190065,2021,0,0.624691,1,0.387414,0,0.212794,0,0.099146,1
190079,2021,0,0.603867,1,0.387695,0,0.183226,0,0.032636,0
190081,2021,0,0.179487,0,0.058137,0,0.017511,0,0.002019,0
190086,2021,0,0.096919,0,0.032059,0,0.020269,0,7e-06,0
190088,2021,0,0.362712,0,0.267233,0,0.104298,0,0.000786,0
190090,2021,0,0.924911,1,0.192952,0,0.014155,0,0.001688,0
190098,2021,0,0.465983,0,0.179256,0,0.031421,0,0.027456,0
190099,2021,0,0.85325,1,0.144583,0,0.022845,0,0.00336,0
190102,2021,0,0.436168,0,0.351581,0,0.08909,0,0.004083,0
190106,2021,0,0.443452,0,0.169935,0,0.154639,0,0.000448,0
190111,2021,0,0.769982,1,0.503277,1,0.205514,0,0.005549,0
190114,2021,0,0.568948,1,0.368551,0,0.083864,0,0.00155,0
190116,2021,0,0.701185,1,0.553265,1,0.427077,0,0.034719,1
190118,2021,0,0.455565,0,0.274448,0,0.375252,0,0.062658,1
190125,2021,0,0.52276,1,0.319346,0,0.222912,0,0.009,0
190128,2021,0,0.349158,0,0.408147,0,0.222975,0,0.012959,0
190133,2021,0,0.145052,0,0.225452,0,0.01115,0,0.000423,0
190140,2021,0,0.590865,1,0.38509,0,0.399836,0,0.003995,0
190144,2021,0,0.430196,0,0.084238,0,0.016082,0,0.006852,0
190145,2021,0,0.370066,0,0.287302,0,0.232151,0,0.001326,0
190146,2021,0,0.089396,0,0.182862,0,0.243797,0,1.2e-05,0
190151,2021,0,0.71912,1,0.489195,0,0.563999,1,0.307682,1
190160,2021,0,0.4069,0,0.093454,0,0.133271,0,0.027315,0
190164,2021,0,0.615496,1,0.027873,0,0.020552,0,0.000146,0
190167,2021,0,0.379258,0,0.050253,0,0.037632,0,0.001086,0
190176,2021,0,0.580433,1,0.051019,0,0.05767,0,0.044269,1
190183,2021,1,0.668521,1,0.485721,0,0.869258,1,0.262152,1
190184,2021,0,0.453116,0,0.219281,0,0.02408,0,0.021031,0
190190,2021,0,0.274961,0,0.215306,0,0.033732,0,0.008542,0
190201,2021,0,0.511616,1,0.017701,0,0.002688,0,0.003261,0
190202,2021,0,0.448075,0,0.010739,0,0.007478,0,0.054676,1
190204,2021,0,0.083194,0,0.00788,0,0.002109,0,0.000244,0
190208,2021,0,0.452126,0,0.191767,0,0.046702,0,0.171763,1
190218,2021,0,0.97726,1,0.252716,0,0.047804,0,0.001323,0
190241,2021,0,0.367677,0,0.183495,0,0.039795,0,0.010544,0
190245,2021,1,0.538826,1,0.465584,0,0.602999,1,0.278907,1
190251,2021,0,0.474755,0,0.128503,0,0.111673,0,0.001333,0
190255,2021,0,0.419963,0,0.132309,0,0.008592,0,0.002182,0
190256,2021,0,0.492057,0,0.078098,0,0.023034,0,0.033216,0
190259,2021,0,0.401566,0,0.366016,0,0.152892,0,0.00091,0
190266,2021,0,0.213908,0,0.079536,0,0.006871,0,0.00065,0
190267,2021,0,0.453368,0,0.135994,0,0.026962,0,0.002488,0
190270,2021,0,0.302125,0,0.218589,0,0.059878,0,8.2e-05,0
190274,2021,0,0.459399,0,0.008413,0,0.006449,0,0.026835,0
190278,2021,0,0.437242,0,0.164491,0,0.014796,0,0.002194,0
190298,2021,0,0.505726,1,0.123767,0,0.034353,0,0.003469,0
190300,2021,0,0.174202,0,0.058155,0,0.012819,0,0.000114,0
190302,2021,0,0.235181,0,0.197967,0,0.076046,0,0.002785,0
190303,2021,0,0.395028,0,0.095348,0,0.088097,0,0.000155,0
190307,2021,0,0.05104,0,0.014795,0,0.000969,0,8e-05,0
190308,2021,0,0.480256,0,0.430815,0,0.095962,0,0.00316,0
190312,2021,0,0.62664,1,0.297605,0,0.061701,0,0.000155,0
190313,2021,0,0.473174,0,0.255803,0,0.280795,0,0.005211,0
190314,2021,0,0.122494,0,0.048282,0,0.00561,0,0.001324,0
190315,2021,0,0.059449,0,0.027866,0,0.003621,0,6.8e-05,0
190316,2021,0,0.004787,0,0.243817,0,0.013229,0,5e-06,0
190317,2021,0,0.157614,0,0.11857,0,0.007597,0,8.1e-05,0
190318,2021,0,0.366161,0,0.044375,0,0.030946,0,0.006926,0
191300,2021,0,0.26369,0,0.216285,0,0.035429,0,0.000982,0
191301,2021,0,0.378323,0,0.167127,0,0.155753,0,0.004174,0
191302,2021,0,0.465855,0,0.084634,0,0.011745,0,2e-06,0
191303,2021,0,0.16253,0,0.093019,0,0.003327,0,0.000709,0
191304,2021,0,0.519014,1,0.457647,0,0.750461,1,0.001017,0
191305,2021,0,0.608347,1,0.343148,0,0.162828,0,0.002411,0
191306,2021,0,0.515699,1,0.320536,0,0.227358,0,0.00084,0
191307,2021,0,0.207989,0,0.063834,0,0.014651,0,0.00074,0
191308,2021,0,0.401599,0,0.192745,0,0.041991,0,0.002565,0
191309,2021,0,0.250985,0,0.215006,0,0.049556,0,0.006314,0
191310,2021,0,0.431109,0,0.394062,0,0.344249,0,0.00699,0
191311,2021,0,0.394013,0,0.19212,0,0.122047,0,0.15353,1
191312,2021,0,0.480242,0,0.160117,0,0.024826,0,0.046263,1
191313,2021,0,0.69523,1,0.368736,0,0.158063,0,0.009699,0
191314,2021,0,0.533262,1,0.325364,0,0.178944,0,0.145824,1
191315,2021,0,0.519572,1,0.367749,0,0.165821,0,0.002725,0
191316,2021,0,0.498666,0,0.215602,0,0.036885,0,0.00197,0
191317,2021,0,0.425909,0,0.261366,0,0.197531,0,0.158176,1
191318,2021,0,0.642459,1,0.336272,0,0.09821,0,0.000703,0
191319,2021,0,0.392458,0,0.169581,0,0.128634,0,0.001782,0
191320,2021,0,0.290973,0,0.110166,0,0.148286,0,0.002086,0
191321,2021,0,0.584732,1,0.14302,0,0.028242,0,0.000491,0
191322,2021,0,0.369468,0,0.222445,0,0.140359,0,0.012873,0
191323,2021,0,0.542864,1,0.134292,0,0.089601,0,0.002111,0
191324,2021,0,0.513461,1,0.098586,0,0.026195,0,0.011695,0
191325,2021,0,0.15285,0,0.279569,0,0.047245,0,0.000453,0
191326,2021,0,0.546269,1,0.235,0,0.087321,0,0.00297,0
192004,2021,0,0.018053,0,0.000818,0,0.00194,0,6.7e-05,0
192006,2021,0,0.053166,0,4.3e-05,0,0.001145,0,1.7e-05,0
192007,2021,0,0.000211,0,0.000416,0,0.002983,0,9.6e-05,0
192008,2021,0,1e-06,0,0.066399,0,0.021202,0,0.003561,0
192009,2021,0,0.053844,0,0.003587,0,0.002891,0,0.000212,0
192010,2021,0,0.000175,0,0.029542,0,0.012297,0,0.003559,0
192011,2021,0,0.028995,0,0.000565,0,0.003173,0,6e-06,0
192012,2021,0,0.000192,0,0.027474,0,0.00099,0,8.1e-05,0
192013,2021,0,0.032565,0,4.3e-05,0,0.002505,0,8.3e-05,0
192015,2021,0,0.000185,0,0.000459,0,0.002512,0,0.000133,0
192016,2021,0,0.000192,0,4.3e-05,0,0.000841,0,9.8e-05,0
192022,2021,0,0.041143,0,0.001827,0,0.002963,0,9.7e-05,0
192023,2021,0,0.000133,0,0.000459,0,0.00311,0,0.000111,0
192028,2021,0,0.05178,0,0.000402,0,0.00292,0,0.000147,0
192029,2021,0,9.6e-05,0,0.000538,0,0.000579,0,9e-06,0
192031,2021,0,0.018481,0,0.000296,0,0.000801,0,2.4e-05,0
192032,2021,0,7.5e-05,0,0.0,0,0.000645,0,2.2e-05,0
192034,2021,0,0.000286,0,0.000328,0,0.000518,0,0.000306,0
192035,2021,0,0.000248,0,0.000328,0,0.000722,0,0.000306,0
192036,2021,0,0.034624,0,0.000565,0,0.003307,0,6.9e-05,0
192037,2021,0,0.000181,0,0.000402,0,0.001027,0,2.6e-05,0
192041,2021,0,0.000129,0,0.01068,0,0.000547,0,1.3e-05,0
192043,2021,0,0.01383,0,0.001696,0,0.000569,0,9e-05,0
192048,2021,0,0.055086,0,0.000965,0,0.004772,0,0.000123,0
192055,2021,0,0.000189,0,0.000328,0,0.000872,0,8e-05,0
193028,2021,0,0.031176,0,0.054047,0,0.012955,0,1.3e-05,0
193031,2021,0,0.01943,0,0.013883,0,0.001111,0,3.6e-05,0
193044,2021,0,7.3e-05,0,0.008525,0,0.000566,0,0.0,0
193050,2021,0,0.077276,0,0.000691,0,0.003292,0,8.8e-05,0
193058,2021,0,0.051699,0,0.03701,0,0.004558,0,0.000357,0
193067,2021,0,0.032398,0,0.00461,0,0.003219,0,0.000174,0
193069,2021,0,0.043507,0,0.016903,0,0.002532,0,0.000179,0
193070,2021,0,0.04087,0,0.048949,0,0.006048,0,4.3e-05,0
193074,2021,0,0.000222,0,0.000788,0,0.001316,0,9.1e-05,0
193078,2021,0,0.067801,0,0.035634,0,0.002141,0,0.000332,0
193079,2021,0,0.0002,0,0.000359,0,0.001949,0,5.4e-05,0
193080,2021,0,0.042818,0,0.000391,0,0.001544,0,0.000129,0
193086,2021,0,0.000224,0,0.004445,0,0.001861,0,0.000135,0
193090,2021,0,0.027329,0,0.004764,0,0.000712,0,5.1e-05,0
193092,2021,0,0.131879,0,0.039924,0,0.004598,0,0.001318,0
193093,2021,0,0.000152,0,0.000359,0,0.002201,0,2.8e-05,0
193094,2021,0,0.000257,0,0.00159,0,0.003163,0,7.7e-05,0
193096,2021,0,0.000206,0,0.000359,0,0.001397,0,7.4e-05,0
193097,2021,0,0.000164,0,0.000581,0,0.00245,0,2.4e-05,0
193099,2021,0,0.000145,0,0.001974,0,0.003152,0,1.8e-05,0
193300,2021,0,0.78239,1,0.429101,0,0.545475,1,0.375241,1
194007,2021,0,0.206147,0,0.027701,0,0.041093,0,0.012172,0
194008,2021,0,0.143147,0,0.010992,0,0.002561,0,0.000313,0
194020,2021,0,0.150242,0,0.024083,0,0.01389,0,0.000378,0
194022,2021,0,0.124773,0,0.005957,0,0.001882,0,0.001056,0
194025,2021,0,0.002659,0,0.024428,0,0.001982,0,0.000383,0
194031,2021,0,0.231982,0,0.022165,0,0.016076,0,0.018057,0
194044,2021,0,0.099795,0,0.017641,0,0.006872,0,0.000124,0
194056,2021,0,0.282811,0,0.025215,0,0.005228,0,0.001196,0
194069,2021,0,0.21369,0,0.039184,0,0.027946,0,0.012649,0
194073,2021,0,0.206668,0,0.015407,0,0.007625,0,0.000874,0
194074,2021,0,0.321732,0,0.006438,0,0.00189,0,0.00112,0
194079,2021,0,0.002004,0,0.004388,0,0.005332,0,0.00052,0
194080,2021,0,0.280641,0,0.012692,0,0.007297,0,0.003032,0
194081,2021,0,0.254424,0,0.002746,0,0.002555,0,0.000437,0
194082,2021,0,0.363376,0,0.003431,0,0.003072,0,0.000325,0
194083,2021,0,0.252077,0,0.059589,0,0.023261,0,9.6e-05,0
194084,2021,0,0.273887,0,0.025078,0,0.006665,0,0.000957,0
194085,2021,0,0.413859,0,0.032975,0,0.008423,0,0.00694,0
194086,2021,0,0.178119,0,0.053487,0,0.010681,0,0.000283,0
194087,2021,0,0.170468,0,0.018828,0,0.014229,0,0.001265,0
194088,2021,0,0.24035,0,0.024837,0,0.010338,0,0.002753,0
194089,2021,0,0.307048,0,0.073219,0,0.017945,0,0.003174,0
194090,2021,0,0.28886,0,0.056221,0,0.011302,0,0.001177,0
194091,2021,0,0.122819,0,0.034761,0,0.016309,0,0.00013,0
194094,2021,0,0.382606,0,0.101153,0,0.113353,0,0.001078,0
194095,2021,0,0.274236,0,0.023044,0,0.011867,0,0.000701,0
194096,2021,0,0.203402,0,0.014375,0,0.001656,0,0.002043,0
194098,2021,0,0.138888,0,0.016271,0,0.013339,0,0.00017,0
194100,2021,0,0.046558,0,0.007838,0,0.005578,0,0.000286,0
194102,2021,0,0.23578,0,0.033101,0,0.003631,0,0.00134,0
194103,2021,0,0.242817,0,0.136318,0,0.08373,0,2.3e-05,0
194105,2021,0,0.225483,0,0.122083,0,0.018929,0,0.002666,0
194106,2021,0,0.283843,0,0.039883,0,0.005483,0,0.00425,0
194107,2021,0,0.092231,0,0.018296,0,0.009693,0,0.002498,0
194109,2021,0,0.381259,0,0.073608,0,0.021359,0,0.030522,0
194112,2021,0,0.235906,0,0.016814,0,0.002824,0,0.000481,0
194113,2021,0,0.192208,0,0.017479,0,0.006847,0,0.001532,0
194114,2021,0,0.174012,0,0.027342,0,0.040248,0,0.001273,0
194115,2021,0,0.000282,0,0.045291,0,0.013008,0,0.001899,0
194116,2021,0,0.175722,0,0.054488,0,0.019184,0,0.001694,0
194117,2021,0,0.298934,0,0.09697,0,0.010375,0,0.000713,0
200001,2021,0,0.566437,1,0.29239,0,0.320406,0,0.067497,1
200008,2021,0,0.545725,1,0.352758,0,0.402293,0,0.003567,0
200009,2021,0,0.934464,1,0.520446,1,0.489544,0,0.032288,0
200018,2021,0,0.284169,0,0.23045,0,0.096398,0,0.000493,0
200019,2021,0,0.093264,0,0.202245,0,0.073541,0,9.8e-05,0
200020,2021,0,0.290458,0,0.498049,0,0.428455,0,0.000779,0
200021,2021,0,0.639888,1,0.233987,0,0.035594,0,0.001521,0
200024,2021,1,0.725239,1,0.415093,0,0.779941,1,0.258348,1
200031,2021,0,0.587064,1,0.350221,0,0.273696,0,0.01542,0
200033,2021,0,0.711384,1,0.591272,1,0.600116,1,0.174065,1
200034,2021,0,0.191956,0,0.274393,0,0.074611,0,5.6e-05,0
200037,2021,0,0.136074,0,0.093636,0,0.047772,0,0.005922,0
200039,2021,0,0.595186,1,0.39503,0,0.198051,0,0.229945,1
200041,2021,0,0.250876,0,0.123584,0,0.020432,0,0.002053,0
200050,2021,0,0.594841,1,0.126995,0,0.030255,0,0.013029,0
200052,2021,0,0.235012,0,0.256255,0,0.076005,0,0.001513,0
200063,2021,0,0.394263,0,0.412512,0,0.102502,0,0.002241,0
201300,2021,0,0.642881,1,0.474089,0,0.606643,1,0.078747,1
201301,2021,0,0.475809,0,0.228566,0,0.082136,0,0.0001,0
201302,2021,0,0.3815,0,0.295577,0,0.268426,0,0.054927,1
201303,2021,0,0.40986,0,0.196798,0,0.082098,0,0.001981,0
201304,2021,1,0.578313,1,0.687684,1,0.835386,1,0.157324,1
201305,2021,0,0.443932,0,0.319137,0,0.249306,0,0.010574,0
201306,2021,0,0.49562,0,0.219879,0,0.089388,0,0.002024,0
201307,2021,1,0.487013,0,0.561648,1,0.885697,1,0.291631,1
201308,2021,0,0.621105,1,0.404904,0,0.050773,0,0.000213,0
201309,2021,0,0.658999,1,0.187371,0,0.018586,0,0.410532,1
201310,2021,0,0.355556,0,0.111605,0,0.007179,0,1.7e-05,0
201311,2021,0,0.556981,1,0.5321,1,0.726368,1,0.037817,1
201312,2021,0,0.256924,0,0.169246,0,0.062164,0,0.00018,0
201313,2021,0,0.45913,0,0.354955,0,0.617784,1,0.130704,1
201314,2021,0,0.452207,0,0.442397,0,0.304289,0,0.001109,0
201315,2021,0,0.609335,1,0.202646,0,0.08256,0,0.000991,0
203025,2021,0,0.02981,0,0.002181,0,0.002607,0,2e-06,0
204004,2021,0,0.412592,0,0.072072,0,0.012672,0,0.000264,0
204005,2021,0,0.405703,0,0.074135,0,0.018775,0,0.000167,0
204006,2021,0,0.283308,0,0.184864,0,0.07296,0,0.002258,0
204008,2021,0,0.573545,1,0.074812,0,0.023091,0,7.3e-05,0
210001,2021,0,0.618003,1,0.326238,0,0.05019,0,0.000185,0
210002,2021,0,0.832191,1,0.281573,0,0.121924,0,0.002308,0
210003,2021,0,0.279118,0,0.097509,0,0.007849,0,0.023101,0
210004,2021,0,0.516208,1,0.144559,0,0.047559,0,0.001186,0
210005,2021,0,0.592139,1,0.510973,1,0.650538,1,0.07164,1
210006,2021,0,0.057243,0,0.147553,0,0.062521,0,0.001115,0
210008,2021,0,0.823266,1,0.382651,0,0.306717,0,0.390204,1
210009,2021,0,0.71798,1,0.203149,0,0.075553,0,0.002276,0
210011,2021,0,0.578562,1,0.425896,0,0.454827,0,0.036943,1
210012,2021,0,0.999124,1,0.345942,0,0.126845,0,0.003618,0
210013,2021,0,0.069027,0,0.186582,0,0.031528,0,0.000293,0
210015,2021,0,0.348742,0,0.109963,0,0.008783,0,8.4e-05,0
210016,2021,0,0.479921,0,0.088263,0,0.010528,0,0.000607,0
210017,2021,0,0.835338,1,0.435013,0,0.479988,0,0.003029,0
210018,2021,0,0.140313,0,0.175507,0,0.025263,0,0.000856,0
210019,2021,1,0.516899,1,0.642457,1,0.905515,1,0.181218,1
210022,2021,0,0.379063,0,0.240992,0,0.090457,0,0.000882,0
210023,2021,1,0.72738,1,0.627204,1,0.717348,1,0.09698,1
210024,2021,0,0.211499,0,0.088747,0,0.007504,0,0.001574,0
210027,2021,0,0.629993,1,0.407131,0,0.453286,0,0.314244,1
210028,2021,0,0.515893,1,0.22321,0,0.176419,0,0.003001,0
210029,2021,0,0.589783,1,0.150046,0,0.064595,0,0.004359,0
210030,2021,0,0.524791,1,0.339834,0,0.122113,0,0.185512,1
210032,2021,0,0.002677,0,0.197453,0,0.012753,0,0.00013,0
210033,2021,0,0.600548,1,0.283377,0,0.226122,0,0.272896,1
210034,2021,0,0.186923,0,0.071734,0,0.017928,0,0.000177,0
210035,2021,0,0.766017,1,0.221698,0,0.143975,0,0.000762,0
210037,2021,0,0.787762,1,0.468369,0,0.621813,1,0.002968,0
210038,2021,0,0.152759,0,0.128574,0,0.005138,0,6.6e-05,0
210039,2021,0,0.338708,0,0.402287,0,0.433788,0,0.02495,0
210040,2021,0,0.425368,0,0.199841,0,0.113317,0,0.006543,0
210043,2021,0,0.556503,1,0.354888,0,0.294791,0,0.297446,1
210044,2021,0,0.867766,1,0.460404,0,0.32926,0,0.259855,1
210048,2021,0,0.441217,0,0.158933,0,0.093575,0,0.004054,0
210049,2021,0,0.461665,0,0.259505,0,0.18102,0,0.001,0
210051,2021,0,0.579875,1,0.235384,0,0.17281,0,0.002785,0
210056,2021,0,0.208554,0,0.138525,0,0.021159,0,0.00022,0
210057,2021,0,0.549912,1,0.299647,0,0.052255,0,0.117819,1
210058,2021,0,0.227538,0,0.23643,0,0.081984,0,0.000638,0
210060,2021,0,0.385165,0,0.173677,0,0.144593,0,0.001131,0
210061,2021,1,0.564112,1,0.787216,1,0.917542,1,0.22206,1
210062,2021,0,0.317545,0,0.067617,0,0.022035,0,0.000634,0
210063,2021,0,0.40807,0,0.106104,0,0.060973,0,0.007869,0
210064,2021,0,0.000282,0,0.078555,0,0.001013,0,9.9e-05,0
210065,2021,0,0.516454,1,0.165739,0,0.235749,0,0.269572,1
210068,2021,0,0.014736,0,0.101341,0,0.005938,0,0.000167,0
212002,2021,0,0.00037,0,0.010763,0,0.007393,0,0.000243,0
212003,2021,0,0.000429,0,0.011157,0,0.003149,0,0.000182,0
213028,2021,0,0.034134,0,0.020916,0,0.003474,0,6e-06,0
213029,2021,0,0.044093,0,0.093477,0,0.080291,0,0.000317,0
213300,2021,0,0.644398,1,0.199476,0,0.069346,0,0.003273,0
213301,2021,0,0.914271,1,0.325245,0,0.039602,0,0.005005,0
214000,2021,0,0.274398,0,0.046846,0,0.003819,0,0.001429,0
214002,2021,0,0.00217,0,0.028643,0,0.003328,0,1e-05,0
214003,2021,0,0.28646,0,0.085547,0,0.290223,0,0.031619,0
214004,2021,0,0.251476,0,0.063885,0,0.017093,0,0.00025,0
214012,2021,0,0.002064,0,0.022014,0,0.007874,0,5.9e-05,0
214018,2021,0,0.154991,0,0.071532,0,0.01629,0,0.000149,0
214020,2021,0,0.318686,0,0.04264,0,0.019874,0,0.002447,0
220001,2021,0,0.237223,0,0.412748,0,0.120297,0,1e-05,0
220002,2021,0,0.482405,0,0.548702,1,0.431677,0,0.077839,1
220008,2021,1,0.50066,1,0.546581,1,0.755432,1,0.064145,1
220010,2021,1,0.512974,1,0.65037,1,0.803157,1,0.264967,1
220011,2021,1,0.636352,1,0.737653,1,0.714877,1,0.402798,1
220012,2021,0,0.484733,0,0.493421,0,0.228689,0,0.01143,0
220015,2021,0,0.688729,1,0.47474,0,0.549478,1,0.123732,1
220016,2021,0,0.208615,0,0.384158,0,0.257724,0,0.003804,0
220017,2021,0,0.19886,0,0.139406,0,0.044663,0,0.002712,0
220019,2021,0,0.154284,0,0.399223,0,0.440834,0,0.000659,0
220020,2021,0,0.406847,0,0.01483,0,0.004142,0,2.8e-05,0
220024,2021,0,0.655597,1,0.409897,0,0.275428,0,0.066857,1
220029,2021,0,0.448992,0,0.359094,0,0.501414,1,0.061964,1
220030,2021,0,0.133855,0,0.362855,0,0.152918,0,9.8e-05,0
220031,2021,0,0.747137,1,0.757853,1,0.769188,1,0.013227,0
220033,2021,0,0.391136,0,0.486821,0,0.07202,0,0.003581,0
220035,2021,0,0.296841,0,0.433266,0,0.430369,0,0.006972,0
220036,2021,0,0.420816,0,0.15173,0,0.089823,0,0.000701,0
220046,2021,0,0.554784,1,0.591723,1,0.343171,0,0.076868,1
220049,2021,0,0.325586,0,0.484946,0,0.46399,0,0.01664,0
220052,2021,0,0.454863,0,0.34349,0,0.250738,0,0.004688,0
220060,2021,0,0.423508,0,0.430037,0,0.336339,0,0.042568,1
220062,2021,0,0.00029,0,0.08929,0,0.009704,0,5.7e-05,0
220063,2021,0,0.667694,1,0.455959,0,0.136922,0,0.003995,0
220065,2021,0,0.249653,0,0.347539,0,0.049332,0,0.003066,0
220066,2021,0,0.595796,1,0.241875,0,0.1482,0,0.00632,0
220070,2021,0,0.730847,1,0.574937,1,0.595316,1,0.343224,1
220071,2021,1,0.941324,1,0.839528,1,0.951309,1,0.003687,0
220073,2021,0,0.34905,0,0.098011,0,0.01867,0,0.003152,0
220074,2021,0,0.747005,1,0.803356,1,0.604335,1,0.004237,0
220075,2021,0,0.606741,1,0.244197,0,0.254735,0,0.000715,0
220077,2021,0,0.811506,1,0.754226,1,0.358426,0,0.000264,0
220080,2021,0,0.405858,0,0.031812,0,0.008399,0,0.0006,0
220083,2021,0,0.131287,0,0.345487,0,0.177183,0,0.006015,0
220084,2021,0,0.5234,1,0.454928,0,0.485132,0,0.041887,1
220086,2021,1,0.805741,1,0.793306,1,0.86725,1,0.020052,0
220088,2021,0,0.231386,0,0.217746,0,0.036808,0,0.000104,0
220090,2021,0,0.551363,1,0.413921,0,0.533065,1,0.016436,0
220095,2021,0,0.384591,0,0.360482,0,0.238215,0,0.005857,0
220098,2021,0,0.247531,0,0.102787,0,0.006574,0,0.00094,0
220100,2021,1,0.335491,0,0.719871,1,0.898313,1,0.347125,1
220101,2021,0,0.259705,0,0.278362,0,0.096304,0,0.003221,0
220105,2021,0,0.420438,0,0.306926,0,0.07114,0,0.022614,0
220108,2021,0,0.177217,0,0.293518,0,0.066164,0,7.5e-05,0
220110,2021,1,0.985272,1,0.763655,1,0.796362,1,0.040451,1
220111,2021,0,0.281069,0,0.088469,0,0.027023,0,0.001571,0
220116,2021,0,0.694551,1,0.551029,1,0.38122,0,0.007541,0
220119,2021,0,0.120389,0,0.268984,0,0.13756,0,0.00016,0
220126,2021,0,0.009944,0,0.076479,0,0.007676,0,0.000245,0
220135,2021,0,0.215096,0,0.288471,0,0.237755,0,0.013813,0
220162,2021,0,0.301783,0,0.367497,0,0.205858,0,0.000657,0
220163,2021,0,0.589038,1,0.380816,0,0.039552,0,0.002997,0
220171,2021,0,0.477032,0,0.293686,0,0.506774,1,0.00223,0
220175,2021,0,0.458118,0,0.100191,0,0.019061,0,0.004856,0
220176,2021,0,0.524728,1,0.041103,0,0.032939,0,0.000393,0
220177,2021,0,0.509961,1,0.211606,0,0.022639,0,0.005987,0
221300,2021,0,0.627158,1,0.432812,0,0.145042,0,0.02184,0
221302,2021,0,0.586741,1,0.334851,0,0.029874,0,0.004178,0
221303,2021,0,0.517236,1,0.272564,0,0.4934,0,0.020121,0
221990,2021,0,0.05812,0,0.007044,0,0.002884,0,4.6e-05,0
222000,2021,0,0.042836,0,0.011459,0,0.005445,0,0.000374,0
222002,2021,0,0.022255,0,0.001215,0,0.001615,0,7e-05,0
222003,2021,0,0.018289,0,0.058972,0,0.002534,0,0.000199,0
222006,2021,0,0.022005,0,0.038664,0,0.002444,0,0.000716,0
222007,2021,0,0.011536,0,0.01294,0,0.004813,0,0.000458,0
222023,2021,0,0.044373,0,0.034283,0,0.002342,0,0.001439,0
222027,2021,0,0.037467,0,0.005071,0,0.005257,0,0.000442,0
222043,2021,0,0.035535,0,0.000149,0,0.001937,0,1.2e-05,0
222046,2021,0,0.031701,0,0.000416,0,0.001814,0,1e-05,0
222047,2021,0,0.067807,0,0.00541,0,0.007394,0,0.00012,0
222048,2021,0,0.049181,0,0.005009,0,0.002827,0,1e-05,0
223026,2021,0,0.030036,0,0.019346,0,0.005816,0,0.000123,0
223027,2021,0,0.034953,0,0.018295,0,0.007262,0,0.000134,0
223029,2021,0,0.027697,0,0.018782,0,0.004893,0,4.3e-05,0
223030,2021,0,0.01919,0,0.007492,0,0.00411,0,1e-06,0
223032,2021,0,0.045458,0,0.056332,0,0.014909,0,0.000147,0
223034,2021,0,0.046768,0,0.137307,0,0.028473,0,0.00011,0
223300,2021,0,0.673493,1,0.187062,0,0.16578,0,0.004443,0
223302,2021,1,0.957152,1,0.810904,1,0.958857,1,0.178718,1
224001,2021,0,0.503178,1,0.059418,0,0.00606,0,0.000374,0
224007,2021,0,0.323705,0,0.351819,0,0.268899,0,0.000616,0
224013,2021,0,0.159479,0,0.007948,0,0.003393,0,0.005497,0
224018,2021,0,0.192329,0,0.050269,0,0.011513,0,0.000111,0
224021,2021,0,0.221715,0,0.041737,0,0.009132,0,0.003687,0
224022,2021,0,0.171089,0,0.091153,0,0.14368,0,0.006658,0
224023,2021,0,0.236906,0,0.003371,0,0.002818,0,0.001075,0
224028,2021,0,0.57135,1,0.029129,0,0.004519,0,0.000662,0
224031,2021,0,0.563266,1,0.035607,0,0.006561,0,0.001073,0
224032,2021,0,0.225907,0,0.061125,0,0.006531,0,7.9e-05,0
224038,2021,0,0.349094,0,0.252419,0,0.02041,0,2.5e-05,0
224039,2021,0,0.057245,0,0.016904,0,0.003299,0,0.000206,0
224040,2021,0,0.001608,0,0.017467,0,0.002483,0,6e-05,0
224041,2021,0,0.0006,0,0.069584,0,0.002111,0,9.4e-05,0
224043,2021,0,0.000889,0,0.021624,0,0.013535,0,0.000528,0
224044,2021,0,0.302415,0,0.046688,0,0.004173,0,0.004843,0
224045,2021,0,0.252868,0,0.036733,0,0.019301,0,0.024228,0
224046,2021,0,0.308822,0,0.124927,0,0.053776,0,0.003443,0
230002,2021,0,0.526929,1,0.357189,0,0.152984,0,0.00268,0
230003,2021,0,0.278421,0,0.225355,0,0.062267,0,0.022297,0
230005,2021,0,0.773761,1,0.144578,0,0.045326,0,0.273289,1
230013,2021,0,0.072414,0,0.054383,0,0.015126,0,1.9e-05,0
230015,2021,0,0.642674,1,0.322643,0,0.162754,0,0.003022,0
230017,2021,0,0.816428,1,0.694658,1,0.554095,1,0.00503,0
230019,2021,0,0.487552,0,0.142488,0,0.178265,0,0.002202,0
230020,2021,0,0.613731,1,0.077408,0,0.123233,0,9e-06,0
230021,2021,0,0.690374,1,0.737604,1,0.807684,1,0.305224,1
230022,2021,0,0.542106,1,0.42114,0,0.413325,0,0.021723,0
230024,2021,0,0.342249,0,0.092615,0,0.014719,0,0.003186,0
230029,2021,0,0.778577,1,0.369896,0,0.451728,0,0.148248,1
230030,2021,0,0.404658,0,0.349401,0,0.171969,0,0.088681,1
230031,2021,0,0.282628,0,0.074297,0,0.058922,0,9.5e-05,0
230035,2021,0,0.216156,0,0.354798,0,0.301375,0,0.003437,0
230036,2021,0,0.620414,1,0.183287,0,0.158663,0,0.000637,0
230037,2021,0,0.606945,1,0.515767,1,0.275209,0,0.00259,0
230038,2021,1,0.891275,1,0.905527,1,0.942922,1,0.041367,1
230041,2021,0,0.422658,0,0.320123,0,0.416137,0,0.000561,0
230046,2021,1,0.959578,1,0.823915,1,0.974233,1,0.043957,1
230047,2021,0,0.482078,0,0.630985,1,0.386125,0,0.049093,1
230053,2021,0,0.944598,1,0.581627,1,0.444748,0,0.002059,0
230054,2021,0,0.802137,1,0.22246,0,0.094716,0,0.016953,0
230055,2021,0,0.785606,1,0.322999,0,0.03751,0,0.334374,1
230058,2021,0,0.698146,1,0.296365,0,0.145738,0,0.000193,0
230059,2021,1,0.724108,1,0.789821,1,0.810319,1,0.114998,1
230066,2021,0,0.782354,1,0.533321,1,0.499432,0,0.570974,1
230069,2021,0,0.383534,0,0.130344,0,0.086637,0,0.006967,0
230070,2021,0,0.704879,1,0.523992,1,0.038221,0,0.001333,0
230071,2021,0,0.348453,0,0.379555,0,0.100674,0,0.00236,0
230072,2021,0,0.332838,0,0.626104,1,0.694579,1,0.004481,0
230075,2021,0,0.572578,1,0.433782,0,0.555301,1,0.004439,0
230077,2021,0,0.474405,0,0.290532,0,0.223561,0,0.000508,0
230078,2021,0,0.372763,0,0.402501,0,0.418774,0,0.004674,0
230080,2021,0,0.529083,1,0.246934,0,0.108999,0,0.035296,1
230081,2021,0,0.386456,0,0.358331,0,0.297277,0,0.125901,1
230085,2021,0,0.371512,0,0.335733,0,0.114639,0,0.01168,0
230089,2021,0,0.563044,1,0.020464,0,0.011598,0,0.001205,0
230092,2021,0,0.717519,1,0.724082,1,0.760632,1,0.155921,1
230093,2021,0,0.4188,0,0.263396,0,0.16334,0,0.018185,0
230095,2021,0,0.546056,1,0.226597,0,0.193663,0,0.029715,0
230096,2021,0,0.09522,0,0.034476,0,0.005942,0,0.000312,0
230097,2021,0,0.89486,1,0.577458,1,0.307794,0,0.048805,1
230099,2021,0,0.62718,1,0.368961,0,0.134159,0,0.001076,0
230100,2021,0,0.416765,0,0.266045,0,0.042052,0,0.016865,0
230104,2021,0,0.373712,0,0.057569,0,0.023466,0,0.000296,0
230105,2021,0,0.699814,1,0.313644,0,0.136957,0,0.054379,1
230108,2021,0,0.712996,1,0.227007,0,0.131442,0,0.000645,0
230110,2021,0,0.596491,1,0.267691,0,0.073556,0,0.008965,0
230117,2021,0,0.644924,1,0.162275,0,0.190935,0,0.20784,1
230118,2021,0,0.153363,0,0.075767,0,0.006281,0,0.001881,0
230121,2021,0,0.477466,0,0.151407,0,0.045841,0,0.004755,0
230130,2021,0,0.669263,1,0.095394,0,0.037864,0,0.006251,0
230132,2021,0,0.594667,1,0.419857,0,0.338652,0,0.057907,1
230133,2021,0,0.442276,0,0.289558,0,0.167646,0,0.005056,0
230141,2021,0,0.443422,0,0.566142,1,0.253354,0,0.017219,0
230142,2021,0,0.578857,1,0.067813,0,0.057176,0,0.004728,0
230144,2021,0,0.482371,0,0.291232,0,0.012022,0,0.003955,0
230146,2021,0,0.497746,0,0.359038,0,0.286795,0,0.04035,1
230151,2021,0,0.549368,1,0.107634,0,0.045858,0,0.024834,0
230156,2021,0,0.740958,1,0.221921,0,0.01661,0,0.005685,0
230165,2021,0,0.738819,1,0.224059,0,0.250282,0,0.073849,1
230167,2021,0,0.809161,1,0.430496,0,0.363583,0,0.164155,1
230174,2021,0,0.647654,1,0.318692,0,0.212979,0,0.007684,0
230176,2021,0,0.39592,0,0.03871,0,0.036766,0,2.2e-05,0
230180,2021,0,0.272616,0,0.137709,0,0.02463,0,0.001374,0
230193,2021,0,0.450574,0,0.377982,0,0.306572,0,0.055612,1
230195,2021,0,0.681782,1,0.101268,0,0.057923,0,6.7e-05,0
230197,2021,0,0.51029,1,0.05651,0,0.043899,0,0.001817,0
230207,2021,0,0.461373,0,0.294553,0,0.162746,0,0.002179,0
230208,2021,0,0.290783,0,0.240291,0,0.072888,0,0.004542,0
230216,2021,1,0.641152,1,0.378074,0,0.351194,0,0.261766,1
230217,2021,1,0.454352,0,0.752793,1,0.868609,1,0.25441,1
230222,2021,0,0.492781,0,0.550311,1,0.445591,0,0.001007,0
230227,2021,0,0.451536,0,0.457563,0,0.118685,0,0.002313,0
230230,2021,0,0.56681,1,0.516347,1,0.79243,1,0.016691,0
230236,2021,0,0.553222,1,0.626234,1,0.591019,1,0.003289,0
230239,2021,0,0.784716,1,0.564641,1,0.258813,0,0.000402,0
230241,2021,0,0.364205,0,0.14008,0,0.021892,0,0.000964,0
230244,2021,0,0.212175,0,0.192324,0,0.061305,0,0.004992,0
230254,2021,0,0.647602,1,0.335844,0,0.146364,0,0.001975,0
230259,2021,0,0.490705,0,0.187154,0,0.022914,0,0.001568,0
230264,2021,0,0.537215,1,0.150261,0,0.011111,0,0.016482,0
230269,2021,0,0.642876,1,0.032928,0,0.007765,0,0.000102,0
230270,2021,0,0.425848,0,0.079837,0,0.067579,0,0.008143,0
230273,2021,0,0.395835,0,0.058252,0,0.017226,0,1.8e-05,0
230275,2021,0,0.165439,0,0.115659,0,0.008373,0,0.002004,0
230277,2021,0,0.557075,1,0.030316,0,0.011694,0,0.000622,0
230279,2021,0,0.177415,0,0.091617,0,0.041535,0,0.000348,0
230297,2021,0,0.250374,0,0.14577,0,0.064239,0,1.5e-05,0
230301,2021,0,0.585441,1,0.237429,0,0.02592,0,0.005563,0
230302,2021,0,0.772187,1,0.366039,0,0.403622,0,0.00028,0
230303,2021,0,0.586995,1,0.281895,0,0.039014,0,0.004631,0
231300,2021,0,0.7869,1,0.252987,0,0.092454,0,0.043966,1
231301,2021,0,0.737135,1,0.334351,0,0.240983,0,0.130381,1
231303,2021,0,0.683118,1,0.355774,0,0.078039,0,0.008026,0
231304,2021,0,0.598333,1,0.342374,0,0.144346,0,0.006176,0
231305,2021,0,0.345226,0,0.265868,0,0.116322,0,0.140076,1
231306,2021,0,0.705453,1,0.27847,0,0.08406,0,0.060235,1
231307,2021,0,0.660887,1,0.401439,0,0.215032,0,0.010832,0
231308,2021,0,0.464325,0,0.297621,0,0.099575,0,0.039154,1
231309,2021,0,0.209833,0,0.07544,0,0.025714,0,0.002424,0
231310,2021,0,0.710829,1,0.347687,0,0.370227,0,0.240988,1
231311,2021,0,0.565747,1,0.414996,0,0.507063,1,0.025149,0
231312,2021,0,0.47871,0,0.133259,0,0.219783,0,0.00928,0
231313,2021,0,0.517429,1,0.346087,0,0.124733,0,0.026339,0
231314,2021,1,0.685222,1,0.440265,0,0.715932,1,0.083039,1
231315,2021,0,0.405824,0,0.137776,0,0.058103,0,0.016765,0
231316,2021,0,0.532969,1,0.469582,0,0.582662,1,0.220416,1
231317,2021,0,0.167244,0,0.150554,0,0.018727,0,0.000566,0
231318,2021,0,0.413122,0,0.213197,0,0.048884,0,0.000142,0
231319,2021,0,0.626632,1,0.369362,0,0.240924,0,0.002422,0
231320,2021,0,0.378346,0,0.302107,0,0.283481,0,0.12274,1
231321,2021,0,0.606454,1,0.058857,0,0.009187,0,0.001344,0
231322,2021,0,0.718997,1,0.381011,0,0.21785,0,0.017162,0
231323,2021,0,0.716136,1,0.263162,0,0.174263,0,0.097949,1
231324,2021,0,0.552565,1,0.377994,0,0.206685,0,0.025864,0
231325,2021,0,0.425062,0,0.272033,0,0.022808,0,0.198619,1
231326,2021,0,0.295716,0,0.182795,0,0.039714,0,0.000194,0
231327,2021,0,0.480331,0,0.519276,1,0.454283,0,0.009042,0
231328,2021,0,0.586711,1,0.269342,0,0.087064,0,0.045113,1
231329,2021,0,0.599263,1,0.196928,0,0.297726,0,0.006519,0
231330,2021,0,0.629931,1,0.303852,0,0.262807,0,0.188688,1
231331,2021,0,0.392708,0,0.199131,0,0.030933,0,0.01601,0
231332,2021,0,0.31686,0,0.204177,0,0.037619,0,0.022409,0
231333,2021,0,0.644468,1,0.434256,0,0.454565,0,0.000124,0
231337,2021,0,0.613621,1,0.081389,0,0.051391,0,0.011732,0
231338,2021,0,0.536393,1,0.293579,0,0.097537,0,0.004972,0
231339,2021,0,0.528165,1,0.366447,0,0.270823,0,0.005344,0
231340,2021,0,0.574867,1,0.240301,0,0.044645,0,0.06079,1
232012,2021,0,0.000123,0,0.00046,0,0.001283,0,5.2e-05,0
232019,2021,0,0.026851,0,4.3e-05,0,0.000806,0,1.2e-05,0
232020,2021,0,0.021602,0,0.005955,0,0.001216,0,1e-06,0
232023,2021,0,0.000176,0,0.003515,0,0.002913,0,0.00011,0
232024,2021,0,0.000196,0,0.001402,0,0.000849,0,4.3e-05,0
232029,2021,0,0.000258,0,0.010879,0,0.001928,0,5.3e-05,0
232031,2021,0,0.000132,0,0.0032,0,0.001712,0,2.1e-05,0
232033,2021,0,0.0002,0,0.000876,0,0.002224,0,0.0001,0
232034,2021,0,0.241379,0,0.049499,0,0.005335,0,0.001952,0
232035,2021,0,0.000172,0,0.000745,0,0.001506,0,6.8e-05,0
232037,2021,0,0.000146,0,0.000986,0,0.001816,0,5e-06,0
232039,2021,0,0.065714,0,0.002,0,0.005187,0,0.000113,0
233026,2021,0,0.055952,0,0.163729,0,0.049281,0,0.000225,0
233027,2021,0,0.058913,0,0.038445,0,0.006902,0,0.000895,0
233300,2021,0,0.730285,1,0.138295,0,0.05731,0,0.001314,0
234006,2021,0,0.503847,1,0.247814,0,0.167826,0,3.8e-05,0
234011,2021,0,0.003419,0,0.075254,0,0.00627,0,8.7e-05,0
234021,2021,0,0.154826,0,0.006608,0,0.002655,0,0.003705,0
234023,2021,0,0.180083,0,0.00262,0,0.001188,0,0.000294,0
234025,2021,0,0.001449,0,0.060621,0,0.012502,0,6.1e-05,0
234026,2021,0,0.001057,0,0.030719,0,0.001745,0,2e-05,0
234030,2021,0,0.146647,0,0.006398,0,0.003056,0,0.004267,0
234035,2021,0,0.001221,0,0.02611,0,0.002767,0,3.7e-05,0
234038,2021,0,0.156392,0,0.004498,0,0.002211,0,0.000357,0
234040,2021,0,0.000557,0,0.033789,0,0.012584,0,0.000159,0
234041,2021,0,0.000902,0,0.022325,0,0.001168,0,6e-05,0
234042,2021,0,0.091548,0,0.027455,0,0.012651,0,0.000169,0
234043,2021,0,0.112159,0,0.030459,0,0.018547,0,0.00023,0
234044,2021,0,0.001951,0,0.007854,0,0.010458,0,0.001054,0
240001,2021,0,0.387184,0,0.539181,1,0.616799,1,0.024359,0
240002,2021,0,0.289955,0,0.099775,0,0.115278,0,0.043071,1
240004,2021,0,0.721454,1,0.550381,1,0.586352,1,0.003217,0
240006,2021,0,0.518617,1,0.420437,0,0.140581,0,0.006367,0
240010,2021,0,0.495767,0,0.153996,0,0.007975,0,0.003918,0
240014,2021,0,0.711801,1,0.448554,0,0.420903,0,0.03197,0
240018,2021,0,0.628167,1,0.134955,0,0.008998,0,0.178392,1
240019,2021,0,0.69857,1,0.152361,0,0.006717,0,0.003199,0
240020,2021,0,0.340339,0,0.027136,0,0.002631,0,0.008404,0
240022,2021,0,0.609964,1,0.076807,0,0.019259,0,0.083821,1
240030,2021,0,0.733081,1,0.387809,0,0.208099,0,0.102761,1
240036,2021,0,0.734979,1,0.557993,1,0.247855,0,0.002763,0
240038,2021,0,0.464929,0,0.016907,0,0.008411,0,0.012999,0
240040,2021,0,0.290401,0,0.375917,0,0.054685,0,0.00176,0
240043,2021,0,0.200154,0,0.202278,0,0.024807,0,0.000106,0
240044,2021,0,0.812638,1,0.563743,1,0.157699,0,0.010283,0
240047,2021,0,0.65892,1,0.580955,1,0.697446,1,0.095428,1
240050,2021,0,0.063116,0,0.388841,0,0.114105,0,0.000487,0
240052,2021,0,0.577569,1,0.37955,0,0.340484,0,0.020428,0
240053,2021,0,0.553856,1,0.386204,0,0.114513,0,0.21896,1
240056,2021,0,0.39858,0,0.346517,0,0.220353,0,0.013242,0
240057,2021,0,0.593427,1,0.01284,0,0.007543,0,0.000832,0
240059,2021,0,0.171422,0,0.065344,0,0.007946,0,0.000246,0
240063,2021,0,0.077116,0,0.034597,0,0.003918,0,5.7e-05,0
240064,2021,0,0.582791,1,0.51496,1,0.320251,0,0.009382,0
240066,2021,0,0.552609,1,0.381644,0,0.213347,0,0.236298,1
240069,2021,0,0.641899,1,0.015005,0,0.002583,0,0.000433,0
240071,2021,0,0.473846,0,0.181871,0,0.075246,0,0.060532,1
240075,2021,0,0.604948,1,0.351038,0,0.33678,0,0.008121,0
240076,2021,0,0.460233,0,0.022221,0,0.001478,0,8.3e-05,0
240078,2021,0,0.723945,1,0.438274,0,0.142032,0,0.099109,1
240080,2021,0,0.604314,1,0.529075,1,0.445121,0,0.001004,0
240084,2021,0,0.21294,0,0.137151,0,0.04922,0,2.1e-05,0
240088,2021,0,0.568008,1,0.388709,0,0.224443,0,0.059733,1
240093,2021,0,0.673863,1,0.136247,0,0.266833,0,0.001688,0
240100,2021,0,0.68333,1,0.298866,0,0.088456,0,0.006565,0
240101,2021,0,0.197908,0,0.357869,0,0.125347,0,1.6e-05,0
240104,2021,0,0.509234,1,0.149878,0,0.05531,0,0.104446,1
240106,2021,1,0.771703,1,0.80574,1,0.836498,1,0.275622,1
240115,2021,0,0.533416,1,0.009347,0,0.008743,0,0.000482,0
240141,2021,0,0.583962,1,0.343128,0,0.089909,0,0.004262,0
240166,2021,0,0.57599,1,0.136623,0,0.030147,0,0.101266,1
240187,2021,0,0.622996,1,0.324584,0,0.274966,0,0.000223,0
240206,2021,0,0.336434,0,0.157878,0,0.055094,0,0.001659,0
240207,2021,0,0.177373,0,0.323532,0,0.045132,0,0.000517,0
240210,2021,0,0.210282,0,0.166129,0,0.009824,0,0.000892,0
240213,2021,0,0.440665,0,0.163846,0,0.019774,0,0.010174,0
240214,2021,0,0.094941,0,0.306937,0,0.08056,0,2.7e-05,0
241300,2021,0,0.159428,0,0.11802,0,0.007415,0,0.003443,0
241301,2021,0,0.355429,0,0.094902,0,0.036551,0,0.004262,0
241302,2021,0,0.496708,0,0.186284,0,0.004909,0,0.0129,0
241303,2021,0,0.515762,1,0.032832,0,0.007259,0,0.027273,0
241304,2021,0,0.373344,0,0.093231,0,0.00636,0,0.003186,0
241305,2021,0,0.435039,0,0.515324,1,0.382412,0,0.137981,1
241306,2021,0,0.549555,1,0.482766,0,0.581108,1,0.022431,0
241308,2021,0,0.430375,0,0.299535,0,0.203957,0,0.002062,0
241309,2021,0,0.504532,1,0.219869,0,0.0634,0,0.084047,1
241311,2021,0,0.309976,0,0.272645,0,0.182378,0,0.004721,0
241312,2021,0,0.270507,0,0.275862,0,0.041926,0,0.001452,0
241313,2021,0,0.350761,0,0.110081,0,0.018311,0,0.002656,0
241314,2021,0,0.485449,0,0.377331,0,0.301752,0,0.059798,1
241315,2021,0,0.507756,1,0.034041,0,0.004923,0,0.002277,0
241316,2021,0,0.503883,1,0.358931,0,0.338355,0,0.010343,0
241317,2021,0,0.494026,0,0.346589,0,0.34212,0,0.004085,0
241318,2021,0,0.483202,0,0.317836,0,0.24182,0,0.003826,0
241319,2021,0,0.521809,1,0.437566,0,0.152625,0,0.059783,1
241320,2021,0,0.311546,0,0.41821,0,0.474132,0,0.023761,0
241321,2021,0,0.287896,0,0.188389,0,0.057665,0,0.019353,0
241322,2021,0,0.095919,0,0.282251,0,0.039737,0,6.6e-05,0
241323,2021,0,0.573729,1,0.241849,0,0.188746,0,0.007117,0
241325,2021,0,0.566849,1,0.469669,0,0.446335,0,0.04446,1
241326,2021,0,0.718032,1,0.375753,0,0.188793,0,0.003435,0
241327,2021,0,0.62261,1,0.385581,0,0.238567,0,0.00167,0
241328,2021,0,0.482661,0,0.01571,0,0.00889,0,0.028725,0
241329,2021,1,0.506866,1,0.630074,1,0.754927,1,0.234832,1
241330,2021,0,0.281799,0,0.223863,0,0.008615,0,1.8e-05,0
241332,2021,0,0.759316,1,0.360873,0,0.442296,0,0.0622,1
241333,2021,0,0.689119,1,0.142224,0,0.010928,0,0.063198,1
241334,2021,0,0.435557,0,0.344479,0,0.359554,0,0.002467,0
241335,2021,0,0.50005,1,0.228163,0,0.043352,0,0.001344,0
241336,2021,0,0.526444,1,0.342079,0,0.124233,0,0.014691,0
241337,2021,0,0.468202,0,0.33366,0,0.18562,0,0.025945,0
241338,2021,0,0.470318,0,0.11078,0,0.029461,0,0.046179,1
241339,2021,0,0.557824,1,0.366864,0,0.283513,0,0.00941,0
241340,2021,0,0.421141,0,0.304561,0,0.298297,0,0.010771,0
241341,2021,0,0.377148,0,0.303694,0,0.133734,0,0.028411,0
241342,2021,0,0.725585,1,0.39704,0,0.142674,0,0.000288,0
241343,2021,0,0.721994,1,0.335544,0,0.342139,0,0.007445,0
241344,2021,0,0.501926,1,0.314184,0,0.362137,0,0.039821,1
241345,2021,0,0.56431,1,0.132188,0,0.008294,0,0.031874,0
241346,2021,0,0.44856,0,0.130203,0,0.003909,0,0.015409,0
241347,2021,0,0.637009,1,0.122427,0,0.009897,0,0.01139,0
241348,2021,0,0.494901,0,0.252358,0,0.217892,0,0.021258,0
241349,2021,0,0.457213,0,0.333905,0,0.151671,0,0.000367,0
241350,2021,0,0.533671,1,0.304722,0,0.289859,0,0.002082,0
241351,2021,0,0.754384,1,0.350761,0,0.07731,0,0.020281,0
241353,2021,0,0.784963,1,0.600441,1,0.374933,0,0.316928,1
241354,2021,0,0.697325,1,0.464978,0,0.150449,0,0.083202,1
241355,2021,0,0.525421,1,0.415659,0,0.346175,0,0.038024,1
241356,2021,1,0.400196,0,0.438115,0,0.679319,1,0.00838,0
241357,2021,0,0.451967,0,0.263557,0,0.314903,0,0.00933,0
241358,2021,0,0.45553,0,0.172845,0,0.045549,0,0.002272,0
241359,2021,0,0.732727,1,0.341924,0,0.089777,0,0.000647,0
241360,2021,0,0.580722,1,0.358727,0,0.263108,0,0.188807,1
241361,2021,0,0.544371,1,0.130013,0,0.085915,0,0.016437,0
241362,2021,0,0.622451,1,0.496391,0,0.301281,0,0.013864,0
241363,2021,0,0.580133,1,0.292503,0,0.107089,0,0.000242,0
241364,2021,0,0.48716,0,0.603438,1,0.698601,1,0.043033,1
241365,2021,0,0.571824,1,0.415816,0,0.164267,0,0.184974,1
241366,2021,0,0.402287,0,0.35707,0,0.439001,0,0.002794,0
241367,2021,0,0.728578,1,0.491471,0,0.511048,1,0.093919,1
241368,2021,0,0.529747,1,0.350869,0,0.056883,0,0.001079,0
241369,2021,1,0.664758,1,0.616904,1,0.889146,1,0.177796,1
241370,2021,0,0.665641,1,0.493599,0,0.288192,0,0.013137,0
241371,2021,0,0.581938,1,0.179621,0,0.007583,0,0.000179,0
241372,2021,0,0.396436,0,0.307015,0,0.054324,0,0.006188,0
241373,2021,0,0.594687,1,0.4528,0,0.217269,0,0.228729,1
241374,2021,0,0.649315,1,0.388994,0,0.12721,0,0.006459,0
241375,2021,0,0.22268,0,0.185326,0,0.036578,0,0.000519,0
241376,2021,0,0.419547,0,0.443937,0,0.219966,0,0.005519,0
241377,2021,0,0.536393,1,0.142528,0,0.310326,0,0.174862,1
241378,2021,0,0.646985,1,0.021559,0,0.005488,0,0.005254,0
241379,2021,0,0.318651,0,0.325,0,0.055455,0,0.002896,0
241380,2021,0,0.255141,0,0.215057,0,0.047662,0,0.001563,0
241381,2021,0,0.628175,1,0.099401,0,0.003865,0,0.000182,0
241991,2021,0,0.060226,0,0.018076,0,0.002302,0,0.000321,0
242004,2021,0,0.069432,0,0.004668,0,0.005247,0,0.000661,0
242005,2021,0,0.000158,0,0.015093,0,0.00226,0,3.4e-05,0
243300,2021,0,0.834555,1,0.490952,0,0.452112,0,0.003405,0
243302,2021,0,0.827619,1,0.664037,1,0.891044,1,0.14356,1
244002,2021,0,1.0,1,0.070553,0,0.021093,0,0.003687,0
244005,2021,0,1.0,1,0.070923,0,0.01642,0,0.004584,0
244011,2021,0,1.0,1,0.060548,0,0.013257,0,0.003687,0
244012,2021,0,1.0,1,0.059688,0,0.015044,0,0.003677,0
244013,2021,0,1.0,1,0.059688,0,0.016984,0,0.00368,0
244014,2021,0,1.0,1,0.059688,0,0.018239,0,0.00368,0
244015,2021,0,1.0,1,0.057359,0,0.008572,0,0.00368,0
244017,2021,0,1.0,1,0.071783,0,0.010849,0,0.003723,0
244018,2021,0,0.419635,0,0.049598,0,0.013326,0,0.012973,0
250001,2021,0,0.726711,1,0.471554,0,0.51184,1,0.001372,0
250002,2021,0,0.272763,0,0.114365,0,0.018839,0,0.000228,0
250004,2021,1,0.796295,1,0.661161,1,0.761906,1,0.284553,1
250006,2021,0,0.382453,0,0.128775,0,0.068993,0,0.007876,0
250007,2021,0,0.167752,0,0.01059,0,0.005327,0,7e-06,0
250009,2021,0,0.619732,1,0.151258,0,0.016254,0,0.095473,1
250012,2021,0,0.117803,0,0.027082,0,0.010349,0,0.000435,0
250017,2021,0,0.248629,0,0.034646,0,0.011492,0,0.023933,0
250018,2021,0,0.310113,0,0.082719,0,0.018766,0,0.005348,0
250019,2021,1,0.806117,1,0.607299,1,0.892823,1,0.177574,1
250020,2021,0,0.513434,1,0.178561,0,0.082942,0,0.005065,0
250025,2021,0,0.569311,1,0.127412,0,0.013016,0,0.000533,0
250027,2021,0,0.413517,0,0.21189,0,0.167302,0,0.034419,1
250031,2021,0,0.318949,0,0.008967,0,0.004342,0,0.000479,0
250034,2021,0,0.248676,0,0.030961,0,0.004191,0,0.00096,0
250036,2021,0,0.887969,1,0.297688,0,0.01741,0,0.000238,0
250038,2021,0,0.346707,0,0.017607,0,0.005017,0,0.00014,0
250040,2021,1,0.695122,1,0.715737,1,0.852029,1,0.215242,1
250042,2021,0,0.283537,0,0.050156,0,0.029541,0,0.000688,0
250043,2021,0,0.652837,1,0.565311,1,0.519124,1,0.381478,1
250044,2021,0,0.468092,0,0.1011,0,0.135084,0,0.00014,0
250048,2021,0,0.860692,1,0.44904,0,0.212084,0,0.012047,0
250049,2021,0,0.254155,0,0.173706,0,0.067987,0,0.003291,0
250050,2021,0,0.734667,1,0.250994,0,0.067782,0,0.006255,0
250057,2021,0,0.729914,1,0.383535,0,0.319825,0,0.021491,0
250058,2021,0,0.866935,1,0.481092,0,0.136919,0,0.008769,0
250060,2021,0,0.122525,0,0.122201,0,0.006737,0,0.00052,0
250061,2021,0,0.393847,0,0.203009,0,0.054726,0,6.7e-05,0
250067,2021,0,0.643813,1,0.143763,0,0.109125,0,0.061795,1
250069,2021,0,0.733791,1,0.304159,0,0.119698,0,0.019163,0
250072,2021,0,0.137539,0,0.010947,0,0.009226,0,0.000839,0
250077,2021,0,0.58732,1,0.328812,0,0.145359,0,0.004301,0
250078,2021,1,0.734068,1,0.71353,1,0.897071,1,0.295094,1
250081,2021,0,0.638124,1,0.125561,0,0.013516,0,0.004018,0
250082,2021,0,0.530158,1,0.373089,0,0.147719,0,0.001448,0
250084,2021,0,0.397797,0,0.005975,0,0.01919,0,0.00407,0
250085,2021,0,0.350381,0,0.082518,0,0.02389,0,0.014466,0
250093,2021,0,0.663609,1,0.095771,0,0.059509,0,0.004106,0
250094,2021,0,0.423049,0,0.006231,0,0.002957,0,0.024378,0
250095,2021,0,0.413241,0,0.312989,0,0.063557,0,0.000151,0
250096,2021,0,0.260225,0,0.017308,0,0.005321,0,0.001466,0
250097,2021,0,0.782018,1,0.382148,0,0.327322,0,0.023267,0
250099,2021,0,0.611774,1,0.531386,1,0.478707,0,0.902298,1
250100,2021,0,0.804361,1,0.021208,0,0.005525,0,0.104176,1
250102,2021,0,0.628131,1,0.327513,0,0.090514,0,2.9e-05,0
250104,2021,0,0.720974,1,0.358447,0,0.106041,0,0.004222,0
250117,2021,0,0.826731,1,0.120928,0,0.012798,0,0.002709,0
250123,2021,0,0.5301,1,0.181659,0,0.083182,0,0.008372,0
250124,2021,0,0.411724,0,0.347706,0,0.472473,0,0.004245,0
250127,2021,0,0.511875,1,0.181822,0,0.171282,0,0.003215,0
250128,2021,0,0.202458,0,0.12792,0,0.040039,0,0.003582,0
250134,2021,0,0.043269,0,0.119302,0,0.033581,0,0.000572,0
250136,2021,0,0.262856,0,0.159619,0,0.023928,0,0.000251,0
250138,2021,0,0.605612,1,0.006685,0,0.005634,0,0.033952,0
250141,2021,0,0.241198,0,0.036767,0,0.031046,0,0.00083,0
250151,2021,0,1.7e-05,0,0.092024,0,0.001358,0,0.002752,0
250152,2021,0,0.259495,0,0.10337,0,0.013307,0,0.0009,0
250162,2021,0,0.497908,0,0.257944,0,0.213908,0,0.016508,0
250163,2021,0,0.170365,0,0.005869,0,0.00734,0,0.001816,0
250167,2021,0,0.177953,0,0.041536,0,0.00557,0,0.00192,0
250168,2021,0,0.594911,1,0.042703,0,0.004017,0,0.000951,0
251300,2021,0,0.672661,1,0.257702,0,0.131373,0,0.059423,1
251302,2021,0,0.25462,0,0.127007,0,0.01104,0,5.6e-05,0
251304,2021,0,0.707126,1,0.202602,0,0.05371,0,0.00364,0
251305,2021,0,0.511489,1,0.214706,0,0.139522,0,0.009151,0
251306,2021,0,0.13751,0,0.036975,0,0.001541,0,0.000229,0
251307,2021,0,0.411453,0,0.217638,0,0.325691,0,0.01851,0
251308,2021,0,0.501029,1,0.024978,0,0.019783,0,0.000252,0
251309,2021,0,0.428367,0,0.233727,0,0.086993,0,0.059435,1
251312,2021,0,0.369387,0,0.381159,0,0.485783,0,0.119004,1
251313,2021,0,0.238034,0,0.17587,0,0.131991,0,8.9e-05,0
251315,2021,0,0.469269,0,0.145718,0,0.059344,0,0.004997,0
251316,2021,0,0.407731,0,0.111762,0,0.03714,0,0.021594,0
251317,2021,0,0.225083,0,0.220028,0,0.088527,0,0.001263,0
251318,2021,0,0.782626,1,0.37171,0,0.414757,0,0.115281,1
251319,2021,0,0.392346,0,0.081395,0,0.015924,0,0.00146,0
251320,2021,0,0.538394,1,0.214345,0,0.062235,0,0.041205,1
251322,2021,0,0.533442,1,0.088615,0,0.038934,0,0.041539,1
251323,2021,0,0.383155,0,0.142364,0,0.063142,0,0.021758,0
251324,2021,0,0.566343,1,0.085724,0,0.032678,0,0.065157,1
251325,2021,0,0.566656,1,0.405972,0,0.712681,1,0.003614,0
251326,2021,0,0.370665,0,0.090855,0,0.117025,0,0.050803,1
251327,2021,0,0.621835,1,0.353378,0,0.094404,0,0.003512,0
251329,2021,0,0.093865,0,0.084772,0,0.012534,0,0.003392,0
251330,2021,0,0.557711,1,0.146899,0,0.034749,0,0.052707,1
251331,2021,0,0.371815,0,0.103825,0,0.054082,0,0.01916,0
251333,2021,0,0.381986,0,0.06156,0,0.04881,0,0.032886,0
251334,2021,0,0.710435,1,0.28908,0,0.081671,0,0.000202,0
251335,2021,0,0.577989,1,0.145993,0,0.066236,0,0.063445,1
251336,2021,0,0.321997,0,0.24799,0,0.16702,0,0.084888,1
251337,2021,0,0.489483,0,0.407547,0,0.327795,0,0.800026,1
251338,2021,0,0.165667,0,0.146273,0,0.020486,0,0.0034,0
252003,2021,0,0.000136,0,0.001827,0,0.002546,0,8.6e-05,0
252004,2021,0,0.04098,0,0.010546,0,0.000845,0,9.5e-05,0
252005,2021,0,0.00028,0,0.000565,0,0.003356,0,5.3e-05,0
252006,2021,0,0.000408,0,0.00048,0,0.002296,0,0.000271,0
252007,2021,0,0.000111,0,0.001725,0,0.003302,0,6e-06,0
252008,2021,0,0.056975,0,4.3e-05,0,0.000687,0,0.000152,0
252013,2021,0,0.000241,0,0.016221,0,0.007048,0,0.003559,0
253027,2021,0,0.030687,0,0.02181,0,0.002137,0,5e-06,0
254005,2021,0,0.227106,0,0.03564,0,0.017177,0,0.025903,0
254007,2021,0,0.312614,0,0.032457,0,0.018874,0,0.001992,0
254008,2021,0,0.000998,0,0.009659,0,0.00378,0,1.3e-05,0
254009,2021,0,0.001693,0,0.031933,0,0.00691,0,6e-06,0
254010,2021,0,0.504677,1,0.035068,0,0.008614,0,0.000117,0
254011,2021,0,0.173578,0,0.068672,0,0.008621,0,0.002004,0
254012,2021,0,0.21471,0,0.020292,0,0.012068,0,0.000688,0
260001,2021,0,0.424206,0,0.084355,0,0.07065,0,0.005529,0
260005,2021,0,0.551648,1,0.158188,0,0.122005,0,0.000334,0
260006,2021,0,0.54484,1,0.137742,0,0.04265,0,0.008377,0
260009,2021,0,0.697056,1,0.538896,1,0.399434,0,0.546068,1
260011,2021,0,0.576789,1,0.085025,0,0.078967,0,0.002073,0
260017,2021,0,0.67198,1,0.166225,0,0.159102,0,0.00479,0
260020,2021,0,0.520815,1,0.082713,0,0.056759,0,0.00031,0
260022,2021,0,0.355342,0,0.003898,0,0.000871,0,1.2e-05,0
260023,2021,0,0.515759,1,0.155953,0,0.053033,0,0.002492,0
260024,2021,0,0.533466,1,0.417959,0,0.019262,0,6.4e-05,0
260025,2021,0,0.603238,1,0.65919,1,0.741611,1,0.062086,1
260027,2021,0,0.280907,0,0.056936,0,0.046986,0,0.000176,0
260032,2021,0,0.616279,1,0.143135,0,0.017609,0,0.005263,0
260034,2021,0,0.616591,1,0.290164,0,0.485882,0,0.138521,1
260040,2021,0,0.900909,1,0.552039,1,0.056779,0,0.008475,0
260047,2021,0,0.101108,0,0.246786,0,0.120685,0,5.5e-05,0
260048,2021,0,0.47023,0,0.129135,0,0.044742,0,0.009304,0
260050,2021,0,0.802094,1,0.089375,0,0.045616,0,0.00019,0
260052,2021,0,0.326136,0,0.117923,0,0.067055,0,0.003402,0
260057,2021,0,0.814353,1,0.362431,0,0.173223,0,0.001845,0
260059,2021,0,0.694477,1,0.15745,0,0.056419,0,3.1e-05,0
260061,2021,0,0.717983,1,0.513538,1,0.64713,1,0.004104,0
260062,2021,0,0.54324,1,0.118286,0,0.01722,0,0.003388,0
260064,2021,0,0.14471,0,0.082764,0,0.022968,0,0.000864,0
260065,2021,0,0.857558,1,0.290358,0,0.444689,0,0.011293,0
260068,2021,0,0.745761,1,0.230305,0,0.151081,0,0.022961,0
260070,2021,0,0.692813,1,0.289636,0,0.195663,0,0.003922,0
260074,2021,0,0.602491,1,0.003006,0,0.002602,0,0.000489,0
260077,2021,0,0.539646,1,0.163878,0,0.046537,0,0.005885,0
260078,2021,0,0.476152,0,0.40664,0,0.048832,0,0.000124,0
260081,2021,0,0.514505,1,0.089606,0,0.01533,0,0.060395,1
260085,2021,0,0.49411,0,0.111978,0,0.186194,0,0.009069,0
260091,2021,0,0.615716,1,0.051693,0,0.012967,0,0.038011,1
260094,2021,0,0.415635,0,0.314623,0,0.215244,0,0.017846,0
260095,2021,0,0.304191,0,0.002568,0,0.010395,0,0.005636,0
260096,2021,1,0.837457,1,0.709596,1,0.875809,1,0.677834,1
260097,2021,0,0.634806,1,0.664069,1,0.435523,0,0.204705,1
260102,2021,0,0.138749,0,0.021025,0,0.014563,0,0.000675,0
260104,2021,0,0.548527,1,0.022106,0,0.002604,0,0.000779,0
260105,2021,0,0.232517,0,0.047546,0,0.008007,0,0.007802,0
260108,2021,0,0.370382,0,0.046165,0,0.009797,0,0.001628,0
260110,2021,0,0.594861,1,0.476781,0,0.709064,1,0.038178,1
260113,2021,0,0.547823,1,0.334094,0,0.343695,0,0.097433,1
260119,2021,0,0.467285,0,0.006707,0,0.003276,0,0.000433,0
260137,2021,0,0.822306,1,0.787715,1,0.800826,1,0.118314,1
260138,2021,0,0.422173,0,0.380255,0,0.190222,0,0.025462,0
260141,2021,1,0.821391,1,0.369471,0,0.294523,0,0.003687,0
260142,2021,1,0.69277,1,0.503705,1,0.519641,1,0.008243,0
260160,2021,0,0.266288,0,0.406634,0,0.343703,0,0.047751,1
260162,2021,0,0.50182,1,0.031741,0,0.003244,0,0.000391,0
260163,2021,0,0.61679,1,0.058686,0,0.043673,0,0.02514,0
260175,2021,0,0.780916,1,0.600445,1,0.444671,0,0.055417,1
260176,2021,0,0.174134,0,0.15096,0,0.023594,0,0.000334,0
260177,2021,1,0.677576,1,0.508963,1,0.754601,1,0.287197,1
260179,2021,0,0.486179,0,0.771862,1,0.135301,0,0.013753,0
260180,2021,0,0.382752,0,0.088808,0,0.018377,0,8.6e-05,0
260183,2021,1,0.761387,1,0.285404,0,0.493614,0,0.119338,1
260186,2021,0,0.559063,1,0.471303,0,0.327948,0,0.013281,0
260190,2021,0,0.324358,0,0.025537,0,0.015376,0,0.00045,0
260191,2021,0,0.396703,0,0.041507,0,0.010386,0,0.000328,0
260193,2021,0,0.147554,0,0.09039,0,0.02128,0,0.000722,0
260195,2021,0,0.764218,1,0.563392,1,0.558335,1,0.295038,1
260200,2021,0,0.003642,0,0.060035,0,0.014141,0,0.009266,0
260210,2021,0,0.065771,0,0.018003,0,0.006158,0,0.000406,0
260214,2021,0,0.186461,0,0.010457,0,0.00127,0,0.001564,0
260216,2021,0,0.352367,0,0.089382,0,0.038918,0,0.03574,1
260219,2021,0,0.326721,0,0.123086,0,0.03895,0,0.00851,0
261301,2021,0,0.384222,0,0.290967,0,0.419769,0,0.143854,1
261302,2021,0,0.952558,1,0.223714,0,0.028848,0,0.000694,0
261303,2021,0,0.447231,0,0.382056,0,0.509755,1,0.074785,1
261305,2021,1,0.529475,1,0.354333,0,0.402383,0,0.036279,1
261306,2021,0,0.575322,1,0.360059,0,0.269569,0,0.082093,1
261307,2021,0,0.444138,0,0.337274,0,0.376444,0,0.006552,0
261308,2021,0,0.532753,1,0.285482,0,0.365322,0,0.009374,0
261309,2021,0,0.39559,0,0.268849,0,0.068931,0,0.000136,0
261310,2021,0,0.529925,1,0.299696,0,0.170272,0,0.05378,1
261311,2021,0,0.783099,1,0.224615,0,0.057081,0,0.008823,0
261312,2021,0,0.549356,1,0.227796,0,0.316569,0,0.006041,0
261313,2021,0,0.616024,1,0.373041,0,0.22133,0,0.002252,0
261314,2021,0,0.502048,1,0.298106,0,0.159582,0,0.075536,1
261315,2021,0,0.254155,0,0.005648,0,0.002343,0,0.002827,0
261316,2021,0,0.981855,1,0.053639,0,0.016969,0,0.000515,0
261317,2021,0,0.344575,0,0.094365,0,0.012612,0,0.001949,0
261318,2021,0,0.742197,1,0.357276,0,0.319384,0,0.199863,1
261319,2021,0,0.40493,0,0.058184,0,0.008929,0,0.001399,0
261320,2021,0,0.245353,0,0.126023,0,0.03845,0,0.000477,0
261321,2021,0,0.406478,0,0.286751,0,0.08148,0,0.083125,1
261322,2021,0,0.647116,1,0.282736,0,0.121129,0,0.001133,0
261323,2021,0,0.475843,0,0.441997,0,0.123494,0,0.152966,1
261324,2021,0,0.596138,1,0.382722,0,0.187696,0,0.043151,1
261325,2021,0,0.401098,0,0.320671,0,0.094521,0,0.002939,0
261327,2021,0,0.660055,1,0.252535,0,0.133461,0,0.00091,0
261328,2021,0,0.433295,0,0.218198,0,0.092757,0,0.004737,0
261329,2021,0,0.348127,0,0.412032,0,0.308369,0,0.085151,1
261330,2021,0,0.70126,1,0.433886,0,0.391516,0,0.012932,0
261331,2021,0,0.315852,0,0.133871,0,0.035384,0,0.000759,0
261332,2021,1,0.535594,1,0.523038,1,0.702219,1,0.24691,1
261333,2021,0,0.489971,0,0.432337,0,0.583787,1,0.435974,1
261335,2021,0,0.463652,0,0.106705,0,0.017118,0,0.035818,1
261336,2021,0,0.507577,1,0.208942,0,0.155947,0,0.142898,1
261337,2021,0,0.4133,0,0.084676,0,0.037248,0,0.010565,0
261338,2021,0,0.407804,0,0.135917,0,0.082969,0,0.044182,1
261993,2021,0,0.069436,0,0.000273,0,0.002072,0,0.000571,0
262010,2021,0,0.04826,0,0.003457,0,0.001562,0,7.7e-05,0
262013,2021,0,0.000125,0,0.001026,0,0.001494,0,4e-06,0
262015,2021,0,0.000154,0,4.3e-05,0,0.00045,0,4.2e-05,0
262016,2021,0,0.000218,0,0.000652,0,0.003621,0,9e-05,0
262017,2021,0,0.000217,0,0.001026,0,0.001924,0,1.5e-05,0
262018,2021,0,0.037656,0,0.000962,0,0.002245,0,6.6e-05,0
262019,2021,0,0.052087,0,0.001734,0,0.002009,0,0.000171,0
262020,2021,0,0.000162,0,0.001084,0,0.001,0,7.4e-05,0
263027,2021,0,0.027143,0,0.008511,0,0.003926,0,1e-05,0
263028,2021,0,0.028642,0,0.0249,0,0.008202,0,6.6e-05,0
263029,2021,0,0.024587,0,0.006365,0,0.003042,0,1e-06,0
263030,2021,0,0.027129,0,0.000712,0,0.001977,0,2.6e-05,0
263031,2021,0,0.037934,0,0.008884,0,0.002112,0,9.1e-05,0
263032,2021,0,0.000125,0,0.022467,0,0.002809,0,1e-06,0
263033,2021,0,0.000198,0,0.006162,0,0.000964,0,3.9e-05,0
263301,2021,0,0.757191,1,0.252072,0,0.247301,0,0.005354,0
263302,2021,0,0.799048,1,0.384288,0,0.581205,1,0.07197,1
263303,2021,0,0.546187,1,0.040936,0,0.004992,0,0.000323,0
264004,2021,0,0.310899,0,0.021858,0,0.002879,0,0.000157,0
264005,2021,0,0.258666,0,0.030313,0,0.007458,0,4.8e-05,0
264007,2021,0,0.245433,0,0.025996,0,0.003572,0,0.001451,0
264008,2021,0,0.00111,0,0.031108,0,0.007139,0,1.8e-05,0
264010,2021,0,0.199625,0,0.030835,0,0.003607,0,0.00031,0
264012,2021,0,0.206895,0,0.014198,0,0.005069,0,0.003164,0
264020,2021,0,0.258645,0,0.032982,0,0.005,0,0.000505,0
264024,2021,0,0.001647,0,0.004046,0,0.00205,0,0.000117,0
264028,2021,0,0.00037,0,0.002854,0,0.003483,0,0.000223,0
264030,2021,0,0.026327,0,0.021075,0,0.008602,0,4e-06,0
264031,2021,0,0.253725,0,0.022579,0,0.007821,0,0.000534,0
264032,2021,0,0.202653,0,0.04848,0,0.028794,0,0.001089,0
264033,2021,0,0.003724,0,0.028904,0,0.008361,0,0.000355,0
264034,2021,0,0.2918,0,0.065777,0,0.081568,0,0.007909,0
270003,2021,0,0.769464,1,0.565697,1,0.37427,0,0.179711,1
270004,2021,1,0.732423,1,0.702758,1,0.903779,1,0.338621,1
270012,2021,1,0.811348,1,0.751138,1,0.946778,1,0.377302,1
270014,2021,0,0.412635,0,0.118812,0,0.147112,0,0.012499,0
270017,2021,0,0.371906,0,0.201396,0,0.077316,0,0.003152,0
270023,2021,0,0.667745,1,0.09354,0,0.027362,0,0.000339,0
270032,2021,0,0.146478,0,0.221884,0,0.070801,0,0.002797,0
270049,2021,0,0.766915,1,0.132955,0,0.019079,0,0.148333,1
270051,2021,1,0.880658,1,0.557482,1,0.610285,1,0.154715,1
270057,2021,0,0.77815,1,0.346225,0,0.51309,1,0.160734,1
270074,2021,0,0.727231,1,0.203264,0,0.072204,0,0.004274,0
270086,2021,0,0.451488,0,0.117449,0,0.058517,0,0.000332,0
271300,2021,0,0.330043,0,0.228279,0,0.033715,0,0.004038,0
271301,2021,0,0.31317,0,0.301509,0,0.414348,0,0.003709,0
271302,2021,0,0.143664,0,0.219184,0,0.224319,0,0.001061,0
271303,2021,0,0.286578,0,0.145628,0,0.099061,0,0.001332,0
271304,2021,0,0.269461,0,0.269664,0,0.180374,0,0.002803,0
271305,2021,0,0.370325,0,0.147043,0,0.022043,0,0.003551,0
271306,2021,0,0.269323,0,0.06141,0,0.022836,0,0.010037,0
271307,2021,0,0.167801,0,0.269513,0,0.082766,0,0.003194,0
271308,2021,0,0.165064,0,0.164431,0,0.162659,0,0.001978,0
271309,2021,0,0.212139,0,0.184329,0,0.228157,0,0.001012,0
271310,2021,0,0.178832,0,0.085848,0,0.004514,0,0.000295,0
271311,2021,0,0.032284,0,0.04797,0,0.005971,0,0.003443,0
271312,2021,0,0.622892,1,0.234293,0,0.104805,0,0.009637,0
271313,2021,0,0.306058,0,0.337404,0,0.285416,0,0.003188,0
271314,2021,0,0.59798,1,0.294434,0,0.248817,0,0.05976,1
271315,2021,0,0.63776,1,0.160059,0,0.035044,0,0.004064,0
271316,2021,0,0.605118,1,0.377135,0,0.732074,1,0.09789,1
271317,2021,0,0.638692,1,0.480913,0,0.316064,0,0.002906,0
271318,2021,0,0.764459,1,0.465252,0,0.378474,0,0.022173,0
271319,2021,0,0.31926,0,0.227643,0,0.053297,0,0.046676,1
271320,2021,0,0.358458,0,0.45525,0,0.570006,1,0.099706,1
271321,2021,0,0.206045,0,0.293079,0,0.376638,0,0.002175,0
271322,2021,0,0.463687,0,0.32143,0,0.229206,0,0.00076,0
271323,2021,0,0.604074,1,0.257693,0,0.145892,0,0.010438,0
271324,2021,0,0.525515,1,0.230641,0,0.233613,0,0.015181,0
271325,2021,0,0.568401,1,0.32117,0,0.060788,0,0.006991,0
271326,2021,0,0.229339,0,0.278277,0,0.053743,0,0.000381,0
271327,2021,0,0.172295,0,0.283316,0,0.59528,1,0.001098,0
271328,2021,0,0.525512,1,0.188313,0,0.192262,0,0.004819,0
271329,2021,0,0.406023,0,0.321074,0,0.021625,0,0.006144,0
271330,2021,0,0.343189,0,0.278791,0,0.04421,0,0.000725,0
271331,2021,0,0.440648,0,0.164472,0,0.079185,0,0.020295,0
271332,2021,0,0.657265,1,0.423907,0,0.208093,0,0.005739,0
271333,2021,0,0.197377,0,0.204021,0,0.192399,0,0.001906,0
271334,2021,0,0.190674,0,0.245395,0,0.244594,0,0.001536,0
271335,2021,0,0.685734,1,0.484982,0,0.15038,0,0.037105,1
271336,2021,0,0.641661,1,0.312375,0,0.103441,0,3.4e-05,0
271337,2021,0,0.276752,0,0.113321,0,0.013095,0,0.002211,0
271338,2021,0,0.31516,0,0.202685,0,0.125444,0,0.003381,0
271339,2021,0,0.066559,0,0.154206,0,0.048964,0,0.002845,0
271340,2021,0,0.666009,1,0.470839,0,0.081391,0,0.001173,0
271341,2021,0,0.66194,1,0.437339,0,0.278179,0,0.036621,1
271342,2021,0,0.293323,0,0.205821,0,0.101468,0,0.019906,0
271343,2021,0,0.529804,1,0.233386,0,0.038245,0,0.001863,0
271344,2021,0,0.725242,1,0.443861,0,0.356651,0,0.004132,0
271345,2021,0,0.407274,0,0.571425,1,0.803821,1,0.211439,1
271346,2021,0,0.183786,0,0.167573,0,0.058076,0,0.003184,0
271347,2021,0,0.437543,0,0.153325,0,0.022039,0,0.014511,0
271389,2021,0,0.328628,0,0.135588,0,0.009225,0,0.002061,0
272001,2021,0,0.040823,0,0.002072,0,0.002557,0,1.5e-05,0
273025,2021,0,0.000153,0,0.024283,0,0.0027,0,3.5e-05,0
274004,2021,0,0.489009,0,0.21073,0,0.268755,0,0.009821,0
274086,2021,0,0.03263,0,0.007683,0,0.001954,0,0.000155,0
280003,2021,0,0.757901,1,0.731908,1,0.820995,1,0.01132,0
280009,2021,0,0.719168,1,0.249563,0,0.105829,0,0.004144,0
280013,2021,0,0.76286,1,0.597821,1,0.614581,1,0.007365,0
280020,2021,0,0.558776,1,0.210586,0,0.172703,0,0.042374,1
280023,2021,0,0.303452,0,0.157888,0,0.031396,0,0.001308,0
280032,2021,0,0.901262,1,0.505156,1,0.23584,0,0.229168,1
280040,2021,0,0.624519,1,0.694221,1,0.405031,0,0.016134,0
280060,2021,0,0.323675,0,0.020658,0,0.010403,0,0.019086,0
280061,2021,0,0.431164,0,0.267729,0,0.049009,0,0.007702,0
280065,2021,0,0.486739,0,0.531886,1,0.237075,0,0.0048,0
280077,2021,0,0.367276,0,0.261774,0,0.150564,0,0.038365,1
280081,2021,0,0.288067,0,0.065175,0,0.023288,0,0.007143,0
280105,2021,0,0.392673,0,0.017781,0,0.005198,0,0.003818,0
280111,2021,0,0.376523,0,0.406792,0,0.569119,1,0.118556,1
280125,2021,0,0.520262,1,0.267798,0,0.084537,0,0.02701,0
280127,2021,0,0.631631,1,0.194174,0,0.038374,0,0.000133,0
280128,2021,0,0.21436,0,0.193262,0,0.014163,0,0.000112,0
280129,2021,0,0.441234,0,0.215204,0,0.044617,0,1.1e-05,0
280130,2021,0,0.484218,0,0.04275,0,0.017437,0,0.000357,0
280131,2021,0,0.430727,0,0.118221,0,0.105228,0,0.003357,0
280132,2021,0,0.263051,0,0.120253,0,0.019221,0,9.7e-05,0
280133,2021,0,0.185798,0,0.051888,0,0.005998,0,1.1e-05,0
280134,2021,0,0.590208,1,0.139511,0,0.01395,0,0.001014,0
280139,2021,0,0.586978,1,0.21297,0,0.096239,0,0.005459,0
281300,2021,0,0.480303,0,0.490535,0,0.589827,1,0.018719,0
281301,2021,1,0.767311,1,0.62473,1,0.640944,1,0.140624,1
281302,2021,1,0.642327,1,0.488684,0,0.585199,1,0.230593,1
281303,2021,0,0.360752,0,0.170002,0,0.040012,0,0.005496,0
281304,2021,0,0.626115,1,0.370523,0,0.442037,0,0.008573,0
281305,2021,0,0.532088,1,0.362106,0,0.24261,0,0.121509,1
281306,2021,0,0.529454,1,0.398079,0,0.319135,0,0.172365,1
281307,2021,0,0.538754,1,0.335577,0,0.169011,0,0.001841,0
281308,2021,0,0.468285,0,0.213989,0,0.059604,0,0.014931,0
281309,2021,0,0.433186,0,0.267645,0,0.0182,0,0.001581,0
281310,2021,0,0.490541,0,0.16401,0,0.075448,0,0.005522,0
281311,2021,0,0.45382,0,0.353278,0,0.375068,0,0.297149,1
281312,2021,0,0.61841,1,0.193261,0,0.14918,0,0.01618,0
281313,2021,0,0.718529,1,0.404987,0,0.094132,0,0.000573,0
281314,2021,0,0.718414,1,0.326332,0,0.242172,0,0.003775,0
281315,2021,0,0.706606,1,0.350044,0,0.492195,0,0.001791,0
281316,2021,0,0.494898,0,0.141524,0,0.040282,0,0.092921,1
281318,2021,0,0.763831,1,0.499688,0,0.550046,1,0.010192,0
281319,2021,0,0.550388,1,0.422652,0,0.373673,0,0.060661,1
281320,2021,0,0.536238,1,0.483812,0,0.103825,0,0.03316,0
281322,2021,0,0.567447,1,0.335098,0,0.509804,1,0.102513,1
281323,2021,0,0.496121,0,0.058542,0,0.022541,0,0.030257,0
281324,2021,0,0.536103,1,0.349283,0,0.119033,0,0.136834,1
281325,2021,0,0.665117,1,0.378223,0,0.307134,0,0.183441,1
281326,2021,0,0.554834,1,0.397776,0,0.204795,0,0.000562,0
281327,2021,0,0.38289,0,0.370549,0,0.033239,0,0.003845,0
281328,2021,0,0.311007,0,0.299675,0,0.235934,0,0.000396,0
281329,2021,0,0.630708,1,0.289624,0,0.182762,0,0.162499,1
281330,2021,0,0.159114,0,0.050017,0,0.030086,0,0.000591,0
281331,2021,0,0.511824,1,0.167223,0,0.07938,0,0.00987,0
281332,2021,0,0.761092,1,0.42872,0,0.142445,0,0.000436,0
281333,2021,0,0.634487,1,0.318308,0,0.403602,0,0.063906,1
281334,2021,0,0.579555,1,0.392084,0,0.26568,0,0.001195,0
281335,2021,0,0.554788,1,0.403797,0,0.138508,0,0.112388,1
281336,2021,0,0.395812,0,0.453506,0,0.149681,0,0.032046,0
281338,2021,0,0.552147,1,0.344205,0,0.089922,0,0.007408,0
281339,2021,0,0.517984,1,0.296692,0,0.413632,0,0.000229,0
281340,2021,0,0.511908,1,0.388586,0,0.189122,0,0.089593,1
281341,2021,0,0.402281,0,0.385287,0,0.604742,1,0.123241,1
281342,2021,0,0.545573,1,0.34479,0,0.191093,0,0.00251,0
281343,2021,1,0.564197,1,0.467855,0,0.69131,1,0.009458,0
281344,2021,0,0.778042,1,0.255415,0,0.186532,0,0.04244,1
281345,2021,0,0.790456,1,0.348893,0,0.282205,0,1.5e-05,0
281346,2021,0,0.46021,0,0.114369,0,0.020112,0,0.024892,0
281347,2021,0,0.436132,0,0.313857,0,0.18823,0,0.010476,0
281348,2021,0,0.566626,1,0.494832,0,0.504072,1,0.041741,1
281349,2021,0,0.658652,1,0.464982,0,0.208619,0,0.013796,0
281350,2021,0,0.542415,1,0.467756,0,0.650969,1,0.380028,1
281351,2021,0,0.511451,1,0.397376,0,0.39926,0,0.141634,1
281352,2021,0,0.358019,0,0.4155,0,0.3078,0,0.176413,1
281353,2021,0,0.50887,1,0.170154,0,0.022563,0,0.003863,0
281354,2021,0,0.679948,1,0.230732,0,0.149338,0,0.000866,0
281355,2021,0,0.723014,1,0.230126,0,0.226249,0,0.000648,0
281356,2021,0,0.623096,1,0.530311,1,0.617525,1,0.022559,0
281357,2021,0,0.503943,1,0.500073,1,0.25292,0,0.206954,1
281358,2021,0,0.53735,1,0.314752,0,0.298468,0,0.191129,1
281359,2021,0,0.455705,0,0.384375,0,0.216365,0,0.036624,1
281360,2021,0,0.739301,1,0.575633,1,0.743577,1,0.09415,1
281361,2021,0,0.554802,1,0.425776,0,0.359082,0,0.002454,0
281362,2021,0,0.55773,1,0.225903,0,0.057602,0,0.001084,0
281363,2021,0,0.771542,1,0.409228,0,0.179719,0,0.002726,0
281364,2021,0,0.63602,1,0.541314,1,0.110085,0,0.110083,1
281365,2021,0,0.375981,0,0.307121,0,0.539132,1,0.024598,0
282000,2021,0,0.059673,0,0.058825,0,0.006164,0,0.000684,0
282001,2021,0,0.00021,0,0.001911,0,0.002105,0,4.5e-05,0
282002,2021,0,0.000188,0,0.000687,0,0.000838,0,9e-06,0
282003,2021,0,0.084867,0,0.058552,0,0.009704,0,0.000175,0
283025,2021,0,0.044722,0,0.056964,0,0.008005,0,0.000533,0
283300,2021,1,0.877497,1,0.51951,1,0.384557,0,0.238292,1
283301,2021,0,0.868586,1,0.71513,1,0.678518,1,0.5,1
284003,2021,0,0.005545,0,0.082188,0,0.018703,0,0.000112,0
284009,2021,0,0.542592,1,0.205734,0,0.231084,0,0.00076,0
290001,2021,0,0.277292,0,0.20115,0,0.122143,0,0.002985,0
290003,2021,0,0.194248,0,0.033872,0,0.018028,0,0.000116,0
290005,2021,0,0.070039,0,0.115449,0,0.03158,0,0.000153,0
290007,2021,0,0.551434,1,0.147012,0,0.097178,0,0.000589,0
290008,2021,0,0.55097,1,0.033698,0,0.00372,0,0.013355,0
290009,2021,0,0.41545,0,0.170109,0,0.032419,0,0.000125,0
290012,2021,0,0.173546,0,0.036364,0,0.005696,0,1.8e-05,0
290019,2021,0,0.671473,1,0.259602,0,0.2032,0,0.227553,1
290021,2021,0,0.17632,0,0.011972,0,0.004005,0,0.001974,0
290022,2021,0,0.041582,0,0.010623,0,0.002607,0,3.2e-05,0
290032,2021,0,0.431759,0,0.076045,0,0.016767,0,0.002601,0
290039,2021,0,0.247672,0,0.016475,0,0.02434,0,2e-05,0
290041,2021,0,0.195586,0,0.002127,0,0.006618,0,0.000215,0
290042,2021,0,0.000189,0,0.005396,0,0.001673,0,0.000112,0
290045,2021,0,0.401821,0,0.454274,0,0.134851,0,0.013247,0
290046,2021,0,0.221114,0,0.004757,0,0.002939,0,0.000504,0
290047,2021,0,0.224511,0,0.010553,0,0.018152,0,1e-05,0
290049,2021,0,0.358233,0,0.112867,0,0.082483,0,0.011598,0
290053,2021,0,0.282837,0,0.044154,0,0.00574,0,0.000111,0
290054,2021,0,0.511813,1,0.005347,0,0.008282,0,0.000315,0
290057,2021,0,0.303195,0,0.032753,0,0.015678,0,7.3e-05,0
290058,2021,0,0.457096,0,0.07373,0,0.016042,0,0.002756,0
291300,2021,0,0.527769,1,0.269657,0,0.174866,0,0.093571,1
291301,2021,0,0.361794,0,0.148241,0,0.02653,0,0.01225,0
291302,2021,0,0.628285,1,0.366013,0,0.320812,0,0.004454,0
291303,2021,1,0.379588,0,0.49561,0,0.688685,1,0.101738,1
291304,2021,0,0.484884,0,0.208236,0,0.102053,0,0.076608,1
291306,2021,0,0.338375,0,0.270417,0,0.156801,0,0.039278,1
291307,2021,0,0.306553,0,0.051034,0,0.015492,0,0.001504,0
291308,2021,0,0.587407,1,0.373912,0,0.505867,1,0.000621,0
291309,2021,0,0.493121,0,0.269585,0,0.16711,0,0.024995,0
291311,2021,0,0.269228,0,0.084152,0,0.007639,0,0.000716,0
291312,2021,0,0.369084,0,0.305567,0,0.153066,0,0.01318,0
291313,2021,0,0.642764,1,0.105874,0,0.007708,0,0.006189,0
291314,2021,0,0.51861,1,0.372488,0,0.229324,0,0.023958,0
292002,2021,0,0.042859,0,0.004815,0,0.005576,0,0.000389,0
292003,2021,0,0.032421,0,0.002185,0,0.003808,0,0.000148,0
292004,2021,0,0.025338,0,0.000328,0,0.00161,0,5.9e-05,0
292006,2021,0,0.024031,0,0.001533,0,0.003227,0,4e-06,0
292007,2021,0,0.000244,0,0.000687,0,0.001148,0,5.1e-05,0
292008,2021,0,0.082539,0,0.00138,0,0.002989,0,0.000571,0
293026,2021,0,0.026602,0,0.012231,0,0.004978,0,5e-06,0
293032,2021,0,0.031278,0,0.017083,0,0.006245,0,1e-05,0
293033,2021,0,0.027744,0,0.007657,0,0.003424,0,8e-06,0
293034,2021,0,0.03716,0,0.000712,0,0.002448,0,6e-06,0
293035,2021,0,0.000104,0,0.019462,0,0.005654,0,4e-06,0
294000,2021,0,0.525935,1,0.185012,0,0.14025,0,0.000277,0
294002,2021,0,0.328073,0,0.06861,0,0.009356,0,0.000195,0
294003,2021,0,0.032628,0,0.003624,0,0.000934,0,8.8e-05,0
294010,2021,0,0.227926,0,0.012165,0,0.002085,0,0.001225,0
294011,2021,0,0.136614,0,0.006929,0,0.004206,0,0.00162,0
294012,2021,0,0.176336,0,0.015823,0,0.007968,0,0.001939,0
294013,2021,0,0.225159,0,0.027745,0,0.034741,0,0.01021,0
294014,2021,0,0.000174,0,0.000328,0,0.004446,0,8.5e-05,0
294015,2021,0,0.15827,0,0.029966,0,0.01029,0,0.001272,0
300001,2021,0,0.730112,1,0.626322,1,0.609719,1,0.059618,1
300003,2021,0,0.644487,1,0.272139,0,0.555732,1,0.009744,0
300005,2021,0,0.706856,1,0.265463,0,0.330179,0,0.030661,0
300011,2021,0,0.697699,1,0.312298,0,0.138033,0,0.047999,1
300012,2021,0,0.446276,0,0.25088,0,0.015101,0,0.000279,0
300014,2021,0,0.279114,0,0.12736,0,0.022484,0,0.008413,0
300017,2021,0,0.015435,0,0.004289,0,0.000762,0,3e-06,0
300018,2021,0,0.542961,1,0.333327,0,0.080475,0,0.217604,1
300019,2021,0,0.678662,1,0.224129,0,0.046179,0,0.09279,1
300020,2021,0,0.506273,1,0.365191,0,0.446355,0,0.082409,1
300023,2021,0,0.713774,1,0.442579,0,0.267442,0,0.033489,0
300029,2021,0,0.20874,0,0.004532,0,0.002217,0,1e-05,0
300034,2021,1,0.438568,0,0.482849,0,0.626226,1,0.254965,1
301300,2021,0,0.561753,1,0.375155,0,0.317878,0,0.000573,0
301301,2021,0,0.411353,0,0.345674,0,0.186675,0,0.000847,0
301302,2021,0,0.910314,1,0.565504,1,0.29132,0,0.003291,0
301303,2021,0,0.645999,1,0.425429,0,0.380785,0,0.056179,1
301304,2021,0,0.652017,1,0.457599,0,0.233179,0,0.27325,1
301305,2021,0,0.544869,1,0.459782,0,0.302458,0,0.240662,1
301306,2021,0,0.407357,0,0.084016,0,0.00854,0,0.005631,0
301307,2021,0,0.503259,1,0.472361,0,0.416084,0,0.030005,0
301308,2021,0,0.705793,1,0.5049,1,0.266526,0,0.001266,0
301309,2021,1,0.677737,1,0.566115,1,0.872976,1,0.014317,0
301310,2021,0,0.204137,0,0.422855,0,0.378867,0,0.005327,0
301311,2021,0,0.559406,1,0.491498,0,0.184532,0,0.034907,1
301312,2021,1,0.606637,1,0.566822,1,0.582844,1,0.197543,1
303026,2021,0,0.045557,0,0.052542,0,0.028173,0,0.000166,0
303027,2021,0,0.033906,0,0.000522,0,0.003422,0,2e-06,0
304000,2021,0,0.478625,0,0.057617,0,0.016522,0,9.5e-05,0
304001,2021,0,0.190754,0,0.071852,0,0.028346,0,0.004873,0
310001,2021,0,0.296809,0,0.234727,0,0.034201,0,0.000538,0
310002,2021,0,0.549046,1,0.382125,0,0.296381,0,0.005144,0
310003,2021,0,0.179636,0,0.103154,0,0.036737,0,2.1e-05,0
310005,2021,0,0.532774,1,0.522212,1,0.613875,1,0.006476,0
310006,2021,0,0.407312,0,0.171368,0,0.138348,0,0.001734,0
310008,2021,0,0.54697,1,0.556699,1,0.315059,0,0.043926,1
310009,2021,0,0.598066,1,0.119971,0,0.075109,0,0.007493,0
310010,2021,0,0.578808,1,0.426454,0,0.105142,0,0.00513,0
310011,2021,0,0.370612,0,0.117673,0,0.129912,0,0.007834,0
310012,2021,0,0.649967,1,0.539436,1,0.485876,0,0.028119,0
310014,2021,0,0.861526,1,0.425841,0,0.112493,0,0.003431,0
310015,2021,0,0.722266,1,0.180638,0,0.028834,0,0.003687,0
310016,2021,0,0.398955,0,0.083889,0,0.022362,0,1e-05,0
310017,2021,0,0.819161,1,0.17859,0,0.056983,0,0.002399,0
310019,2021,0,0.624711,1,0.61906,1,0.388594,0,0.011014,0
310021,2021,0,0.124791,0,0.033428,0,0.006543,0,0.000923,0
310022,2021,0,0.53958,1,0.492166,0,0.24048,0,0.00409,0
310024,2021,0,0.350764,0,0.047228,0,0.013628,0,0.01146,0
310025,2021,0,0.36658,0,0.268939,0,0.141089,0,0.002605,0
310027,2021,0,0.599654,1,0.393985,0,0.31634,0,0.009355,0
310028,2021,0,0.013849,0,0.082187,0,0.024432,0,0.013286,0
310029,2021,0,0.413481,0,0.042716,0,0.014002,0,0.00131,0
310031,2021,0,0.091376,0,0.163369,0,0.053457,0,0.0,0
310032,2021,0,0.467487,0,0.538351,1,0.306807,0,0.011482,0
310034,2021,0,0.824747,1,0.275978,0,0.127108,0,0.028295,0
310038,2021,0,0.540983,1,0.32569,0,0.113834,0,0.000135,0
310039,2021,0,0.340652,0,0.098365,0,0.039719,0,0.01594,0
310040,2021,0,0.458966,0,0.218716,0,0.059719,0,0.007688,0
310041,2021,1,0.611946,1,0.458577,0,0.690615,1,0.08183,1
310044,2021,0,0.813388,1,0.420357,0,0.331892,0,0.354526,1
310045,2021,0,0.496194,0,0.352205,0,0.064563,0,0.080929,1
310047,2021,1,0.554215,1,0.252325,0,0.251763,0,0.069956,1
310048,2021,0,0.585556,1,0.232406,0,0.027553,0,0.00332,0
310050,2021,0,0.545232,1,0.253323,0,0.178831,0,0.003398,0
310051,2021,0,0.889512,1,0.446223,0,0.330393,0,0.003677,0
310052,2021,0,0.665584,1,0.281832,0,0.253888,0,0.010622,0
310054,2021,0,0.411041,0,0.040641,0,0.02985,0,3.1e-05,0
310057,2021,0,0.406073,0,0.129263,0,0.142786,0,0.166176,1
310058,2021,0,0.100546,0,0.152775,0,0.096013,0,4.4e-05,0
310060,2021,0,0.173415,0,0.142777,0,0.050125,0,0.000348,0
310061,2021,0,0.368056,0,0.100492,0,0.02064,0,0.029887,0
310064,2021,0,0.737661,1,0.773327,1,0.830767,1,0.012243,0
310069,2021,0,0.39194,0,0.377202,0,0.238589,0,0.021027,0
310070,2021,1,0.655686,1,0.671759,1,0.811251,1,0.10109,1
310073,2021,0,0.542413,1,0.373805,0,0.196563,0,0.004324,0
310074,2021,1,0.446167,0,0.485596,0,0.52188,1,0.159637,1
310075,2021,0,0.654327,1,0.413761,0,0.325758,0,0.514812,1
310076,2021,1,0.493204,0,0.461456,0,0.568285,1,0.143114,1
310083,2021,0,0.254346,0,0.132193,0,0.019444,0,0.021196,0
310084,2021,0,0.303653,0,0.155301,0,0.036886,0,0.013054,0
310086,2021,0,0.772874,1,0.53367,1,0.195831,0,0.011949,0
310091,2021,0,0.074708,0,0.030911,0,0.012122,0,0.000351,0
310092,2021,0,0.373593,0,0.175852,0,0.063428,0,0.001283,0
310096,2021,0,0.228371,0,0.126297,0,0.095865,0,0.000227,0
310108,2021,0,0.578906,1,0.364217,0,0.11277,0,0.000189,0
310110,2021,0,0.482265,0,0.129098,0,0.029634,0,0.001693,0
310111,2021,0,0.454662,0,0.236714,0,0.364021,0,9.1e-05,0
310112,2021,0,0.382226,0,0.189861,0,0.332744,0,0.001659,0
310113,2021,0,0.535824,1,0.160242,0,0.205333,0,0.005429,0
310115,2021,0,0.003013,0,0.064989,0,0.007996,0,8.8e-05,0
310118,2021,1,0.493684,0,0.527012,1,0.728118,1,0.215894,1
310119,2021,0,0.732797,1,0.133801,0,0.029958,0,0.00049,0
310130,2021,0,0.133233,0,0.082342,0,0.008197,0,0.000576,0
312014,2021,0,0.020931,0,0.015988,0,0.004407,0,4.8e-05,0
312017,2021,0,0.043716,0,0.008448,0,0.004891,0,1.4e-05,0
312018,2021,0,0.000121,0,0.001259,0,0.002433,0,1e-06,0
312019,2021,0,0.000186,0,0.000876,0,0.001365,0,3e-06,0
312020,2021,0,0.042945,0,0.000652,0,0.003993,0,0.000379,0
312022,2021,0,0.044297,0,0.005412,0,0.003054,0,0.000133,0
312023,2021,0,0.052725,0,0.003114,0,0.001273,0,0.00012,0
312024,2021,0,1e-06,0,0.105888,0,0.011184,0,0.003563,0
313025,2021,0,0.032583,0,0.006448,0,0.003285,0,2.6e-05,0
313027,2021,0,0.059596,0,0.006591,0,0.002456,0,9.4e-05,0
313029,2021,0,0.019408,0,0.019322,0,0.00436,0,3e-06,0
313030,2021,0,0.058438,0,0.082112,0,0.005582,0,0.000179,0
313032,2021,0,0.02131,0,0.001793,0,0.001727,0,6e-06,0
313035,2021,0,0.018423,0,0.000522,0,0.005188,0,2e-06,0
313036,2021,0,0.046057,0,0.01343,0,0.005948,0,1.7e-05,0
313038,2021,0,0.000188,0,0.011723,0,0.006479,0,1.2e-05,0
313300,2021,0,0.707312,1,0.187626,0,0.21926,0,0.003634,0
313302,2021,0,0.907368,1,0.077477,0,0.013063,0,0.002869,0
314001,2021,0,0.213164,0,0.025792,0,0.047094,0,0.090944,1
314005,2021,0,8e-06,0,0.022542,0,0.003733,0,0.000107,0
314011,2021,0,0.713174,1,0.134898,0,0.065151,0,4.7e-05,0
314012,2021,0,0.243844,0,0.048527,0,0.074683,0,0.002663,0
314013,2021,0,2.2e-05,0,0.019332,0,0.00329,0,5e-05,0
314016,2021,0,1.7e-05,0,0.020845,0,0.003065,0,4.7e-05,0
314018,2021,0,0.000641,0,0.167553,0,0.106502,0,0.000659,0
314019,2021,0,0.31972,0,0.065777,0,0.098926,0,0.002883,0
314020,2021,0,0.001242,0,0.051581,0,0.015687,0,9.5e-05,0
314021,2021,0,0.161657,0,0.007231,0,0.00447,0,0.01502,0
314022,2021,0,0.302792,0,0.047095,0,0.020826,0,0.011355,0
314023,2021,0,0.317888,0,0.071232,0,0.058911,0,0.028986,0
314024,2021,0,0.001567,0,0.030234,0,0.003238,0,4e-06,0
314027,2021,0,0.271507,0,0.060308,0,0.012924,0,0.002119,0
320001,2021,0,0.92305,1,0.272371,0,0.043266,0,0.001213,0
320002,2021,0,0.910741,1,0.161898,0,0.068888,0,0.0025,0
320003,2021,0,0.145505,0,0.005894,0,0.003467,0,0.001,0
320004,2021,0,0.555199,1,0.419515,0,0.301207,0,0.005298,0
320005,2021,1,0.620118,1,0.625066,1,0.724638,1,0.373821,1
320006,2021,0,0.169739,0,0.006,0,0.000743,0,8e-06,0
320009,2021,0,0.158104,0,0.045609,0,0.026222,0,0.00176,0
320011,2021,0,0.478471,0,0.109897,0,0.01771,0,0.00871,0
320017,2021,0,0.423788,0,0.012448,0,0.002514,0,0.000995,0
320018,2021,0,0.293045,0,0.01851,0,0.004824,0,0.000195,0
320021,2021,0,0.927438,1,0.153786,0,0.039104,0,0.007167,0
320022,2021,0,0.468862,0,0.03274,0,0.004773,0,0.053598,1
320030,2021,1,0.723442,1,0.628733,1,0.782956,1,0.25292,1
320033,2021,0,0.414265,0,0.023437,0,0.005372,0,0.003641,0
320038,2021,0,0.140049,0,0.176899,0,0.104415,0,0.002179,0
320057,2021,0,0.457366,0,0.141359,0,0.049255,0,0.001574,0
320058,2021,0,0.26055,0,0.064857,0,0.013599,0,0.001189,0
320059,2021,0,0.362644,0,0.404078,0,0.549294,1,0.020189,0
320060,2021,0,0.614523,1,0.210116,0,0.03509,0,0.000226,0
320061,2021,0,0.026152,0,0.355121,0,0.122275,0,0.122292,1
320062,2021,0,0.663009,1,0.159539,0,0.112604,0,0.002425,0
320063,2021,0,0.39194,0,0.012502,0,0.001855,0,0.000795,0
320065,2021,0,0.252381,0,0.118132,0,0.012508,0,0.000194,0
320067,2021,0,0.173628,0,0.063517,0,0.002228,0,0.003045,0
320070,2021,0,0.170626,0,0.052509,0,0.007461,0,0.000408,0
320074,2021,0,0.254105,0,0.007573,0,0.00181,0,0.001136,0
320084,2021,1,0.673496,1,0.573967,1,0.562807,1,0.19398,1
320085,2021,0,0.299437,0,0.003846,0,0.002136,0,0.000107,0
320086,2021,0,0.565967,1,0.016416,0,0.002242,0,0.003193,0
320089,2021,0,0.068844,0,0.294202,0,0.029247,0,0.003681,0
320090,2021,0,0.586637,1,0.151133,0,0.023023,0,0.014317,0
320091,2021,0,0.386546,0,0.222965,0,0.190002,0,0.003102,0
321300,2021,0,0.395443,0,0.356058,0,0.165242,0,0.000765,0
321301,2021,0,0.58679,1,0.206312,0,0.049696,0,0.002048,0
321302,2021,0,0.513919,1,0.037322,0,0.009149,0,0.022932,0
321304,2021,0,0.669429,1,0.315558,0,0.222319,0,0.02363,0
321305,2021,0,0.533029,1,0.340381,0,0.275108,0,0.002275,0
321306,2021,0,0.591815,1,0.027249,0,0.006176,0,0.004523,0
321307,2021,0,0.569827,1,0.358979,0,0.212438,0,0.002424,0
321308,2021,0,0.275393,0,0.258439,0,0.037479,0,6.8e-05,0
321309,2021,0,0.494628,0,0.080547,0,0.015393,0,0.002578,0
321310,2021,0,0.473347,0,0.384054,0,0.21895,0,0.022258,0
321311,2021,0,0.852511,1,0.224424,0,0.157113,0,0.056366,1
322002,2021,0,0.025599,0,0.001978,0,0.000845,0,1.5e-05,0
322003,2021,0,0.000105,0,0.008021,0,0.000563,0,1.3e-05,0
322004,2021,0,0.033187,0,0.009597,0,0.004522,0,6.8e-05,0
323026,2021,0,0.000498,0,0.000538,0,0.000692,0,0.000486,0
323027,2021,0,0.027885,0,0.000522,0,0.001691,0,7e-05,0
323028,2021,0,0.026424,0,0.058389,0,0.005105,0,4e-06,0
323032,2021,0,0.05581,0,0.009728,0,0.008896,0,3.1e-05,0
323033,2021,0,0.053636,0,0.01014,0,0.002855,0,0.000512,0
324010,2021,0,0.195937,0,0.044513,0,0.01539,0,0.007525,0
324012,2021,0,0.245734,0,0.040468,0,0.015727,0,0.000354,0
324013,2021,0,0.111535,0,0.021611,0,0.003121,0,0.000527,0
324014,2021,0,0.097552,0,0.004321,0,0.000868,0,0.000504,0
330005,2021,1,0.907913,1,0.829865,1,0.9698,1,0.174137,1
330006,2021,0,0.659774,1,0.185067,0,0.011579,0,0.063727,1
330008,2021,0,0.118632,0,0.208365,0,0.128947,0,0.002024,0
330009,2021,0,0.740323,1,0.420976,0,0.27029,0,0.003806,0
330011,2021,0,0.595539,1,0.384091,0,0.219494,0,0.005079,0
330013,2021,0,0.837997,1,0.567148,1,0.327998,0,0.006772,0
330014,2021,0,0.694512,1,0.148324,0,0.129001,0,0.001167,0
330019,2021,0,0.244039,0,0.208594,0,0.049477,0,0.001563,0
330023,2021,0,0.288298,0,0.232811,0,0.154116,0,0.044406,1
330024,2021,1,0.827732,1,0.901449,1,0.964627,1,0.077472,1
330027,2021,0,0.764571,1,0.121966,0,0.0339,0,1.9e-05,0
330028,2021,0,0.724321,1,0.408278,0,0.41703,0,0.013343,0
330030,2021,0,0.541744,1,0.270441,0,0.011584,0,0.087947,1
330033,2021,0,0.56927,1,0.336229,0,0.241617,0,0.005866,0
330043,2021,0,0.50484,1,0.079597,0,0.062598,0,0.008659,0
330044,2021,0,0.620516,1,0.369213,0,0.044426,0,0.002313,0
330045,2021,0,0.215969,0,0.261787,0,0.104573,0,0.002704,0
330046,2021,0,0.69906,1,0.242357,0,0.272054,0,0.017016,0
330047,2021,0,0.595981,1,0.321538,0,0.14304,0,0.251705,1
330049,2021,0,0.510152,1,0.294603,0,0.066267,0,0.061051,1
330055,2021,0,0.245531,0,0.331378,0,0.038158,0,0.000255,0
330056,2021,0,0.728777,1,0.430587,0,0.306085,0,0.053978,1
330057,2021,0,0.567858,1,0.486769,0,0.238661,0,0.012083,0
330058,2021,0,0.625192,1,0.327274,0,0.082552,0,0.119177,1
330059,2021,1,0.996569,1,0.82787,1,0.976454,1,0.034951,1
330065,2021,0,0.563006,1,0.285506,0,0.195614,0,0.001862,0
330073,2021,0,0.791471,1,0.487794,0,0.335788,0,0.546816,1
330074,2021,0,0.74741,1,0.411781,0,0.009534,0,6.1e-05,0
330078,2021,1,0.511621,1,0.535759,1,0.767013,1,0.239635,1
330079,2021,0,0.662825,1,0.507384,1,0.550275,1,0.01804,0
330080,2021,0,0.011033,0,0.059967,0,0.008963,0,0.00028,0
330084,2021,0,0.163283,0,0.312834,0,0.130602,0,0.003341,0
330085,2021,0,0.48186,0,0.456324,0,0.450479,0,0.061514,1
330086,2021,0,0.398528,0,0.295012,0,0.291169,0,0.00141,0
330090,2021,0,0.680076,1,0.372542,0,0.416549,0,0.01164,0
330094,2021,0,0.707897,1,0.43483,0,0.550048,1,0.002483,0
330096,2021,1,0.462757,0,0.458256,0,0.496992,0,0.181894,1
330100,2021,0,0.491414,0,0.318971,0,0.134397,0,0.003546,0
330101,2021,0,0.996942,1,0.453568,0,0.471246,0,0.003687,0
330102,2021,0,0.223729,0,0.396384,0,0.22378,0,0.003036,0
330103,2021,0,0.659931,1,0.346004,0,0.263805,0,0.003549,0
330104,2021,0,0.350238,0,0.27668,0,0.212914,0,0.000276,0
330106,2021,0,0.939213,1,0.419102,0,0.163237,0,0.054111,1
330107,2021,0,0.402176,0,0.397801,0,0.418618,0,0.059342,1
330111,2021,0,0.281961,0,0.358753,0,0.085792,0,0.00203,0
330115,2021,0,0.864165,1,0.52549,1,0.390035,0,0.390928,1
330119,2021,0,0.771251,1,0.721779,1,0.481634,0,0.009545,0
330125,2021,0,0.758244,1,0.643527,1,0.550776,1,0.000579,0
330126,2021,0,0.504754,1,0.570519,1,0.54248,1,0.164691,1
330127,2021,0,0.027789,0,0.127942,0,0.031742,0,0.000364,0
330128,2021,0,0.004874,0,0.058194,0,0.005336,0,0.000317,0
330135,2021,0,0.278465,0,0.116307,0,0.100185,0,0.000105,0
330136,2021,0,0.768231,1,0.345887,0,0.191114,0,0.01152,0
330140,2021,0,0.464273,0,0.102975,0,0.032372,0,0.000351,0
330141,2021,0,0.481297,0,0.264394,0,0.05658,0,1.9e-05,0
330144,2021,0,0.206134,0,0.170494,0,0.015265,0,0.000826,0
330151,2021,0,0.294971,0,0.32094,0,0.251084,0,0.011926,0
330153,2021,0,0.542576,1,0.524414,1,0.494854,0,0.087985,1
330154,2021,0,0.517541,1,0.307853,0,0.049786,0,0.004057,0
330157,2021,0,0.74731,1,0.502916,1,0.471233,0,0.283592,1
330158,2021,0,0.45911,0,0.049527,0,0.086219,0,0.006228,0
330160,2021,0,0.744836,1,0.731219,1,0.727646,1,0.000639,0
330162,2021,0,0.626841,1,0.38486,0,0.289859,0,0.061324,1
330163,2021,0,0.079324,0,0.096089,0,0.019619,0,0.000324,0
330164,2021,0,0.717403,1,0.372487,0,0.011959,0,0.000142,0
330166,2021,0,0.393971,0,0.177934,0,0.036563,0,0.003509,0
330169,2021,0,0.211707,0,0.269972,0,0.032227,0,0.000813,0
330175,2021,0,0.098701,0,0.289754,0,0.022268,0,6e-05,0
330180,2021,0,0.398118,0,0.351439,0,0.223017,0,0.014681,0
330181,2021,0,0.096132,0,0.142729,0,0.093598,0,0.001497,0
330182,2021,0,0.114028,0,0.257832,0,0.035891,0,0.001206,0
330184,2021,0,0.569454,1,0.159082,0,0.13156,0,0.092538,1
330185,2021,0,0.201348,0,0.283287,0,0.046912,0,0.000134,0
330188,2021,0,0.24601,0,0.313796,0,0.756345,1,0.006337,0
330191,2021,0,0.539096,1,0.46844,0,0.120398,0,0.002147,0
330193,2021,0,0.26102,0,0.145944,0,0.120125,0,0.004256,0
330194,2021,1,0.752211,1,0.811179,1,0.911737,1,0.177579,1
330195,2021,0,0.996541,1,0.430608,0,0.263417,0,0.007077,0
330196,2021,0,0.025331,0,0.034689,0,0.017531,0,0.000378,0
330197,2021,0,0.625623,1,0.600555,1,0.687416,1,0.009836,0
330198,2021,0,0.641873,1,0.606729,1,0.510396,1,0.614058,1
330199,2021,0,0.000416,0,0.107556,0,0.011665,0,0.000103,0
330202,2021,0,0.002517,0,0.05375,0,0.004874,0,9.6e-05,0
330203,2021,0,0.578388,1,0.271127,0,0.214727,0,0.007313,0
330204,2021,0,0.002278,0,0.005741,0,0.001139,0,0.000465,0
330205,2021,0,0.436808,0,0.01271,0,0.01346,0,0.001155,0
330208,2021,0,0.603973,1,0.129948,0,0.04545,0,0.000463,0
330211,2021,0,0.193671,0,0.185403,0,0.072042,0,0.002078,0
330214,2021,1,0.979929,1,0.842171,1,0.90842,1,0.003795,0
330215,2021,0,0.476602,0,0.435422,0,0.375882,0,0.014943,0
330218,2021,0,0.602242,1,0.563759,1,0.408802,0,0.008618,0
330219,2021,0,0.432433,0,0.247417,0,0.114897,0,0.000528,0
330221,2021,0,0.610661,1,0.297336,0,0.152822,0,0.037262,1
330222,2021,0,0.630754,1,0.481704,0,0.068936,0,0.292594,1
330223,2021,0,0.187921,0,0.157218,0,0.08079,0,0.001919,0
330224,2021,0,0.549282,1,0.192065,0,0.226023,0,0.083365,1
330226,2021,0,0.572655,1,0.403454,0,0.129753,0,0.140846,1
330229,2021,0,0.328027,0,0.321808,0,0.094482,0,0.000709,0
330231,2021,0,0.017752,0,0.022775,0,0.006566,0,0.00032,0
330233,2021,0,0.689135,1,0.081745,0,0.00764,0,0.003838,0
330234,2021,0,0.671961,1,0.264257,0,0.112167,0,0.001644,0
330235,2021,0,0.749419,1,0.428975,0,0.477906,0,0.006828,0
330236,2021,0,0.073509,0,0.541546,1,0.476259,0,9e-06,0
330238,2021,0,0.644495,1,0.3487,0,0.171151,0,0.007644,0
330239,2021,0,0.689362,1,0.282482,0,0.362921,0,0.025409,0
330240,2021,0,0.558202,1,0.079383,0,0.011056,0,6.9e-05,0
330241,2021,0,0.783077,1,0.233404,0,0.014822,0,0.000156,0
330245,2021,0,0.084615,0,0.09558,0,0.046921,0,5.1e-05,0
330246,2021,0,0.571455,1,0.113894,0,0.062715,0,0.029412,0
330250,2021,0,0.561097,1,0.429743,0,0.255363,0,0.004643,0
330259,2021,0,0.447557,0,0.294354,0,0.323544,0,0.003147,0
330261,2021,0,0.632477,1,0.400523,0,0.550065,1,0.300726,1
330264,2021,0,0.589557,1,0.185378,0,0.053226,0,0.048257,1
330265,2021,0,0.102251,0,0.353447,0,0.061874,0,0.000841,0
330267,2021,0,0.736835,1,0.44669,0,0.572588,1,0.060471,1
330270,2021,0,0.825398,1,0.301082,0,0.041694,0,0.002043,0
330273,2021,0,0.151836,0,0.267405,0,0.058376,0,0.004477,0
330276,2021,0,0.511905,1,0.384188,0,0.1504,0,0.058632,1
330277,2021,0,0.450691,0,0.092663,0,0.03712,0,0.018112,0
330279,2021,0,0.360031,0,0.118088,0,0.015539,0,0.005186,0
330285,2021,0,0.907379,1,0.396149,0,0.074353,0,0.00437,0
330286,2021,0,0.564588,1,0.575968,1,0.249052,0,0.007889,0
330304,2021,0,0.159904,0,0.356389,0,0.057907,0,0.001815,0
330307,2021,0,0.734322,1,0.496986,0,0.350906,0,0.020666,0
330331,2021,0,0.383381,0,0.073904,0,0.050739,0,0.004154,0
330332,2021,0,0.498311,0,0.123535,0,0.025713,0,0.00162,0
330350,2021,0,0.909094,1,0.197659,0,0.024903,0,0.001308,0
330354,2021,0,0.139921,0,0.404993,0,0.334211,0,8.8e-05,0
330386,2021,0,0.436119,0,0.286051,0,0.247087,0,0.009599,0
330393,2021,0,0.820526,1,0.633123,1,0.228861,0,0.020524,0
330394,2021,0,0.732045,1,0.520098,1,0.387679,0,0.008595,0
330395,2021,0,0.862605,1,0.168058,0,0.012904,0,0.001084,0
330396,2021,0,0.206412,0,0.054213,0,0.004495,0,0.00048,0
330399,2021,0,0.297287,0,0.482477,0,0.355668,0,0.035027,1
330401,2021,0,0.263358,0,0.320078,0,0.215102,0,0.000583,0
330405,2021,0,0.293212,0,0.115113,0,0.029487,0,0.001277,0
330406,2021,0,0.314441,0,0.13913,0,0.034322,0,0.030556,0
330410,2021,0,0.000124,0,0.036206,0,0.004512,0,0.000359,0
330411,2021,0,0.00133,0,0.040836,0,0.023721,0,0.000182,0
331301,2021,0,0.197897,0,0.239414,0,0.261358,0,0.000716,0
331302,2021,0,0.648337,1,0.435975,0,0.306292,0,0.002829,0
331303,2021,0,0.222513,0,0.143994,0,0.008727,0,0.002493,0
331304,2021,0,0.543826,1,0.119162,0,0.146895,0,0.00771,0
331305,2021,0,0.521835,1,0.330505,0,0.224814,0,0.044115,1
331307,2021,0,0.081265,0,0.15969,0,0.07659,0,0.001895,0
331309,2021,0,0.526515,1,0.163335,0,0.223468,0,0.007981,0
331310,2021,0,0.334656,0,0.253532,0,0.211419,0,0.000845,0
331311,2021,0,0.348532,0,0.310265,0,0.210505,0,0.065879,1
331312,2021,0,0.506151,1,0.320495,0,0.262942,0,0.044435,1
331313,2021,0,0.643171,1,0.269848,0,0.089781,0,0.001433,0
331314,2021,0,0.366548,0,0.330668,0,0.175945,0,0.012505,0
331315,2021,0,0.486579,0,0.32834,0,0.354069,0,0.008713,0
331316,2021,0,0.381598,0,0.439681,0,0.128951,0,0.047111,1
331317,2021,0,0.693509,1,0.302086,0,0.33865,0,0.013368,0
331318,2021,0,0.453349,0,0.36207,0,0.439016,0,0.001908,0
331319,2021,0,0.476699,0,0.26381,0,0.089023,0,0.014848,0
331320,2021,0,0.291057,0,0.238009,0,0.069127,0,0.011109,0
331990,2021,0,0.0679,0,0.000328,0,0.001042,0,5.1e-05,0
332006,2021,0,0.025817,0,0.077511,0,0.051567,0,0.00122,0
332008,2021,0,7.9e-05,0,0.002669,0,0.00147,0,2.7e-05,0
333030,2021,0,0.04031,0,0.124486,0,0.07172,0,0.000176,0
334001,2021,0,0.454309,0,0.0516,0,0.028012,0,0.000122,0
334002,2021,0,0.182721,0,0.038284,0,0.031583,0,0.014026,0
334003,2021,0,0.512906,1,0.056377,0,0.029602,0,0.000305,0
334004,2021,0,0.159798,0,0.042963,0,0.006111,0,0.000111,0
334009,2021,0,0.567253,1,0.05515,0,0.022596,0,0.000803,0
334012,2021,0,0.372102,0,0.060726,0,0.007458,0,0.000145,0
334013,2021,0,0.154664,0,0.043163,0,0.008064,0,0.000119,0
334015,2021,0,0.180383,0,0.047225,0,0.008062,0,0.000105,0
334020,2021,0,0.120264,0,0.035316,0,0.006587,0,7.2e-05,0
334021,2021,0,0.515492,1,0.066326,0,0.012578,0,0.000171,0
334022,2021,0,0.288415,0,0.025603,0,0.015676,0,0.002031,0
334026,2021,1,0.165397,0,0.551238,1,0.503107,1,0.01036,0
334027,2021,0,0.322649,0,0.025507,0,0.019785,0,0.003321,0
334043,2021,0,0.223004,0,0.071519,0,0.016679,0,0.000158,0
334045,2021,0,0.383411,0,0.038911,0,0.008112,0,0.000197,0
334046,2021,0,0.177537,0,0.030691,0,0.00211,0,0.000155,0
334048,2021,0,0.001303,0,0.073516,0,0.054203,0,0.000442,0
334049,2021,0,0.232001,0,0.074367,0,0.010935,0,4.2e-05,0
334052,2021,0,0.181685,0,0.03589,0,0.009065,0,0.00013,0
334053,2021,0,0.102202,0,0.067264,0,0.014115,0,0.0001,0
334054,2021,0,0.129148,0,0.072159,0,0.017635,0,0.000198,0
334060,2021,0,0.007123,0,0.037373,0,0.004976,0,0.000317,0
334061,2021,0,0.003749,0,0.030072,0,0.003771,0,0.000152,0
334063,2021,0,0.164783,0,0.04642,0,0.014788,0,0.000162,0
340001,2021,0,0.40452,0,0.102186,0,0.055379,0,0.008958,0
340002,2021,0,0.810661,1,0.042457,0,0.011422,0,0.000224,0
340003,2021,0,0.74456,1,0.496871,0,0.501496,1,0.789655,1
340004,2021,0,0.696286,1,0.21908,0,0.061722,0,0.021234,0
340008,2021,0,0.534075,1,0.495394,0,0.620376,1,0.014465,0
340010,2021,0,0.347924,0,0.324222,0,0.132968,0,0.044237,1
340013,2021,0,0.512547,1,0.036831,0,0.061649,0,0.000487,0
340014,2021,0,0.311573,0,0.006873,0,0.003037,0,3.2e-05,0
340015,2021,0,0.426769,0,0.026019,0,0.008721,0,0.022367,0
340016,2021,0,0.750868,1,0.074956,0,0.037982,0,0.018627,0
340017,2021,0,0.753553,1,0.316635,0,0.085331,0,0.038605,1
340020,2021,0,0.737842,1,0.106856,0,0.030131,0,0.00052,0
340021,2021,0,0.578072,1,0.072833,0,0.052898,0,0.001975,0
340023,2021,0,0.580566,1,0.48156,0,0.278356,0,0.083912,1
340024,2021,0,0.556445,1,0.588158,1,0.594952,1,0.052838,1
340027,2021,1,0.544023,1,0.407131,0,0.604268,1,0.213295,1
340028,2021,0,0.777986,1,0.403774,0,0.229915,0,0.011739,0
340030,2021,0,0.786466,1,0.155428,0,0.058134,0,0.009388,0
340032,2021,0,0.420645,0,0.283673,0,0.146304,0,0.068298,1
340039,2021,0,0.487987,0,0.318963,0,0.598516,1,0.074945,1
340040,2021,0,0.707768,1,0.418577,0,0.188012,0,0.003683,0
340041,2021,0,0.593298,1,0.427944,0,0.73518,1,0.00183,0
340042,2021,0,0.75709,1,0.413486,0,0.117027,0,0.00165,0
340047,2021,0,0.835214,1,0.221341,0,0.094094,0,0.016348,0
340049,2021,0,0.564578,1,0.437203,0,0.208522,0,0.012796,0
340050,2021,0,0.496579,0,0.220967,0,0.055596,0,0.005854,0
340051,2021,0,0.71224,1,0.26432,0,0.114775,0,0.007774,0
340053,2021,0,0.169708,0,0.008384,0,0.016716,0,8e-06,0
340060,2021,0,0.314058,0,0.202276,0,0.040341,0,0.018787,0
340061,2021,1,0.915562,1,0.609637,1,0.910061,1,0.161946,1
340064,2021,0,0.789441,1,0.374824,0,0.247501,0,0.015937,0
340068,2021,1,0.869135,1,0.408178,0,0.797166,1,0.606213,1
340069,2021,0,0.534148,1,0.624662,1,0.848214,1,0.007502,0
340070,2021,0,0.48908,0,0.050934,0,0.055345,0,0.067536,1
340071,2021,0,0.318046,0,0.457181,0,0.797198,1,0.004365,0
340073,2021,0,0.061738,0,0.054474,0,0.004883,0,5.8e-05,0
340075,2021,0,0.544818,1,0.438426,0,0.532271,1,0.007715,0
340084,2021,0,0.421977,0,0.106636,0,0.03258,0,0.000435,0
340085,2021,0,0.377572,0,0.01169,0,0.004402,0,0.003686,0
340087,2021,0,0.523297,1,0.114092,0,0.027206,0,0.000101,0
340090,2021,0,0.70721,1,0.296114,0,0.226104,0,0.057309,1
340091,2021,0,0.624199,1,0.386986,0,0.277468,0,0.00202,0
340096,2021,0,0.611389,1,0.06493,0,0.009804,0,0.020697,0
340097,2021,0,0.406537,0,0.197037,0,0.081296,0,0.001825,0
340098,2021,0,0.297232,0,0.039116,0,0.009752,0,0.003181,0
340099,2021,0,0.506549,1,0.257814,0,0.178012,0,6.8e-05,0
340107,2021,0,0.578214,1,0.341605,0,0.108764,0,0.243356,1
340109,2021,0,0.526342,1,0.294878,0,0.085922,0,0.006382,0
340113,2021,0,0.830441,1,0.094913,0,0.033373,0,0.006097,0
340114,2021,0,0.717652,1,0.689776,1,0.60282,1,0.027681,0
340115,2021,0,0.73897,1,0.726344,1,0.319013,0,0.044244,1
340116,2021,0,0.41189,0,0.182584,0,0.218192,0,0.000225,0
340119,2021,0,0.180796,0,0.03339,0,0.028984,0,0.003456,0
340120,2021,0,0.533397,1,0.296815,0,0.152407,0,0.043624,1
340123,2021,0,0.413216,0,0.243142,0,0.071117,0,0.000777,0
340126,2021,0,0.562178,1,0.089411,0,0.026165,0,0.099801,1
340127,2021,0,0.755266,1,0.529483,1,0.426723,0,0.041279,1
340129,2021,0,0.352125,0,0.022136,0,0.003634,0,0.001231,0
340130,2021,0,0.595766,1,0.024893,0,0.012358,0,0.003993,0
340131,2021,0,0.744259,1,0.637743,1,0.805048,1,0.033726,0
340132,2021,0,0.635189,1,0.02558,0,0.007267,0,0.003577,0
340133,2021,0,0.227203,0,0.00149,0,0.005995,0,0.003539,0
340141,2021,0,0.920714,1,0.507004,1,0.103158,0,0.003101,0
340142,2021,0,0.737819,1,0.465118,0,0.075758,0,0.000385,0
340143,2021,1,0.858015,1,0.639332,1,0.886782,1,0.545391,1
340144,2021,0,0.083697,0,0.032045,0,0.005871,0,0.000171,0
340145,2021,0,0.253536,0,0.017837,0,0.01233,0,0.001148,0
340147,2021,0,0.684979,1,0.376135,0,0.178517,0,0.014776,0
340148,2021,0,0.54268,1,0.037111,0,0.001801,0,0.00137,0
340151,2021,0,0.663102,1,0.200787,0,0.081988,0,0.135747,1
340155,2021,0,0.716999,1,0.28474,0,0.114787,0,0.094181,1
340156,2021,0,0.771909,1,0.398481,0,0.415253,0,0.010761,0
340158,2021,0,0.394906,0,0.0543,0,0.087557,0,0.004027,0
340159,2021,0,0.561637,1,0.087723,0,0.132159,0,0.056819,1
340166,2021,0,0.264589,0,0.055779,0,0.006232,0,0.004303,0
340168,2021,0,0.139773,0,0.046452,0,0.018768,0,1.2e-05,0
340171,2021,0,0.423679,0,0.009676,0,0.005383,0,0.002354,0
340173,2021,0,0.69659,1,0.131025,0,0.040379,0,0.367825,1
340183,2021,0,0.32689,0,0.022746,0,0.002854,0,0.004181,0
340184,2021,0,0.61522,1,0.070883,0,0.053993,0,0.065868,1
340186,2021,0,0.119604,0,0.085187,0,0.020208,0,0.003091,0
340187,2021,0,0.085284,0,0.018553,0,0.001489,0,2.9e-05,0
340188,2021,0,0.471031,0,0.15737,0,0.109662,0,0.000546,0
340190,2021,0,0.075298,0,0.035444,0,0.014127,0,0.000157,0
341303,2021,0,0.081514,0,0.089506,0,0.006565,0,0.003756,0
341304,2021,0,0.325978,0,0.26939,0,0.057684,0,0.000239,0
341305,2021,0,0.268335,0,0.078068,0,0.054615,0,0.001048,0
341307,2021,0,0.581425,1,0.285952,0,0.055603,0,0.000619,0
341311,2021,0,0.333667,0,0.127741,0,0.078505,0,0.017418,0
341314,2021,0,0.358953,0,0.121216,0,0.070373,0,0.001835,0
341315,2021,0,0.406088,0,0.307513,0,0.484945,0,0.006179,0
341316,2021,0,0.418563,0,0.268006,0,0.067673,0,0.000548,0
341317,2021,0,0.514023,1,0.193258,0,0.025205,0,0.000782,0
341318,2021,0,0.648378,1,0.303295,0,0.093576,0,0.043746,1
341319,2021,0,0.403933,0,0.227369,0,0.331376,0,0.003396,0
341320,2021,0,0.442279,0,0.364943,0,0.165364,0,0.002123,0
341322,2021,0,0.265269,0,0.31288,0,0.140665,0,0.000735,0
341323,2021,0,0.345354,0,0.293411,0,0.10487,0,6.8e-05,0
341324,2021,0,0.568921,1,0.109466,0,0.024524,0,0.00025,0
341325,2021,0,0.387833,0,0.262774,0,0.138998,0,0.005618,0
341326,2021,0,0.363712,0,0.111155,0,0.056952,0,0.002455,0
341327,2021,0,0.453372,0,0.31466,0,0.120276,0,0.025513,0
341328,2021,0,0.898423,1,0.224057,0,0.10825,0,0.002388,0
341329,2021,0,0.373708,0,0.146343,0,0.063027,0,0.001005,0
342012,2021,0,0.03034,0,0.001218,0,0.002458,0,8.4e-05,0
342013,2021,0,0.03196,0,0.000818,0,0.001813,0,7e-06,0
342014,2021,0,0.041441,0,0.029268,0,0.004936,0,0.000154,0
342015,2021,0,0.03304,0,0.000459,0,0.002797,0,9.7e-05,0
342017,2021,0,0.036889,0,0.001747,0,0.001246,0,0.000162,0
342018,2021,0,0.000136,0,0.000712,0,0.002874,0,7.9e-05,0
342020,2021,0,0.000138,0,0.001911,0,0.001466,0,0.000103,0
342021,2021,0,0.061627,0,0.00159,0,0.002079,0,0.000651,0
343025,2021,0,0.051763,0,0.072021,0,0.002584,0,0.001994,0
343026,2021,0,0.037124,0,0.042964,0,0.009071,0,0.00012,0
343027,2021,0,0.026697,0,0.018564,0,0.006325,0,3e-06,0
344004,2021,0,0.001727,0,0.022969,0,0.00379,0,0.000228,0
344007,2021,0,0.163159,0,0.004674,0,0.001435,0,0.002539,0
344014,2021,0,0.186443,0,0.012323,0,0.001424,0,0.00018,0
344016,2021,0,0.002549,0,0.002885,0,0.001828,0,1e-06,0
344023,2021,0,0.002514,0,0.023704,0,0.002327,0,3.8e-05,0
344025,2021,0,0.002157,0,0.014809,0,0.005841,0,4.9e-05,0
344026,2021,0,0.000915,0,0.045681,0,0.020716,0,5.3e-05,0
344027,2021,0,0.000117,0,0.000684,0,0.000731,0,2.5e-05,0
344028,2021,0,0.000117,0,0.007918,0,0.001104,0,4.6e-05,0
344029,2021,0,0.001337,0,0.063946,0,0.024162,0,0.003275,0
344030,2021,0,0.271558,0,0.031516,0,0.024408,0,0.00196,0
344032,2021,0,0.240429,0,0.039698,0,0.009126,0,0.000875,0
344033,2021,0,0.001705,0,0.014726,0,0.00332,0,2.4e-05,0
350002,2021,0,0.826638,1,0.123409,0,0.038982,0,0.061454,1
350006,2021,0,0.58478,1,0.44684,0,0.23062,0,0.147444,1
350011,2021,0,0.761482,1,0.077713,0,0.010943,0,0.00055,0
350015,2021,0,0.512729,1,0.199358,0,0.117195,0,0.002015,0
350019,2021,0,0.778008,1,0.692531,1,0.624812,1,0.036132,1
350063,2021,0,0.578787,1,0.230031,0,0.104458,0,0.004476,0
350064,2021,0,0.236592,0,0.094594,0,0.010415,0,0.001115,0
350070,2021,0,0.520965,1,0.148478,0,0.270675,0,0.039924,1
351300,2021,0,0.4483,0,0.487154,0,0.586786,1,0.04044,1
351301,2021,0,0.330222,0,0.282074,0,0.292472,0,0.010269,0
351302,2021,0,0.725976,1,0.469912,0,0.415591,0,0.068902,1
351303,2021,0,0.297599,0,0.400073,0,0.47539,0,0.014924,0
351304,2021,0,0.151352,0,0.22066,0,0.188448,0,0.001585,0
351305,2021,0,0.290708,0,0.056401,0,0.007492,0,0.003624,0
351306,2021,0,0.303977,0,0.288326,0,0.045105,0,0.003955,0
351307,2021,0,0.297437,0,0.320595,0,0.185344,0,0.035124,1
351308,2021,0,0.446949,0,0.258865,0,0.416588,0,0.013318,0
351309,2021,0,0.448623,0,0.061496,0,0.00597,0,0.042198,1
351310,2021,0,0.208575,0,0.303946,0,0.042832,0,7e-06,0
351311,2021,0,0.445502,0,0.30149,0,0.410682,0,0.01083,0
351312,2021,0,0.30226,0,0.223026,0,0.06789,0,0.001395,0
351313,2021,1,0.506623,1,0.478852,0,0.731245,1,0.017828,0
351314,2021,1,0.27596,0,0.443581,0,0.682521,1,0.005287,0
351315,2021,0,0.449135,0,0.356977,0,0.29983,0,0.009055,0
351316,2021,0,0.515827,1,0.245493,0,0.086535,0,0.000116,0
351318,2021,0,0.386404,0,0.118727,0,0.04833,0,0.004869,0
351319,2021,1,0.436608,0,0.352106,0,0.670417,1,0.024366,0
351320,2021,0,0.46735,0,0.445958,0,0.226398,0,0.038442,1
351321,2021,0,0.519076,1,0.426065,0,0.427537,0,0.178393,1
351322,2021,0,0.457392,0,0.337892,0,0.52851,1,0.022329,0
351323,2021,0,0.37668,0,0.171904,0,0.102916,0,0.025877,0
351324,2021,0,0.360613,0,0.307891,0,0.632568,1,0.023707,0
351325,2021,0,0.402763,0,0.313579,0,0.456108,0,0.005097,0
351326,2021,0,0.261451,0,0.351061,0,0.098659,0,0.016265,0
351327,2021,0,0.638269,1,0.333293,0,0.281155,0,6.6e-05,0
351328,2021,0,0.499396,0,0.432952,0,0.351447,0,0.027121,0
351329,2021,0,0.402815,0,0.127278,0,0.122404,0,0.02641,0
351330,2021,0,0.617635,1,0.286095,0,0.195446,0,0.00252,0
351331,2021,0,0.423573,0,0.362511,0,0.305807,0,0.008576,0
351332,2021,0,0.479279,0,0.377136,0,0.543872,1,0.054181,1
351333,2021,0,0.440828,0,0.096198,0,0.009407,0,5.2e-05,0
351334,2021,0,0.507897,1,0.279355,0,0.035353,0,0.000326,0
351335,2021,0,0.658572,1,0.422399,0,0.185922,0,0.004144,0
351336,2021,0,0.477897,0,0.120986,0,0.023943,0,0.022743,0
352004,2021,0,0.02825,0,4.3e-05,0,0.00037,0,1e-06,0
352005,2021,0,0.047218,0,4.3e-05,0,0.00058,0,5.7e-05,0
353026,2021,0,0.06478,0,0.001331,0,0.001071,0,0.000237,0
354003,2021,0,0.001453,0,0.07975,0,0.011146,0,1e-06,0
354004,2021,0,0.143438,0,0.028225,0,0.004782,0,0.000439,0
360001,2021,0,0.371135,0,0.054404,0,0.027857,0,0.00094,0
360002,2021,0,0.372427,0,0.05943,0,0.008231,0,2.1e-05,0
360003,2021,0,0.339368,0,0.156454,0,0.127045,0,0.000225,0
360006,2021,0,0.853852,1,0.038134,0,0.010195,0,0.000525,0
360008,2021,1,0.748051,1,0.616069,1,0.529617,1,0.121517,1
360009,2021,0,0.476791,0,0.31224,0,0.144156,0,0.008957,0
360010,2021,0,0.501636,1,0.269453,0,0.209899,0,0.090147,1
360011,2021,0,0.7562,1,0.131434,0,0.110264,0,0.033956,0
360012,2021,0,0.463628,0,0.114225,0,0.053614,0,0.014171,0
360013,2021,0,0.395792,0,0.221529,0,0.06977,0,0.051258,1
360014,2021,0,0.155844,0,0.050758,0,0.014455,0,0.013956,0
360016,2021,0,0.3325,0,0.063,0,0.022992,0,0.003409,0
360017,2021,0,0.569059,1,0.091305,0,0.035631,0,0.000961,0
360020,2021,1,0.819568,1,0.634371,1,0.86358,1,0.064771,1
360025,2021,0,0.743447,1,0.554037,1,0.673656,1,0.112735,1
360026,2021,0,0.29772,0,0.087897,0,0.031968,0,0.003115,0
360027,2021,0,0.459099,0,0.246488,0,0.019581,0,0.00063,0
360029,2021,0,0.539039,1,0.474241,0,0.250315,0,0.090536,1
360032,2021,0,0.551597,1,0.298943,0,0.139942,0,0.005861,0
360035,2021,0,0.632546,1,0.291707,0,0.196535,0,0.028146,0
360036,2021,0,0.863422,1,0.457219,0,0.239023,0,0.104076,1
360037,2021,0,0.105159,0,0.174996,0,0.092168,0,0.000206,0
360039,2021,0,0.842051,1,0.238652,0,0.164581,0,0.035626,1
360040,2021,0,0.692538,1,0.683682,1,0.713813,1,0.07349,1
360041,2021,0,0.366336,0,0.085751,0,0.035734,0,8.9e-05,0
360044,2021,0,0.21547,0,0.219085,0,0.057751,0,0.000846,0
360046,2021,0,0.546874,1,0.092398,0,0.062632,0,0.059178,1
360048,2021,0,0.502356,1,0.139637,0,0.034726,0,0.000468,0
360051,2021,0,0.587266,1,0.507749,1,0.294685,0,0.00437,0
360054,2021,0,0.583791,1,0.320827,0,0.063022,0,0.020459,0
360055,2021,0,0.418726,0,0.028002,0,0.010728,0,0.007736,0
360056,2021,0,0.495159,0,0.031139,0,0.023818,0,0.006939,0
360058,2021,0,0.567077,1,0.363478,0,0.076628,0,7.3e-05,0
360059,2021,0,0.9463,1,0.720324,1,0.90699,1,0.001629,0
360064,2021,0,0.343705,0,0.067694,0,0.035295,0,4.9e-05,0
360065,2021,0,0.787757,1,0.55242,1,0.616204,1,0.222832,1
360066,2021,0,0.536411,1,0.082561,0,0.082127,0,0.020841,0
360068,2021,0,0.882177,1,0.283593,0,0.334035,0,0.011003,0
360070,2021,0,0.52541,1,0.364559,0,0.525196,1,0.01745,0
360071,2021,0,0.549004,1,0.162366,0,0.023705,0,3e-06,0
360072,2021,0,0.632153,1,0.301815,0,0.056287,0,0.003611,0
360075,2021,0,0.611774,1,0.124758,0,0.029713,0,0.051889,1
360076,2021,0,0.298642,0,0.156749,0,0.069561,0,0.001231,0
360077,2021,0,0.151368,0,0.181226,0,0.029121,0,7.1e-05,0
360078,2021,0,0.442216,0,0.031619,0,0.008484,0,0.00037,0
360079,2021,0,0.302611,0,0.347905,0,0.184596,0,0.011169,0
360080,2021,0,0.066074,0,0.158682,0,0.016919,0,3.1e-05,0
360081,2021,0,0.077487,0,0.020275,0,0.004051,0,0.000189,0
360082,2021,0,0.333588,0,0.089876,0,0.031532,0,0.000767,0
360084,2021,1,0.483078,0,0.538621,1,0.833247,1,0.219925,1
360085,2021,0,0.968722,1,0.039969,0,0.051665,0,0.003468,0
360086,2021,0,0.392048,0,0.094715,0,0.030638,0,0.007317,0
360087,2021,0,0.429081,0,0.064779,0,0.007425,0,1.9e-05,0
360089,2021,0,0.528809,1,0.088695,0,0.033275,0,0.000856,0
360090,2021,0,0.092876,0,0.132249,0,0.071731,0,0.000592,0
360091,2021,0,0.186693,0,0.049363,0,0.029514,0,0.000939,0
360092,2021,0,0.546634,1,0.47426,0,0.23569,0,0.059619,1
360095,2021,0,0.61634,1,0.070743,0,0.074675,0,0.002121,0
360096,2021,0,0.206024,0,0.110534,0,0.034484,0,0.000138,0
360098,2021,0,0.452374,0,0.331088,0,0.141898,0,0.002778,0
360107,2021,0,0.382953,0,0.31028,0,0.086573,0,0.000667,0
360109,2021,0,0.311438,0,0.070208,0,0.01357,0,0.000387,0
360112,2021,0,0.540883,1,0.16569,0,0.041229,0,0.01876,0
360118,2021,0,0.505767,1,0.045452,0,0.020779,0,0.001343,0
360121,2021,0,0.54848,1,0.526888,1,0.502901,1,0.00408,0
360123,2021,0,0.506211,1,0.083134,0,0.079409,0,0.009305,0
360125,2021,0,0.438378,0,0.458365,0,0.57285,1,0.058114,1
360131,2021,0,0.086399,0,0.130609,0,0.008457,0,0.000782,0
360132,2021,0,0.427569,0,0.041346,0,0.057976,0,0.012567,0
360133,2021,0,0.411333,0,0.139392,0,0.083563,0,0.002019,0
360134,2021,0,0.562028,1,0.202627,0,0.078191,0,0.034478,1
360137,2021,0,0.707335,1,0.149632,0,0.094916,0,0.000206,0
360143,2021,0,0.142676,0,0.10521,0,0.018282,0,0.000145,0
360144,2021,0,0.066266,0,0.035406,0,0.003001,0,1.5e-05,0
360145,2021,0,0.309726,0,0.030112,0,0.034992,0,0.000329,0
360147,2021,0,0.674038,1,0.683876,1,0.637818,1,0.129787,1
360148,2021,0,0.458375,0,0.366635,0,0.285341,0,0.032669,0
360150,2021,0,0.229484,0,0.161515,0,0.018935,0,0.003533,0
360152,2021,0,0.59969,1,0.048552,0,0.199204,0,0.012594,0
360155,2021,0,0.573265,1,0.247887,0,0.062894,0,0.001328,0
360156,2021,0,0.667001,1,0.231792,0,0.025657,0,4.9e-05,0
360159,2021,0,0.688409,1,0.266374,0,0.042805,0,0.024601,0
360161,2021,0,0.318198,0,0.005014,0,0.002297,0,0.000776,0
360163,2021,0,0.607979,1,0.619004,1,0.507977,1,0.05279,1
360170,2021,0,0.623813,1,0.447963,0,0.528487,1,0.112457,1
360172,2021,0,0.450574,0,0.022392,0,0.031265,0,0.001389,0
360174,2021,0,0.301042,0,0.144191,0,0.086368,0,0.001472,0
360175,2021,0,0.478043,0,0.250044,0,0.018723,0,0.00143,0
360179,2021,0,0.427844,0,0.093791,0,0.20796,0,0.018375,0
360180,2021,0,0.999833,1,0.329337,0,0.031506,0,0.003646,0
360185,2021,0,0.645415,1,0.492823,0,0.587462,1,0.125723,1
360189,2021,0,0.491172,0,0.278363,0,0.131763,0,0.000294,0
360192,2021,0,0.044308,0,0.048674,0,0.011089,0,9.4e-05,0
360197,2021,0,0.58155,1,0.58041,1,0.325519,0,0.007372,0
360203,2021,0,0.722725,1,0.521793,1,0.384654,0,0.001144,0
360210,2021,0,0.450384,0,0.135691,0,0.048251,0,0.03553,1
360211,2021,0,0.711877,1,0.144349,0,0.145426,0,0.025889,0
360218,2021,0,0.629429,1,0.325071,0,0.189733,0,0.001379,0
360230,2021,0,0.122087,0,0.213056,0,0.011112,0,1.1e-05,0
360234,2021,0,0.352123,0,0.038271,0,0.020879,0,0.004651,0
360236,2021,0,0.29178,0,0.019356,0,0.013278,0,0.001047,0
360239,2021,0,0.336734,0,0.102768,0,0.096299,0,0.000218,0
360241,2021,0,0.050758,0,0.044619,0,0.020238,0,0.000203,0
360242,2021,0,0.045525,0,0.156222,0,0.066097,0,0.003586,0
360245,2021,0,0.000555,0,0.179787,0,0.009096,0,5.1e-05,0
360247,2021,0,0.037855,0,0.052957,0,0.011546,0,9.8e-05,0
360259,2021,0,0.31777,0,0.105078,0,0.083165,0,0.073806,1
360262,2021,0,0.071896,0,0.01986,0,0.002553,0,0.000239,0
360263,2021,0,0.259432,0,0.153983,0,0.008192,0,0.000202,0
360266,2021,0,0.226658,0,0.140197,0,0.041275,0,0.000295,0
360270,2021,0,0.494182,0,0.089982,0,0.021488,0,0.004362,0
360276,2021,0,0.521984,1,0.01973,0,0.008082,0,9.4e-05,0
360348,2021,0,0.39078,0,0.101474,0,0.043361,0,0.004245,0
360351,2021,0,0.08186,0,0.213725,0,0.016058,0,0.000235,0
360352,2021,0,0.766937,1,0.263816,0,0.178981,0,0.008262,0
360354,2021,0,0.343583,0,0.051629,0,0.097507,0,0.022597,0
360355,2021,0,0.612628,1,0.285119,0,0.145284,0,0.049216,1
360358,2021,0,0.17466,0,0.103389,0,0.012235,0,0.000104,0
360359,2021,0,0.274299,0,0.023792,0,0.033066,0,0.000537,0
360360,2021,0,0.293831,0,0.082492,0,0.06643,0,0.011513,0
360361,2021,0,0.670492,1,0.095528,0,0.06219,0,0.01635,0
360364,2021,0,0.157236,0,0.057031,0,0.009085,0,0.000304,0
360365,2021,0,0.320372,0,0.092646,0,0.016824,0,0.016583,0
360367,2021,0,0.421956,0,0.375741,0,0.629489,1,0.001073,0
360368,2021,0,0.324166,0,0.062507,0,0.022298,0,0.000755,0
361300,2021,0,0.698114,1,0.406068,0,0.279018,0,0.012877,0
361301,2021,0,0.27071,0,0.08693,0,0.110718,0,0.004601,0
361302,2021,0,0.466369,0,0.321916,0,0.125798,0,0.043456,1
361303,2021,0,0.12548,0,0.071238,0,0.012925,0,0.001501,0
361304,2021,0,0.463657,0,0.177437,0,0.088508,0,0.025938,0
361306,2021,0,0.279232,0,0.07285,0,0.02251,0,0.062005,1
361307,2021,0,0.330437,0,0.022833,0,0.009725,0,0.006581,0
361308,2021,0,0.433534,0,0.146669,0,0.043952,0,0.067484,1
361309,2021,1,0.409605,0,0.597193,1,0.790632,1,0.255237,1
361310,2021,0,0.516136,1,0.14627,0,0.068048,0,0.193501,1
361311,2021,0,0.541738,1,0.166922,0,0.139124,0,0.005441,0
361312,2021,0,0.522296,1,0.137573,0,0.144577,0,0.063523,1
361313,2021,0,0.54752,1,0.202623,0,0.021907,0,1.3e-05,0
361314,2021,0,0.548349,1,0.350553,0,0.283851,0,0.003036,0
361315,2021,0,0.486749,0,0.222577,0,0.126863,0,0.043208,1
361316,2021,0,0.86072,1,0.151831,0,0.15573,0,0.003292,0
361318,2021,0,0.296628,0,0.241681,0,0.035512,0,0.015823,0
361319,2021,0,0.597599,1,0.247831,0,0.079857,0,0.266482,1
361320,2021,0,0.535178,1,0.165226,0,0.14884,0,0.032162,0
361321,2021,0,0.474959,0,0.229856,0,0.152735,0,0.007609,0
361322,2021,0,0.436831,0,0.159025,0,0.024206,0,0.000762,0
361323,2021,0,0.545398,1,0.107995,0,0.027646,0,0.005534,0
361324,2021,0,0.451365,0,0.121643,0,0.050033,0,0.000257,0
361325,2021,0,0.393975,0,0.184769,0,0.032382,0,4.1e-05,0
361326,2021,0,0.730491,1,0.4473,0,0.570717,1,0.13465,1
361327,2021,0,0.261239,0,0.305874,0,0.205717,0,0.009344,0
361328,2021,0,0.703427,1,0.272277,0,0.158726,0,0.013239,0
361329,2021,0,0.73388,1,0.38013,0,0.080366,0,0.084971,1
361330,2021,0,0.294802,0,0.17536,0,0.022033,0,3e-05,0
361331,2021,1,0.657721,1,0.259348,0,0.109979,0,0.070382,1
361332,2021,0,0.511781,1,0.246952,0,0.023429,0,0.008185,0
361333,2021,0,0.509791,1,0.604196,1,0.736333,1,0.008836,0
361334,2021,0,0.45739,0,0.187598,0,0.187511,0,0.011949,0
361991,2021,0,0.000144,0,0.000765,0,0.002057,0,3.7e-05,0
362004,2021,0,0.081465,0,0.000298,0,0.002054,0,0.000444,0
362015,2021,0,0.061477,0,0.014027,0,0.0134,0,0.000154,0
362016,2021,0,0.000201,0,0.00046,0,0.001588,0,4.4e-05,0
362019,2021,0,0.000147,0,0.002801,0,0.001847,0,2.8e-05,0
362020,2021,0,0.048835,0,0.000296,0,0.000303,0,1.3e-05,0
362022,2021,0,0.046818,0,0.004156,0,0.003659,0,0.000434,0
362023,2021,0,0.036536,0,4.3e-05,0,0.000732,0,7.3e-05,0
362024,2021,0,0.000136,0,0.000876,0,0.001561,0,4e-06,0
362025,2021,0,0.000279,0,0.021074,0,0.003192,0,0.000101,0
362026,2021,0,0.03734,0,0.003106,0,0.00367,0,0.000537,0
362027,2021,0,0.000111,0,0.001132,0,0.001101,0,8e-06,0
362028,2021,0,0.058661,0,0.000818,0,0.003884,0,6.1e-05,0
362029,2021,0,0.000134,0,0.008119,0,0.003585,0,2.1e-05,0
362031,2021,0,0.000171,0,0.000876,0,0.002018,0,7e-05,0
362032,2021,0,0.000288,0,0.005173,0,0.001084,0,6.9e-05,0
362033,2021,0,0.035112,0,0.002107,0,0.001789,0,5.9e-05,0
362036,2021,0,0.000288,0,0.001784,0,0.001817,0,4.4e-05,0
362037,2021,0,0.00017,0,0.00046,0,0.002268,0,3.5e-05,0
362038,2021,0,0.051108,0,0.000296,0,0.001206,0,8e-05,0
363026,2021,0,0.044479,0,0.0,0,0.002176,0,8e-06,0
363033,2021,0,0.028124,0,0.00647,0,0.008235,0,8e-06,0
363034,2021,0,0.000136,0,0.027685,0,0.00546,0,2.5e-05,0
363035,2021,0,0.021805,0,0.00187,0,0.001181,0,2e-06,0
363036,2021,0,0.027141,0,0.000416,0,0.003294,0,4e-06,0
363037,2021,0,0.000124,0,0.000522,0,0.003045,0,3e-06,0
363038,2021,0,0.000128,0,0.107223,0,0.013172,0,2.9e-05,0
363039,2021,0,7.6e-05,0,0.024846,0,0.003072,0,4e-06,0
363040,2021,0,0.000211,0,0.008961,0,0.007785,0,0.000101,0
363041,2021,0,0.000117,0,0.016624,0,0.002354,0,7e-06,0
363042,2021,0,0.025245,0,0.014102,0,0.004523,0,8e-06,0
363043,2021,0,0.000626,0,0.006405,0,0.001758,0,0.000217,0
363044,2021,0,0.000193,0,0.007269,0,0.004167,0,6.7e-05,0
363300,2021,0,0.992676,1,0.6477,1,0.452347,0,0.016425,0
363302,2021,0,0.230366,0,0.22747,0,0.210961,0,0.013786,0
363303,2021,0,0.835236,1,0.683178,1,0.259951,0,0.196281,1
363305,2021,0,0.930249,1,0.715657,1,0.511152,1,0.001262,0
363306,2021,0,0.864739,1,0.810965,1,0.917932,1,0.242145,1
364007,2021,0,0.361863,0,0.041804,0,0.013342,0,9.4e-05,0
364011,2021,0,0.248312,0,0.034616,0,0.003148,0,0.000213,0
364014,2021,0,0.478215,0,0.042742,0,0.009051,0,8.7e-05,0
364015,2021,0,0.330524,0,0.045541,0,0.007211,0,0.000208,0
364029,2021,0,0.191945,0,0.005008,0,0.003555,0,0.006702,0
364031,2021,0,0.35683,0,0.043666,0,0.012564,0,0.000207,0
364035,2021,0,0.194148,0,0.034816,0,0.007393,0,0.000156,0
364036,2021,0,0.172861,0,0.008762,0,0.002231,0,0.000207,0
364038,2021,0,0.300785,0,0.030424,0,0.005199,0,0.000286,0
364040,2021,0,0.007705,0,0.063637,0,0.008011,0,0.000661,0
364041,2021,0,0.170927,0,0.004859,0,0.002173,0,0.008071,0
364044,2021,1,0.366997,0,0.724951,1,0.962252,1,0.250984,1
364047,2021,0,0.001607,0,0.006782,0,0.002172,0,8e-06,0
364048,2021,0,0.000653,0,0.020013,0,0.01,0,3.7e-05,0
364049,2021,0,0.179461,0,0.054863,0,0.012301,0,0.000269,0
364050,2021,0,0.190939,0,0.062323,0,0.059218,0,0.010041,0
364051,2021,0,0.196446,0,0.048228,0,0.050004,0,0.000479,0
364052,2021,0,0.141939,0,0.045798,0,0.010803,0,0.000726,0
364053,2021,0,0.205273,0,0.05125,0,0.036804,0,0.000587,0
364054,2021,0,0.287141,0,0.001295,0,0.002591,0,0.000555,0
364055,2021,0,0.40659,0,0.034006,0,0.026528,0,0.005901,0
364056,2021,0,0.002987,0,0.024218,0,0.027274,0,0.001066,0
364057,2021,0,0.214967,0,0.018375,0,0.005231,0,0.001348,0
364058,2021,0,0.216474,0,0.086753,0,0.053897,0,0.062369,1
364059,2021,0,0.001383,0,0.02921,0,0.010814,0,0.00077,0
364060,2021,0,0.124091,0,0.028527,0,0.014686,0,8.4e-05,0
364061,2021,0,0.123637,0,0.076241,0,0.007069,0,5.2e-05,0
364062,2021,1,0.142507,0,0.054837,0,0.074813,0,0.002223,0
364063,2021,0,0.002165,0,0.016742,0,0.011018,0,0.00173,0
364064,2021,0,0.178753,0,0.040519,0,0.01399,0,0.000873,0
364065,2021,0,0.341575,0,0.103976,0,0.15961,0,0.011421,0
370001,2021,0,0.605864,1,0.024021,0,0.004416,0,0.001968,0
370002,2021,0,0.520785,1,0.01155,0,0.003355,0,0.009168,0
370004,2021,0,0.978963,1,0.075933,0,0.015204,0,0.001485,0
370006,2021,0,0.566861,1,0.011287,0,0.003832,0,0.0749,1
370008,2021,0,0.871019,1,0.797416,1,0.475807,0,0.105054,1
370013,2021,0,0.606789,1,0.349958,0,0.144281,0,0.006973,0
370014,2021,0,0.654286,1,0.027207,0,0.005372,0,0.0215,0
370015,2021,0,0.535254,1,0.032261,0,0.004087,0,0.008443,0
370016,2021,0,0.531066,1,0.067805,0,0.088204,0,0.00511,0
370018,2021,0,0.619878,1,0.192396,0,0.193856,0,0.01485,0
370019,2021,0,0.796955,1,0.500101,1,0.083161,0,0.004093,0
370020,2021,0,0.461195,0,0.151355,0,0.088986,0,0.000702,0
370022,2021,0,0.564967,1,0.290747,0,0.107443,0,0.013079,0
370023,2021,0,0.662352,1,0.258745,0,0.256259,0,0.175574,1
370025,2021,0,0.382971,0,0.075332,0,0.018743,0,0.004629,0
370026,2021,0,0.380785,0,0.009812,0,0.002428,0,4.1e-05,0
370028,2021,0,0.725326,1,0.385664,0,0.245241,0,0.014431,0
370029,2021,0,0.239656,0,0.014229,0,0.011552,0,0.003793,0
370030,2021,0,0.166052,0,0.024916,0,0.005257,0,0.001754,0
370034,2021,1,0.786581,1,0.705929,1,0.894705,1,0.313038,1
370037,2021,0,0.42236,0,0.144584,0,0.014734,0,2.7e-05,0
370039,2021,0,0.495416,0,0.00109,0,0.003859,0,0.001199,0
370041,2021,0,0.082213,0,0.030558,0,0.006126,0,0.000404,0
370047,2021,0,0.146874,0,0.08314,0,0.050592,0,0.000255,0
370049,2021,0,0.846102,1,0.583295,1,0.415722,0,0.012046,0
370054,2021,0,0.485226,0,0.471412,0,0.433829,0,0.001596,0
370056,2021,0,0.631582,1,0.224776,0,0.066674,0,6.3e-05,0
370057,2021,0,4e-06,0,0.163826,0,0.043734,0,0.003685,0
370078,2021,0,0.425982,0,0.252577,0,0.088755,0,0.00097,0
370083,2021,0,0.444602,0,0.376345,0,0.512145,1,0.151164,1
370089,2021,0,0.587577,1,0.217922,0,0.120639,0,0.001259,0
370091,2021,0,0.7293,1,0.256044,0,0.082727,0,0.008351,0
370093,2021,0,0.999999,1,0.174467,0,0.119128,0,0.003687,0
370094,2021,0,0.430677,0,0.031456,0,0.009765,0,0.005697,0
370097,2021,0,0.080957,0,0.01563,0,0.017507,0,2e-06,0
370099,2021,0,0.291444,0,0.094235,0,0.095687,0,0.008807,0
370100,2021,0,0.349515,0,0.212437,0,0.308162,0,0.596189,1
370106,2021,0,0.209435,0,0.096925,0,0.008857,0,0.00131,0
370112,2021,0,0.324404,0,0.171842,0,0.235739,0,0.039768,1
370113,2021,0,0.516452,1,0.031583,0,0.045796,0,0.182207,1
370114,2021,0,0.381862,0,0.115631,0,0.047876,0,0.036098,1
370139,2021,0,0.172468,0,0.019424,0,0.00647,0,0.002791,0
370149,2021,0,0.672768,1,0.059431,0,0.01666,0,0.168212,1
370153,2021,0,0.150156,0,0.142333,0,0.124143,0,0.001719,0
370158,2021,0,0.322456,0,0.22289,0,0.013405,0,0.003492,0
370166,2021,0,0.316227,0,0.254897,0,0.371693,0,0.042842,1
370170,2021,0,0.623656,1,0.251818,0,0.168957,0,0.002972,0
370171,2021,0,0.188049,0,0.146159,0,0.061889,0,0.002587,0
370172,2021,1,0.653515,1,0.653856,1,0.880355,1,0.145682,1
370173,2021,0,0.342932,0,0.360723,0,0.203988,0,0.00473,0
370178,2021,0,0.441861,0,0.090843,0,0.032239,0,0.082044,1
370180,2021,0,0.509853,1,0.480597,0,0.254902,0,0.026746,0
370183,2021,0,0.295332,0,0.085289,0,0.028272,0,0.007571,0
370192,2021,0,0.441047,0,0.177521,0,0.038203,0,0.002193,0
370199,2021,0,0.336615,0,0.115394,0,0.148279,0,0.00275,0
370201,2021,0,0.594043,1,0.155451,0,0.015121,0,0.004832,0
370202,2021,0,0.487705,0,0.01709,0,0.003097,0,0.000373,0
370203,2021,0,0.618536,1,0.12604,0,0.026387,0,0.000997,0
370206,2021,1,0.517553,1,0.31249,0,0.346012,0,0.38538,1
370210,2021,0,0.407522,0,0.201169,0,0.056227,0,0.000917,0
370211,2021,0,0.244472,0,0.048362,0,0.015572,0,0.019155,0
370212,2021,0,0.626392,1,0.115904,0,0.024856,0,0.000188,0
370214,2021,0,0.483574,0,0.15547,0,0.052046,0,0.00749,0
370215,2021,0,0.314705,0,0.231207,0,0.059142,0,1.4e-05,0
370216,2021,0,0.5694,1,0.096843,0,0.100277,0,0.001151,0
370218,2021,0,0.205307,0,0.021867,0,0.009902,0,0.000161,0
370220,2021,0,0.284952,0,0.141235,0,0.034547,0,0.00834,0
370222,2021,0,0.361126,0,0.356111,0,0.15858,0,0.001385,0
370225,2021,0,0.474512,0,0.156572,0,0.034908,0,0.000562,0
370227,2021,0,0.475008,0,0.05323,0,0.004979,0,0.000538,0
370228,2021,0,0.438479,0,0.009615,0,0.001723,0,0.003551,0
370229,2021,0,0.147902,0,0.012955,0,0.005595,0,0.001988,0
370234,2021,0,0.392454,0,0.353421,0,0.138598,0,0.000139,0
370235,2021,0,0.558791,1,0.020567,0,0.007704,0,9.3e-05,0
370236,2021,0,0.301586,0,0.068902,0,0.022762,0,0.038485,1
370237,2021,0,0.229426,0,0.038871,0,0.012412,0,0.003211,0
370240,2021,0,0.32331,0,0.109314,0,0.04618,0,0.024726,0
370243,2021,0,0.70578,1,0.123203,0,0.00601,0,0.012347,0
371300,2021,0,0.324582,0,0.209847,0,0.388122,0,0.026066,0
371301,2021,1,0.48562,0,0.268896,0,0.563278,1,0.028461,0
371302,2021,0,0.427307,0,0.111859,0,0.069144,0,0.002612,0
371303,2021,0,0.400664,0,0.227133,0,0.420343,0,0.005902,0
371304,2021,0,0.266077,0,0.075371,0,0.005346,0,0.009314,0
371305,2021,0,0.484561,0,0.137899,0,0.02908,0,0.002144,0
371306,2021,0,0.542707,1,0.288434,0,0.18343,0,0.040573,1
371307,2021,0,0.66025,1,0.27457,0,0.209495,0,0.03233,0
371309,2021,0,0.23351,0,0.096312,0,0.026052,0,0.002349,0
371310,2021,0,0.37359,0,0.07427,0,0.008761,0,0.001107,0
371311,2021,0,0.640036,1,0.100145,0,0.053511,0,0.092107,1
371312,2021,0,0.353726,0,0.098971,0,0.03024,0,0.000272,0
371313,2021,0,0.456603,0,0.100381,0,0.016067,0,0.004976,0
371314,2021,0,0.474636,0,0.138399,0,0.103763,0,0.000425,0
371316,2021,0,0.153558,0,0.098394,0,0.018181,0,0.00018,0
371317,2021,0,0.633934,1,0.095791,0,0.003079,0,0.003767,0
371318,2021,0,0.237818,0,0.095,0,0.024393,0,0.000872,0
371319,2021,0,0.383794,0,0.313287,0,0.643047,1,0.011655,0
371320,2021,0,0.255329,0,0.206247,0,0.213341,0,0.005186,0
371321,2021,0,0.275794,0,0.200163,0,0.052155,0,0.004966,0
371322,2021,0,0.612068,1,0.295352,0,0.066128,0,0.099412,1
371323,2021,0,0.620281,1,0.23558,0,0.106174,0,0.003568,0
371324,2021,0,0.156592,0,0.143473,0,0.058563,0,0.001731,0
371325,2021,0,0.561562,1,0.328112,0,0.145292,0,0.181353,1
371326,2021,0,0.428087,0,0.114003,0,0.050659,0,0.011545,0
371327,2021,0,0.645304,1,0.420592,0,0.181076,0,0.159951,1
371328,2021,1,0.322855,0,0.543447,1,0.777289,1,0.078096,1
371329,2021,0,0.313651,0,0.281599,0,0.037678,0,0.001819,0
371330,2021,0,0.326778,0,0.147718,0,0.090134,0,0.007867,0
371331,2021,0,0.472482,0,0.205269,0,0.246152,0,0.017965,0
371332,2021,0,0.431436,0,0.204939,0,0.196561,0,0.006743,0
371333,2021,0,3e-06,0,0.147074,0,0.005453,0,0.003558,0
371334,2021,0,0.340024,0,0.206448,0,0.112195,0,0.004582,0
371335,2021,0,0.242829,0,0.133441,0,0.01353,0,2.5e-05,0
371336,2021,0,0.48759,0,0.380217,0,0.11834,0,0.049717,1
371337,2021,0,0.492709,0,0.298453,0,0.056282,0,0.007183,0
371338,2021,0,0.421656,0,0.087134,0,0.14795,0,0.008685,0
371340,2021,0,0.316444,0,0.253032,0,0.298376,0,0.001763,0
371341,2021,0,0.577347,1,0.453151,0,0.264953,0,0.129107,1
371342,2021,0,0.590199,1,0.265157,0,0.265642,0,0.00097,0
372004,2021,0,0.03055,0,0.000296,0,0.001282,0,2.6e-05,0
372005,2021,0,0.000107,0,0.000644,0,0.000461,0,1.5e-05,0
372007,2021,0,0.000229,0,0.013615,0,0.003222,0,0.00022,0
372009,2021,0,0.0001,0,0.001919,0,0.001487,0,3e-06,0
372012,2021,0,0.048249,0,0.000503,0,0.000839,0,0.000131,0
372018,2021,0,0.032819,0,0.000965,0,0.003877,0,5e-06,0
372019,2021,0,0.043127,0,4.3e-05,0,0.000933,0,3.4e-05,0
372022,2021,0,0.03093,0,0.001557,0,0.00304,0,3e-06,0
372023,2021,0,0.0,0,0.006266,0,0.000979,0,0.003558,0
373025,2021,0,0.011229,0,0.001305,0,0.001594,0,7e-06,0
373033,2021,0,0.027272,0,0.010525,0,0.003815,0,1e-06,0
373034,2021,0,9.3e-05,0,0.038939,0,0.005705,0,2e-06,0
373035,2021,0,0.021812,0,0.00142,0,0.00374,0,2e-06,0
373036,2021,0,0.000336,0,0.0048,0,0.003768,0,0.000125,0
374000,2021,0,0.000711,0,0.105934,0,0.030516,0,1.8e-05,0
374001,2021,0,0.606236,1,0.054339,0,0.053033,0,0.001136,0
374006,2021,0,0.535397,1,0.131166,0,0.075799,0,0.00148,0
374008,2021,0,0.424857,0,0.057888,0,0.011992,0,0.001406,0
374012,2021,0,0.224599,0,0.054425,0,0.006453,0,0.002426,0
374016,2021,0,0.131969,0,0.001671,0,0.000754,0,0.000665,0
374020,2021,0,0.255976,0,0.035112,0,0.016306,0,0.002458,0
374021,2021,0,0.175757,0,0.070147,0,0.060987,0,0.008466,0
374023,2021,0,0.200878,0,0.003033,0,0.00288,0,0.010436,0
374025,2021,0,0.149083,0,0.054895,0,0.026804,0,0.000217,0
374026,2021,0,0.213678,0,0.015384,0,0.003873,0,1.6e-05,0
380001,2021,0,0.678931,1,0.431073,0,0.438522,0,0.00162,0
380002,2021,0,0.394079,0,0.035135,0,0.03109,0,0.011776,0
380004,2021,0,0.397643,0,0.164743,0,0.079299,0,0.006109,0
380005,2021,0,0.527413,1,0.131413,0,0.062779,0,0.027498,0
380007,2021,0,0.30855,0,0.070485,0,0.010367,0,0.000852,0
380009,2021,0,0.850017,1,0.471421,0,0.226115,0,0.01265,0
380014,2021,0,0.626064,1,0.109726,0,0.037214,0,0.107823,1
380017,2021,0,0.49468,0,0.149287,0,0.023709,0,0.083528,1
380018,2021,0,0.265601,0,0.055515,0,0.02752,0,0.001229,0
380020,2021,0,0.653353,1,0.108528,0,0.030483,0,0.00162,0
380021,2021,0,0.633831,1,0.388237,0,0.168016,0,0.157349,1
380022,2021,0,0.656257,1,0.15246,0,0.029825,0,0.000245,0
380025,2021,0,0.408574,0,0.165093,0,0.01482,0,0.00272,0
380027,2021,0,0.840767,1,0.140081,0,0.022344,0,0.015776,0
380029,2021,0,0.074404,0,0.118282,0,0.003141,0,0.000152,0
380033,2021,0,0.170703,0,0.142681,0,0.046996,0,0.000328,0
380037,2021,0,0.25392,0,0.089248,0,0.031325,0,0.032888,0
380038,2021,0,0.289064,0,0.107315,0,0.014427,0,0.000353,0
380040,2021,0,6e-06,0,0.051243,0,0.006501,0,0.002898,0
380047,2021,0,0.0,0,0.046447,0,0.018328,0,0.003565,0
380050,2021,1,0.755045,1,0.771284,1,0.917893,1,0.532996,1
380051,2021,0,0.82322,1,0.599989,1,0.733118,1,0.376107,1
380052,2021,0,0.643325,1,0.420957,0,0.302768,0,0.011866,0
380056,2021,0,0.597082,1,0.493653,0,0.200104,0,0.000834,0
380060,2021,0,0.633855,1,0.365648,0,0.250012,0,0.075819,1
380061,2021,0,0.310815,0,0.168338,0,0.033719,0,0.030258,0
380071,2021,0,0.076176,0,0.021569,0,0.002478,0,0.002227,0
380075,2021,0,0.595334,1,0.126132,0,0.04934,0,0.005201,0
380082,2021,0,0.332068,0,0.093356,0,0.006471,0,9e-06,0
380089,2021,0,0.447675,0,0.083938,0,0.007254,0,0.002524,0
380090,2021,0,0.73261,1,0.227854,0,0.095124,0,0.041414,1
380091,2021,0,0.151231,0,0.092916,0,0.023675,0,0.018611,0
380102,2021,0,0.565682,1,0.144363,0,0.2371,0,0.048888,1
380103,2021,0,0.291117,0,0.165862,0,0.016914,0,0.003287,0
381301,2021,0,0.459053,0,0.187472,0,0.089114,0,0.000504,0
381302,2021,0,0.506301,1,0.116432,0,0.018029,0,0.00625,0
381303,2021,0,0.594925,1,0.187331,0,0.011736,0,0.004194,0
381304,2021,0,0.437027,0,0.268698,0,0.036564,0,0.004767,0
381305,2021,0,0.618768,1,0.263646,0,0.202234,0,0.01091,0
381306,2021,0,0.663832,1,0.311257,0,0.21092,0,0.00098,0
381307,2021,0,0.722172,1,0.191692,0,0.081415,0,0.000759,0
381308,2021,0,0.665042,1,0.10717,0,0.027312,0,0.001966,0
381309,2021,0,0.665982,1,0.431208,0,0.270511,0,0.089501,1
381310,2021,0,0.419437,0,0.248675,0,0.176499,0,0.108867,1
381311,2021,0,0.685881,1,0.267873,0,0.093109,0,0.002492,0
381312,2021,0,0.771149,1,0.510311,1,0.584396,1,0.089079,1
381313,2021,0,0.006561,0,0.043909,0,0.001753,0,0.000666,0
381314,2021,0,0.517949,1,0.222179,0,0.258268,0,0.00797,0
381315,2021,0,0.450888,0,0.227704,0,0.067891,0,0.00387,0
381316,2021,0,0.330769,0,0.126119,0,0.033533,0,0.002278,0
381317,2021,0,0.612189,1,0.246079,0,0.028396,0,0.265224,1
381318,2021,0,0.574583,1,0.160643,0,0.129675,0,0.009356,0
381319,2021,0,0.649713,1,0.278352,0,0.154569,0,0.002785,0
381320,2021,0,0.342444,0,0.366491,0,0.383984,0,0.022994,0
381321,2021,0,0.773673,1,0.349696,0,0.066028,0,0.000214,0
381322,2021,0,0.636608,1,0.558797,1,0.35854,0,0.908209,1
381323,2021,0,0.47579,0,0.151706,0,0.002653,0,0.01605,0
381324,2021,0,0.029306,0,0.103934,0,0.037207,0,0.000708,0
381325,2021,0,0.518982,1,0.238359,0,0.105153,0,7.3e-05,0
382004,2021,0,0.03587,0,0.002046,0,0.001853,0,1.2e-05,0
384008,2021,0,0.00154,0,0.003668,0,0.004136,0,1.9e-05,0
384012,2021,0,0.20617,0,0.017383,0,0.008523,0,0.000259,0
390001,2021,0,0.50049,1,0.127472,0,0.036954,0,0.014528,0
390002,2021,0,0.496905,0,0.063372,0,0.014531,0,0.005219,0
390003,2021,0,0.199858,0,0.077367,0,0.003408,0,4.2e-05,0
390004,2021,0,0.17633,0,0.122416,0,0.02534,0,7.2e-05,0
390006,2021,0,0.849929,1,0.299784,0,0.58341,1,0.00094,0
390009,2021,0,0.660507,1,0.193325,0,0.10231,0,0.038992,1
390012,2021,0,0.588929,1,0.229255,0,0.404042,0,0.060543,1
390013,2021,0,0.82508,1,0.386225,0,0.253198,0,0.000929,0
390016,2021,0,0.558186,1,0.051657,0,0.016351,0,0.003362,0
390025,2021,0,0.093803,0,0.105493,0,0.02521,0,0.000306,0
390026,2021,0,0.470621,0,0.031423,0,0.018547,0,0.000838,0
390027,2021,1,0.874159,1,0.606299,1,0.71202,1,0.009188,0
390028,2021,0,0.243397,0,0.070778,0,0.019152,0,0.009678,0
390030,2021,0,0.540175,1,0.169914,0,0.140478,0,0.057436,1
390032,2021,0,0.436442,0,0.078009,0,0.020395,0,0.00104,0
390035,2021,0,0.331866,0,0.062206,0,0.015492,0,0.004888,0
390036,2021,0,0.596023,1,0.246529,0,0.076314,0,0.004505,0
390037,2021,0,0.426397,0,0.355688,0,0.17725,0,0.000477,0
390039,2021,0,0.425989,0,0.119664,0,0.208918,0,0.046248,1
390041,2021,0,0.500097,1,0.230643,0,0.053569,0,0.003738,0
390042,2021,0,0.672792,1,0.554968,1,0.627332,1,0.064097,1
390044,2021,0,0.821772,1,0.066671,0,0.132316,0,0.001201,0
390045,2021,0,0.503955,1,0.052078,0,0.009075,0,0.009715,0
390046,2021,0,0.540477,1,0.284637,0,0.396115,0,0.012291,0
390048,2021,0,0.511575,1,0.08104,0,0.097754,0,0.002685,0
390049,2021,0,0.56698,1,0.584931,1,0.340386,0,0.000531,0
390050,2021,0,0.715251,1,0.098396,0,0.044524,0,0.003557,0
390056,2021,0,0.443095,0,0.191744,0,0.189505,0,0.045882,1
390057,2021,0,0.658967,1,0.487782,0,0.528258,1,0.259647,1
390058,2021,0,0.321113,0,0.077416,0,0.033236,0,0.004499,0
390062,2021,0,0.389645,0,0.131774,0,0.017912,0,0.004093,0
390063,2021,0,0.747972,1,0.098848,0,0.054852,0,0.217917,1
390065,2021,0,0.794357,1,0.208521,0,0.020167,0,0.013977,0
390066,2021,0,0.450354,0,0.061852,0,0.02582,0,0.021592,0
390067,2021,0,0.60992,1,0.02851,0,0.081429,0,0.001894,0
390068,2021,0,0.594823,1,0.15824,0,0.125748,0,0.025674,0
390070,2021,0,0.056745,0,0.09299,0,0.042893,0,4.9e-05,0
390071,2021,0,0.20116,0,0.015767,0,0.01589,0,0.002496,0
390072,2021,0,0.079246,0,0.032173,0,0.010717,0,0.000115,0
390073,2021,0,0.605375,1,0.071833,0,0.0415,0,0.024111,0
390076,2021,0,0.078386,0,0.032456,0,0.007246,0,0.000468,0
390079,2021,0,0.515633,1,0.127794,0,0.117063,0,0.022159,0
390081,2021,0,0.09324,0,0.032639,0,0.008918,0,0.00028,0
390086,2021,0,0.715589,1,0.531792,1,0.512842,1,0.05191,1
390090,2021,0,0.613771,1,0.091204,0,0.00874,0,7.2e-05,0
390091,2021,0,0.595344,1,0.032595,0,0.068505,0,0.003434,0
390093,2021,0,0.400607,0,0.206281,0,0.043852,0,0.006748,0
390096,2021,0,0.493251,0,0.10677,0,0.062017,0,0.015283,0
390097,2021,0,0.602922,1,0.079434,0,0.091248,0,0.035112,1
390100,2021,0,0.723288,1,0.509906,1,0.219623,0,0.00186,0
390101,2021,0,0.662411,1,0.080469,0,0.027143,0,0.012473,0
390102,2021,0,0.562258,1,0.037912,0,0.01118,0,0.000741,0
390104,2021,0,0.265154,0,0.06182,0,0.058749,0,0.006894,0
390107,2021,0,0.436827,0,0.042492,0,0.006452,0,0.003819,0
390110,2021,0,0.532818,1,0.191789,0,0.165333,0,0.004073,0
390111,2021,0,0.573305,1,0.44506,0,0.058877,0,0.009371,0
390112,2021,0,0.422487,0,0.338547,0,0.182066,0,0.002366,0
390113,2021,0,0.821858,1,0.541655,1,0.610128,1,0.214783,1
390114,2021,0,0.859931,1,0.05107,0,0.065646,0,0.007232,0
390115,2021,0,0.497944,0,0.470921,0,0.226852,0,0.013694,0
390116,2021,0,0.328006,0,0.067014,0,0.028102,0,0.00121,0
390117,2021,0,0.543219,1,0.059545,0,0.018691,0,0.001511,0
390119,2021,0,0.07147,0,0.019023,0,0.003709,0,0.000138,0
390123,2021,0,0.562153,1,0.080879,0,0.019001,0,0.010428,0
390125,2021,0,0.677345,1,0.430461,0,0.418298,0,0.112175,1
390127,2021,0,0.432387,0,0.05636,0,0.018513,0,0.017643,0
390133,2021,0,0.87456,1,0.378182,0,0.056315,0,0.043988,1
390137,2021,0,0.516647,1,0.020023,0,0.01123,0,6.3e-05,0
390138,2021,0,0.054594,0,0.172096,0,0.024247,0,0.000176,0
390139,2021,0,0.511578,1,0.097441,0,0.026618,0,0.023965,0
390142,2021,0,0.88237,1,0.402048,0,0.318661,0,0.100227,1
390145,2021,0,0.574918,1,0.122609,0,0.007664,0,0.000326,0
390146,2021,1,0.645304,1,0.479435,0,0.654,1,0.187264,1
390147,2021,0,0.592184,1,0.355441,0,0.379203,0,0.071224,1
390150,2021,0,0.360381,0,0.375754,0,0.315682,0,0.048738,1
390151,2021,0,0.305982,0,0.136236,0,0.041575,0,0.006841,0
390153,2021,0,0.264726,0,0.166846,0,0.021168,0,0.003355,0
390156,2021,0,0.482406,0,0.047781,0,0.011449,0,3.3e-05,0
390157,2021,0,0.096263,0,0.096213,0,0.013533,0,0.000403,0
390160,2021,0,0.380949,0,0.030763,0,0.001785,0,0.004767,0
390162,2021,0,0.306794,0,0.058489,0,0.002328,0,0.002041,0
390163,2021,0,0.406722,0,0.320598,0,0.196758,0,0.000407,0
390164,2021,0,0.999899,1,0.065192,0,0.038076,0,0.003687,0
390168,2021,0,0.473145,0,0.415511,0,0.411973,0,0.047145,1
390173,2021,0,0.79136,1,0.3462,0,0.237375,0,0.19279,1
390174,2021,1,0.748765,1,0.799434,1,0.80453,1,0.245328,1
390178,2021,0,0.59883,1,0.058438,0,0.026777,0,0.020261,0
390179,2021,0,0.715483,1,0.11919,0,0.039912,0,0.015684,0
390180,2021,0,0.312411,0,0.129293,0,0.007432,0,0.099784,1
390183,2021,0,0.150784,0,0.031919,0,0.054722,0,0.004906,0
390184,2021,0,0.393775,0,0.275557,0,0.173761,0,0.000684,0
390185,2021,0,0.600279,1,0.218186,0,0.03766,0,0.003045,0
390192,2021,0,0.170451,0,0.01145,0,0.002359,0,0.001145,0
390195,2021,0,0.405902,0,0.51895,1,0.199999,0,0.025646,0
390196,2021,0,0.095435,0,0.26956,0,0.106148,0,5.6e-05,0
390198,2021,0,0.154286,0,0.231507,0,0.078932,0,0.000329,0
390199,2021,0,0.657156,1,0.491247,0,0.355508,0,0.257816,1
390201,2021,0,0.447691,0,0.181439,0,0.089076,0,0.022643,0
390203,2021,0,0.547852,1,0.316182,0,0.392385,0,0.015144,0
390204,2021,0,0.361097,0,0.062334,0,0.056336,0,0.003383,0
390211,2021,0,0.370541,0,0.058997,0,0.015898,0,0.000377,0
390217,2021,0,0.29243,0,0.134101,0,0.01922,0,0.000719,0
390219,2021,0,0.510696,1,0.087949,0,0.02371,0,0.007791,0
390220,2021,0,0.06224,0,0.003748,0,0.001311,0,0.000113,0
390222,2021,0,0.613324,1,0.106886,0,0.052234,0,0.069835,1
390223,2021,0,0.209108,0,0.506635,1,0.602373,1,0.001748,0
390225,2021,0,0.351589,0,0.129031,0,0.051799,0,0.005566,0
390226,2021,0,0.571304,1,0.466262,0,0.329938,0,0.001361,0
390228,2021,0,0.532127,1,0.142247,0,0.040805,0,0.013419,0
390231,2021,0,0.699336,1,0.808579,1,0.847634,1,0.03005,0
390233,2021,0,0.550191,1,0.133591,0,0.077798,0,0.018326,0
390237,2021,0,0.54313,1,0.040133,0,0.002932,0,0.000247,0
390256,2021,0,0.65267,1,0.495954,0,0.4712,0,0.001681,0
390258,2021,0,0.551433,1,0.162243,0,0.103851,0,0.008442,0
390265,2021,0,0.567292,1,0.116486,0,0.051596,0,0.009733,0
390266,2021,0,0.365956,0,0.244724,0,0.072452,0,0.006087,0
390267,2021,0,0.420432,0,0.031337,0,0.007675,0,0.003164,0
390268,2021,0,0.557912,1,0.238438,0,0.070489,0,0.05281,1
390270,2021,0,0.523811,1,0.106049,0,0.171423,0,0.001161,0
390272,2021,0,0.028148,0,0.042777,0,0.013545,0,0.00053,0
390278,2021,0,1.9e-05,0,0.226103,0,0.001802,0,0.000112,0
390304,2021,0,0.272501,0,0.073368,0,0.079544,0,0.001368,0
390307,2021,0,0.420492,0,0.173455,0,0.099132,0,0.045929,1
390314,2021,0,0.135474,0,0.02097,0,0.002153,0,9.1e-05,0
390316,2021,0,0.434097,0,0.092472,0,0.006053,0,0.000975,0
390321,2021,0,0.189754,0,0.09009,0,0.008071,0,0.000317,0
390322,2021,0,0.236951,0,0.083761,0,0.017038,0,0.000259,0
390323,2021,0,0.476788,0,0.271343,0,0.151188,0,0.005571,0
390324,2021,0,0.013284,0,0.07058,0,0.002283,0,0.000266,0
390325,2021,0,0.398438,0,0.314171,0,0.045207,0,0.000199,0
390326,2021,0,0.243869,0,0.059226,0,0.002338,0,3.5e-05,0
390327,2021,0,0.218424,0,0.257581,0,0.038279,0,5.5e-05,0
390328,2021,0,0.358343,0,0.030505,0,0.007258,0,0.002514,0
390329,2021,0,0.579726,1,0.22835,0,0.254088,0,0.079819,1
390330,2021,0,0.204048,0,0.039348,0,0.014039,0,0.000138,0
390331,2021,0,0.344907,0,0.20081,0,0.088517,0,0.006311,0
390332,2021,0,0.040772,0,0.086326,0,0.007687,0,9e-06,0
390333,2021,0,0.385242,0,0.085942,0,0.009093,0,0.009463,0
391300,2021,0,0.294657,0,0.276176,0,0.026919,0,0.026174,0
391301,2021,0,0.333178,0,0.075274,0,0.020103,0,0.035653,1
391302,2021,0,0.41993,0,0.20245,0,0.042268,0,0.02209,0
391303,2021,0,0.505672,1,0.472445,0,0.487438,0,0.073069,1
391304,2021,0,0.366809,0,0.196232,0,0.225235,0,0.011979,0
391305,2021,0,0.283476,0,0.151834,0,0.041821,0,0.014655,0
391306,2021,0,0.590773,1,0.305048,0,0.440235,0,0.081405,1
391307,2021,0,0.489285,0,0.306277,0,0.076871,0,0.009616,0
391308,2021,0,0.480274,0,0.418803,0,0.522581,1,0.002554,0
391309,2021,0,0.383469,0,0.310414,0,0.260998,0,0.024347,0
391312,2021,0,0.499892,0,0.356417,0,0.24238,0,0.003328,0
391313,2021,0,0.670785,1,0.201394,0,0.192041,0,0.06114,1
391314,2021,0,0.414139,0,0.155082,0,0.128494,0,0.181182,1
391315,2021,0,0.475921,0,0.361084,0,0.160962,0,0.006761,0
391316,2021,0,0.611205,1,0.050023,0,0.028625,0,0.008003,0
391317,2021,0,0.31402,0,0.230855,0,0.06488,0,0.002047,0
392025,2021,0,0.046789,0,0.000402,0,0.001714,0,8.8e-05,0
392027,2021,0,0.034895,0,0.016098,0,0.006866,0,0.000201,0
392028,2021,0,0.04094,0,0.003065,0,0.001825,0,0.000111,0
392031,2021,0,0.000152,0,0.00046,0,0.002285,0,2.1e-05,0
392033,2021,0,0.040905,0,0.001331,0,0.000521,0,0.000215,0
392036,2021,0,0.000222,0,0.000207,0,0.003521,0,3.7e-05,0
392037,2021,0,0.000109,0,0.000818,0,0.001599,0,2.4e-05,0
392039,2021,0,0.000149,0,0.009715,0,0.002499,0,7.3e-05,0
392043,2021,0,0.068595,0,0.006274,0,0.002225,0,0.000209,0
392044,2021,0,0.000185,0,0.001437,0,0.001197,0,3.3e-05,0
392045,2021,0,0.000236,0,0.009627,0,0.001257,0,0.000108,0
392047,2021,0,0.000157,0,0.000402,0,0.001246,0,6.5e-05,0
392050,2021,0,0.23108,0,0.169546,0,0.066403,0,0.007233,0
393025,2021,0,0.054073,0,0.12441,0,0.113609,0,0.000326,0
393026,2021,0,0.029914,0,0.000273,0,0.001797,0,8e-06,0
393027,2021,0,0.040385,0,0.009175,0,0.003109,0,0.000597,0
393030,2021,0,0.070927,0,0.027851,0,0.005111,0,0.000225,0
393031,2021,0,0.027478,0,0.042404,0,0.005992,0,7e-06,0
393035,2021,0,0.079076,0,0.141447,0,0.009525,0,0.003096,0
393036,2021,0,0.082436,0,0.04914,0,0.009456,0,0.000251,0
393037,2021,0,0.036204,0,0.009524,0,0.003111,0,5e-06,0
393038,2021,0,0.045568,0,0.037452,0,0.038537,0,0.000551,0
393039,2021,0,0.031033,0,0.015518,0,0.002806,0,9e-06,0
393040,2021,0,0.027647,0,0.012236,0,0.006514,0,1e-05,0
393045,2021,0,0.021702,0,0.007052,0,0.003947,0,2e-06,0
393046,2021,0,0.027228,0,0.013675,0,0.006506,0,1.2e-05,0
393047,2021,0,0.052699,0,0.062689,0,0.027121,0,0.00016,0
393053,2021,0,0.026515,0,0.002953,0,0.004721,0,9e-06,0
393054,2021,0,0.021809,0,0.006146,0,0.000878,0,4e-06,0
393055,2021,0,0.018959,0,0.000459,0,0.002711,0,1e-06,0
393056,2021,0,0.000105,0,0.002915,0,0.002981,0,4e-06,0
393302,2021,0,0.796593,1,0.249939,0,0.19411,0,0.008151,0
393303,2021,0,0.978144,1,0.732511,1,0.888462,1,0.024024,0
393307,2021,0,0.80606,1,0.066221,0,0.041457,0,0.025365,0
394001,2021,0,0.234169,0,0.046303,0,0.023857,0,0.000136,0
394004,2021,0,0.262568,0,0.042758,0,0.012835,0,0.00014,0
394008,2021,0,0.000831,0,0.002784,0,0.001903,0,0.000306,0
394012,2021,0,0.36107,0,0.046609,0,0.020153,0,0.000182,0
394014,2021,0,0.218043,0,0.03402,0,0.00936,0,0.000131,0
394016,2021,0,0.37097,0,0.044974,0,0.020126,0,0.000139,0
394020,2021,0,0.307296,0,0.083355,0,0.021179,0,0.001681,0
394023,2021,0,0.250282,0,0.039275,0,0.053876,0,0.002202,0
394026,2021,0,0.229151,0,0.045721,0,0.008,0,0.000128,0
394027,2021,0,0.174198,0,0.010584,0,0.006208,0,0.012619,0
394033,2021,0,0.09278,0,0.046514,0,0.011449,0,0.000787,0
394034,2021,0,0.334048,0,0.014845,0,0.007835,0,0.000709,0
394039,2021,0,0.041727,0,0.002814,0,0.004767,0,0.000305,0
394040,2021,0,0.001719,0,0.007196,0,0.003274,0,0.00019,0
394043,2021,0,0.335098,0,0.004785,0,0.002135,0,0.001682,0
394049,2021,0,0.001387,0,0.003638,0,0.006456,0,0.012622,0
394050,2021,0,0.071383,0,0.009342,0,0.000649,0,0.000432,0
394051,2021,0,0.391896,0,0.115574,0,0.066525,0,0.000371,0
394052,2021,0,0.146915,0,0.003162,0,0.001341,0,0.000166,0
394053,2021,0,0.001034,0,0.008407,0,0.002772,0,0.000238,0
394054,2021,0,0.021733,0,0.003084,0,0.001009,0,9.2e-05,0
394055,2021,0,0.183192,0,0.051066,0,0.034683,0,0.142538,1
394056,2021,0,0.229816,0,0.048929,0,0.053825,0,0.035799,1
394057,2021,0,0.001125,0,0.033645,0,0.021759,0,0.000356,0
400001,2021,0,0.438845,0,0.208831,0,0.038536,0,0.001259,0
400003,2021,0,0.214086,0,0.212201,0,0.041153,0,0.000501,0
400004,2021,0,0.226436,0,0.127704,0,0.030558,0,0.000281,0
400005,2021,0,0.202359,0,0.161557,0,0.057475,0,0.000116,0
400006,2021,0,0.909855,1,0.128862,0,0.069315,0,0.001123,0
400007,2021,0,0.449237,0,0.214671,0,0.129782,0,0.004821,0
400010,2021,0,0.351486,0,0.229698,0,0.031038,0,0.000193,0
400011,2021,0,0.125998,0,0.102614,0,0.02038,0,1e-06,0
400012,2021,0,0.241478,0,0.186164,0,0.211176,0,0.000544,0
400013,2021,0,0.463831,0,0.161802,0,0.082172,0,0.000524,0
400014,2021,0,0.124522,0,0.206046,0,0.143625,0,0.000127,0
400015,2021,0,0.45113,0,0.100745,0,0.019092,0,0.000596,0
400016,2021,0,0.376413,0,0.108407,0,0.008099,0,0.000124,0
400018,2021,0,0.392625,0,0.235071,0,0.115291,0,0.000194,0
400019,2021,0,0.910939,1,0.201779,0,0.088062,0,0.003955,0
400021,2021,0,0.457371,0,0.304138,0,0.018015,0,0.001487,0
400022,2021,0,0.294628,0,0.19994,0,0.037714,0,0.000361,0
400032,2021,0,0.057334,0,0.152651,0,0.130892,0,0.003352,0
400044,2021,0,0.389129,0,0.124645,0,0.00564,0,1.1e-05,0
400048,2021,0,0.193682,0,0.211043,0,0.035124,0,0.000486,0
400061,2021,0,0.100122,0,0.089564,0,0.003443,0,0.0033,0
400079,2021,0,0.259985,0,0.147497,0,0.03132,0,0.004928,0
400087,2021,0,0.070397,0,0.198275,0,0.019653,0,0.003487,0
400098,2021,0,0.189369,0,0.219749,0,0.03683,0,0.00362,0
400102,2021,0,0.058627,0,0.166603,0,0.092728,0,3.2e-05,0
400103,2021,0,0.09001,0,0.205579,0,0.160355,0,0.000341,0
400104,2021,0,0.045997,0,0.155257,0,0.008606,0,0.000113,0
400105,2021,0,0.148289,0,0.072771,0,0.009659,0,0.000444,0
400106,2021,0,0.273691,0,0.25724,0,0.048837,0,0.00049,0
400109,2021,0,0.33023,0,0.114937,0,0.015346,0,0.000415,0
400110,2021,0,0.244084,0,0.185081,0,0.075989,0,0.006069,0
400111,2021,0,0.339953,0,0.191795,0,0.071322,0,0.002092,0
400112,2021,0,0.210352,0,0.149517,0,0.027793,0,0.000866,0
400113,2021,0,0.29412,0,0.10495,0,0.012176,0,0.000591,0
400114,2021,0,0.037793,0,0.202809,0,0.024895,0,0.001125,0
400115,2021,0,0.091964,0,0.119844,0,0.056502,0,0.003999,0
400117,2021,0,0.015264,0,0.170749,0,0.020725,0,2.1e-05,0
400118,2021,0,0.003035,0,0.121516,0,0.018527,0,0.000767,0
400120,2021,0,0.767246,1,0.102309,0,0.086802,0,0.003967,0
400122,2021,0,0.117401,0,0.08012,0,0.013193,0,4e-06,0
400123,2021,0,0.182824,0,0.22936,0,0.097878,0,0.000157,0
400124,2021,0,0.403459,0,0.142419,0,0.033958,0,0.007644,0
400125,2021,0,0.035958,0,0.025278,0,0.016134,0,0.000165,0
400126,2021,0,0.234872,0,0.185042,0,0.067237,0,1e-05,0
400127,2021,0,0.011966,0,0.149607,0,0.034762,0,0.004243,0
400128,2021,0,0.246927,0,0.168187,0,0.059728,0,0.001952,0
400130,2021,0,0.31498,0,0.114197,0,0.053651,0,0.009211,0
400131,2021,0,0.146828,0,0.287698,0,0.202902,0,9.4e-05,0
400132,2021,0,0.081172,0,0.089465,0,0.215142,0,5e-05,0
400133,2021,0,0.066684,0,0.025893,0,0.004219,0,0.000211,0
400135,2021,0,0.375518,0,0.216065,0,0.060321,0,0.000973,0
403025,2021,0,0.028259,0,4.3e-05,0,0.001032,0,6.8e-05,0
403026,2021,0,0.027598,0,4.3e-05,0,0.001075,0,5.3e-05,0
403027,2021,0,0.000158,0,0.027166,0,0.007135,0,7.6e-05,0
403301,2021,0,0.792669,1,0.017594,0,0.004066,0,0.000498,0
404004,2021,0,0.174953,0,0.020403,0,0.005478,0,0.000614,0
404005,2021,0,0.241977,0,0.303342,0,0.229243,0,0.001751,0
404007,2021,0,0.356615,0,0.094387,0,0.086765,0,0.00224,0
404009,2021,0,0.14746,0,0.14079,0,0.099751,0,0.00041,0
410004,2021,0,0.543232,1,0.184154,0,0.13636,0,0.000285,0
410005,2021,0,0.12656,0,0.120251,0,0.023209,0,0.000115,0
410006,2021,0,0.436323,0,0.466691,0,0.584948,1,0.266939,1
410007,2021,0,0.846447,1,0.60839,1,0.363059,0,0.000846,0
410008,2021,0,0.266667,0,0.411537,0,0.07372,0,0.000413,0
410009,2021,0,0.437119,0,0.345958,0,0.067449,0,0.000687,0
410010,2021,0,0.246861,0,0.364989,0,0.061059,0,0.002842,0
410011,2021,0,0.365113,0,0.121947,0,0.06827,0,0.00717,0
410012,2021,0,0.269196,0,0.444483,0,0.229109,0,0.000581,0
410013,2021,0,0.417404,0,0.416337,0,0.372778,0,0.050357,1
412001,2021,0,0.025088,0,0.08108,0,0.016623,0,0.000995,0
413025,2021,0,0.03712,0,0.012364,0,0.004371,0,0.000425,0
414000,2021,0,0.311671,0,0.282749,0,0.224018,0,0.001994,0
420002,2021,0,0.25755,0,0.013219,0,0.015004,0,0.000166,0
420004,2021,0,0.91932,1,0.328678,0,0.33182,0,0.031499,0
420005,2021,0,0.362335,0,0.015503,0,0.017894,0,0.003803,0
420007,2021,0,0.718061,1,0.415845,0,0.386914,0,0.000383,0
420009,2021,0,0.573481,1,0.077229,0,0.022466,0,0.049635,1
420010,2021,0,0.24685,0,0.108665,0,0.040069,0,0.01124,0
420011,2021,0,0.494848,0,0.201395,0,0.550402,1,0.000135,0
420015,2021,0,0.240981,0,0.047697,0,0.007682,0,0.023384,0
420018,2021,0,0.516314,1,0.084912,0,0.019466,0,0.000143,0
420019,2021,0,0.490762,0,0.113857,0,0.033477,0,0.003533,0
420020,2021,0,0.083508,0,0.298079,0,0.136737,0,0.001765,0
420023,2021,0,0.433588,0,0.171074,0,0.060625,0,0.163469,1
420026,2021,0,0.552559,1,0.040327,0,0.013805,0,0.005904,0
420027,2021,0,0.439162,0,0.548713,1,0.591023,1,0.125291,1
420030,2021,0,0.48311,0,0.086813,0,0.019373,0,0.015194,0
420033,2021,0,0.344665,0,0.041575,0,0.009158,0,0.122139,1
420036,2021,0,0.382212,0,0.159053,0,0.037668,0,0.001328,0
420037,2021,0,0.430864,0,0.032243,0,0.009447,0,1.4e-05,0
420038,2021,0,0.182127,0,0.06467,0,0.01899,0,0.000117,0
420043,2021,0,0.708987,1,0.126119,0,0.261473,0,0.920209,1
420048,2021,0,0.735571,1,0.091074,0,0.070299,0,0.032977,0
420049,2021,1,0.652655,1,0.728267,1,0.922718,1,0.2481,1
420051,2021,0,0.459168,0,0.565832,1,0.340723,0,0.023327,0
420053,2021,0,0.933662,1,0.223368,0,0.037991,0,0.086422,1
420055,2021,0,0.399301,0,0.029042,0,0.030198,0,0.000152,0
420057,2021,0,0.119675,0,0.029588,0,0.002461,0,2.2e-05,0
420065,2021,0,0.547634,1,0.066369,0,0.061449,0,0.002212,0
420066,2021,0,0.113408,0,0.091183,0,0.031248,0,0.000356,0
420067,2021,0,0.785642,1,0.471782,0,0.724654,1,0.397962,1
420068,2021,0,0.100051,0,0.305014,0,0.133001,0,7.5e-05,0
420070,2021,0,0.413343,0,0.042692,0,0.003141,0,0.001301,0
420071,2021,1,0.64432,1,0.416081,0,0.741589,1,0.215848,1
420072,2021,0,0.579492,1,0.334267,0,0.172308,0,0.001725,0
420073,2021,0,0.929208,1,0.533631,1,0.251817,0,0.001549,0
420078,2021,0,0.220181,0,0.197633,0,0.086711,0,0.0008,0
420079,2021,0,0.360855,0,0.00461,0,0.007314,0,0.00017,0
420080,2021,0,0.339805,0,0.011216,0,0.003568,0,0.000442,0
420082,2021,0,0.508628,1,0.004655,0,0.003823,0,0.001292,0
420085,2021,0,0.106923,0,0.00307,0,0.001916,0,3.5e-05,0
420086,2021,0,0.311934,0,0.075888,0,0.004995,0,0.001038,0
420087,2021,0,0.476373,0,0.049579,0,0.018872,0,0.007625,0
420089,2021,0,0.105067,0,0.006993,0,0.007629,0,1.1e-05,0
420091,2021,0,0.544058,1,0.052237,0,0.011607,0,0.006657,0
420098,2021,0,0.344119,0,0.014433,0,0.003368,0,0.002707,0
420101,2021,0,0.49183,0,0.003955,0,0.011394,0,0.000152,0
420102,2021,0,0.379523,0,0.112027,0,0.002285,0,7.5e-05,0
420103,2021,0,0.282974,0,0.132498,0,0.062807,0,0.005094,0
420104,2021,0,0.219501,0,0.069273,0,0.012818,0,0.001986,0
420105,2021,0,0.347914,0,0.108093,0,0.030137,0,0.001807,0
420106,2021,0,0.284875,0,0.019955,0,0.018619,0,0.001032,0
420107,2021,0,0.069362,0,0.011807,0,0.007756,0,0.000316,0
420108,2021,0,0.426461,0,0.106608,0,0.056594,0,0.000485,0
420109,2021,0,0.245859,0,0.012624,0,0.010661,0,0.001348,0
420110,2021,0,0.309448,0,0.057022,0,0.02939,0,0.115376,1
421300,2021,0,0.479134,0,0.239499,0,0.203446,0,0.098343,1
421301,2021,0,0.42879,0,0.408015,0,0.253827,0,0.001375,0
421303,2021,0,0.203868,0,0.191015,0,0.096138,0,0.001551,0
421304,2021,0,0.30843,0,0.148007,0,0.024207,0,0.000486,0
422004,2021,0,0.060774,0,0.001721,0,0.001943,0,7.3e-05,0
422005,2021,0,0.033403,0,0.000919,0,0.002483,0,5.5e-05,0
422006,2021,0,0.000187,0,4.3e-05,0,0.003401,0,0.000104,0
422007,2021,0,0.00021,0,0.000296,0,0.002839,0,4.6e-05,0
422008,2021,0,0.137976,0,0.033782,0,0.001771,0,0.000858,0
422009,2021,0,0.000164,0,0.00046,0,0.001678,0,6.6e-05,0
423025,2021,0,0.014096,0,0.001446,0,0.003313,0,5e-06,0
423026,2021,0,0.000165,0,0.024178,0,0.00456,0,6e-06,0
423027,2021,0,0.017577,0,0.000522,0,0.002564,0,2.1e-05,0
423028,2021,0,0.016709,0,0.000522,0,0.001361,0,1e-06,0
423029,2021,0,0.021048,0,0.001207,0,0.002837,0,1e-06,0
423030,2021,0,0.000303,0,0.008072,0,0.007541,0,0.000416,0
423031,2021,0,0.039198,0,0.009728,0,0.00827,0,8.9e-05,0
423032,2021,0,0.000134,0,0.003512,0,0.004446,0,4.5e-05,0
423033,2021,0,0.034504,0,0.022283,0,0.007975,0,2e-06,0
423034,2021,0,0.047502,0,4.3e-05,0,0.003044,0,0.000183,0
423035,2021,0,0.000187,0,0.010632,0,0.002447,0,1.9e-05,0
424002,2021,0,0.172729,0,0.008344,0,0.002643,0,0.000433,0
424005,2021,0,0.101313,0,0.070006,0,0.008082,0,0.000367,0
424006,2021,0,0.155349,0,0.021063,0,0.029179,0,0.002879,0
424007,2021,0,0.147706,0,0.088247,0,0.022294,0,0.013082,0
424008,2021,0,0.182459,0,0.003681,0,0.002973,0,0.013235,0
424010,2021,0,0.186605,0,0.004213,0,0.002629,0,0.006553,0
424011,2021,0,0.172668,0,0.024526,0,0.011469,0,0.000323,0
424014,2021,0,0.200066,0,0.013879,0,0.015563,0,0.000365,0
430005,2021,1,0.401074,0,0.60692,1,0.833878,1,0.063256,1
430008,2021,0,0.7206,1,0.463467,0,0.392515,0,0.131392,1
430012,2021,0,0.379635,0,0.320653,0,0.205025,0,0.041191,1
430013,2021,0,0.141684,0,0.195306,0,0.151208,0,0.002753,0
430014,2021,0,0.735357,1,0.428489,0,0.383463,0,0.092474,1
430015,2021,0,0.608102,1,0.531845,1,0.541755,1,0.159958,1
430016,2021,0,0.773291,1,0.589448,1,0.524039,1,0.006983,0
430027,2021,0,0.794397,1,0.093036,0,0.126868,0,0.001735,0
430048,2021,0,0.543883,1,0.122558,0,0.020512,0,0.000282,0
430077,2021,0,0.92516,1,0.444054,0,0.060628,0,0.000683,0
430083,2021,0,0.172153,0,0.099609,0,0.01146,0,0.001605,0
430084,2021,0,0.63586,1,0.160512,0,0.072284,0,0.002081,0
430089,2021,0,0.388707,0,0.049843,0,0.003257,0,3e-06,0
430090,2021,0,0.331266,0,0.044448,0,0.002946,0,5e-06,0
430091,2021,0,0.246828,0,0.180822,0,0.049417,0,0.000113,0
430093,2021,0,0.36766,0,0.13865,0,0.022828,0,0.013781,0
430095,2021,0,0.054528,0,0.131632,0,0.034283,0,0.000991,0
430097,2021,0,0.525947,1,0.349676,0,0.205154,0,0.113176,1
430098,2021,0,0.765923,1,0.476775,0,0.11979,0,0.04295,1
431300,2021,0,0.296643,0,0.563759,1,0.563309,1,0.239208,1
431301,2021,0,0.198356,0,0.311944,0,0.019247,0,8e-06,0
431302,2021,0,0.34039,0,0.105177,0,0.002934,0,0.017443,0
431305,2021,0,0.496195,0,0.421327,0,0.045867,0,0.020122,0
431306,2021,0,0.416003,0,0.445316,0,0.328527,0,0.027727,0
431307,2021,0,0.278988,0,0.092807,0,0.005262,0,0.000684,0
431308,2021,0,0.521918,1,0.314386,0,0.154754,0,0.006325,0
431309,2021,0,0.431729,0,0.358318,0,0.091018,0,0.002865,0
431310,2021,0,0.236244,0,0.060478,0,0.001693,0,5e-06,0
431311,2021,0,0.504622,1,0.125404,0,0.014205,0,0.024195,0
431312,2021,0,0.51634,1,0.336406,0,0.533864,1,0.010982,0
431313,2021,0,0.443656,0,0.276289,0,0.337893,0,0.01092,0
431314,2021,0,0.325591,0,0.157279,0,0.022401,0,0.00093,0
431315,2021,0,0.500218,1,0.313844,0,0.216541,0,0.028495,0
431316,2021,0,0.457196,0,0.419045,0,0.225281,0,0.14712,1
431317,2021,0,0.367678,0,0.37971,0,0.154819,0,0.016145,0
431318,2021,0,0.396596,0,0.275945,0,0.137556,0,0.037715,1
431319,2021,0,0.355677,0,0.24217,0,0.066886,0,0.007176,0
431320,2021,0,0.393283,0,0.228546,0,0.101429,0,0.043866,1
431321,2021,0,0.467562,0,0.222269,0,0.01122,0,0.000302,0
431322,2021,0,0.562466,1,0.374407,0,0.312593,0,0.005823,0
431323,2021,0,0.408545,0,0.114314,0,0.070763,0,0.016575,0
431324,2021,0,0.509622,1,0.105766,0,0.009116,0,0.019116,0
431325,2021,0,0.485142,0,0.467223,0,0.469512,0,0.024725,0
431326,2021,0,0.610405,1,0.305011,0,0.194056,0,0.04072,1
431327,2021,0,0.637142,1,0.157787,0,0.053324,0,0.124158,1
431328,2021,0,0.247844,0,0.16284,0,0.032053,0,0.0004,0
431329,2021,0,0.500376,1,0.110363,0,0.022924,0,0.001196,0
431330,2021,0,0.518294,1,0.221731,0,0.267261,0,0.016876,0
431331,2021,0,0.462703,0,0.253624,0,0.111082,0,0.001345,0
431332,2021,0,0.291259,0,0.126888,0,0.007383,0,0.00335,0
431333,2021,0,0.411634,0,0.050345,0,0.002928,0,0.000236,0
431334,2021,0,0.517955,1,0.233807,0,0.059465,0,0.060253,1
431335,2021,0,0.275345,0,0.218867,0,0.096014,0,0.068714,1
431336,2021,0,0.583497,1,0.187635,0,0.118052,0,0.001464,0
431337,2021,0,0.404149,0,0.3501,0,0.274592,0,0.040631,1
431338,2021,0,0.409154,0,0.212682,0,0.054669,0,0.014854,0
431339,2021,0,0.409799,0,0.253168,0,0.164019,0,9.7e-05,0
432002,2021,0,0.000182,0,0.000745,0,0.000667,0,0.000109,0
434003,2021,0,0.004804,0,0.032751,0,0.001648,0,9e-06,0
440001,2021,0,0.094741,0,0.014716,0,0.003174,0,9.1e-05,0
440002,2021,0,0.43483,0,0.344885,0,0.250063,0,0.003901,0
440003,2021,0,0.502685,1,0.108142,0,0.031926,0,0.000154,0
440006,2021,0,0.193756,0,0.014942,0,0.00591,0,0.005403,0
440007,2021,0,0.272363,0,0.222336,0,0.047145,0,0.001406,0
440008,2021,0,0.456027,0,0.130399,0,0.096373,0,9.4e-05,0
440009,2021,0,0.267132,0,0.240111,0,0.148627,0,0.042739,1
440010,2021,0,0.152014,0,0.043351,0,0.007298,0,0.000308,0
440011,2021,0,0.526059,1,0.275125,0,0.130413,0,0.003407,0
440012,2021,0,0.525102,1,0.041339,0,0.018975,0,0.00067,0
440015,2021,0,0.820499,1,0.766147,1,0.751459,1,0.075897,1
440016,2021,0,0.459853,0,0.149025,0,0.176301,0,0.015794,0
440017,2021,0,0.266051,0,0.047303,0,0.011424,0,0.000367,0
440018,2021,0,0.282989,0,0.039987,0,0.011512,0,0.003733,0
440020,2021,0,0.493828,0,0.019047,0,0.002453,0,0.001108,0
440029,2021,0,0.912374,1,0.426792,0,0.381829,0,0.066204,1
440030,2021,0,0.417966,0,0.111069,0,0.031577,0,0.000276,0
440031,2021,0,0.077893,0,0.083776,0,0.015207,0,2e-06,0
440032,2021,0,0.228263,0,0.128552,0,0.015113,0,6.2e-05,0
440033,2021,0,0.236373,0,0.025693,0,0.006723,0,0.000676,0
440034,2021,0,0.514131,1,0.054578,0,0.022412,0,0.026051,0
440035,2021,0,0.416266,0,0.036765,0,0.036052,0,0.001388,0
440039,2021,1,0.999917,1,0.88911,1,0.952994,1,0.171966,1
440046,2021,0,0.316162,0,0.033969,0,0.010363,0,0.002296,0
440048,2021,0,0.54063,1,0.406188,0,0.26017,0,0.001193,0
440049,2021,0,0.636978,1,0.145057,0,0.156176,0,0.011171,0
440050,2021,0,0.401074,0,0.124941,0,0.173181,0,0.081919,1
440053,2021,0,0.302109,0,0.030501,0,0.012644,0,0.000518,0
440056,2021,0,0.109938,0,0.009452,0,0.002643,0,0.001768,0
440057,2021,0,0.463496,0,0.302844,0,0.146416,0,0.001323,0
440058,2021,0,0.4277,0,0.003062,0,0.004489,0,0.000245,0
440059,2021,0,0.670131,1,0.164379,0,0.030674,0,0.004414,0
440060,2021,0,0.32834,0,0.044044,0,0.009844,0,0.002631,0
440061,2021,0,0.703372,1,0.099232,0,0.125656,0,0.005422,0
440063,2021,0,0.720846,1,0.091693,0,0.015166,0,0.003942,0
440065,2021,0,0.153301,0,0.038463,0,0.041827,0,0.000855,0
440068,2021,0,0.668194,1,0.014219,0,0.024061,0,0.002148,0
440072,2021,0,0.34255,0,0.038976,0,0.036217,0,0.000307,0
440073,2021,0,0.719603,1,0.443247,0,0.460322,0,0.003755,0
440081,2021,0,0.317647,0,0.037876,0,0.012786,0,0.161412,1
440082,2021,0,0.323899,0,0.079417,0,0.010005,0,0.007481,0
440084,2021,0,0.189981,0,0.180948,0,0.121346,0,0.000686,0
440091,2021,0,0.495295,0,0.179073,0,0.107707,0,0.000981,0
440102,2021,0,0.77552,1,0.242974,0,0.027148,0,0.000352,0
440104,2021,0,0.781608,1,0.754265,1,0.857951,1,0.081275,1
440109,2021,0,0.835703,1,0.189849,0,0.055229,0,0.000631,0
440110,2021,0,0.232393,0,0.051327,0,0.027358,0,0.000584,0
440111,2021,0,0.626867,1,0.353605,0,0.321118,0,0.007499,0
440120,2021,0,0.233711,0,0.038539,0,0.00417,0,0.000915,0
440125,2021,0,0.57754,1,0.073144,0,0.040155,0,0.010955,0
440130,2021,0,0.306738,0,0.058688,0,0.017305,0,0.002498,0
440131,2021,0,0.206858,0,0.07163,0,0.056948,0,0.001987,0
440132,2021,0,0.548572,1,0.371249,0,0.436535,0,0.002985,0
440137,2021,0,0.316779,0,0.015619,0,0.006394,0,0.00025,0
440144,2021,0,0.469076,0,0.02394,0,0.011446,0,0.000103,0
440148,2021,0,0.310709,0,0.172889,0,0.108798,0,0.000877,0
440150,2021,0,0.132983,0,0.00294,0,0.000944,0,1.4e-05,0
440151,2021,0,0.47297,0,0.037051,0,0.067904,0,0.010983,0
440152,2021,0,0.084713,0,0.136982,0,0.044189,0,0.001464,0
440153,2021,0,0.371968,0,0.008721,0,0.005738,0,0.00012,0
440156,2021,0,0.306457,0,0.002854,0,0.003472,0,8.9e-05,0
440159,2021,1,0.671397,1,0.432074,0,0.436679,0,0.322117,1
440161,2021,0,0.304373,0,0.013658,0,0.024419,0,0.000165,0
440173,2021,0,0.528776,1,0.158372,0,0.012344,0,0.012831,0
440175,2021,0,0.380264,0,0.009301,0,0.006515,0,0.008991,0
440176,2021,0,0.617997,1,0.046538,0,0.008017,0,0.010005,0
440183,2021,0,0.494751,0,0.07083,0,0.026976,0,0.004204,0
440184,2021,0,0.210336,0,0.01345,0,0.009935,0,0.027088,0
440185,2021,0,0.520881,1,0.006646,0,0.010503,0,0.000362,0
440187,2021,0,0.626377,1,0.026302,0,0.004122,0,0.040566,1
440192,2021,0,0.432573,0,0.076568,0,0.011715,0,0.000467,0
440193,2021,0,0.469445,0,0.013574,0,0.007432,0,0.000341,0
440194,2021,0,0.393668,0,0.002391,0,0.002302,0,3.5e-05,0
440197,2021,0,0.296808,0,0.013747,0,0.00119,0,2.1e-05,0
440200,2021,0,0.214608,0,0.178753,0,0.029548,0,0.001711,0
440218,2021,0,0.274924,0,0.053436,0,0.003391,0,3e-06,0
440227,2021,0,0.181273,0,0.004036,0,0.001538,0,1.4e-05,0
440228,2021,0,0.346244,0,0.008879,0,0.004136,0,6.3e-05,0
440231,2021,0,0.2186,0,0.105272,0,0.15227,0,0.006287,0
440235,2021,0,0.251453,0,0.045475,0,0.001704,0,6.8e-05,0
441300,2021,0,0.268616,0,0.142616,0,0.151599,0,0.00239,0
441301,2021,0,0.230482,0,0.043711,0,0.013799,0,8.1e-05,0
441303,2021,0,0.35208,0,0.262361,0,0.411946,0,0.024355,0
441304,2021,0,0.289102,0,0.140795,0,0.015791,0,0.002267,0
441305,2021,0,0.15465,0,0.267785,0,0.049574,0,0.020509,0
441306,2021,0,0.254742,0,0.102094,0,0.029626,0,0.001636,0
441307,2021,0,0.377248,0,0.005098,0,0.003374,0,0.00108,0
441309,2021,0,0.530835,1,0.22127,0,0.046428,0,0.002315,0
441310,2021,1,0.713566,1,0.568111,1,0.852328,1,0.320811,1
441311,2021,0,0.026966,0,0.027241,0,0.00209,0,9.5e-05,0
441313,2021,0,0.25785,0,0.168055,0,0.023508,0,0.000732,0
441314,2021,0,0.407789,0,0.181168,0,0.216298,0,0.00649,0
441316,2021,0,0.508612,1,0.057064,0,0.026964,0,0.24634,1
441320,2021,0,0.383996,0,0.071946,0,0.061134,0,0.233847,1
441322,2021,0,0.747834,1,0.295243,0,0.277533,0,0.159502,1
441323,2021,0,0.475233,0,0.108873,0,0.02008,0,0.000288,0
442006,2021,0,0.000101,0,0.010731,0,0.002133,0,4.1e-05,0
442007,2021,0,0.038594,0,0.001068,0,0.001439,0,0.000139,0
442010,2021,0,0.045045,0,4.3e-05,0,0.001985,0,0.000147,0
442011,2021,0,0.000133,0,0.004045,0,0.002317,0,2.2e-05,0
442014,2021,0,0.000247,0,0.016048,0,0.003895,0,3.5e-05,0
442015,2021,0,0.000115,0,0.001153,0,0.002007,0,9e-06,0
442016,2021,0,0.000109,0,0.00046,0,0.001124,0,2.8e-05,0
442017,2021,0,0.047454,0,0.01305,0,0.006711,0,0.00017,0
443025,2021,0,0.033666,0,0.033942,0,0.018503,0,5.5e-05,0
443027,2021,0,0.024588,0,0.000416,0,0.004698,0,4e-06,0
443028,2021,0,0.04203,0,0.000522,0,0.003283,0,6.1e-05,0
443029,2021,0,0.032631,0,0.023649,0,0.005747,0,5e-06,0
443030,2021,0,0.047097,0,0.011454,0,0.005956,0,6.3e-05,0
443031,2021,0,0.016338,0,0.001107,0,0.002118,0,1.3e-05,0
443032,2021,0,0.000106,0,0.007868,0,0.002014,0,5e-06,0
443033,2021,0,0.000121,0,0.003197,0,0.005454,0,5.1e-05,0
443034,2021,0,8.6e-05,0,0.010809,0,0.001862,0,0.0,0
443035,2021,0,0.000155,0,0.017292,0,0.001427,0,6.4e-05,0
443036,2021,0,9.5e-05,0,0.040735,0,0.00476,0,2e-06,0
443037,2021,0,0.00024,0,0.004514,0,0.002048,0,9.6e-05,0
444001,2021,0,0.000475,0,0.050664,0,0.005563,0,0.00013,0
444002,2021,0,0.368137,0,0.038354,0,0.006386,0,0.000156,0
444003,2021,0,0.474671,0,0.143753,0,0.108145,0,0.094146,1
444004,2021,0,0.193465,0,0.003947,0,0.001983,0,0.001022,0
444005,2021,0,0.00227,0,0.014912,0,0.006969,0,0.00025,0
444007,2021,0,0.294363,0,0.034956,0,0.005661,0,0.01245,0
444008,2021,0,0.0,0,0.039073,0,0.00647,0,0.003558,0
444010,2021,0,0.434927,0,0.05936,0,0.0082,0,0.080457,1
444014,2021,0,1e-06,0,0.048449,0,0.019606,0,0.000717,0
444019,2021,0,0.002103,0,0.013335,0,0.002344,0,0.000677,0
444021,2021,0,0.002433,0,0.013829,0,0.004516,0,0.000127,0
444023,2021,0,0.305068,0,0.043146,0,0.02755,0,0.002947,0
444024,2021,0,0.001685,0,0.016228,0,0.002655,0,0.000782,0
444025,2021,0,0.167946,0,0.019409,0,0.009821,0,6.2e-05,0
444026,2021,0,0.157099,0,0.024383,0,0.023533,0,0.000658,0
444027,2021,0,0.152507,0,0.029284,0,0.014269,0,0.000827,0
444028,2021,0,0.084628,0,0.001231,0,0.00337,0,0.000858,0
444029,2021,0,0.228481,0,0.108636,0,0.02758,0,0.002551,0
444030,2021,0,0.295255,0,0.041048,0,0.0123,0,0.005088,0
450002,2021,0,0.148369,0,0.015874,0,0.020614,0,0.000102,0
450007,2021,0,0.476062,0,0.346502,0,0.133407,0,0.001268,0
450010,2021,1,0.419894,0,0.404674,0,0.687424,1,0.669286,1
450011,2021,0,0.615852,1,0.231303,0,0.104073,0,0.125526,1
450015,2021,0,0.362852,0,0.469132,0,0.45283,0,0.002457,0
450018,2021,0,0.388121,0,0.588446,1,0.679848,1,0.002083,0
450021,2021,0,0.221376,0,0.047528,0,0.053823,0,0.000114,0
450023,2021,0,0.467972,0,0.320667,0,0.210498,0,0.003177,0
450024,2021,0,0.170421,0,0.265616,0,0.054429,0,0.000235,0
450028,2021,0,0.332064,0,0.057698,0,0.118142,0,0.007517,0
450029,2021,0,0.201696,0,0.005047,0,0.001833,0,5e-05,0
450032,2021,0,0.262714,0,0.13619,0,0.044018,0,0.02573,0
450033,2021,0,0.239749,0,0.06606,0,0.012111,0,0.035672,1
450034,2021,0,0.564428,1,0.154295,0,0.082027,0,0.0073,0
450035,2021,0,0.395251,0,0.058645,0,0.022271,0,0.000345,0
450039,2021,0,0.158999,0,0.36916,0,0.19502,0,0.004392,0
450040,2021,0,0.324256,0,0.070026,0,0.006598,0,0.154792,1
450042,2021,1,0.208386,0,0.265478,0,0.516966,1,0.520913,1
450044,2021,0,0.341596,0,0.267492,0,0.299782,0,0.004733,0
450046,2021,0,0.174514,0,0.107509,0,0.046495,0,0.002974,0
450051,2021,0,0.297647,0,0.034664,0,0.01172,0,0.001227,0
450054,2021,0,0.744922,1,0.477714,0,0.135518,0,0.000738,0
450055,2021,0,0.766073,1,0.312109,0,0.165848,0,0.002658,0
450056,2021,0,0.215882,0,0.048192,0,0.034664,0,0.002715,0
450058,2021,1,0.533239,1,0.639601,1,0.91692,1,0.163244,1
450064,2021,0,0.336366,0,0.05765,0,0.043229,0,0.001584,0
450068,2021,0,0.319778,0,0.006884,0,0.004145,0,0.003472,0
450072,2021,0,0.290575,0,0.201711,0,0.094084,0,0.011873,0
450076,2021,0,0.826899,1,0.447065,0,0.64218,1,0.003689,0
450078,2021,0,0.11754,0,0.081057,0,0.005604,0,0.000217,0
450079,2021,0,0.188746,0,0.146951,0,0.137524,0,0.016189,0
450080,2021,0,0.146023,0,0.440939,0,0.169019,0,0.000551,0
450082,2021,0,0.542221,1,0.043495,0,0.011991,0,3.6e-05,0
450083,2021,0,0.407486,0,0.016188,0,0.01094,0,0.002482,0
450085,2021,0,0.131693,0,0.215397,0,0.07381,0,0.000409,0
450087,2021,0,0.161514,0,0.003924,0,0.004224,0,0.000127,0
450090,2021,0,0.161605,0,0.197421,0,0.053838,0,0.000283,0
450092,2021,0,0.233637,0,0.001131,0,0.000996,0,0.035053,1
450097,2021,0,0.180538,0,0.004575,0,0.006449,0,0.000743,0
450099,2021,0,0.109668,0,0.087384,0,0.013484,0,0.00013,0
450101,2021,0,0.553753,1,0.384972,0,0.574014,1,0.121593,1
450102,2021,0,0.77543,1,0.098244,0,0.012099,0,0.001897,0
450104,2021,0,0.7208,1,0.613481,1,0.649511,1,0.448359,1
450107,2021,0,0.168465,0,0.013447,0,0.026235,0,3e-05,0
450108,2021,1,0.62182,1,0.692852,1,0.944436,1,0.273102,1
450119,2021,0,0.254872,0,0.011774,0,0.002522,0,7.3e-05,0
450124,2021,0,0.14937,0,0.050659,0,0.017716,0,3.6e-05,0
450128,2021,0,0.257525,0,0.116552,0,0.072121,0,0.000152,0
450132,2021,0,0.597762,1,0.452774,0,0.445808,0,0.021822,0
450133,2021,0,0.419239,0,0.24062,0,0.048686,0,0.002848,0
450135,2021,0,0.291056,0,0.181443,0,0.541965,1,0.005036,0
450137,2021,0,0.177016,0,0.047388,0,0.014026,0,6.9e-05,0
450143,2021,0,0.264182,0,0.101077,0,0.018184,0,6e-05,0
450144,2021,0,0.432295,0,0.272257,0,0.240916,0,8.2e-05,0
450147,2021,0,0.446919,0,0.002471,0,0.004534,0,3.8e-05,0
450148,2021,0,0.237517,0,0.039689,0,0.008446,0,0.000213,0
450152,2021,0,0.665675,1,0.285272,0,0.228472,0,0.00436,0
450154,2021,1,0.580476,1,0.564529,1,0.830018,1,0.322084,1
450155,2021,0,0.438636,0,0.189112,0,0.046499,0,0.013687,0
450162,2021,0,0.70341,1,0.284109,0,0.176357,0,0.014974,0
450163,2021,0,0.262486,0,0.072843,0,0.033479,0,0.000479,0
450165,2021,0,0.215168,0,0.034419,0,0.005135,0,3.1e-05,0
450176,2021,0,0.276104,0,0.080812,0,0.092981,0,0.00052,0
450184,2021,0,0.690858,1,0.381941,0,0.162918,0,0.122268,1
450187,2021,0,0.092878,0,0.005047,0,0.004439,0,3.3e-05,0
450193,2021,0,0.13328,0,0.151711,0,0.09319,0,0.000324,0
450194,2021,0,0.484253,0,0.043384,0,0.042162,0,0.002064,0
450196,2021,0,0.52404,1,0.064793,0,0.043502,0,0.000323,0
450200,2021,0,0.188409,0,0.011392,0,0.00271,0,2.6e-05,0
450203,2021,0,0.222316,0,0.049089,0,0.0245,0,0.00038,0
450209,2021,0,0.496187,0,0.029508,0,0.009111,0,0.006507,0
450210,2021,0,0.374456,0,0.032391,0,0.00593,0,0.001929,0
450211,2021,0,0.536122,1,0.150518,0,0.065888,0,0.021083,0
450213,2021,0,0.595095,1,0.422743,0,0.403883,0,0.006844,0
450222,2021,0,0.283156,0,0.010431,0,0.005268,0,0.000652,0
450229,2021,0,0.644026,1,0.54067,1,0.278577,0,0.052316,1
450231,2021,0,0.34597,0,0.013639,0,0.002788,0,0.007083,0
450235,2021,0,0.665415,1,0.191302,0,0.065296,0,0.007378,0
450236,2021,0,0.188272,0,0.033829,0,0.010027,0,0.001544,0
450237,2021,0,0.597476,1,0.08698,0,0.040243,0,0.034543,1
450241,2021,0,0.70208,1,0.32207,0,0.156669,0,0.027801,0
450253,2021,0,0.669223,1,0.305756,0,0.09539,0,0.029661,0
450271,2021,0,0.296456,0,0.204746,0,0.039364,0,5e-06,0
450272,2021,0,0.399084,0,0.065959,0,0.021686,0,0.012891,0
450289,2021,0,0.1403,0,0.458446,0,0.269566,0,0.000558,0
450292,2021,0,0.328434,0,0.012397,0,0.00522,0,1.8e-05,0
450324,2021,0,0.178509,0,0.031527,0,0.002934,0,5e-05,0
450330,2021,0,0.66457,1,0.270229,0,0.081157,0,0.015372,0
450346,2021,0,0.362365,0,0.157439,0,0.041167,0,0.004006,0
450347,2021,0,0.507803,1,0.114103,0,0.083719,0,0.002442,0
450348,2021,0,0.146629,0,0.070897,0,0.030675,0,2.8e-05,0
450351,2021,0,0.610368,1,0.114037,0,0.013058,0,1.4e-05,0
450352,2021,1,0.712862,1,0.50482,1,0.796509,1,0.697992,1
450358,2021,0,0.252353,0,0.283092,0,0.146786,0,0.001873,0
450369,2021,0,0.807691,1,0.22385,0,0.109769,0,0.003215,0
450370,2021,0,0.77584,1,0.140043,0,0.015147,0,0.00025,0
450372,2021,0,0.15956,0,0.040774,0,0.009249,0,0.000282,0
450379,2021,0,0.024652,0,0.062765,0,0.009195,0,4e-06,0
450388,2021,0,0.235241,0,0.022187,0,0.014037,0,0.002996,0
450389,2021,0,0.399464,0,0.014519,0,0.012667,0,0.000103,0
450395,2021,0,0.366189,0,0.044242,0,0.01681,0,0.005571,0
450399,2021,0,0.348741,0,0.345239,0,0.470556,0,0.017354,0
450400,2021,0,0.514382,1,0.047559,0,0.012368,0,0.001002,0
450403,2021,0,0.411887,0,0.042635,0,0.070008,0,0.000406,0
450411,2021,0,0.48034,0,0.335455,0,0.409598,0,0.322187,1
450419,2021,0,0.255052,0,0.043416,0,0.006576,0,3e-06,0
450422,2021,0,0.580115,1,0.279194,0,0.15664,0,0.006828,0
450424,2021,0,0.114471,0,0.00703,0,0.02044,0,0.001307,0
450431,2021,0,0.213731,0,0.018202,0,0.004054,0,1.1e-05,0
450447,2021,0,0.612359,1,0.009386,0,0.009192,0,0.046256,1
450451,2021,0,0.558313,1,0.374268,0,0.684037,1,0.522489,1
450460,2021,0,0.4401,0,0.31306,0,0.0878,0,0.11496,1
450462,2021,0,0.66837,1,0.128144,0,0.06424,0,0.002166,0
450465,2021,0,0.465291,0,0.387482,0,0.354,0,0.047143,1
450469,2021,0,0.048667,0,0.097477,0,0.029169,0,0.000204,0
450475,2021,0,0.484683,0,0.08879,0,0.087709,0,0.000196,0
450484,2021,0,0.431822,0,0.002281,0,0.002372,0,0.000153,0
450489,2021,0,0.385093,0,0.286765,0,0.182706,0,0.134474,1
450498,2021,0,0.137466,0,0.137176,0,0.083968,0,0.000469,0
450508,2021,0,0.449171,0,0.165278,0,0.085549,0,0.001201,0
450518,2021,0,0.27305,0,0.003393,0,0.004941,0,5.5e-05,0
450537,2021,0,0.186604,0,0.00263,0,0.001864,0,0.000725,0
450539,2021,0,0.505811,1,0.202347,0,0.060525,0,0.012295,0
450563,2021,0,0.381971,0,0.026886,0,0.011926,0,0.003572,0
450565,2021,0,0.330176,0,0.35871,0,0.061328,0,0.000616,0
450571,2021,0,0.484722,0,0.147859,0,0.095325,0,0.003153,0
450573,2021,0,0.40313,0,0.101677,0,0.01624,0,0.004546,0
450578,2021,0,0.141417,0,0.159283,0,0.023068,0,0.000554,0
450584,2021,0,0.567068,1,0.422721,0,0.693928,1,0.176896,1
450586,2021,0,0.130425,0,0.207031,0,0.188253,0,0.000107,0
450587,2021,0,0.212521,0,0.040208,0,0.016832,0,0.000507,0
450596,2021,0,0.260676,0,0.022097,0,0.00288,0,0.000909,0
450597,2021,0,0.79831,1,0.393296,0,0.637678,1,0.028441,0
450604,2021,1,0.344274,0,0.544166,1,0.906186,1,0.260308,1
450610,2021,0,0.413042,0,0.05733,0,0.03091,0,0.006353,0
450617,2021,0,0.203064,0,0.017581,0,0.011638,0,1e-05,0
450634,2021,0,0.191102,0,0.009046,0,0.005098,0,1e-05,0
450638,2021,0,0.257776,0,0.077227,0,0.0453,0,0.001777,0
450639,2021,0,0.318902,0,0.146226,0,0.076865,0,0.005096,0
450641,2021,1,0.331163,0,0.341938,0,0.643062,1,0.225702,1
450643,2021,0,0.549084,1,0.018155,0,0.012509,0,3.1e-05,0
450644,2021,0,0.174096,0,0.064566,0,0.03654,0,0.00082,0
450647,2021,0,0.075959,0,0.008305,0,0.008963,0,0.000177,0
450651,2021,0,0.135072,0,0.003393,0,0.004864,0,5e-06,0
450653,2021,0,0.476564,0,0.106851,0,0.014619,0,0.001147,0
450654,2021,0,0.561966,1,0.30876,0,0.123936,0,0.002593,0
450656,2021,0,0.54468,1,0.018687,0,0.006535,0,0.019816,0
450658,2021,0,0.402113,0,0.208929,0,0.195859,0,0.065993,1
450659,2021,0,0.38678,0,0.023734,0,0.014851,0,0.006871,0
450661,2021,0,0.117767,0,0.006551,0,0.002101,0,0.000285,0
450662,2021,0,0.459346,0,0.0293,0,0.003096,0,0.002049,0
450668,2021,0,0.257166,0,0.019781,0,0.006069,0,0.000133,0
450669,2021,0,0.231338,0,0.036838,0,0.016939,0,0.000122,0
450670,2021,0,0.360599,0,0.027017,0,0.018249,0,0.000237,0
450672,2021,0,0.201021,0,0.005602,0,0.005309,0,0.000279,0
450674,2021,0,0.016568,0,0.015972,0,0.000347,0,3.2e-05,0
450675,2021,0,0.351604,0,0.003595,0,0.009197,0,5.7e-05,0
450677,2021,0,0.223122,0,0.139904,0,0.13418,0,0.000457,0
450678,2021,0,0.2174,0,0.06672,0,0.017521,0,0.000562,0
450684,2021,0,0.597442,1,0.079221,0,0.016139,0,0.000531,0
450686,2021,0,0.405278,0,0.262754,0,0.388682,0,0.015305,0
450688,2021,0,0.310326,0,0.136921,0,0.085291,0,0.000901,0
450690,2021,0,0.491397,0,0.401124,0,0.104931,0,0.062489,1
450694,2021,0,0.242384,0,0.073834,0,0.001656,0,4e-06,0
450697,2021,0,0.055695,0,0.043061,0,0.009153,0,7e-06,0
450698,2021,0,0.346193,0,0.162097,0,0.024602,0,0.001325,0
450702,2021,0,0.243551,0,0.013484,0,0.002985,0,0.000525,0
450709,2021,0,0.232803,0,0.008921,0,0.000752,0,2e-05,0
450711,2021,0,0.225954,0,0.007072,0,0.005252,0,5.9e-05,0
450713,2021,0,0.205929,0,0.003439,0,0.00449,0,0.000199,0
450718,2021,0,0.094519,0,0.002891,0,0.002641,0,1.8e-05,0
450723,2021,0,0.398523,0,0.112929,0,0.059236,0,0.053135,1
450730,2021,0,0.358659,0,0.29793,0,0.483938,0,0.00295,0
450742,2021,0,0.368468,0,0.043677,0,0.010045,0,0.000337,0
450743,2021,0,0.355002,0,0.078127,0,0.015738,0,0.001463,0
450747,2021,0,0.398334,0,0.006983,0,0.00834,0,0.000471,0
450755,2021,0,0.652682,1,0.199904,0,0.080666,0,0.054701,1
450771,2021,0,0.302572,0,0.038878,0,0.02654,0,0.004992,0
450774,2021,0,0.378363,0,0.101455,0,0.024618,0,0.003245,0
450775,2021,0,0.120846,0,0.143259,0,0.031515,0,2.7e-05,0
450779,2021,0,0.471453,0,0.054346,0,0.047514,0,0.005788,0
450780,2021,0,0.0,0,0.046338,0,0.000675,0,0.003687,0
450788,2021,0,0.136872,0,0.007588,0,0.004739,0,0.004446,0
450801,2021,0,0.491443,0,0.04774,0,0.058076,0,0.238381,1
450804,2021,0,0.013015,0,0.036491,0,0.003299,0,0.000119,0
450808,2021,0,0.365322,0,0.294788,0,0.035889,0,0.004831,0
450809,2021,0,0.252159,0,0.002653,0,0.002371,0,2.6e-05,0
450820,2021,0,0.269962,0,0.010793,0,0.001591,0,0.001638,0
450822,2021,0,0.224444,0,0.018174,0,0.004321,0,0.003601,0
450825,2021,0,0.42565,0,0.168822,0,0.016916,0,0.000983,0
450827,2021,0,0.445797,0,0.190236,0,0.100756,0,0.000448,0
450828,2021,0,0.486519,0,0.022497,0,0.008139,0,9.2e-05,0
450831,2021,0,0.442939,0,0.065175,0,0.02059,0,0.001072,0
450833,2021,0,0.33047,0,0.084098,0,0.011647,0,0.001095,0
450834,2021,0,0.500417,1,0.316713,0,0.255253,0,0.003502,0
450840,2021,0,0.292151,0,0.057136,0,0.005975,0,0.001018,0
450844,2021,0,0.222288,0,0.003447,0,0.006792,0,0.000151,0
450847,2021,0,0.315868,0,0.009793,0,0.005083,0,0.000928,0
450848,2021,0,0.001366,0,0.009748,0,0.005407,0,0.000116,0
450851,2021,0,0.196727,0,0.095091,0,0.012563,0,4e-06,0
450853,2021,1,0.251705,0,0.499051,0,0.611098,1,0.171919,1
450855,2021,0,0.459659,0,0.124212,0,0.064141,0,0.00152,0
450856,2021,0,0.446788,0,0.367756,0,0.171846,0,0.002278,0
450860,2021,0,0.57842,1,0.321325,0,0.321059,0,0.001247,0
450862,2021,0,0.434437,0,0.152415,0,0.094528,0,0.010634,0
450864,2021,0,0.632889,1,0.066427,0,0.006553,0,9e-06,0
450865,2021,0,0.442984,0,0.067298,0,0.01238,0,0.000106,0
450867,2021,0,0.351177,0,0.009603,0,0.00903,0,0.000703,0
450869,2021,0,0.743644,1,0.435753,0,0.452477,0,0.007284,0
450871,2021,0,0.068238,0,0.036557,0,0.003645,0,8.9e-05,0
450872,2021,0,0.657179,1,0.320282,0,0.214488,0,0.059758,1
450874,2021,0,0.437416,0,0.219406,0,0.070229,0,0.002362,0
450875,2021,0,0.474106,0,0.105353,0,0.024204,0,0.000203,0
450876,2021,0,0.435064,0,0.184648,0,0.057193,0,0.002894,0
450877,2021,0,0.113982,0,0.015189,0,0.004015,0,0.000316,0
450880,2021,0,0.478811,0,0.377459,0,0.307833,0,0.00103,0
450883,2021,0,0.701623,1,0.23649,0,0.256686,0,0.002317,0
450885,2021,0,0.274134,0,0.061414,0,0.021437,0,0.011504,0
450888,2021,0,0.645059,1,0.341502,0,0.334428,0,0.018597,0
450889,2021,0,0.564176,1,0.267705,0,0.063168,0,0.008728,0
450890,2021,0,0.188751,0,0.042673,0,0.00914,0,0.000188,0
450891,2021,0,0.473829,0,0.210421,0,0.036848,0,0.00152,0
450893,2021,0,0.252759,0,0.083138,0,0.055203,0,0.001364,0
451300,2021,0,0.402045,0,0.354755,0,0.07543,0,0.001142,0
451301,2021,0,0.461035,0,0.240742,0,0.08344,0,0.155897,1
451303,2021,0,0.397383,0,0.365286,0,0.171343,0,0.018433,0
451304,2021,0,0.230941,0,0.261166,0,0.050731,0,0.000344,0
451305,2021,0,0.1611,0,0.027467,0,0.005739,0,3.7e-05,0
451306,2021,0,0.453291,0,0.267272,0,0.183783,0,0.001173,0
451307,2021,0,0.433133,0,0.425654,0,0.149321,0,0.12367,1
451308,2021,0,0.642022,1,0.184796,0,0.04759,0,0.001158,0
451309,2021,0,0.533909,1,0.296987,0,0.306203,0,0.214654,1
451310,2021,0,0.559339,1,0.279947,0,0.065377,0,0.02714,0
451311,2021,0,0.313361,0,0.145741,0,0.021564,0,0.002336,0
451312,2021,0,0.490808,0,0.214543,0,0.072685,0,0.00137,0
451313,2021,0,0.461891,0,0.259636,0,0.043724,0,0.081592,1
451314,2021,0,0.414879,0,0.361785,0,0.248627,0,0.066539,1
451315,2021,0,0.317696,0,0.207519,0,0.006949,0,0.003986,0
451316,2021,0,0.217592,0,0.011586,0,0.009624,0,0.000591,0
451317,2021,0,0.449009,0,0.201055,0,0.077351,0,0.119464,1
451318,2021,0,0.501404,1,0.302321,0,0.266878,0,0.121585,1
451319,2021,0,0.518061,1,0.017872,0,0.008788,0,0.008734,0
451320,2021,0,0.347808,0,0.28511,0,0.051721,0,0.00328,0
451322,2021,0,0.202827,0,0.003601,0,0.002563,0,0.00027,0
451323,2021,0,0.242431,0,0.140754,0,0.018265,0,3e-05,0
451324,2021,0,0.420107,0,0.23237,0,0.10831,0,0.103036,1
451325,2021,0,0.585648,1,0.188578,0,0.471618,0,0.319894,1
451328,2021,0,0.442266,0,0.248718,0,0.21576,0,0.000249,0
451329,2021,0,0.377922,0,0.3553,0,0.139948,0,0.044509,1
451330,2021,0,0.616441,1,0.275212,0,0.124895,0,1.8e-05,0
451331,2021,0,0.188488,0,0.190995,0,0.01036,0,0.00682,0
451332,2021,0,0.297507,0,0.049916,0,0.024218,0,0.001113,0
451333,2021,0,0.606969,1,0.362414,0,0.098655,0,0.000554,0
451334,2021,0,0.401215,0,0.351668,0,0.104757,0,0.084335,1
451335,2021,0,0.423651,0,0.153641,0,0.223422,0,0.014233,0
451337,2021,0,0.578211,1,0.259147,0,0.164283,0,0.023196,0
451338,2021,0,0.326958,0,0.273331,0,0.089508,0,0.000741,0
451339,2021,1,0.543964,1,0.334286,0,0.346317,0,0.239021,1
451340,2021,0,0.37658,0,0.25241,0,0.109248,0,0.080352,1
451341,2021,0,0.54525,1,0.297945,0,0.048109,0,0.01479,0
451342,2021,0,0.603848,1,0.365891,0,0.30727,0,0.030292,0
451343,2021,0,0.474796,0,0.265185,0,0.275364,0,0.001898,0
451344,2021,0,0.463619,0,0.319609,0,0.051644,0,0.043738,1
451345,2021,0,0.163752,0,0.044996,0,0.002797,0,8.1e-05,0
451346,2021,0,0.666963,1,0.097595,0,0.056438,0,3.3e-05,0
451347,2021,0,0.339112,0,0.290224,0,0.156034,0,0.001765,0
451348,2021,0,0.369776,0,0.143701,0,0.077052,0,0.001889,0
451349,2021,0,0.537541,1,0.334229,0,0.395577,0,0.000788,0
451350,2021,0,0.394117,0,0.35803,0,0.147441,0,0.001666,0
451351,2021,0,0.465929,0,0.31576,0,0.056442,0,0.001653,0
451352,2021,0,0.444525,0,0.245097,0,0.183706,0,0.14062,1
451353,2021,0,0.422045,0,0.39177,0,0.175161,0,0.103297,1
451354,2021,0,0.444699,0,0.363065,0,0.189086,0,0.061458,1
451355,2021,0,0.393367,0,0.278469,0,0.044542,0,0.000843,0
451356,2021,0,0.604553,1,0.281751,0,0.158861,0,0.002705,0
451358,2021,0,0.533833,1,0.243025,0,0.196114,0,0.001391,0
451359,2021,0,0.631513,1,0.33463,0,0.146217,0,0.000188,0
451360,2021,0,0.179395,0,0.034542,0,0.013656,0,0.000202,0
451361,2021,0,0.376177,0,0.328382,0,0.283374,0,0.001943,0
451362,2021,0,0.140092,0,0.140363,0,0.003764,0,0.001686,0
451363,2021,0,0.531539,1,0.345198,0,0.197938,0,0.061255,1
451364,2021,0,0.519871,1,0.336446,0,0.284738,0,0.002629,0
451365,2021,0,0.688252,1,0.063102,0,0.01235,0,0.018318,0
451366,2021,0,0.404485,0,0.119626,0,0.04725,0,0.034787,1
451367,2021,0,0.469766,0,0.034132,0,0.010114,0,0.000718,0
451369,2021,0,0.521231,1,0.058008,0,0.014416,0,6.2e-05,0
451370,2021,0,0.634491,1,0.202553,0,0.214079,0,0.003919,0
451371,2021,0,0.361717,0,0.113261,0,0.018906,0,0.000132,0
451372,2021,0,0.319321,0,0.304264,0,0.258641,0,0.00168,0
451373,2021,0,0.438486,0,0.235585,0,0.349832,0,0.012373,0
451374,2021,0,0.506264,1,0.148702,0,0.01445,0,0.000251,0
451375,2021,0,0.482534,0,0.317589,0,0.102229,0,0.002668,0
451376,2021,1,0.472812,0,0.439691,0,0.514269,1,0.16266,1
451377,2021,0,0.157669,0,0.245805,0,0.0238,0,0.001751,0
451378,2021,0,0.509541,1,0.117956,0,0.048556,0,3.1e-05,0
451379,2021,0,0.709884,1,0.344907,0,0.197382,0,0.010321,0
451380,2021,0,0.614618,1,0.040856,0,0.04847,0,0.000512,0
451381,2021,0,0.512699,1,0.066728,0,0.011148,0,0.000269,0
451382,2021,0,0.537643,1,0.268465,0,0.50147,1,0.004594,0
451384,2021,0,0.669443,1,0.509928,1,0.748724,1,0.013005,0
451385,2021,0,0.436631,0,0.184444,0,0.062336,0,0.001523,0
451386,2021,0,0.358028,0,0.388316,0,0.126836,0,0.00183,0
451387,2021,0,0.451818,0,0.093072,0,0.016623,0,0.025204,0
451389,2021,0,0.417929,0,0.187789,0,0.075935,0,0.050491,1
451390,2021,0,0.29679,0,0.23318,0,0.133163,0,0.00038,0
451391,2021,0,0.364182,0,0.202812,0,0.107548,0,0.000649,0
451392,2021,0,0.661521,1,0.406237,0,0.488414,0,0.009726,0
451393,2021,0,0.458905,0,0.146318,0,0.008185,0,0.00151,0
451394,2021,0,0.386561,0,0.406469,0,0.093935,0,0.009584,0
451395,2021,0,0.458883,0,0.157542,0,0.07819,0,0.000514,0
451396,2021,0,0.294148,0,0.218107,0,0.03096,0,0.001934,0
451990,2021,0,0.054652,0,0.000328,0,0.001214,0,7.1e-05,0
452016,2021,0,0.029455,0,0.001834,0,0.00202,0,7.3e-05,0
452018,2021,0,0.038998,0,0.000538,0,0.001123,0,7.3e-05,0
452022,2021,0,0.00014,0,0.010634,0,0.002258,0,8e-06,0
452023,2021,0,0.041211,0,0.001749,0,0.002895,0,0.00018,0
452028,2021,0,0.046142,0,0.002058,0,0.003966,0,0.000473,0
452029,2021,0,0.000144,0,0.001949,0,0.000547,0,7.7e-05,0
452031,2021,0,0.105265,0,0.000546,0,0.003203,0,0.000308,0
452032,2021,0,0.036079,0,0.005109,0,0.001161,0,1.5e-05,0
452034,2021,0,0.038739,0,0.00304,0,0.001218,0,0.000226,0
452035,2021,0,0.114505,0,0.031002,0,0.011743,0,0.000692,0
452038,2021,0,0.0222,0,0.00017,0,0.000521,0,1e-05,0
452039,2021,0,0.038558,0,4.3e-05,0,0.002323,0,1.9e-05,0
452041,2021,0,0.031653,0,0.005026,0,0.0028,0,7.5e-05,0
452042,2021,0,0.046922,0,4.3e-05,0,0.001269,0,0.000182,0
452044,2021,0,0.044375,0,0.007966,0,0.003645,0,0.000277,0
452046,2021,0,0.048447,0,0.000402,0,0.002852,0,4e-05,0
452051,2021,0,0.046986,0,0.002584,0,0.003122,0,0.000307,0
452056,2021,0,0.032177,0,0.000687,0,0.002446,0,0.000113,0
452057,2021,0,0.042395,0,0.001653,0,0.002176,0,5.7e-05,0
452059,2021,0,0.028192,0,0.000818,0,0.003296,0,7e-06,0
452060,2021,0,0.039799,0,0.000696,0,0.001401,0,9.9e-05,0
452061,2021,0,0.037552,0,0.000402,0,0.003932,0,6.7e-05,0
452062,2021,0,0.045182,0,0.006288,0,0.00277,0,3e-05,0
452067,2021,0,0.030652,0,0.000359,0,0.001986,0,3.7e-05,0
452068,2021,0,0.028625,0,0.0,0,0.00102,0,1.7e-05,0
452073,2021,0,0.045047,0,0.000669,0,0.001933,0,0.000118,0
452075,2021,0,0.050488,0,0.001734,0,0.002782,0,0.000823,0
452079,2021,0,0.041986,0,0.000149,0,0.001853,0,2.3e-05,0
452080,2021,0,0.042176,0,0.003041,0,0.003307,0,7.1e-05,0
452083,2021,0,0.038467,0,0.0,0,0.001601,0,1.6e-05,0
452086,2021,0,0.040587,0,0.000818,0,0.002256,0,1.9e-05,0
452087,2021,0,0.00016,0,0.000207,0,0.001574,0,9.6e-05,0
452090,2021,0,0.028963,0,0.000818,0,0.002384,0,0.000103,0
452091,2021,0,0.034208,0,0.002079,0,0.004034,0,1e-05,0
452094,2021,0,0.050503,0,0.006288,0,0.008916,0,2.8e-05,0
452095,2021,0,0.016154,0,4.3e-05,0,0.000578,0,1e-06,0
452096,2021,0,0.062066,0,0.001655,0,0.008033,0,0.000207,0
452097,2021,0,0.02387,0,4.3e-05,0,0.00329,0,7e-06,0
452100,2021,0,0.070329,0,0.010836,0,0.007317,0,0.000362,0
452101,2021,0,0.023586,0,0.00946,0,0.003995,0,1.1e-05,0
452102,2021,0,0.034032,0,0.003237,0,0.001776,0,7.5e-05,0
452105,2021,0,0.045735,0,0.007921,0,0.005733,0,0.000398,0
452106,2021,0,0.047913,0,0.000744,0,0.003071,0,1.2e-05,0
452107,2021,0,0.052327,0,0.000712,0,0.004334,0,2.2e-05,0
452108,2021,0,0.048124,0,0.000549,0,0.002282,0,8.2e-05,0
452111,2021,0,0.172536,0,0.034951,0,0.017404,0,0.001258,0
452114,2021,0,0.038751,0,0.002469,0,0.002369,0,0.000126,0
452118,2021,0,0.031121,0,0.013025,0,0.003836,0,1.6e-05,0
452121,2021,0,0.038328,0,0.009352,0,0.004129,0,0.000155,0
452122,2021,0,0.000206,0,0.0,0,0.002116,0,3.4e-05,0
453025,2021,0,0.041746,0,0.008696,0,0.001802,0,0.000134,0
453029,2021,0,0.033515,0,0.007763,0,0.007403,0,1e-05,0
453031,2021,0,0.036383,0,0.002571,0,0.002963,0,0.000162,0
453035,2021,0,0.037283,0,0.004814,0,0.003546,0,0.0001,0
453036,2021,0,0.039301,0,0.07832,0,0.01209,0,7.2e-05,0
453040,2021,0,0.028474,0,0.028652,0,0.005905,0,7e-06,0
453042,2021,0,0.029332,0,0.025556,0,0.006599,0,1.1e-05,0
453047,2021,0,0.01825,0,0.019693,0,0.006102,0,6e-06,0
453048,2021,0,0.025964,0,0.0,0,0.000919,0,2.2e-05,0
453053,2021,0,0.028325,0,0.000416,0,0.003226,0,6e-06,0
453054,2021,0,0.015954,0,0.007606,0,0.002232,0,0.0,0
453056,2021,0,0.024547,0,0.002181,0,0.002882,0,1e-06,0
453057,2021,0,0.023242,0,0.013468,0,0.007818,0,5e-06,0
453059,2021,0,0.020058,0,0.006309,0,0.002293,0,6.9e-05,0
453065,2021,0,0.057563,0,0.00171,0,0.00248,0,4.4e-05,0
453072,2021,0,0.062968,0,0.000588,0,0.002232,0,0.00014,0
453086,2021,0,0.051396,0,0.007353,0,0.002447,0,0.000137,0
453091,2021,0,0.048993,0,0.001655,0,0.003873,0,0.000146,0
453092,2021,0,0.041332,0,0.012927,0,0.005779,0,0.000113,0
453096,2021,0,0.000196,0,0.0,0,0.001403,0,4.5e-05,0
453300,2021,0,0.915275,1,0.348438,0,0.352403,0,0.00267,0
453301,2021,0,0.850569,1,0.275024,0,0.139552,0,0.003717,0
453302,2021,0,0.702758,1,0.027187,0,0.010825,0,0.003578,0
453304,2021,1,0.958379,1,0.839568,1,0.964771,1,0.155111,1
453306,2021,0,0.80429,1,0.077153,0,0.016879,0,0.114919,1
453308,2021,0,0.099128,0,0.023717,0,0.00869,0,0.000386,0
453309,2021,0,0.679195,1,0.035921,0,0.013161,0,0.000701,0
453310,2021,0,0.714006,1,0.047214,0,0.016112,0,0.003133,0
453313,2021,0,0.832791,1,0.18138,0,0.42004,0,0.001636,0
453314,2021,0,0.858834,1,0.319024,0,0.506369,1,0.060199,1
453315,2021,0,0.821562,1,0.060042,0,0.031134,0,0.042119,1
453316,2021,0,0.817543,1,0.118548,0,0.039506,0,0.02147,0
454000,2021,0,0.3933,0,0.032441,0,0.002991,0,8e-05,0
454006,2021,0,0.412469,0,0.015227,0,0.003957,0,0.00172,0
454008,2021,0,0.002695,0,0.017723,0,0.004892,0,0.000326,0
454009,2021,0,0.003645,0,0.016228,0,0.004179,0,3.5e-05,0
454011,2021,0,0.46612,0,0.016394,0,0.00283,0,0.000282,0
454012,2021,0,0.22163,0,0.02891,0,0.009207,0,0.012269,0
454014,2021,0,0.049698,0,0.002365,0,0.002601,0,0.000432,0
454018,2021,0,0.1493,0,0.003761,0,0.002774,0,0.000151,0
454026,2021,0,0.18213,0,0.006698,0,0.004634,0,0.004591,0
454029,2021,0,0.051926,0,0.009184,0,0.00879,0,0.000488,0
454050,2021,0,0.11057,0,0.014525,0,0.001872,0,0.00051,0
454060,2021,0,0.177282,0,0.019275,0,0.001928,0,7.2e-05,0
454064,2021,0,0.175942,0,0.020413,0,0.005155,0,0.000252,0
454065,2021,0,0.155418,0,0.030831,0,0.01563,0,0.001634,0
454069,2021,0,0.019157,0,0.016639,0,0.004105,0,7.4e-05,0
454076,2021,0,0.141914,0,0.041995,0,0.013921,0,3.9e-05,0
454083,2021,0,0.975324,1,0.056806,0,0.018108,0,0.004623,0
454084,2021,0,0.002693,0,0.015688,0,0.002031,0,0.000451,0
454088,2021,0,0.489328,0,0.029164,0,0.002911,0,0.001661,0
454093,2021,0,0.002504,0,0.030703,0,0.06088,0,0.002809,0
454094,2021,0,0.215887,0,0.01792,0,0.019333,0,0.064938,1
454100,2021,0,0.002378,0,0.021431,0,0.002641,0,5.6e-05,0
454101,2021,0,0.101005,0,0.052506,0,0.034364,0,0.001337,0
454103,2021,0,0.187154,0,0.009012,0,0.003483,0,0.013551,0
454104,2021,0,0.224352,0,0.029574,0,0.033597,0,0.000245,0
454107,2021,0,0.179945,0,0.028472,0,0.035686,0,0.006917,0
454108,2021,0,0.260887,0,0.005083,0,0.004268,0,0.00111,0
454109,2021,0,0.218209,0,0.007213,0,0.002617,0,0.000125,0
454110,2021,0,0.147568,0,0.033662,0,0.007523,0,0.000274,0
454114,2021,0,0.173582,0,0.010093,0,0.00256,0,0.000379,0
454117,2021,0,0.242285,0,0.025876,0,0.01875,0,0.001521,0
454118,2021,0,0.41417,0,0.083376,0,0.059018,0,0.006028,0
454119,2021,0,0.236092,0,0.046464,0,0.010754,0,0.000299,0
454121,2021,0,0.140684,0,0.015003,0,0.009886,0,0.000393,0
454122,2021,0,0.178832,0,0.026171,0,0.001226,0,0.00031,0
454123,2021,0,0.301866,0,0.020986,0,0.02809,0,0.000655,0
454124,2021,0,0.242948,0,0.045077,0,0.013021,0,0.000235,0
454126,2021,0,0.241141,0,0.016593,0,0.017582,0,0.209516,1
454127,2021,0,0.195627,0,0.051088,0,0.034166,0,0.000532,0
454128,2021,0,0.124155,0,0.053175,0,0.227274,0,0.001959,0
454129,2021,0,0.142109,0,0.018863,0,0.010795,0,0.00239,0
454130,2021,0,0.015466,0,4.3e-05,0,0.003785,0,2.9e-05,0
454131,2021,0,0.178684,0,0.048554,0,0.019436,0,9.7e-05,0
454132,2021,0,0.230786,0,0.032788,0,0.01867,0,0.004721,0
454133,2021,0,0.118378,0,0.014822,0,0.008692,0,0.001573,0
454134,2021,0,0.014178,0,0.010664,0,0.003378,0,4.3e-05,0
454135,2021,0,0.181153,0,0.027506,0,0.020901,0,0.005858,0
454136,2021,0,0.127132,0,0.012365,0,0.008012,0,0.000266,0
454138,2021,0,0.041785,0,0.017309,0,0.001323,0,0.000145,0
454139,2021,0,0.272974,0,0.051079,0,0.01519,0,0.001307,0
454141,2021,0,0.180898,0,0.022545,0,0.004989,0,0.002561,0
454144,2021,0,0.224011,0,0.026779,0,0.020327,0,0.000533,0
454146,2021,0,0.177165,0,0.020485,0,0.022492,0,0.000275,0
454147,2021,0,0.318183,0,0.012516,0,0.024447,0,0.001285,0
454148,2021,0,0.136126,0,0.01291,0,0.005379,0,0.002002,0
454149,2021,0,0.000685,0,0.028322,0,0.007803,0,0.000122,0
454150,2021,0,0.168593,0,0.011926,0,0.012379,0,0.000926,0
454151,2021,0,0.001757,0,0.087007,0,0.0162,0,0.000446,0
454152,2021,0,0.150738,0,0.0672,0,0.043642,0,0.001502,0
454154,2021,0,0.347037,0,0.017772,0,0.00546,0,0.005876,0
460001,2021,0,0.673013,1,0.022144,0,0.004319,0,0.001737,0
460003,2021,0,0.511198,1,0.142299,0,0.06096,0,0.003115,0
460004,2021,0,0.800496,1,0.07965,0,0.066583,0,0.002172,0
460005,2021,0,0.319117,0,0.015543,0,0.002008,0,1.1e-05,0
460006,2021,0,0.693692,1,0.008803,0,0.006797,0,0.0024,0
460007,2021,0,0.405365,0,0.01,0,0.007215,0,0.057863,1
460009,2021,0,0.956503,1,0.626076,1,0.836581,1,0.004799,0
460010,2021,0,0.715861,1,0.055544,0,0.008357,0,0.000132,0
460011,2021,0,0.665421,1,0.004133,0,0.002412,0,2.3e-05,0
460013,2021,0,0.124523,0,0.009732,0,0.001486,0,8e-05,0
460014,2021,0,0.32261,0,0.087703,0,0.040837,0,0.000754,0
460015,2021,0,0.595936,1,0.013178,0,0.00261,0,0.000134,0
460017,2021,0,0.354031,0,0.00968,0,0.002446,0,0.000772,0
460019,2021,0,0.749679,1,0.36345,0,0.292368,0,0.000365,0
460021,2021,0,0.608284,1,0.022159,0,0.00722,0,0.001469,0
460023,2021,0,0.249744,0,0.030857,0,0.000756,0,0.002259,0
460026,2021,0,0.588831,1,0.04643,0,0.004018,0,0.01299,0
460030,2021,0,0.534841,1,0.008044,0,0.00246,0,0.000794,0
460039,2021,0,0.465649,0,0.051167,0,0.004522,0,0.00074,0
460041,2021,0,0.617355,1,0.075492,0,0.028297,0,0.000731,0
460042,2021,0,0.042666,0,0.025811,0,0.000412,0,0.000741,0
460043,2021,0,0.464917,0,0.046746,0,0.002432,0,0.000358,0
460044,2021,0,0.444356,0,0.030705,0,0.008506,0,0.017676,0
460047,2021,0,0.493662,0,0.002088,0,0.00293,0,1.5e-05,0
460049,2021,0,0.147815,0,0.011734,0,0.005644,0,3e-05,0
460051,2021,0,0.36676,0,0.132649,0,0.031526,0,0.008303,0
460052,2021,0,0.17623,0,0.010184,0,0.00032,0,1.8e-05,0
460054,2021,0,0.639796,1,0.157281,0,0.075984,0,0.012297,0
460057,2021,0,0.687428,1,0.052153,0,0.010392,0,0.002987,0
460058,2021,0,0.30947,0,0.020887,0,0.002888,0,0.009843,0
460060,2021,0,0.429017,0,0.01649,0,0.002656,0,0.002956,0
460061,2021,0,0.420432,0,0.033825,0,0.010391,0,0.007716,0
460062,2021,0,0.486455,0,0.058311,0,0.000391,0,0.003447,0
461300,2021,0,0.539576,1,0.071347,0,0.003616,0,0.000755,0
461301,2021,0,0.487625,0,0.08103,0,0.00711,0,0.000176,0
461302,2021,0,0.56138,1,0.446034,0,0.171781,0,0.000307,0
461303,2021,0,0.638297,1,0.116986,0,0.010849,0,0.004964,0
461304,2021,0,0.625232,1,0.452335,0,0.192689,0,0.046346,1
461305,2021,0,0.142954,0,0.108701,0,0.120439,0,0.00131,0
461306,2021,0,0.732059,1,0.353929,0,0.184963,0,0.000302,0
461307,2021,0,0.46184,0,0.070385,0,0.005776,0,0.029842,0
461308,2021,0,0.530499,1,0.418622,0,0.230151,0,0.015573,0
461309,2021,0,0.453736,0,0.448508,0,0.318074,0,0.041372,1
461310,2021,0,0.405683,0,0.322116,0,0.120263,0,0.007731,0
461333,2021,0,0.393118,0,0.088214,0,0.07571,0,0.000409,0
461335,2021,0,0.429448,0,0.302356,0,0.251673,0,0.023624,0
462003,2021,0,0.039262,0,0.004108,0,0.002776,0,2.4e-05,0
462004,2021,0,0.039475,0,0.01,0,0.001098,0,7e-05,0
462005,2021,0,0.056403,0,0.002072,0,0.004083,0,0.000185,0
463025,2021,0,0.026013,0,0.001213,0,0.004718,0,3.2e-05,0
463027,2021,0,0.064788,0,0.001655,0,0.005976,0,0.000195,0
463301,2021,0,0.825655,1,0.101612,0,0.021023,0,0.003511,0
464001,2021,0,0.338001,0,0.067772,0,0.015806,0,6.9e-05,0
464012,2021,0,0.252837,0,0.046029,0,0.017736,0,0.002557,0
464013,2021,0,0.234022,0,0.022765,0,0.018536,0,0.014384,0
464014,2021,0,0.081606,0,0.009886,0,0.000835,0,3e-06,0
464015,2021,0,0.022935,0,0.004242,0,0.005516,0,5.6e-05,0
470001,2021,0,0.719807,1,0.439924,0,0.095253,0,8.8e-05,0
470003,2021,0,0.738207,1,0.698774,1,0.620355,1,0.005281,0
470005,2021,0,0.872997,1,0.690414,1,0.548756,1,0.560297,1
470011,2021,0,0.612746,1,0.45161,0,0.436853,0,0.140062,1
470012,2021,0,0.588085,1,0.447046,0,0.406441,0,0.273164,1
470024,2021,0,0.473558,0,0.603553,1,0.516429,1,0.009415,0
471300,2021,0,0.404844,0,0.36739,0,0.205634,0,0.003122,0
471301,2021,0,0.459624,0,0.486576,0,0.181544,0,0.165957,1
471302,2021,0,0.50161,1,0.510582,1,0.696245,1,0.647412,1
471303,2021,0,0.601285,1,0.592107,1,0.412844,0,0.459089,1
471304,2021,0,0.426123,0,0.50709,1,0.063301,0,0.013466,0
471305,2021,0,0.551369,1,0.531512,1,0.469753,0,0.030636,0
471306,2021,0,0.53053,1,0.358734,0,0.380874,0,0.006221,0
471307,2021,0,0.643876,1,0.616738,1,0.615994,1,0.065682,1
474001,2021,0,0.465571,0,0.09307,0,0.024026,0,0.037101,1
474004,2021,0,0.002964,0,0.060452,0,0.002818,0,2.8e-05,0
480001,2021,0,0.159147,0,0.137463,0,0.060185,0,0.0,0
480002,2021,0,0.254958,0,0.183271,0,0.262248,0,1e-06,0
490001,2021,0,0.129062,0,0.08213,0,0.00833,0,0.000312,0
490002,2021,0,0.204043,0,0.063676,0,0.019908,0,0.000588,0
490004,2021,0,0.487455,0,0.293861,0,0.299577,0,0.002756,0
490005,2021,0,0.520451,1,0.416675,0,0.146345,0,0.070191,1
490007,2021,0,0.232452,0,0.109406,0,0.011958,0,7.2e-05,0
490009,2021,1,0.980103,1,0.363266,0,0.486139,0,0.010542,0
490013,2021,0,0.130389,0,0.216563,0,0.040074,0,0.00077,0
490017,2021,0,0.405855,0,0.128289,0,0.264502,0,0.028857,0
490018,2021,0,0.770109,1,0.268103,0,0.233623,0,0.111665,1
490019,2021,0,0.198518,0,0.260283,0,0.056436,0,0.006689,0
490020,2021,0,0.203274,0,0.008639,0,0.002102,0,0.000131,0
490021,2021,0,0.765332,1,0.338424,0,0.298922,0,0.001784,0
490022,2021,0,0.439296,0,0.084053,0,0.03246,0,7.4e-05,0
490023,2021,0,0.235201,0,0.127856,0,0.011313,0,0.003682,0
490024,2021,0,0.951897,1,0.581466,1,0.617683,1,0.010886,0
490032,2021,0,0.799365,1,0.355447,0,0.335741,0,0.012795,0
490033,2021,0,0.281239,0,0.226242,0,0.068604,0,0.00201,0
490037,2021,0,0.000297,0,0.025074,0,0.011873,0,9.6e-05,0
490038,2021,0,0.331094,0,0.078635,0,0.007651,0,0.001494,0
490040,2021,0,0.433644,0,0.100114,0,0.052218,0,0.002239,0
490041,2021,0,0.474986,0,0.049183,0,0.070536,0,0.001873,0
490042,2021,0,0.34912,0,0.075581,0,0.016304,0,0.003771,0
490043,2021,0,0.292643,0,0.095085,0,0.013987,0,0.025601,0
490044,2021,0,0.552623,1,0.09267,0,0.103662,0,0.034022,0
490045,2021,0,0.266249,0,0.365895,0,0.191137,0,0.011308,0
490046,2021,0,0.305866,0,0.030555,0,0.024369,0,0.000178,0
490048,2021,0,0.252665,0,0.004931,0,0.00322,0,2.5e-05,0
490050,2021,1,0.725114,1,0.603055,1,0.835223,1,0.193928,1
490052,2021,0,0.002023,0,0.102671,0,0.053166,0,0.013144,0
490053,2021,0,0.376972,0,0.096726,0,0.072362,0,0.026562,0
490057,2021,0,0.205956,0,0.090012,0,0.112763,0,0.002251,0
490059,2021,0,0.67852,1,0.077036,0,0.01913,0,0.007739,0
490060,2021,0,0.376343,0,0.008736,0,0.006894,0,0.000192,0
490063,2021,0,0.847151,1,0.38327,0,0.325655,0,0.044204,1
490066,2021,0,0.001422,0,0.100343,0,0.017671,0,0.003307,0
490067,2021,0,0.47114,0,0.048855,0,0.002112,0,0.000153,0
490069,2021,0,0.608244,1,0.024605,0,0.012013,0,0.038802,1
490075,2021,0,0.641432,1,0.057802,0,0.01832,0,0.00121,0
490077,2021,0,0.738894,1,0.250158,0,0.066969,0,0.002745,0
490084,2021,0,0.45949,0,0.191241,0,0.140737,0,0.022089,0
490088,2021,0,0.238535,0,0.139712,0,0.058936,0,0.00026,0
490089,2021,0,0.438923,0,0.135238,0,0.071225,0,0.000747,0
490090,2021,0,0.426186,0,0.162232,0,0.144424,0,0.028743,0
490092,2021,0,0.257239,0,0.08404,0,0.010819,0,0.004049,0
490093,2021,0,0.422721,0,0.12681,0,0.05503,0,0.022255,0
490094,2021,0,0.006947,0,0.073056,0,0.000914,0,2.6e-05,0
490097,2021,0,0.297521,0,0.104389,0,0.018538,0,0.002713,0
490098,2021,0,0.414467,0,0.397591,0,0.088546,0,0.000869,0
490101,2021,0,0.294152,0,0.129053,0,0.042877,0,0.00569,0
490104,2021,0,0.000664,0,0.093182,0,0.000996,0,1e-05,0
490107,2021,0,0.139201,0,0.023879,0,0.025711,0,0.000384,0
490110,2021,0,0.470531,0,0.003598,0,0.002252,0,7.8e-05,0
490111,2021,0,0.532414,1,0.024924,0,0.008077,0,0.003567,0
490112,2021,0,0.343703,0,0.031284,0,0.00326,0,1.7e-05,0
490113,2021,0,0.347657,0,0.111551,0,0.075046,0,0.021742,0
490114,2021,0,0.580474,1,0.05263,0,0.026742,0,0.25173,1
490115,2021,0,0.171036,0,0.122099,0,0.063776,0,4e-06,0
490116,2021,0,0.446546,0,0.046778,0,0.046433,0,0.001074,0
490117,2021,0,0.40523,0,0.095667,0,0.053514,0,0.000384,0
490118,2021,0,0.130695,0,0.003168,0,0.005917,0,0.000483,0
490119,2021,0,0.335802,0,0.092897,0,0.014401,0,0.003018,0
490120,2021,0,0.583838,1,0.226795,0,0.07793,0,0.000192,0
490122,2021,0,0.470187,0,0.150357,0,0.078954,0,0.001252,0
490126,2021,0,0.302735,0,0.002717,0,0.001488,0,0.001461,0
490127,2021,0,0.438619,0,0.101037,0,0.025405,0,0.000442,0
490130,2021,0,0.001036,0,0.072199,0,0.017622,0,0.000344,0
490136,2021,0,0.457944,0,0.072526,0,0.010767,0,0.060594,1
490140,2021,0,0.090527,0,0.122374,0,0.021242,0,3.8e-05,0
490141,2021,0,0.41189,0,0.047641,0,0.00915,0,0.003753,0
490143,2021,0,0.002272,0,0.035825,0,0.019761,0,6.5e-05,0
490144,2021,0,0.617329,1,0.186551,0,0.030707,0,0.000753,0
490145,2021,0,0.397451,0,0.033151,0,0.010004,0,0.00014,0
491300,2021,0,0.293941,0,0.366449,0,0.06266,0,0.00329,0
491302,2021,0,0.329326,0,0.234989,0,0.167089,0,0.031494,0
491303,2021,0,0.237144,0,0.091074,0,0.03037,0,0.003455,0
491304,2021,0,0.444474,0,0.117177,0,0.024336,0,0.051479,1
491305,2021,0,0.41934,0,0.265403,0,0.050899,0,0.002162,0
491307,2021,0,0.437719,0,0.374669,0,0.231741,0,0.004597,0
491308,2021,0,0.448995,0,0.198554,0,0.105988,0,0.097356,1
491309,2021,0,0.341033,0,0.075658,0,0.001799,0,0.001309,0
491991,2021,0,0.054339,0,0.010601,0,0.001135,0,0.00016,0
492001,2021,0,0.030467,0,0.022008,0,0.007652,0,9.4e-05,0
492007,2021,0,0.000284,0,0.023504,0,0.002065,0,9.9e-05,0
492008,2021,0,0.000173,0,0.000997,0,0.001307,0,0.000102,0
492009,2021,0,0.034849,0,0.000962,0,0.001509,0,3.2e-05,0
492010,2021,0,0.043183,0,0.001459,0,0.003845,0,0.000134,0
492011,2021,0,0.088987,0,0.038138,0,0.003244,0,0.000417,0
493027,2021,0,0.011882,0,0.00253,0,0.003228,0,5e-06,0
493028,2021,0,0.03076,0,0.007657,0,0.002194,0,6.1e-05,0
493029,2021,0,0.023394,0,0.012634,0,0.003071,0,6e-06,0
493031,2021,0,0.040501,0,0.008968,0,0.002435,0,1.5e-05,0
493032,2021,0,0.024232,0,0.01165,0,0.004126,0,3e-06,0
493033,2021,0,0.022372,0,0.008453,0,0.003057,0,2e-06,0
493034,2021,0,0.000132,0,0.003591,0,0.003814,0,6.9e-05,0
493036,2021,0,0.022089,0,0.009689,0,0.003329,0,0.000148,0
493301,2021,1,0.860145,1,0.753838,1,0.935345,1,0.473434,1
494010,2021,0,0.001071,0,0.058243,0,0.008557,0,3e-06,0
494017,2021,0,0.002317,0,0.050262,0,0.025875,0,4e-06,0
494021,2021,0,0.00188,0,0.047245,0,0.017691,0,4e-06,0
494022,2021,0,0.185809,0,0.028417,0,0.019148,0,0.012118,0
494023,2021,0,0.287882,0,0.004104,0,0.00384,0,0.002541,0
494025,2021,0,0.14708,0,0.041403,0,0.036298,0,0.000899,0
494029,2021,0,0.001293,0,0.064913,0,0.007783,0,7.9e-05,0
494032,2021,0,0.140688,0,0.03223,0,0.019918,0,0.001176,0
494033,2021,0,0.001168,0,0.039015,0,0.029052,0,7.2e-05,0
500002,2021,0,0.464967,0,0.11104,0,0.015272,0,0.005007,0
500003,2021,0,0.771943,1,0.564987,1,0.741924,1,0.067627,1
500005,2021,1,0.764603,1,0.786032,1,0.839655,1,0.228742,1
500007,2021,0,0.750583,1,0.521484,1,0.427328,0,0.007341,0
500008,2021,0,0.952341,1,0.490614,0,0.378399,0,0.009185,0
500011,2021,0,0.363191,0,0.2181,0,0.034646,0,0.008902,0
500014,2021,0,0.693387,1,0.226798,0,0.132501,0,0.029732,0
500015,2021,0,0.378627,0,0.058312,0,0.051025,0,0.000432,0
500016,2021,0,0.717029,1,0.159867,0,0.014961,0,0.009343,0
500019,2021,0,0.56465,1,0.057884,0,0.03606,0,0.019381,0
500021,2021,0,0.233967,0,0.066515,0,0.029808,0,0.00075,0
500024,2021,0,0.527482,1,0.087514,0,0.028111,0,0.140452,1
500025,2021,0,0.169414,0,0.103563,0,0.056387,0,0.00116,0
500026,2021,1,0.470866,0,0.459197,0,0.727598,1,0.298137,1
500027,2021,0,0.64074,1,0.254096,0,0.078997,0,0.008208,0
500030,2021,0,0.399061,0,0.121765,0,0.177784,0,0.04898,1
500031,2021,1,0.473161,0,0.59299,1,0.621935,1,0.020344,0
500033,2021,0,0.418087,0,0.48574,0,0.688254,1,0.027152,0
500036,2021,0,0.609991,1,0.356917,0,0.055073,0,0.003256,0
500037,2021,0,0.212813,0,0.086004,0,0.076101,0,0.001584,0
500039,2021,0,0.364185,0,0.114035,0,0.041921,0,0.061431,1
500041,2021,0,0.576171,1,0.160051,0,0.181926,0,0.014591,0
500044,2021,0,0.469591,0,0.014021,0,0.002869,0,0.007501,0
500050,2021,0,0.318774,0,0.061437,0,0.022703,0,0.002275,0
500051,2021,0,0.731759,1,0.480561,0,0.260583,0,0.005159,0
500052,2021,0,0.0,0,0.112179,0,0.00673,0,0.003687,0
500053,2021,0,0.590268,1,0.222901,0,0.077579,0,0.042749,1
500054,2021,0,0.695082,1,0.265987,0,0.038386,0,0.067127,1
500058,2021,0,0.804328,1,0.729671,1,0.734096,1,0.349209,1
500060,2021,0,0.679368,1,0.039535,0,0.005298,0,0.008708,0
500064,2021,0,0.67262,1,0.179442,0,0.015578,0,0.000416,0
500072,2021,0,0.90845,1,0.471243,0,0.140753,0,0.229887,1
500077,2021,0,0.574551,1,0.092718,0,0.037871,0,0.08894,1
500079,2021,0,0.196623,0,0.071627,0,0.042095,0,0.016664,0
500084,2021,0,0.432413,0,0.466324,0,0.224273,0,0.003531,0
500088,2021,0,0.697552,1,0.55484,1,0.6302,1,0.272326,1
500108,2021,0,0.243913,0,0.062687,0,0.037329,0,0.041456,1
500119,2021,0,0.387447,0,0.013149,0,0.006409,0,0.000562,0
500124,2021,0,0.783885,1,0.488629,0,0.082787,0,0.04326,1
500129,2021,0,0.579197,1,0.15828,0,0.018766,0,0.00193,0
500138,2021,0,0.230412,0,0.14265,0,0.024384,0,3e-05,0
500139,2021,0,0.579113,1,0.062044,0,0.022045,0,0.019145,0
500141,2021,0,0.426208,0,0.085617,0,0.023662,0,0.060203,1
500148,2021,0,0.248087,0,0.148768,0,0.037245,0,0.000214,0
500150,2021,0,0.341407,0,0.107238,0,0.014977,0,0.080051,1
500151,2021,0,0.300503,0,0.044663,0,0.009207,0,0.001012,0
500152,2021,0,0.312648,0,0.099607,0,0.053862,0,0.000719,0
500154,2021,0,0.398229,0,0.03624,0,0.010337,0,0.001332,0
501301,2021,0,0.297114,0,0.094321,0,0.0334,0,0.00693,0
501302,2021,0,0.609733,1,0.333861,0,0.132709,0,0.000461,0
501303,2021,0,0.584982,1,0.205729,0,0.01921,0,0.005933,0
501304,2021,0,0.624553,1,0.305252,0,0.134649,0,0.11274,1
501305,2021,0,0.576886,1,0.278361,0,0.114292,0,0.000589,0
501307,2021,0,0.274968,0,0.22067,0,0.080471,0,0.009925,0
501308,2021,0,0.587167,1,0.344233,0,0.267551,0,0.061517,1
501309,2021,0,0.370487,0,0.106784,0,0.016708,0,0.000515,0
501310,2021,0,0.435673,0,0.325685,0,0.064684,0,0.001278,0
501311,2021,0,0.489589,0,0.345813,0,0.226804,0,0.108644,1
501312,2021,0,0.491487,0,0.405355,0,0.416367,0,0.106402,1
501313,2021,0,0.610556,1,0.288835,0,0.322909,0,0.000189,0
501314,2021,0,0.589064,1,0.295982,0,0.229113,0,0.00779,0
501315,2021,0,0.560054,1,0.32062,0,0.095266,0,0.074271,1
501316,2021,0,0.705038,1,0.319337,0,0.366643,0,0.007389,0
501317,2021,0,0.370218,0,0.378684,0,0.181561,0,0.108852,1
501318,2021,0,0.477642,0,0.138529,0,0.06067,0,0.00382,0
501319,2021,0,0.678597,1,0.286433,0,0.20238,0,0.018012,0
501320,2021,0,0.347028,0,0.214325,0,0.031716,0,0.044072,1
501321,2021,0,0.564597,1,0.299335,0,0.194833,0,0.003231,0
501322,2021,0,0.515533,1,0.280614,0,0.207496,0,0.037489,1
501323,2021,1,0.756074,1,0.609644,1,0.794423,1,0.292357,1
501324,2021,0,0.653435,1,0.216091,0,0.154503,0,0.062879,1
501325,2021,0,0.764855,1,0.323282,0,0.133462,0,0.000237,0
501326,2021,0,0.458496,0,0.07325,0,0.046938,0,6e-06,0
501327,2021,0,0.757204,1,0.295348,0,0.107366,0,0.000329,0
501328,2021,0,0.48526,0,0.416818,0,0.300169,0,0.055426,1
501329,2021,0,0.609821,1,0.115263,0,0.111207,0,0.227287,1
501330,2021,0,0.299606,0,0.070114,0,0.004454,0,0.023887,0
501331,2021,0,0.763477,1,0.36591,0,0.029841,0,0.035739,1
501332,2021,0,0.364002,0,0.335529,0,0.179501,0,0.000626,0
501333,2021,0,0.737892,1,0.435094,0,0.549838,1,0.002598,0
501334,2021,0,0.506341,1,0.2814,0,0.215924,0,0.02471,0
501335,2021,0,0.401119,0,0.041328,0,0.006046,0,0.01053,0
501336,2021,0,0.393922,0,0.475252,0,0.302056,0,0.536963,1
501337,2021,0,0.410073,0,0.170822,0,0.039808,0,0.006647,0
501338,2021,0,0.544424,1,0.237734,0,0.077358,0,0.001134,0
501339,2021,0,0.675928,1,0.47991,0,0.414738,0,0.5,1
501340,2021,0,0.666042,1,0.197182,0,0.011318,0,0.141502,1
501992,2021,0,0.025549,0,0.000328,0,0.000624,0,1.5e-05,0
502002,2021,0,0.041585,0,0.014937,0,0.003445,0,5.7e-05,0
503025,2021,0,0.055243,0,0.046214,0,0.008581,0,3.1e-05,0
503026,2021,0,0.030514,0,0.006014,0,0.002015,0,2e-06,0
503300,2021,1,0.873306,1,0.780979,1,0.950421,1,0.437129,1
504002,2021,0,0.218798,0,0.014743,0,0.003242,0,0.000895,0
504004,2021,0,0.279926,0,0.049777,0,0.013712,0,0.000149,0
504008,2021,0,0.457066,0,0.053241,0,0.00685,0,0.063938,1
504009,2021,0,0.244703,0,0.186892,0,0.011707,0,0.007329,0
504011,2021,0,0.032191,0,0.006518,0,0.007378,0,0.000106,0
504012,2021,0,0.204874,0,0.043125,0,0.026778,0,0.011019,0
504013,2021,0,0.216528,0,0.028702,0,0.007375,0,0.000233,0
504014,2021,0,0.239102,0,0.043745,0,0.020653,0,0.02411,0
504015,2021,0,0.19576,0,0.025836,0,0.012979,0,0.01421,0
504016,2021,0,0.285602,0,0.089825,0,0.018226,0,0.022292,0
510001,2021,0,0.823786,1,0.841295,1,0.855257,1,0.002629,0
510002,2021,0,0.420639,0,0.011831,0,0.002397,0,0.007191,0
510006,2021,0,0.558354,1,0.516652,1,0.056705,0,0.183638,1
510007,2021,0,0.326653,0,0.272327,0,0.164639,0,0.000797,0
510008,2021,0,0.543905,1,0.245227,0,0.08014,0,0.000247,0
510012,2021,0,0.359726,0,0.269066,0,0.11287,0,0.001055,0
510013,2021,0,0.221623,0,0.306844,0,0.328242,0,0.004618,0
510022,2021,1,0.819159,1,0.79265,1,0.947644,1,0.112392,1
510023,2021,1,0.593224,1,0.455367,0,0.670506,1,0.210986,1
510024,2021,0,0.757157,1,0.325919,0,0.114935,0,0.107903,1
510029,2021,0,0.370496,0,0.137942,0,0.062692,0,5e-05,0
510030,2021,0,0.563593,1,0.532373,1,0.126521,0,0.117711,1
510031,2021,0,0.140611,0,0.03301,0,0.007663,0,2.7e-05,0
510038,2021,0,0.534419,1,0.30487,0,0.078646,0,0.138911,1
510046,2021,0,0.772619,1,0.440449,0,0.116522,0,0.046756,1
510048,2021,0,0.599332,1,0.0327,0,0.008904,0,0.015506,0
510050,2021,0,0.637916,1,0.369655,0,0.116883,0,0.00146,0
510055,2021,0,0.600978,1,0.332652,0,0.199664,0,0.281021,1
510058,2021,0,0.57962,1,0.174893,0,0.15894,0,0.112043,1
510062,2021,0,0.381827,0,0.018659,0,0.006156,0,3.5e-05,0
510070,2021,0,0.286562,0,0.02583,0,0.009738,0,0.003541,0
510072,2021,0,0.525718,1,0.226753,0,0.049329,0,0.024739,0
510086,2021,0,0.518787,1,0.221445,0,0.071489,0,0.000327,0
510091,2021,0,0.45192,0,0.241533,0,0.097688,0,0.005136,0
511300,2021,0,0.208934,0,0.168451,0,0.036434,0,0.000626,0
511301,2021,0,0.422842,0,0.23892,0,0.266371,0,0.003517,0
511303,2021,0,0.442152,0,0.294483,0,0.194136,0,0.001218,0
511304,2021,0,0.228789,0,0.186709,0,0.014901,0,0.003987,0
511306,2021,0,0.572963,1,0.3871,0,0.282678,0,0.086779,1
511307,2021,0,0.611733,1,0.282941,0,0.175314,0,0.04826,1
511308,2021,0,0.49463,0,0.288837,0,0.222384,0,0.014902,0
511309,2021,0,0.245939,0,0.381734,0,0.548932,1,0.096807,1
511310,2021,0,0.485206,0,0.073456,0,0.011449,0,0.003109,0
511311,2021,0,0.371671,0,0.375227,0,0.193343,0,0.007486,0
511312,2021,0,0.518042,1,0.475608,0,0.578952,1,0.001272,0
511313,2021,0,0.283975,0,0.322688,0,0.145523,0,0.001172,0
511314,2021,0,0.705388,1,0.203938,0,0.121789,0,0.009455,0
511315,2021,0,0.227343,0,0.354677,0,0.171522,0,0.012005,0
511316,2021,0,0.601157,1,0.200248,0,0.029786,0,0.002054,0
511317,2021,0,0.541478,1,0.031628,0,0.002079,0,1.2e-05,0
511318,2021,0,0.314791,0,0.197644,0,0.025038,0,0.001955,0
511319,2021,0,0.296058,0,0.173391,0,0.030009,0,0.004599,0
511320,2021,0,0.42644,0,0.120523,0,0.006459,0,0.032323,0
511321,2021,0,0.848309,1,0.422605,0,0.081608,0,0.003716,0
511322,2021,0,0.352326,0,0.344045,0,0.302884,0,0.010039,0
512002,2021,0,0.000167,0,0.001747,0,0.001117,0,0.000101,0
512003,2021,0,0.037876,0,4.3e-05,0,0.000615,0,1.4e-05,0
512004,2021,0,0.000196,0,0.000997,0,0.001681,0,2e-06,0
512005,2021,0,0.036209,0,0.007161,0,0.002551,0,4.1e-05,0
513025,2021,0,0.113178,0,0.001794,0,0.002729,0,0.000193,0
513026,2021,0,0.040424,0,0.010267,0,0.002013,0,2e-06,0
513027,2021,0,0.031772,0,0.007284,0,0.002989,0,5.7e-05,0
513028,2021,0,0.021797,0,0.001533,0,0.004567,0,2e-06,0
513030,2021,0,0.022513,0,0.00252,0,0.003065,0,3e-06,0
514001,2021,0,0.20345,0,0.012897,0,0.004056,0,0.293773,1
514008,2021,0,0.202589,0,0.007762,0,0.004748,0,0.050867,1
514009,2021,0,0.00083,0,0.029592,0,0.009601,0,2.3e-05,0
514011,2021,0,0.003425,0,0.043702,0,0.001467,0,0.000536,0
514012,2021,0,0.001095,0,0.064347,0,0.008763,0,2.4e-05,0
520002,2021,0,0.476251,0,0.290661,0,0.097746,0,0.142677,1
520004,2021,0,0.655652,1,0.139993,0,0.017079,0,0.002284,0
520008,2021,0,0.48972,0,0.155983,0,0.057854,0,0.028423,0
520009,2021,0,0.632575,1,0.047545,0,0.017995,0,0.009637,0
520011,2021,0,0.649107,1,0.241159,0,0.379998,0,0.005182,0
520013,2021,0,0.071188,0,0.132615,0,0.026307,0,0.000178,0
520017,2021,0,0.072489,0,0.079709,0,0.01729,0,0.000271,0
520019,2021,0,0.238068,0,0.138951,0,0.052521,0,0.000271,0
520021,2021,0,0.48871,0,0.320511,0,0.133898,0,0.000623,0
520027,2021,0,0.09517,0,0.090691,0,0.008355,0,0.000175,0
520028,2021,0,0.427415,0,0.378029,0,0.275608,0,0.012444,0
520030,2021,0,0.544743,1,0.367711,0,0.277465,0,0.036921,1
520033,2021,0,0.645621,1,0.151606,0,0.075258,0,0.001737,0
520034,2021,0,0.413078,0,0.039779,0,0.008342,0,0.013615,0
520035,2021,0,0.561199,1,0.099195,0,0.028767,0,0.004031,0
520037,2021,0,0.750038,1,0.493112,0,0.181464,0,0.002776,0
520038,2021,0,0.485168,0,0.040935,0,0.003355,0,2e-06,0
520041,2021,0,0.625973,1,0.276436,0,0.127167,0,0.056026,1
520044,2021,0,0.359361,0,0.150336,0,0.011386,0,0.078067,1
520045,2021,0,0.450508,0,0.113294,0,0.037815,0,0.049457,1
520049,2021,0,0.68033,1,0.459877,0,0.161447,0,0.008843,0
520051,2021,0,0.512979,1,0.498639,0,0.351874,0,0.115608,1
520057,2021,0,0.583237,1,0.074715,0,0.027327,0,0.002487,0
520059,2021,0,0.231061,0,0.029887,0,0.006398,0,3.9e-05,0
520062,2021,0,0.452433,0,0.29328,0,0.084114,0,0.140104,1
520063,2021,0,0.220318,0,0.056383,0,0.046147,0,0.000146,0
520066,2021,0,0.699313,1,0.47809,0,0.406031,0,0.402402,1
520070,2021,0,0.517317,1,0.1889,0,0.011428,0,0.006331,0
520071,2021,0,0.478299,0,0.325099,0,0.034091,0,0.022253,0
520075,2021,0,0.218743,0,0.109023,0,0.011982,0,0.029391,0
520076,2021,0,0.651163,1,0.476965,0,0.14893,0,0.04149,1
520078,2021,0,0.466976,0,0.266621,0,0.160833,0,0.01177,0
520083,2021,0,0.482168,0,0.03953,0,0.090332,0,0.013984,0
520087,2021,0,0.48836,0,0.131232,0,0.196324,0,0.018779,0
520088,2021,0,0.434486,0,0.088447,0,0.030422,0,0.002598,0
520089,2021,0,0.349205,0,0.661625,1,0.340435,0,0.012199,0
520091,2021,0,0.452523,0,0.170045,0,0.020994,0,0.001507,0
520095,2021,0,0.731251,1,0.43389,0,0.14947,0,0.00046,0
520096,2021,0,0.712561,1,0.150521,0,0.041573,0,0.015402,0
520097,2021,0,0.42916,0,0.062216,0,0.022313,0,0.003942,0
520098,2021,0,0.91104,1,0.555514,1,0.602139,1,0.022664,0
520100,2021,0,0.582942,1,0.494378,0,0.75707,1,0.029739,0
520102,2021,0,0.516347,1,0.069866,0,0.025055,0,0.05931,1
520103,2021,0,0.496291,0,0.066266,0,0.014091,0,0.002279,0
520107,2021,0,0.713214,1,0.114668,0,0.075564,0,0.003288,0
520109,2021,0,0.690102,1,0.472903,0,0.126563,0,0.002444,0
520113,2021,0,0.353914,0,0.280185,0,0.078514,0,0.043325,1
520116,2021,0,0.613095,1,0.100893,0,0.026379,0,0.007476,0
520136,2021,0,0.635247,1,0.157637,0,0.211357,0,0.023626,0
520138,2021,0,0.326128,0,0.259304,0,0.316711,0,0.00357,0
520139,2021,0,0.355902,0,0.064577,0,0.030701,0,0.000189,0
520160,2021,0,0.710595,1,0.077145,0,0.001424,0,0.000911,0
520177,2021,0,0.301853,0,0.037841,0,0.07269,0,0.000283,0
520189,2021,0,0.510972,1,0.036385,0,0.035649,0,0.002562,0
520193,2021,0,0.676853,1,0.099711,0,0.017584,0,0.001667,0
520194,2021,0,0.341104,0,0.15028,0,0.042864,0,2.5e-05,0
520196,2021,0,0.490169,0,0.230352,0,0.023293,0,0.000843,0
520198,2021,0,0.444307,0,0.105005,0,0.043475,0,0.013783,0
520202,2021,0,0.718219,1,0.225434,0,0.128466,0,0.01075,0
520205,2021,0,0.417455,0,0.170539,0,0.045057,0,0.000267,0
520206,2021,0,0.600944,1,0.1321,0,0.012177,0,0.000462,0
520207,2021,0,0.474646,0,0.044981,0,0.078085,0,0.055827,1
520208,2021,0,0.402493,0,0.017536,0,0.00489,0,0.043749,1
520210,2021,0,0.773738,1,0.350361,0,0.33047,0,0.199003,1
520212,2021,0,0.735344,1,0.254906,0,0.070947,0,0.085097,1
520213,2021,0,0.0,0,0.109315,0,0.016115,0,0.003687,0
521300,2021,0,0.264247,0,0.241053,0,0.036897,0,0.000574,0
521302,2021,0,0.502984,1,0.108815,0,0.003696,0,0.011881,0
521303,2021,0,0.463228,0,0.141432,0,0.020703,0,0.047752,1
521304,2021,0,0.622163,1,0.354805,0,0.165633,0,0.046377,1
521305,2021,0,0.39251,0,0.18449,0,0.016268,0,0.031552,0
521307,2021,0,0.504446,1,0.332933,0,0.331196,0,0.021788,0
521308,2021,0,0.601797,1,0.262588,0,0.012534,0,0.052586,1
521309,2021,0,0.498379,0,0.197211,0,0.062327,0,0.008382,0
521310,2021,0,0.571936,1,0.251698,0,0.197961,0,0.005014,0
521311,2021,0,0.486517,0,0.228398,0,0.217646,0,0.026608,0
521312,2021,0,0.675742,1,0.357618,0,0.291674,0,0.031242,0
521313,2021,0,0.25693,0,0.152455,0,0.043333,0,0.001535,0
521314,2021,0,0.404981,0,0.140925,0,0.017817,0,0.003291,0
521315,2021,0,0.47483,0,0.114634,0,0.016415,0,0.194911,1
521316,2021,0,0.705757,1,0.175557,0,0.056985,0,0.038264,1
521317,2021,0,0.277134,0,0.139049,0,0.009161,0,0.002689,0
521318,2021,0,0.536002,1,0.259458,0,0.079657,0,0.018645,0
521319,2021,0,0.298261,0,0.241658,0,0.107298,0,0.000646,0
521320,2021,0,0.435228,0,0.422848,0,0.195018,0,0.046309,1
521321,2021,0,0.286803,0,0.379414,0,0.213431,0,0.057794,1
521322,2021,1,0.468549,0,0.515614,1,0.621906,1,0.058468,1
521323,2021,0,0.60212,1,0.15793,0,0.151057,0,0.072087,1
521324,2021,0,0.628283,1,0.302011,0,0.067605,0,0.072992,1
521325,2021,0,0.463379,0,0.207429,0,0.370836,0,0.042744,1
521326,2021,0,0.486997,0,0.110147,0,0.02995,0,0.064129,1
521327,2021,0,0.474151,0,0.203017,0,0.0645,0,0.028843,0
521328,2021,0,0.807783,1,0.207249,0,0.078118,0,0.005628,0
521329,2021,0,0.39046,0,0.261505,0,0.155487,0,0.02675,0
521330,2021,0,0.617075,1,0.327262,0,0.039345,0,0.000115,0
521331,2021,0,0.628726,1,0.311942,0,0.183246,0,0.025188,0
521332,2021,0,0.57051,1,0.397805,0,0.488896,0,0.108074,1
521333,2021,0,0.411675,0,0.4868,0,0.618557,1,0.169817,1
521334,2021,0,0.578072,1,0.097224,0,0.015114,0,0.003164,0
521335,2021,0,0.453983,0,0.257961,0,0.045043,0,0.000125,0
521336,2021,0,0.635029,1,0.318877,0,0.057192,0,0.031162,0
521337,2021,0,0.609696,1,0.341604,0,0.070033,0,0.065785,1
521338,2021,0,0.537282,1,0.408201,0,0.322786,0,0.019926,0
521339,2021,0,0.39174,0,0.178187,0,0.064679,0,0.009088,0
521340,2021,0,0.445348,0,0.12162,0,0.006788,0,0.061336,1
521341,2021,0,0.587765,1,0.333211,0,0.238461,0,0.203178,1
521342,2021,0,0.475968,0,0.301428,0,0.107866,0,0.002198,0
521343,2021,0,0.443415,0,0.32826,0,0.259789,0,0.017858,0
521344,2021,0,0.633038,1,0.232809,0,0.110197,0,0.052345,1
521345,2021,0,0.556383,1,0.239531,0,0.054827,0,0.012375,0
521346,2021,0,0.655657,1,0.142762,0,0.016091,0,0.000958,0
521347,2021,0,0.066253,0,0.356368,0,0.071643,0,1.5e-05,0
521348,2021,0,0.578444,1,0.388505,0,0.087791,0,0.000252,0
521349,2021,0,0.333891,0,0.129819,0,0.028104,0,0.142643,1
521350,2021,0,0.621821,1,0.306092,0,0.081595,0,0.061211,1
521351,2021,0,0.554618,1,0.609101,1,0.51508,1,0.410941,1
521352,2021,0,0.398955,0,0.551415,1,0.264478,0,0.021055,0
521353,2021,0,0.577794,1,0.362142,0,0.247344,0,0.098553,1
521354,2021,1,0.601198,1,0.604669,1,0.804347,1,0.269018,1
521355,2021,0,0.689966,1,0.102853,0,0.007899,0,0.028218,0
521356,2021,0,0.49197,0,0.235636,0,0.053325,0,0.00131,0
521357,2021,0,0.703145,1,0.196575,0,0.025315,0,0.211009,1
521358,2021,0,0.554211,1,0.37886,0,0.199813,0,0.122069,1
521359,2021,0,0.549907,1,0.381137,0,0.181974,0,0.003877,0
522005,2021,0,0.041211,0,0.001827,0,0.002686,0,1.1e-05,0
522006,2021,0,0.000141,0,0.00119,0,0.002376,0,5e-06,0
522008,2021,0,0.000184,0,0.00046,0,0.001994,0,1.4e-05,0
523025,2021,0,0.081531,0,0.038221,0,0.001867,0,0.00048,0
523027,2021,0,0.040578,0,0.000459,0,0.001412,0,5e-06,0
523028,2021,0,7.6e-05,0,0.013964,0,0.002782,0,0.0,0
523300,2021,0,0.77423,1,0.616413,1,0.640154,1,0.114849,1
523302,2021,0,0.897897,1,0.07066,0,0.070356,0,0.001246,0
524000,2021,0,0.30603,0,0.088008,0,0.137422,0,0.004939,0
524001,2021,0,0.140988,0,0.049999,0,0.003549,0,0.000263,0
524002,2021,0,0.002306,0,0.029575,0,0.006513,0,9.1e-05,0
524008,2021,0,0.000478,0,0.104942,0,0.036283,0,1.1e-05,0
524014,2021,0,0.338578,0,0.080426,0,0.153703,0,0.000336,0
524017,2021,0,0.508037,1,0.161126,0,0.180788,0,0.026874,0
524018,2021,0,0.35393,0,0.241608,0,0.213275,0,0.000638,0
524019,2021,0,0.004591,0,0.079689,0,0.061752,0,0.000163,0
524025,2021,0,0.573717,1,0.09701,0,0.014808,0,0.000519,0
524026,2021,0,0.005801,0,0.132957,0,0.00412,0,7.5e-05,0
524038,2021,0,0.39219,0,0.178722,0,0.19413,0,0.012372,0
524041,2021,0,0.147333,0,0.016494,0,0.015233,0,0.000258,0
530002,2021,0,0.426156,0,0.46699,0,0.142605,0,0.018461,0
530006,2021,0,0.47716,0,0.274398,0,0.098592,0,0.005501,0
530008,2021,0,0.328909,0,0.024864,0,0.004701,0,0.006314,0
530011,2021,0,0.156996,0,0.310505,0,0.067574,0,0.001866,0
530012,2021,0,0.549751,1,0.346196,0,0.170376,0,0.002485,0
530014,2021,1,0.646021,1,0.65369,1,0.828271,1,0.183598,1
530015,2021,0,0.617099,1,0.476215,0,0.082909,0,0.145999,1
530025,2021,0,0.638603,1,0.333749,0,0.084818,0,0.050542,1
530032,2021,0,0.163042,0,0.03108,0,0.003895,0,0.000529,0
530034,2021,0,0.69388,1,0.284672,0,0.07716,0,0.205555,1
531301,2021,0,0.352921,0,0.235562,0,0.029094,0,0.002373,0
531302,2021,0,0.781458,1,0.559771,1,0.095477,0,0.358268,1
531303,2021,0,0.583836,1,0.314161,0,0.037789,0,0.000915,0
531304,2021,0,0.788108,1,0.395539,0,0.089135,0,9.1e-05,0
531305,2021,0,0.677894,1,0.197056,0,0.149066,0,0.001121,0
531306,2021,0,0.653539,1,0.226335,0,0.042705,0,0.000608,0
531307,2021,0,0.46541,0,0.316536,0,0.067451,0,0.113311,1
531308,2021,0,0.928099,1,0.263387,0,0.034845,0,0.00066,0
531309,2021,0,0.469132,0,0.335272,0,0.289276,0,0.007702,0
531310,2021,0,0.73316,1,0.448355,0,0.32481,0,0.264484,1
531311,2021,0,0.427183,0,0.300202,0,0.272617,0,0.016199,0
531312,2021,0,0.631108,1,0.369173,0,0.079167,0,0.001302,0
531313,2021,0,0.717837,1,0.517727,1,0.344706,0,0.378684,1
531314,2021,0,0.378272,0,0.256843,0,0.05224,0,0.00252,0
531315,2021,0,0.664015,1,0.293418,0,0.039943,0,0.00019,0
531316,2021,0,0.684043,1,0.259918,0,0.133701,0,0.004547,0
533027,2021,0,0.039042,0,0.015255,0,0.003436,0,0.000104,0
534001,2021,0,0.000172,0,0.032221,0,0.001009,0,8e-06,0
534004,2021,0,0.112754,0,0.002494,0,0.002189,0,0.000533,0
640001,2021,0,0.19525,0,0.196999,0,0.011833,0,0.001711,0
650001,2021,0,0.287434,0,0.123747,0,0.011621,0,5.2e-05,0
650003,2021,0,0.181761,0,0.158385,0,0.199948,0,0.004453,0
670004,2021,0,0.200798,0,0.20807,0,0.101197,0,0.002495,0
670005,2021,0,0.520008,1,0.130546,0,0.027652,0,0.002321,0
670006,2021,0,0.487176,0,0.15174,0,0.033532,0,0.00723,0
670008,2021,0,0.687021,1,0.266238,0,0.09284,0,0.025604,0
670010,2021,0,0.198786,0,0.222167,0,0.015218,0,0.06731,1
670023,2021,0,0.26217,0,0.005262,0,0.003405,0,7.8e-05,0
670025,2021,0,0.007866,0,0.074897,0,0.005571,0,0.0,0
670031,2021,0,0.317206,0,0.126142,0,0.039492,0,0.005458,0
670034,2021,0,0.706373,1,0.192232,0,0.190104,0,0.108131,1
670041,2021,0,0.153443,0,0.030431,0,0.003833,0,7.7e-05,0
670043,2021,0,0.240686,0,0.049749,0,0.014076,0,0.002428,0
670044,2021,0,0.237623,0,0.27307,0,0.027523,0,0.048988,1
670047,2021,0,0.276643,0,0.019961,0,0.032988,0,5.5e-05,0
670049,2021,0,0.414749,0,0.196875,0,0.15315,0,0.000726,0
670053,2021,0,0.252365,0,0.163701,0,0.097777,0,0.000151,0
670054,2021,0,0.685667,1,0.17037,0,0.125821,0,0.003422,0
670055,2021,0,0.352819,0,0.005945,0,0.003645,0,0.00041,0
670056,2021,0,0.198398,0,0.016986,0,0.007405,0,0.000131,0
670059,2021,0,0.526475,1,0.110477,0,0.075731,0,0.000333,0
670060,2021,0,0.240941,0,0.088911,0,0.007327,0,0.002657,0
670061,2021,0,0.12982,0,0.092893,0,0.023775,0,0.000438,0
670062,2021,0,0.365778,0,0.095152,0,0.012574,0,0.004003,0
670067,2021,0,0.410093,0,0.132709,0,0.097221,0,0.00122,0
670068,2021,0,0.573743,1,0.26649,0,0.054076,0,0.000442,0
670069,2021,1,0.696452,1,0.52741,1,0.944265,1,0.26977,1
670071,2021,0,0.287062,0,0.215701,0,0.031425,0,0.000168,0
670073,2021,0,0.445379,0,0.328834,0,0.352329,0,0.002313,0
670075,2021,0,0.164204,0,0.069887,0,0.042099,0,0.000318,0
670076,2021,0,0.531944,1,0.100133,0,0.01231,0,0.004267,0
670077,2021,0,0.535636,1,0.105756,0,0.023239,0,0.040642,1
670078,2021,0,0.205288,0,0.023182,0,0.006288,0,0.000419,0
670080,2021,0,0.09095,0,0.052457,0,0.006663,0,0.001051,0
670082,2021,0,0.285467,0,0.04597,0,0.040974,0,0.002304,0
670085,2021,0,0.609574,1,0.089068,0,0.018175,0,0.004251,0
670088,2021,0,0.60611,1,0.262907,0,0.197258,0,0.247155,1
670090,2021,0,0.521237,1,0.084019,0,0.031401,0,0.000325,0
670093,2021,0,0.188159,0,0.19469,0,0.025763,0,0.016286,0
670098,2021,1,0.444756,0,0.305313,0,0.139037,0,0.033578,0
670102,2021,0,0.503986,1,0.079442,0,0.01319,0,0.001857,0
670103,2021,0,0.207984,0,0.022444,0,0.005229,0,0.000531,0
670106,2021,0,0.092305,0,0.045777,0,0.047786,0,0.001097,0
670107,2021,0,0.415824,0,0.090806,0,0.012618,0,0.000459,0
670108,2021,0,0.472151,0,0.290693,0,0.078068,0,0.079643,1
670109,2021,0,0.324986,0,0.064965,0,0.018044,0,0.00015,0
670112,2021,0,0.407875,0,0.110104,0,0.005504,0,3.3e-05,0
670115,2021,0,0.531154,1,0.205756,0,0.169209,0,0.003371,0
670116,2021,0,0.193883,0,0.097014,0,0.010231,0,9.2e-05,0
670120,2021,0,0.304181,0,0.032328,0,0.031657,0,0.011357,0
670122,2021,0,0.272488,0,0.038647,0,0.014652,0,0.000561,0
670124,2021,0,0.269985,0,0.080025,0,0.025886,0,0.001636,0
670125,2021,0,0.577864,1,0.045549,0,0.002011,0,0.000946,0
670128,2021,0,0.312154,0,0.06385,0,0.066323,0,0.000117,0
670131,2021,0,0.520111,1,0.132363,0,0.01719,0,0.000117,0
670132,2021,0,0.563633,1,0.140957,0,0.051477,0,0.004083,0
670134,2021,0,0.232605,0,0.158886,0,0.005289,0,0.000349,0
670135,2021,0,0.173525,0,0.069687,0,0.006639,0,0.000127,0
670136,2021,0,0.288568,0,0.162595,0,0.031476,0,0.001365,0
670143,2021,0,0.088643,0,0.00787,0,0.00281,0,0.000104,0
670260,2021,0,0.989578,1,0.20279,0,0.043418,0,0.73037,1
670265,2021,0,0.434945,0,0.121059,0,0.016257,0,0.002373,0
670266,2021,0,0.534941,1,0.125714,0,0.02462,0,0.000429,0
670267,2021,0,0.248464,0,0.11954,0,0.011352,0,0.000538,0
670280,2021,0,0.06202,0,0.0112,0,0.001767,0,7.1e-05,0
670285,2021,0,0.076608,0,0.131,0,0.008577,0,0.00013,0
670300,2021,0,0.135789,0,0.113102,0,0.020437,0,0.000661,0
670309,2021,0,0.425766,0,0.207092,0,0.10258,0,0.01782,0
670310,2021,0,0.046583,0,0.018761,0,0.003057,0,5.6e-05,0
670314,2021,0,0.110654,0,0.093348,0,0.007879,0,0.0005,0
673025,2021,0,0.02069,0,0.00142,0,0.004378,0,2e-06,0
673027,2021,0,0.022254,0,0.001721,0,0.001747,0,0.0001,0
673029,2021,0,0.020261,0,0.008184,0,0.002501,0,7e-06,0
673030,2021,0,0.00015,0,0.001459,0,0.00094,0,1.7e-05,0
673031,2021,0,0.015583,0,0.001041,0,0.001653,0,2e-06,0
673032,2021,0,0.017757,0,0.029501,0,0.002262,0,5e-06,0
673034,2021,0,0.014766,0,0.001798,0,0.00281,0,2e-06,0
673035,2021,0,0.05643,0,0.016402,0,0.007687,0,0.000174,0
673036,2021,0,0.040539,0,0.000416,0,0.001842,0,5.3e-05,0
673038,2021,0,0.080975,0,0.143293,0,0.071972,0,0.000333,0
673039,2021,0,0.025982,0,0.000416,0,0.001437,0,1e-05,0
673041,2021,0,0.000126,0,0.018697,0,0.004134,0,6.9e-05,0
673042,2021,0,0.022449,0,0.007241,0,0.005492,0,4e-06,0
673043,2021,0,0.025979,0,0.020601,0,0.006096,0,1.2e-05,0
673044,2021,0,0.025532,0,0.025218,0,0.00756,0,8e-06,0
673045,2021,0,0.030798,0,0.011012,0,0.002321,0,6.1e-05,0
673046,2021,0,0.054286,0,0.041232,0,0.008637,0,6e-05,0
673048,2021,0,9.7e-05,0,0.014027,0,0.002228,0,1e-06,0
673049,2021,0,0.038284,0,0.02086,0,0.00395,0,0.000104,0
673050,2021,0,0.028937,0,0.007657,0,0.006517,0,1.2e-05,0
673052,2021,0,0.018758,0,0.00635,0,0.004321,0,1e-05,0
673053,2021,0,0.022942,0,0.009728,0,0.003894,0,2.9e-05,0
673054,2021,0,0.028162,0,0.0146,0,0.001824,0,1.5e-05,0
673055,2021,0,0.017175,0,0.002043,0,0.006656,0,0.000266,0
673056,2021,0,0.000117,0,0.000493,0,0.004492,0,4.8e-05,0
673057,2021,0,0.05071,0,0.009067,0,0.002614,0,5e-05,0
673058,2021,0,0.115529,0,0.07813,0,0.003448,0,0.001522,0
673059,2021,0,0.026883,0,0.001236,0,0.001369,0,3.3e-05,0
673060,2021,0,0.000198,0,0.007798,0,0.010844,0,1.1e-05,0
673061,2021,0,0.033381,0,0.003551,0,0.014514,0,7.1e-05,0
673062,2021,0,0.025294,0,0.0,0,0.001609,0,2.9e-05,0
673063,2021,0,0.034037,0,0.039205,0,0.00452,0,1e-05,0
673065,2021,0,0.022354,0,0.000565,0,0.00746,0,3e-06,0
673066,2021,0,0.025286,0,0.012393,0,0.006744,0,6e-06,0
673067,2021,0,0.048501,0,0.000565,0,0.005735,0,4.3e-05,0
673068,2021,0,0.050341,0,0.012502,0,0.004744,0,8.2e-05,0
673069,2021,0,0.04112,0,0.000565,0,0.003503,0,2.1e-05,0
673070,2021,0,9.9e-05,0,0.024723,0,0.00967,0,1e-06,0
673071,2021,0,0.000188,0,0.023897,0,0.006526,0,2.2e-05,0
673072,2021,0,0.000209,0,0.003602,0,0.005977,0,8.1e-05,0
673073,2021,0,0.045368,0,0.003405,0,0.003378,0,0.000111,0
673074,2021,0,0.049623,0,0.0,0,0.003053,0,0.000148,0
673075,2021,0,0.084129,0,0.007236,0,0.00239,0,0.00051,0
673076,2021,0,0.047546,0,0.0,0,0.002398,0,0.000399,0
673077,2021,0,0.000297,0,0.012657,0,0.004956,0,0.000103,0
673078,2021,0,0.000155,0,0.001647,0,0.002265,0,0.000107,0
673079,2021,0,0.000195,0,0.00115,0,0.002369,0,0.0001,0
713025,2021,0,0.000173,0,0.004262,0,0.002298,0,8.8e-05,0
713026,2021,0,0.000242,0,0.000285,0,0.000545,0,0.000167,0
713027,2021,0,0.000456,0,0.007977,0,0.001331,0,0.000167,0
713028,2021,0,0.000126,0,0.002267,0,0.001973,0,0.000112,0
