y_true,LogisticRegression_proba,LogisticRegression_pred,RandomForest_proba,RandomForest_pred,XGBoost_proba,XGBoost_pred,SV_proba,SVM_pred
0,0.484856,0,0.65895,1,0.581531,1,0.026622,0
0,0.842459,1,0.542228,1,0.153712,0,0.5798,1
0,0.426835,0,0.161748,0,0.060532,0,0.001786,0
0,0.75412,1,0.209973,0,0.031119,0,0.000832,0
0,0.319911,0,0.159571,0,0.038359,0,0.082715,1
0,0.195589,0,0.068687,0,0.00955,0,0.017306,0
0,0.602426,1,0.015251,0,0.009081,0,0.00431,0
0,0.327134,0,0.060681,0,0.034322,0,0.001092,0
0,0.665948,1,0.305171,0,0.111901,0,0.001168,0
0,0.784907,1,0.140268,0,0.132796,0,0.015067,0
0,0.383649,0,0.273621,0,0.095701,0,0.000327,0
0,0.562967,1,0.214556,0,0.04972,0,0.182028,1
0,0.6428,1,0.170249,0,0.103042,0,0.013657,0
0,0.541042,1,0.207957,0,0.085977,0,0.00026,0
0,0.724546,1,0.233753,0,0.136788,0,0.011672,0
0,0.911212,1,0.752544,1,0.297325,0,0.035833,1
0,0.383317,0,0.260911,0,0.212308,0,0.003741,0
0,0.760556,1,0.42874,0,0.526348,1,0.051993,1
0,0.444649,0,0.019518,0,0.004271,0,0.003659,0
0,0.064348,0,0.099996,0,0.014895,0,1.3e-05,0
0,0.938065,1,0.500881,1,0.053057,0,0.002935,0
0,0.378651,0,0.018821,0,0.007758,0,0.000631,0
0,0.235719,0,0.116437,0,0.0366,0,4.1e-05,0
0,0.486469,0,0.253698,0,0.064745,0,0.00796,0
0,0.220921,0,0.078345,0,0.022447,0,0.025734,0
0,0.527644,1,0.02523,0,0.005634,0,0.003068,0
0,0.153417,0,0.042324,0,0.006388,0,0.000502,0
0,0.126352,0,0.09633,0,0.021549,0,0.000117,0
0,0.446075,0,0.015653,0,0.020262,0,0.001863,0
0,0.512015,1,0.077688,0,0.0521,0,0.00558,0
0,0.436563,0,0.220252,0,0.084622,0,0.006021,0
0,0.372115,0,0.321406,0,0.384931,0,0.007868,0
0,0.619439,1,0.102084,0,0.020863,0,0.017601,0
0,0.598497,1,0.254705,0,0.185773,0,0.030501,0
0,0.812026,1,0.429457,0,0.192033,0,0.002917,0
0,0.154373,0,0.051608,0,0.027203,0,0.00078,0
0,0.32368,0,0.326546,0,0.32224,0,0.000185,0
0,0.691372,1,0.17562,0,0.111262,0,0.006553,0
0,0.872611,1,0.236717,0,0.095145,0,0.010486,0
0,0.266495,0,0.006752,0,0.000537,0,7e-06,0
0,0.493858,0,0.207708,0,0.135717,0,0.004884,0
0,0.318329,0,0.148115,0,0.097056,0,0.000552,0
0,0.414381,0,0.307401,0,0.269116,0,2e-05,0
0,0.415106,0,0.11029,0,0.080957,0,0.00082,0
0,0.411652,0,0.136069,0,0.064183,0,0.004439,0
0,0.47613,0,0.268438,0,0.314273,0,0.082031,1
0,0.673442,1,0.645152,1,0.431315,0,0.003472,0
0,0.413597,0,0.327479,0,0.446027,0,0.014213,0
0,0.114723,0,0.155351,0,0.053836,0,0.000496,0
0,0.541379,1,0.331668,0,0.198046,0,0.006858,0
0,0.52187,1,0.266769,0,0.059009,0,0.004757,0
0,0.37353,0,0.088202,0,0.04684,0,0.000387,0
0,0.173735,0,0.192336,0,0.02954,0,0.001492,0
0,0.169839,0,0.058404,0,0.018031,0,0.000463,0
0,0.529184,1,0.065444,0,0.013316,0,0.000189,0
0,0.268199,0,0.07793,0,0.023409,0,0.004134,0
0,0.268952,0,0.156691,0,0.149512,0,0.015904,0
0,0.495348,0,0.136595,0,0.055304,0,0.001221,0
0,0.561698,1,0.192447,0,0.0624,0,0.003192,0
0,0.622019,1,0.251836,0,0.256091,0,0.072477,1
0,0.238867,0,0.001813,0,0.005659,0,0.000647,0
0,0.35027,0,0.275439,0,0.042558,0,0.000441,0
0,0.160779,0,0.188445,0,0.076455,0,5.7e-05,0
0,0.594525,1,0.3257,0,0.336392,0,0.005648,0
1,0.277385,0,0.624735,1,0.798798,1,0.271908,1
0,0.41711,0,0.05611,0,0.005258,0,0.030977,0
0,0.268044,0,0.030986,0,0.002477,0,1.2e-05,0
0,0.608055,1,0.004621,0,0.002818,0,5.4e-05,0
0,0.322838,0,0.148085,0,0.079412,0,0.004176,0
0,0.454024,0,0.049515,0,0.027922,0,0.001204,0
0,0.496739,0,0.119407,0,0.050216,0,0.000317,0
0,0.15312,0,0.178366,0,0.102952,0,0.002467,0
0,0.506968,1,0.018856,0,0.007193,0,0.001475,0
0,0.575164,1,0.162012,0,0.079466,0,0.000421,0
0,0.367989,0,0.22,0,0.093177,0,0.002036,0
0,0.401573,0,0.119564,0,0.03451,0,0.000125,0
0,0.338426,0,0.223949,0,0.088343,0,0.000342,0
0,0.341278,0,0.329668,0,0.149279,0,0.001192,0
0,0.273319,0,0.305451,0,0.04025,0,0.002403,0
0,0.374719,0,0.043451,0,0.014372,0,1.4e-05,0
0,0.200627,0,0.066356,0,0.005249,0,0.001607,0
0,0.152187,0,0.099704,0,0.032469,0,0.001698,0
0,0.393981,0,0.266116,0,0.050197,0,0.000922,0
0,0.484152,0,0.258731,0,0.266017,0,0.135544,1
0,0.31174,0,0.148488,0,0.023731,0,0.016738,0
0,0.448496,0,0.191742,0,0.151298,0,0.000465,0
0,0.477398,0,0.34391,0,0.092483,0,0.038727,1
0,0.040651,0,0.007682,0,0.002847,0,9.7e-05,0
0,0.000185,0,0.015628,0,0.001288,0,3e-05,0
0,0.000246,0,0.000586,0,0.001545,0,9.2e-05,0
0,0.030845,0,0.00038,0,0.003121,0,5.2e-05,0
0,0.048326,0,0.000423,0,0.002013,0,8.6e-05,0
0,0.000202,0,0.000423,0,0.000746,0,3.9e-05,0
0,0.060441,0,0.000423,0,0.002863,0,7.2e-05,0
0,0.000181,0,0.000296,0,0.002321,0,2.2e-05,0
0,0.017965,0,0.029702,0,0.006572,0,2.5e-05,0
0,0.020618,0,0.005723,0,0.00543,0,4e-06,0
0,0.02646,0,0.006008,0,0.005065,0,6e-06,0
0,0.016975,0,0.004548,0,0.003283,0,2e-06,0
0,0.026394,0,0.003416,0,0.001894,0,8.1e-05,0
0,0.019188,0,0.001533,0,0.003499,0,4e-06,0
0,0.013136,0,0.008481,0,0.001878,0,1e-06,0
0,0.875286,1,0.617651,1,0.558352,1,0.001232,0
0,0.809405,1,0.249932,0,0.098225,0,0.000263,0
0,0.185626,0,0.028866,0,0.006438,0,0.009414,0
0,0.26249,0,0.041538,0,0.012278,0,0.003744,0
0,0.002025,0,0.039173,0,0.005307,0,6e-06,0
0,0.445342,0,0.041883,0,0.003648,0,0.001047,0
0,0.422748,0,0.279253,0,0.129215,0,0.002435,0
0,0.00675,0,0.040376,0,0.007847,0,0.000152,0
0,0.372694,0,0.403391,0,0.158737,0,0.012311,0
0,0.002166,0,0.03053,0,0.006543,0,0.001372,0
0,0.638259,1,0.240931,0,0.231413,0,0.004421,0
0,0.273636,0,0.02339,0,0.000472,0,0.002742,0
0,0.803098,1,0.652716,1,0.890574,1,0.019499,0
0,0.57752,1,0.126167,0,0.037961,0,0.014278,0
0,0.242902,0,0.035029,0,0.001869,0,4.3e-05,0
0,0.588579,1,0.617472,1,0.865879,1,0.4394,1
0,0.432831,0,0.464082,0,0.370165,0,0.000727,0
0,0.621165,1,0.197397,0,0.122319,0,0.001788,0
0,0.453604,0,0.240223,0,0.033991,0,0.001294,0
0,0.421309,0,0.129843,0,0.093324,0,0.000631,0
0,0.619849,1,0.238873,0,0.120958,0,0.014486,0
0,0.401563,0,0.078986,0,0.009721,0,0.008977,0
0,0.580064,1,0.240759,0,0.029773,0,0.056363,1
0,0.369974,0,0.106422,0,0.025521,0,0.01656,0
0,0.785219,1,0.337998,0,0.08391,0,0.002084,0
0,0.000361,0,0.265845,0,0.287478,0,0.001745,0
0,0.473072,0,0.203078,0,0.121918,0,0.001356,0
0,0.762517,1,0.252306,0,0.194357,0,2.1e-05,0
0,3e-06,0,0.319888,0,0.268048,0,0.002969,0
0,0.573538,1,0.479308,0,0.479352,0,0.002061,0
0,0.600676,1,0.375751,0,0.379741,0,0.010131,0
0,0.068495,0,0.003317,0,0.000831,0,0.000258,0
0,0.235324,0,0.002711,0,0.00138,0,0.013974,0
0,0.377559,0,0.054441,0,0.005385,0,0.000225,0
0,0.547155,1,0.042207,0,0.015926,0,0.001245,0
0,0.557756,1,0.311188,0,0.020978,0,0.001166,0
0,0.31252,0,0.149523,0,0.009092,0,4.5e-05,0
0,0.491954,0,0.121889,0,0.10257,0,0.001715,0
0,0.415153,0,0.05912,0,0.076412,0,0.00325,0
0,0.424243,0,0.396044,0,0.351081,0,0.088581,1
1,0.730283,1,0.746596,1,0.780845,1,0.443048,1
0,0.357507,0,0.004844,0,0.003081,0,0.000526,0
0,0.461632,0,0.07744,0,0.008949,0,0.034806,1
0,0.100088,0,0.241025,0,0.028899,0,2.7e-05,0
0,0.36096,0,0.133398,0,0.154262,0,0.082327,1
0,0.456327,0,0.255883,0,0.058375,0,0.001783,0
0,0.340476,0,0.075886,0,0.015453,0,0.002377,0
0,0.248794,0,0.244537,0,0.110976,0,0.00214,0
0,0.303264,0,0.034343,0,0.007388,0,0.011921,0
0,0.156466,0,0.003243,0,0.000808,0,0.000581,0
0,0.397365,0,0.150069,0,0.156758,0,0.01598,0
0,0.599409,1,0.256148,0,0.040832,0,0.000461,0
0,0.297208,0,0.079252,0,0.0047,0,0.000474,0
0,0.630693,1,0.447657,0,0.725441,1,0.024841,0
0,0.617662,1,0.088855,0,0.064647,0,0.006728,0
0,0.553031,1,0.028426,0,0.013164,0,0.002324,0
0,0.183543,0,0.116071,0,0.011913,0,0.001343,0
0,0.217715,0,0.04062,0,0.002963,0,7e-06,0
1,0.549324,1,0.652199,1,0.80101,1,0.243192,1
0,0.025354,0,0.198211,0,0.016098,0,5.7e-05,0
0,0.546071,1,0.178855,0,0.074188,0,0.001778,0
0,0.134378,0,0.220286,0,0.032063,0,0.001499,0
0,0.397587,0,0.345768,0,0.307514,0,0.004103,0
0,0.411319,0,0.091473,0,0.013996,0,0.000237,0
0,0.844305,1,0.474759,0,0.404425,0,0.003578,0
0,0.365618,0,0.001971,0,0.00532,0,0.000457,0
0,0.27656,0,0.018535,0,0.002065,0,0.000344,0
0,0.335405,0,0.042649,0,0.006627,0,0.000268,0
0,0.483668,0,0.024849,0,0.00475,0,0.000182,0
0,0.244509,0,0.005963,0,0.003717,0,0.003519,0
0,0.486159,0,0.057664,0,0.007159,0,0.006591,0
0,0.239954,0,0.065003,0,0.031291,0,0.000738,0
0,0.127679,0,0.003495,0,0.000725,0,1e-06,0
0,0.655279,1,0.235366,0,0.012226,0,0.006491,0
0,0.273339,0,0.017511,0,0.002832,0,1.7e-05,0
0,0.252276,0,0.097122,0,0.009636,0,0.000181,0
0,0.397953,0,0.163184,0,0.030869,0,0.000106,0
0,0.326037,0,0.049859,0,0.027238,0,0.000358,0
0,0.427764,0,0.025054,0,0.007765,0,0.002016,0
0,0.705953,1,0.186211,0,0.066534,0,0.002881,0
0,0.394154,0,0.406642,0,0.372681,0,0.000901,0
0,0.47032,0,0.022653,0,0.003727,0,0.001039,0
0,0.532582,1,0.024183,0,0.011231,0,0.0065,0
0,0.335028,0,0.075221,0,0.022359,0,0.005949,0
0,0.572652,1,0.271465,0,0.060839,0,0.060264,1
0,0.748929,1,0.111765,0,0.072568,0,0.01362,0
0,0.499693,0,0.032533,0,0.010823,0,0.035404,1
0,0.335113,0,0.00977,0,0.002095,0,0.00037,0
0,0.251115,0,0.066867,0,0.012995,0,0.001482,0
0,0.072947,0,0.103905,0,0.013419,0,0.000276,0
0,0.218663,0,0.1387,0,0.009187,0,0.001508,0
0,0.176043,0,0.12458,0,0.017082,0,0.004777,0
0,0.113468,0,0.152428,0,0.056044,0,0.000811,0
0,0.780257,1,0.056188,0,0.005694,0,0.002075,0
0,0.256854,0,0.049047,0,0.005991,0,0.025222,0
0,0.413386,0,0.071363,0,0.060191,0,0.060646,1
0,0.387158,0,0.153961,0,0.025458,0,0.012183,0
0,0.195217,0,0.033752,0,0.003396,0,7.3e-05,0
0,0.481382,0,0.2997,0,0.144256,0,0.003957,0
0,0.506082,1,0.165491,0,0.07474,0,0.001655,0
0,0.471195,0,0.252381,0,0.059341,0,0.00128,0
0,0.604666,1,0.129982,0,0.020552,0,9.3e-05,0
0,0.000134,0,0.131351,0,0.016008,0,0.000285,0
0,0.041694,0,0.102985,0,0.083407,0,0.004313,0
0,0.029537,0,0.262965,0,0.17238,0,0.000225,0
0,0.343753,0,0.158311,0,0.059514,0,0.001549,0
0,0.256931,0,0.383459,0,0.16895,0,0.003824,0
0,0.575479,1,0.250866,0,0.074458,0,0.001897,0
0,0.289315,0,0.103516,0,0.004316,0,1e-05,0
0,0.306606,0,0.331891,0,0.052177,0,0.011308,0
0,0.492238,0,0.167779,0,0.100806,0,0.008323,0
0,0.394667,0,0.283669,0,0.286412,0,0.195674,1
0,0.386865,0,0.147737,0,0.006806,0,0.000193,0
1,0.565706,1,0.231669,0,0.083787,0,8.2e-05,0
0,0.039762,0,0.000652,0,0.001109,0,9.4e-05,0
0,0.000102,0,0.00159,0,0.000868,0,3e-06,0
0,0.000233,0,0.003351,0,0.004544,0,0.000165,0
0,0.031142,0,0.000565,0,0.003074,0,6.3e-05,0
0,0.00016,0,0.000818,0,0.000669,0,3e-06,0
0,0.027378,0,0.000712,0,0.002539,0,3.2e-05,0
0,0.036794,0,0.013212,0,0.003181,0,1e-05,0
0,0.021992,0,0.015188,0,0.004116,0,4e-06,0
0,0.024225,0,0.014976,0,0.006091,0,3e-05,0
0,0.032529,0,0.009543,0,0.003046,0,1.7e-05,0
0,0.031978,0,0.000106,0,0.003816,0,2e-06,0
0,0.074423,0,0.004402,0,0.006926,0,5.9e-05,0
0,0.022555,0,0.011296,0,0.002724,0,6e-06,0
0,9.9e-05,0,0.044271,0,0.001053,0,2e-06,0
0,0.042283,0,0.001305,0,0.002916,0,0.000151,0
0,0.018634,0,0.012455,0,0.001391,0,1e-06,0
0,0.041774,0,0.002471,0,0.011292,0,0.000122,0
0,0.000206,0,0.008815,0,0.005014,0,9.7e-05,0
1,0.844415,1,0.811978,1,0.896858,1,0.466411,1
0,0.234713,0,0.035422,0,0.031005,0,0.085597,1
0,0.188696,0,0.011316,0,0.002897,0,0.008567,0
0,0.000566,0,0.006466,0,0.002779,0,2.3e-05,0
0,0.358348,0,0.041282,0,0.011809,0,0.000232,0
0,0.234692,0,0.003994,0,0.002253,0,0.000612,0
1,0.504241,1,0.442477,0,0.407175,0,0.233554,1
0,0.183871,0,0.044918,0,0.013802,0,0.007163,0
0,0.592994,1,0.322548,0,0.419883,0,0.00969,0
0,0.1704,0,0.002699,0,0.001771,0,0.003849,0
0,0.191935,0,0.053957,0,0.021972,0,0.007757,0
0,0.137063,0,0.005797,0,0.002299,0,0.003092,0
0,0.352827,0,0.056767,0,0.055051,0,0.000381,0
0,0.239596,0,0.008344,0,0.003361,0,0.156011,1
0,0.244162,0,0.062779,0,0.004467,0,0.000447,0
0,0.092668,0,0.067041,0,0.023768,0,7.5e-05,0
0,0.126576,0,0.062227,0,0.001492,0,8.4e-05,0
0,0.226776,0,0.0375,0,0.018403,0,0.001097,0
0,0.000277,0,0.002999,0,0.002132,0,0.000153,0
0,0.000235,0,0.02012,0,0.003436,0,0.000103,0
0,0.00143,0,0.055853,0,0.019665,0,0.000214,0
0,0.270289,0,0.010201,0,0.003149,0,0.001,0
0,0.40933,0,0.477422,0,0.407437,0,0.015744,0
0,0.767471,1,0.53791,1,0.127017,0,0.005203,0
0,0.335776,0,0.032874,0,0.004466,0,0.000494,0
0,0.415259,0,0.074735,0,0.054188,0,0.008724,0
0,0.220559,0,0.344035,0,0.107921,0,0.003494,0
0,0.728842,1,0.469232,0,0.760719,1,0.191849,1
0,0.193381,0,0.291204,0,0.153655,0,0.001278,0
0,0.034933,0,0.285808,0,0.102041,0,0.03222,0
0,0.752407,1,0.521759,1,0.716374,1,0.021194,0
0,0.07842,0,0.109626,0,0.009128,0,5e-06,0
0,0.260829,0,0.05516,0,0.005815,0,0.000381,0
0,0.240885,0,0.247956,0,0.02111,0,0.001784,0
0,0.470344,0,0.006409,0,0.010886,0,0.00163,0
0,0.31803,0,0.031338,0,0.009545,0,0.003389,0
0,0.750667,1,0.332886,0,0.159348,0,0.087576,1
0,0.5738,1,0.360994,0,0.486034,0,0.075465,1
0,0.269845,0,0.032564,0,0.021617,0,0.004121,0
1,0.517469,1,0.704082,1,0.804256,1,0.156461,1
0,0.527382,1,0.00439,0,0.003122,0,0.000285,0
0,0.106323,0,0.147486,0,0.081953,0,0.000541,0
0,0.564746,1,0.330701,0,0.095976,0,0.001761,0
0,0.292221,0,0.437172,0,0.264241,0,0.008342,0
0,0.338587,0,0.082426,0,0.01493,0,0.000603,0
0,0.153155,0,0.132794,0,0.102121,0,0.003555,0
0,0.396822,0,0.170202,0,0.091454,0,0.00114,0
0,0.465002,0,0.229316,0,0.084122,0,0.012961,0
0,0.538391,1,0.263627,0,0.02275,0,0.00362,0
0,0.506823,1,0.189846,0,0.237937,0,0.00131,0
0,0.323418,0,0.103271,0,0.034929,0,0.000919,0
0,0.511005,1,0.02465,0,0.007354,0,0.027557,0
0,0.485228,0,0.167021,0,0.042081,0,0.006252,0
0,0.077735,0,0.017797,0,0.002337,0,0.000184,0
0,0.814764,1,0.005482,0,0.000468,0,0.001248,0
0,0.558884,1,0.021445,0,0.016101,0,0.011868,0
0,0.437073,0,0.068029,0,0.01834,0,0.0002,0
0,0.807139,1,0.541321,1,0.557636,1,0.00438,0
0,0.075726,0,0.131146,0,0.011556,0,0.00033,0
0,0.289858,0,0.319576,0,0.114506,0,0.000893,0
0,0.133303,0,0.017321,0,0.020345,0,0.002097,0
0,0.298801,0,0.22689,0,0.174042,0,1e-05,0
0,0.049529,0,0.019237,0,0.004969,0,2.1e-05,0
0,0.280584,0,0.126425,0,0.14608,0,0.178454,1
0,0.271134,0,0.104219,0,0.047731,0,0.002516,0
0,0.564622,1,0.14705,0,0.022037,0,0.000203,0
0,0.37755,0,0.21409,0,0.068757,0,0.002521,0
0,0.28427,0,0.058909,0,0.00474,0,0.045075,1
0,0.487516,0,0.172344,0,0.093628,0,0.191267,1
0,0.299456,0,0.02706,0,0.007635,0,0.000495,0
0,0.220867,0,0.06034,0,0.017615,0,0.001563,0
0,0.339633,0,0.037191,0,0.00325,0,0.020762,0
0,0.599492,1,0.223203,0,0.126208,0,0.009341,0
0,0.235858,0,0.195297,0,0.073843,0,0.002565,0
0,0.519452,1,0.284945,0,0.213676,0,0.004454,0
0,0.477865,0,0.289111,0,0.142658,0,0.042811,1
0,0.56326,1,0.270134,0,0.430915,0,0.04591,1
1,0.344128,0,0.42798,0,0.502,1,0.098636,1
0,0.465711,0,0.104133,0,0.122219,0,0.042402,1
0,0.495897,0,0.402754,0,0.327963,0,0.088601,1
0,0.178718,0,0.126349,0,0.051357,0,0.001311,0
0,0.132426,0,0.051677,0,0.011874,0,0.002592,0
0,0.625204,1,0.301392,0,0.07382,0,0.12551,1
0,0.420772,0,0.062936,0,0.009551,0,0.023508,0
0,0.266014,0,0.227734,0,0.083101,0,0.000661,0
0,0.485794,0,0.029168,0,0.004043,0,0.002672,0
0,0.62683,1,0.353196,0,0.141595,0,0.002459,0
0,0.666445,1,0.478129,0,0.369605,0,0.002456,0
0,0.360654,0,0.087212,0,0.015603,0,0.064429,1
0,0.510704,1,0.352578,0,0.045407,0,8.3e-05,0
0,0.484388,0,0.174344,0,0.11646,0,0.044206,1
0,0.398483,0,0.327751,0,0.091688,0,0.020547,0
0,0.371611,0,0.075598,0,0.026234,0,0.002898,0
0,0.381828,0,0.283063,0,0.326559,0,0.002774,0
0,0.51056,1,0.165407,0,0.025798,0,0.05128,1
0,0.000164,0,0.000359,0,0.003044,0,7.7e-05,0
0,0.00024,0,0.00046,0,0.002387,0,5.8e-05,0
0,0.00017,0,0.000581,0,0.003518,0,4.1e-05,0
0,0.000204,0,0.000745,0,0.001353,0,8.1e-05,0
0,0.035263,0,4.3e-05,0,0.00088,0,5.8e-05,0
0,0.070468,0,0.00141,0,0.004377,0,0.000152,0
0,0.055622,0,0.002978,0,0.001003,0,0.000221,0
0,0.000138,0,0.008409,0,0.003099,0,1.7e-05,0
0,0.041593,0,0.003506,0,0.003714,0,5.3e-05,0
0,0.019981,0,0.010487,0,0.004867,0,4e-06,0
0,0.017201,0,0.011514,0,0.003772,0,1e-06,0
0,0.020743,0,0.011006,0,0.010134,0,2e-06,0
0,0.020467,0,0.011744,0,0.004656,0,2e-06,0
0,0.050191,0,0.000546,0,0.003869,0,0.000144,0
0,0.000344,0,0.000328,0,0.000925,0,0.000387,0
0,0.021257,0,0.01044,0,0.005218,0,2e-06,0
0,0.057789,0,0.002144,0,0.004803,0,0.000238,0
0,0.000167,0,0.028258,0,0.002245,0,4.2e-05,0
0,0.782111,1,0.487018,0,0.790598,1,0.006228,0
0,0.899397,1,0.408187,0,0.259763,0,0.002888,0
0,0.159099,0,0.002779,0,0.002256,0,0.000575,0
0,0.255735,0,0.011317,0,0.002568,0,0.036765,1
0,0.131501,0,0.009192,0,0.005042,0,0.000347,0
0,0.1633,0,0.002572,0,0.00107,0,0.000216,0
0,0.299385,0,0.031603,0,0.017291,0,0.00011,0
0,0.184695,0,0.034481,0,0.008198,0,0.002812,0
0,0.156384,0,0.010792,0,0.015901,0,0.00028,0
0,0.001127,0,0.016132,0,0.003446,0,0.000378,0
0,0.119522,0,0.015807,0,0.017883,0,0.000145,0
0,0.280176,0,0.288541,0,0.25717,0,0.000337,0
0,0.74957,1,0.090596,0,0.022382,0,0.17784,1
0,0.25215,0,0.182091,0,0.012623,0,0.000471,0
0,0.270984,0,0.103426,0,0.004686,0,0.00045,0
0,0.567087,1,0.131378,0,0.100322,0,0.056487,1
0,0.549154,1,0.040184,0,0.009287,0,0.003162,0
0,0.467492,0,0.195367,0,0.181364,0,0.053657,1
0,0.372623,0,0.259379,0,0.102244,0,0.057045,1
0,0.307364,0,0.012,0,0.002331,0,1.5e-05,0
0,0.096441,0,0.282824,0,0.592717,1,0.012645,0
0,0.842131,1,0.29567,0,0.018916,0,0.003791,0
0,0.467646,0,0.443292,0,0.428969,0,0.000189,0
0,0.373136,0,0.301081,0,0.054888,0,0.001249,0
0,0.182231,0,0.204918,0,0.243566,0,0.009534,0
0,0.941249,1,0.232854,0,0.094225,0,0.002962,0
0,0.279278,0,0.090039,0,0.043218,0,0.005309,0
0,0.284728,0,0.503892,1,0.234805,0,0.002595,0
0,0.589753,1,0.168897,0,0.085698,0,0.000268,0
0,0.279795,0,0.151036,0,0.028136,0,0.001417,0
0,0.227044,0,0.216705,0,0.033028,0,9.3e-05,0
0,0.685154,1,0.232218,0,0.11553,0,0.00695,0
0,0.137553,0,0.423146,0,0.064108,0,0.003475,0
1,0.348011,0,0.297719,0,0.744896,1,0.224714,1
0,0.247872,0,0.094903,0,0.017237,0,0.003259,0
0,0.858117,1,0.26116,0,0.14225,0,0.001215,0
0,0.711895,1,0.57422,1,0.685861,1,0.008779,0
0,0.375725,0,0.040646,0,0.035519,0,0.001071,0
0,0.680517,1,0.142282,0,0.010859,0,0.001222,0
0,0.461757,0,0.098528,0,0.026656,0,0.000593,0
1,0.699423,1,0.658181,1,0.776378,1,0.300768,1
0,0.312817,0,0.172476,0,0.007537,0,0.004242,0
0,0.260768,0,0.084202,0,0.012562,0,0.000777,0
0,0.251901,0,0.097578,0,0.019634,0,0.000882,0
0,0.282243,0,0.072284,0,0.010194,0,0.005177,0
0,0.227308,0,0.061318,0,0.00798,0,0.000531,0
0,0.195992,0,0.08461,0,0.035532,0,0.001133,0
0,0.087173,0,0.072893,0,0.00738,0,0.00092,0
0,0.537331,1,0.323325,0,0.566213,1,0.00261,0
0,0.078947,0,0.087104,0,0.038414,0,2.6e-05,0
0,0.476605,0,0.076774,0,0.111533,0,0.012676,0
0,0.36776,0,0.420343,0,0.613803,1,0.024512,0
0,0.545736,1,0.09313,0,0.019037,0,0.011689,0
0,0.368262,0,0.312703,0,0.076435,0,0.000597,0
0,0.17716,0,0.064993,0,0.012726,0,0.001416,0
0,0.639568,1,0.460516,0,0.454786,0,0.038301,1
0,0.089892,0,0.02178,0,0.003333,0,2.7e-05,0
0,0.446974,0,0.448194,0,0.127868,0,0.060434,1
0,0.506889,1,0.212933,0,0.129732,0,0.001218,0
0,0.303956,0,0.069087,0,0.046852,0,0.001202,0
0,0.590822,1,0.294852,0,0.079324,0,0.042608,1
0,0.428447,0,0.116435,0,0.017709,0,0.004782,0
0,0.105528,0,0.058756,0,0.005248,0,0.000223,0
0,0.346167,0,0.276036,0,0.025841,0,0.002285,0
0,0.579493,1,0.636043,1,0.592774,1,0.03849,1
0,0.670313,1,0.504776,1,0.439293,0,0.006759,0
0,0.37514,0,0.388935,0,0.205922,0,0.003405,0
0,0.340771,0,0.229468,0,0.215115,0,0.003338,0
0,0.973366,1,0.247577,0,0.172077,0,0.002425,0
0,0.363255,0,0.120907,0,0.189512,0,0.01198,0
0,0.082577,0,0.018932,0,0.014787,0,0.001355,0
0,0.536921,1,0.13264,0,0.033139,0,0.160672,1
0,0.376676,0,0.17246,0,0.088463,0,0.026325,0
0,0.530318,1,0.054741,0,0.060342,0,0.002625,0
0,0.564571,1,0.064403,0,0.049058,0,0.000642,0
0,0.385427,0,0.223977,0,0.221894,0,0.004381,0
0,0.596906,1,0.036026,0,0.01729,0,0.006098,0
0,0.67935,1,0.147287,0,0.090148,0,0.005347,0
0,0.330694,0,0.041247,0,0.013463,0,0.028799,0
0,0.104988,0,0.042657,0,0.002957,0,3.5e-05,0
0,0.126824,0,0.133143,0,0.043813,0,9e-06,0
0,0.426326,0,0.120624,0,0.010414,0,0.000284,0
0,0.035326,0,0.023487,0,0.005716,0,3e-06,0
0,0.316947,0,0.114588,0,0.010716,0,0.002549,0
0,0.074929,0,0.073369,0,0.007437,0,4.6e-05,0
0,0.106214,0,0.05283,0,0.014574,0,0.000127,0
0,0.277971,0,0.080378,0,0.01698,0,0.00253,0
0,0.156784,0,0.09781,0,0.01449,0,0.000117,0
0,0.301469,0,0.481493,0,0.071813,0,0.00127,0
0,0.053064,0,0.480562,0,0.438126,0,3.9e-05,0
0,0.566918,1,0.326794,0,0.117194,0,0.177357,1
0,0.307952,0,0.346994,0,0.470996,0,0.004458,0
0,0.602715,1,0.10211,0,0.01737,0,0.009893,0
0,0.007192,0,0.157565,0,0.003685,0,1.2e-05,0
0,0.860412,1,0.493044,0,0.562551,1,0.004504,0
0,0.627489,1,0.158385,0,0.076324,0,0.000691,0
0,0.30817,0,0.516143,1,0.128474,0,0.028503,0
0,0.764127,1,0.346736,0,0.44197,0,0.037753,1
0,0.430065,0,0.111064,0,0.05032,0,0.009458,0
0,0.361505,0,0.033951,0,0.031464,0,0.000991,0
0,0.415207,0,0.292304,0,0.53524,1,0.004745,0
0,0.383286,0,0.06035,0,0.022595,0,0.012187,0
0,0.255542,0,0.238889,0,0.080762,0,0.001793,0
0,0.362561,0,0.138656,0,0.091092,0,0.075951,1
0,0.601249,1,0.337641,0,0.475352,0,0.005418,0
0,0.743327,1,0.106336,0,0.006697,0,0.003016,0
0,0.436413,0,0.088057,0,0.027745,0,0.004677,0
0,0.460772,0,0.085991,0,0.003612,0,8.4e-05,0
0,0.524577,1,0.334018,0,0.230802,0,0.001346,0
0,0.505022,1,0.473336,0,0.218832,0,0.006204,0
0,0.423198,0,0.197826,0,0.081031,0,0.050197,1
0,0.402529,0,0.183323,0,0.105934,0,0.000556,0
0,0.195465,0,0.229471,0,0.238556,0,0.017612,0
1,0.598897,1,0.713,1,0.911917,1,0.286229,1
0,0.358002,0,0.098405,0,0.00867,0,0.002264,0
0,0.340873,0,0.164018,0,0.037514,0,0.003994,0
0,0.476665,0,0.134917,0,0.349299,0,0.003446,0
1,0.358028,0,0.165579,0,0.087566,0,0.002107,0
0,0.649585,1,0.147515,0,0.174227,0,0.009887,0
0,0.172705,0,0.061036,0,0.026926,0,4.5e-05,0
0,0.47953,0,0.277912,0,0.391892,0,0.011245,0
0,0.289741,0,0.050362,0,0.014373,0,0.000411,0
0,0.70072,1,0.316649,0,0.284229,0,0.000356,0
0,0.466751,0,0.240448,0,0.136358,0,0.005932,0
0,0.596172,1,0.327241,0,0.461669,0,0.01489,0
1,0.309299,0,0.555822,1,0.901057,1,0.280175,1
0,0.654738,1,0.389212,0,0.208552,0,0.001406,0
0,0.802345,1,0.176914,0,0.036224,0,0.00401,0
0,0.567691,1,0.179238,0,0.052059,0,0.051376,1
0,0.656799,1,0.369364,0,0.235758,0,0.00032,0
0,0.590787,1,0.036525,0,0.031398,0,0.126325,1
0,0.681764,1,0.139291,0,0.083669,0,0.004614,0
0,0.517081,1,0.255761,0,0.291443,0,0.127364,1
0,0.601535,1,0.251402,0,0.034927,0,0.001228,0
0,0.580642,1,0.093882,0,0.018893,0,0.037299,1
0,0.35439,0,0.074043,0,0.01638,0,7.4e-05,0
0,0.319738,0,0.058842,0,0.003669,0,0.000749,0
0,0.389954,0,0.137821,0,0.0423,0,0.00579,0
0,0.135179,0,0.13998,0,0.007156,0,0.000489,0
0,0.369462,0,0.22961,0,0.152324,0,0.156094,1
0,0.875742,1,0.074414,0,0.030787,0,0.004139,0
0,0.459969,0,0.140425,0,0.039328,0,0.007206,0
0,0.596453,1,0.272999,0,0.13647,0,0.087038,1
0,0.486594,0,0.331719,0,0.051304,0,0.06641,1
0,0.578638,1,0.582952,1,0.535378,1,0.017964,0
0,0.702491,1,0.258519,0,0.135811,0,0.020889,0
0,0.532042,1,0.08399,0,0.129596,0,0.012088,0
0,0.778941,1,0.346193,0,0.07957,0,0.027749,0
0,0.504108,1,0.128562,0,0.005459,0,0.001529,0
0,0.208101,0,0.097538,0,0.019361,0,5.5e-05,0
0,0.692639,1,0.257275,0,0.015058,0,0.000789,0
0,0.328087,0,0.087124,0,0.017014,0,0.00074,0
0,0.368671,0,0.272008,0,0.045097,0,0.003836,0
0,0.587194,1,0.15218,0,0.04304,0,0.002412,0
0,0.433872,0,0.116993,0,0.03238,0,0.018504,0
0,0.473682,0,0.217386,0,0.060378,0,0.104836,1
0,0.890217,1,0.137247,0,0.032009,0,0.006001,0
0,0.696987,1,0.300787,0,0.053726,0,0.000195,0
1,0.676083,1,0.651832,1,0.778997,1,0.188636,1
0,0.521389,1,0.487044,0,0.411835,0,0.007002,0
0,0.28987,0,0.099457,0,0.015382,0,0.00015,0
0,0.581095,1,0.142048,0,0.027847,0,1.9e-05,0
0,0.686609,1,0.288141,0,0.184464,0,0.001414,0
0,0.365969,0,0.340024,0,0.148784,0,0.092195,1
0,0.957891,1,0.107328,0,0.036473,0,0.003705,0
0,0.983552,1,0.166358,0,0.075665,0,0.002672,0
0,0.141106,0,0.204686,0,0.241695,0,0.00162,0
0,0.410601,0,0.007793,0,0.002066,0,5.2e-05,0
0,0.492776,0,0.284848,0,0.305311,0,0.004228,0
0,0.34963,0,0.012837,0,0.003386,0,0.02255,0
0,0.599453,1,0.045685,0,0.131671,0,0.001667,0
0,0.667603,1,0.513098,1,0.394324,0,0.295082,1
0,0.605805,1,0.348888,0,0.28658,0,0.107345,1
0,0.409375,0,0.316102,0,0.18109,0,0.032701,0
0,0.244538,0,0.064109,0,0.019856,0,0.000145,0
0,0.410862,0,0.188384,0,0.343089,0,0.051638,1
0,0.839301,1,0.226509,0,0.232987,0,0.020004,0
0,0.137682,0,0.123822,0,0.024322,0,0.000371,0
0,0.381564,0,0.032562,0,0.008134,0,0.001011,0
0,0.190732,0,0.057538,0,0.011878,0,0.002681,0
1,0.412981,0,0.419522,0,0.828941,1,0.269027,1
0,0.60015,1,0.201938,0,0.04789,0,0.000681,0
0,0.921243,1,0.403948,0,0.240884,0,0.003765,0
0,0.358516,0,0.173661,0,0.183763,0,0.021035,0
0,0.985565,1,0.473809,0,0.047557,0,0.003687,0
0,0.438599,0,0.111631,0,0.128063,0,0.004676,0
0,0.300689,0,0.056345,0,0.021445,0,0.000393,0
0,0.240026,0,0.070424,0,0.014837,0,0.000551,0
0,0.279527,0,0.047764,0,0.018622,0,0.001112,0
0,0.386519,0,0.097091,0,0.042737,0,9.2e-05,0
0,0.325964,0,0.009806,0,0.001826,0,0.000151,0
0,0.421357,0,0.205211,0,0.099101,0,0.00235,0
0,0.471591,0,0.127079,0,0.06196,0,0.089913,1
0,0.618226,1,0.097463,0,0.059419,0,0.01566,0
0,0.415542,0,0.079878,0,0.064169,0,0.000151,0
0,0.27726,0,0.107344,0,0.025735,0,0.004685,0
0,0.62299,1,0.057095,0,0.010016,0,0.000922,0
0,0.493749,0,0.034027,0,0.012136,0,0.003668,0
0,0.55076,1,0.204944,0,0.170642,0,0.000561,0
0,0.498892,0,0.149754,0,0.136067,0,0.000804,0
0,0.06799,0,0.072857,0,0.007267,0,0.000426,0
0,0.295951,0,0.341282,0,0.152687,0,0.063464,1
0,0.448946,0,0.250945,0,0.163529,0,0.032326,0
0,0.462383,0,0.144901,0,0.134364,0,0.037226,1
0,0.180246,0,0.228556,0,0.015393,0,0.004662,0
0,0.375047,0,0.061715,0,0.028395,0,1.7e-05,0
0,0.184285,0,0.037963,0,0.006577,0,0.00053,0
0,0.06032,0,0.054867,0,0.005494,0,0.000464,0
0,0.126832,0,0.063329,0,0.015198,0,0.007827,0
0,3e-06,0,0.089983,0,0.003626,0,0.002652,0
0,0.44633,0,0.054443,0,0.004889,0,0.00212,0
0,0.267109,0,0.013874,0,0.005537,0,9.1e-05,0
0,0.240813,0,0.073937,0,0.01365,0,0.000135,0
0,0.443539,0,0.157664,0,0.095194,0,0.001716,0
0,0.076705,0,0.07596,0,0.004578,0,3.6e-05,0
0,0.543514,1,0.149021,0,0.043379,0,0.032406,0
0,0.058686,0,0.127208,0,0.043477,0,0.000129,0
0,0.537542,1,0.096592,0,0.117464,0,0.012721,0
0,0.799874,1,0.351376,0,0.019689,0,0.010933,0
0,0.035849,0,0.207407,0,0.016325,0,5.5e-05,0
0,0.219594,0,0.067527,0,0.015646,0,0.000171,0
0,0.021616,0,0.120905,0,0.024303,0,3.6e-05,0
0,0.386371,0,0.14926,0,0.128415,0,0.022182,0
0,0.233015,0,0.091628,0,0.00677,0,0.001945,0
0,0.425646,0,0.096868,0,0.036558,0,0.017862,0
0,0.178404,0,0.09063,0,0.058739,0,5.4e-05,0
0,0.956909,1,0.304312,0,0.188281,0,0.004358,0
0,0.274464,0,0.075157,0,0.015129,0,0.030478,0
0,0.272411,0,0.057384,0,0.014611,0,0.002895,0
0,0.31675,0,0.200931,0,0.043175,0,0.005676,0
0,0.167476,0,0.096826,0,0.003611,0,0.000273,0
0,0.422167,0,0.269972,0,0.116751,0,0.001207,0
0,0.819864,1,0.705384,1,0.196583,0,0.004214,0
0,0.245495,0,0.025837,0,0.010905,0,0.000918,0
0,0.573183,1,0.153425,0,0.051105,0,5e-05,0
0,0.228999,0,0.072602,0,0.008203,0,0.023024,0
0,0.104841,0,0.141673,0,0.033056,0,9e-06,0
0,0.022272,0,0.04845,0,0.002524,0,7.3e-05,0
0,0.043786,0,0.034892,0,0.002799,0,2e-06,0
0,0.182933,0,0.071825,0,0.011169,0,0.001817,0
0,0.104351,0,0.062709,0,0.003517,0,0.000202,0
0,0.383032,0,0.034874,0,0.012532,0,0.000404,0
0,0.648495,1,0.072007,0,0.027824,0,0.001288,0
0,0.119709,0,0.071081,0,0.003637,0,0.002098,0
0,0.370138,0,0.031537,0,0.013485,0,0.015538,0
0,0.336721,0,0.10477,0,0.01786,0,0.010019,0
0,0.654782,1,0.302883,0,0.253872,0,0.002396,0
0,0.359826,0,0.197331,0,0.038449,0,0.06737,1
0,0.330457,0,0.003828,0,0.002749,0,0.002335,0
0,0.316995,0,0.079166,0,0.01878,0,3e-06,0
0,0.389775,0,0.293056,0,0.028379,0,1.3e-05,0
0,0.284259,0,0.057588,0,0.009007,0,0.0002,0
0,0.299535,0,0.074128,0,0.01818,0,0.004189,0
0,0.582476,1,0.21715,0,0.021696,0,0.000572,0
0,0.305621,0,0.110724,0,0.029767,0,0.000228,0
0,0.458291,0,0.126974,0,0.029813,0,0.000203,0
0,0.085537,0,0.104568,0,0.044386,0,0.000253,0
0,0.522288,1,0.313383,0,0.211808,0,0.055821,1
0,0.291991,0,0.218319,0,0.396109,0,0.004963,0
0,0.217039,0,0.131356,0,0.006838,0,6.5e-05,0
0,0.468938,0,0.129535,0,0.060383,0,0.000906,0
0,0.23591,0,0.14435,0,0.032236,0,0.000225,0
0,0.127204,0,0.100935,0,0.026913,0,2.2e-05,0
0,0.281119,0,0.159561,0,0.095285,0,0.058205,1
0,0.004892,0,0.088706,0,0.014635,0,1.7e-05,0
0,0.013017,0,0.11715,0,0.011291,0,1.3e-05,0
0,0.320978,0,0.115367,0,0.11174,0,0.00423,0
0,0.26537,0,0.119027,0,0.069084,0,0.004406,0
0,0.237827,0,0.146525,0,0.038984,0,0.059049,1
0,0.098071,0,0.060206,0,0.008159,0,0.000862,0
0,0.207899,0,0.091437,0,0.048842,0,0.073155,1
0,0.066436,0,0.134319,0,0.111053,0,0.00267,0
0,0.012902,0,0.070644,0,0.008431,0,7e-06,0
0,0.164199,0,0.052167,0,0.014445,0,0.008253,0
0,0.607442,1,0.124789,0,0.038184,0,0.000593,0
0,0.158614,0,0.065594,0,0.020798,0,0.001089,0
0,0.400717,0,0.222152,0,0.085352,0,0.005228,0
0,0.619873,1,0.186761,0,0.026826,0,0.002332,0
0,0.609506,1,0.387918,0,0.08376,0,0.025132,0
0,0.364999,0,0.043208,0,0.016881,0,0.009176,0
0,0.000107,0,0.049366,0,0.001191,0,0.003565,0
0,0.453834,0,0.105933,0,0.030113,0,5.6e-05,0
0,0.456514,0,0.0622,0,0.040356,0,0.031422,0
0,0.02987,0,0.079411,0,0.005398,0,0.000137,0
0,0.396268,0,0.018145,0,0.012846,0,0.000251,0
0,0.166279,0,0.126107,0,0.057501,0,0.001762,0
0,0.36747,0,0.076876,0,0.044115,0,0.003938,0
0,0.17072,0,0.057804,0,0.00694,0,0.003583,0
0,0.463107,0,0.104274,0,0.267669,0,0.001295,0
0,0.018431,0,0.027331,0,0.001427,0,4.3e-05,0
0,0.596981,1,0.084828,0,0.007555,0,9e-06,0
0,0.575453,1,0.296473,0,0.221671,0,0.09222,1
1,0.327728,0,0.10186,0,0.045684,0,0.044986,1
0,0.215793,0,0.045861,0,0.012756,0,0.000414,0
0,0.09759,0,0.057759,0,0.026568,0,0.000789,0
0,0.586922,1,0.16168,0,0.021171,0,0.001138,0
0,0.224105,0,0.183906,0,0.033923,0,0.003498,0
0,0.43631,0,0.194418,0,0.059721,0,0.021648,0
0,0.774788,1,0.280043,0,0.082125,0,0.473147,1
0,0.615505,1,0.205259,0,0.261256,0,0.010629,0
0,0.507363,1,0.218478,0,0.058775,0,0.000257,0
0,0.594015,1,0.172833,0,0.054374,0,0.011095,0
0,0.290188,0,0.164255,0,0.012211,0,0.000465,0
0,0.417539,0,0.128724,0,0.021633,0,0.003968,0
0,0.44973,0,0.119303,0,0.077246,0,0.087733,1
0,0.378325,0,0.221482,0,0.057774,0,2.8e-05,0
0,0.420022,0,0.186531,0,0.075009,0,0.005411,0
0,0.596008,1,0.24646,0,0.070607,0,0.00043,0
0,0.505106,1,0.248826,0,0.410519,0,0.000648,0
0,0.604659,1,0.186284,0,0.037478,0,0.000422,0
0,0.789511,1,0.152364,0,0.031307,0,0.009015,0
0,0.498031,0,0.297516,0,0.073248,0,0.036784,1
0,0.467311,0,0.083079,0,0.02705,0,0.217103,1
0,0.365646,0,0.19679,0,0.016078,0,0.000207,0
0,0.367841,0,0.144107,0,0.020636,0,0.023638,0
0,0.449515,0,0.31203,0,0.169165,0,0.004274,0
0,0.370399,0,0.255258,0,0.09295,0,0.000705,0
0,0.653124,1,0.266889,0,0.018632,0,8e-06,0
0,0.576765,1,0.117968,0,0.006886,0,0.004957,0
0,0.627693,1,0.278322,0,0.075944,0,0.010456,0
0,0.573675,1,0.213697,0,0.041112,0,0.060298,1
0,0.670317,1,0.402724,0,0.301835,0,0.02687,0
0,0.49739,0,0.113198,0,0.022749,0,0.001077,0
0,0.497983,0,0.242434,0,0.041882,0,0.000788,0
0,0.362109,0,0.196346,0,0.05052,0,0.001698,0
0,0.439796,0,0.304279,0,0.065851,0,0.000175,0
0,0.442447,0,0.396938,0,0.398657,0,0.002603,0
0,0.462813,0,0.126661,0,0.030043,0,0.006588,0
0,0.454373,0,0.24082,0,0.012641,0,0.000669,0
0,0.432491,0,0.238235,0,0.029212,0,0.000701,0
0,0.500819,1,0.277325,0,0.212524,0,0.00065,0
0,0.108251,0,0.001439,0,0.001269,0,0.000894,0
0,0.083525,0,0.017026,0,0.002322,0,0.000234,0
0,0.083896,0,0.006917,0,0.000766,0,0.000325,0
0,0.041798,0,0.01817,0,0.006577,0,0.000468,0
0,0.031685,0,0.000565,0,0.003508,0,3.6e-05,0
0,0.026282,0,0.000372,0,0.000473,0,3e-06,0
0,0.051264,0,0.002174,0,0.004209,0,0.000538,0
0,0.03409,0,0.000416,0,0.001326,0,0.000217,0
0,0.040105,0,0.002897,0,0.003086,0,5.8e-05,0
0,0.033632,0,0.001046,0,0.00142,0,3.1e-05,0
0,0.037857,0,0.021916,0,0.004367,0,0.000305,0
0,0.023512,0,0.001189,0,0.000789,0,1.2e-05,0
0,0.048334,0,0.001925,0,0.000941,0,0.000889,0
0,0.041365,0,0.001377,0,0.00336,0,0.000398,0
0,0.036197,0,0.00128,0,0.002313,0,0.000166,0
0,0.051193,0,0.008679,0,0.007105,0,0.000639,0
0,0.030274,0,4.3e-05,0,0.000546,0,4e-06,0
0,0.036095,0,0.013633,0,0.001887,0,4.8e-05,0
0,0.037701,0,0.00713,0,0.002691,0,7.1e-05,0
0,0.052281,0,0.001215,0,0.001196,0,5.1e-05,0
0,0.027838,0,0.012586,0,0.002862,0,1.2e-05,0
0,0.026263,0,0.035497,0,0.008048,0,5e-05,0
0,0.067804,0,0.002935,0,0.002292,0,0.00013,0
0,0.029244,0,0.009524,0,0.004287,0,1.6e-05,0
0,0.031869,0,0.0,0,0.000956,0,1.4e-05,0
0,0.000112,0,0.000522,0,0.000716,0,2.5e-05,0
0,0.03855,0,0.008059,0,0.001155,0,8e-06,0
0,0.024915,0,0.012364,0,0.006846,0,8.3e-05,0
0,0.03406,0,0.002004,0,0.009548,0,1.4e-05,0
0,0.039958,0,0.001827,0,0.002792,0,1.6e-05,0
0,0.000102,0,0.001647,0,0.003389,0,3.8e-05,0
0,0.000214,0,0.027595,0,0.002469,0,6.1e-05,0
0,0.783536,1,0.769617,1,0.758125,1,0.035254,1
0,0.839704,1,0.716544,1,0.787446,1,0.266019,1
0,0.85204,1,0.402765,0,0.671696,1,0.333587,1
1,0.726325,1,0.829892,1,0.925101,1,0.244308,1
0,0.786747,1,0.615978,1,0.375519,0,0.04976,1
0,0.5628,1,0.254529,0,0.278898,0,0.009526,0
0,0.752783,1,0.182751,0,0.085897,0,0.000436,0
0,0.524998,1,0.006062,0,0.001374,0,0.000465,0
0,0.712689,1,0.060263,0,0.021662,0,0.007282,0
0,0.502812,1,0.018291,0,0.003321,0,7.7e-05,0
0,0.320367,0,0.158425,0,0.041282,0,0.001037,0
0,0.145309,0,0.009866,0,0.001541,0,3.4e-05,0
0,0.211491,0,0.004213,0,0.002388,0,0.000369,0
0,0.221787,0,0.039225,0,0.036795,0,0.000571,0
0,0.249751,0,0.041813,0,0.036773,0,0.002984,0
0,0.242361,0,0.031243,0,0.005385,0,0.008039,0
0,0.290808,0,0.162868,0,0.095591,0,0.002391,0
0,0.184045,0,0.039694,0,0.023196,0,0.001142,0
0,0.197768,0,0.037712,0,0.052704,0,0.014303,0
0,0.173685,0,0.010455,0,0.000893,0,0.000195,0
0,0.004336,0,0.124344,0,0.071493,0,0.003421,0
0,0.058365,0,0.055302,0,0.008439,0,0.000168,0
0,0.194049,0,0.04304,0,0.021686,0,0.007684,0
0,0.330768,0,0.183822,0,0.162442,0,0.004832,0
0,0.258008,0,0.00412,0,0.001225,0,0.000257,0
0,0.197501,0,0.00434,0,0.002314,0,0.000296,0
0,0.162112,0,0.012242,0,0.004109,0,0.000712,0
0,0.590848,1,0.027662,0,0.003539,0,0.000553,0
0,0.371937,0,0.072107,0,0.043494,0,0.097219,1
0,0.005921,0,0.061171,0,0.008145,0,0.000121,0
0,0.001698,0,0.106424,0,0.013152,0,3.2e-05,0
0,0.115764,0,0.002779,0,0.001514,0,0.000124,0
0,0.38605,0,0.087719,0,0.114896,0,0.001031,0
0,0.317354,0,0.04119,0,0.001924,0,0.000501,0
0,0.000159,0,0.0,0,0.001028,0,6.9e-05,0
0,0.619179,1,0.094214,0,0.015207,0,0.000245,0
0,0.349332,0,0.041142,0,0.016772,0,0.002549,0
0,0.001583,0,0.060985,0,0.028779,0,0.000361,0
0,0.004509,0,0.058265,0,0.002747,0,0.058574,1
0,0.543357,1,0.387518,0,0.272697,0,0.096266,1
0,0.260328,0,0.029635,0,0.015918,0,0.000788,0
0,0.001187,0,0.045127,0,0.011935,0,0.000418,0
0,0.115919,0,0.046876,0,0.026593,0,0.013316,0
0,0.156899,0,0.023521,0,0.010332,0,0.000127,0
0,0.178133,0,0.01962,0,0.008456,0,0.004516,0
0,0.077379,0,0.03181,0,0.001734,0,9.1e-05,0
0,0.286423,0,0.043356,0,0.09754,0,0.008694,0
0,0.422918,0,0.152383,0,0.143404,0,0.035144,1
0,0.170158,0,0.178712,0,0.041104,0,0.002529,0
0,0.253715,0,0.513911,1,0.642986,1,0.157134,1
1,0.449664,0,0.670133,1,0.779656,1,0.276418,1
0,0.572613,1,0.553006,1,0.433164,0,0.053165,1
0,0.360215,0,0.082443,0,0.036206,0,0.141226,1
0,0.277324,0,0.153219,0,0.030085,0,0.008488,0
0,0.905014,1,0.617533,1,0.480933,0,0.000524,0
0,0.534697,1,0.07972,0,0.005867,0,0.000259,0
0,0.453897,0,0.106085,0,0.11843,0,0.020254,0
0,0.339347,0,0.019068,0,0.002988,0,0.001297,0
0,0.093704,0,0.014972,0,0.003153,0,0.006113,0
0,0.566593,1,0.481347,0,0.119916,0,0.054263,1
0,0.570619,1,0.466222,0,0.209754,0,0.150299,1
0,0.771242,1,0.507972,1,0.267863,0,0.506298,1
1,0.506958,1,0.588111,1,0.869405,1,0.00711,0
0,0.587892,1,0.364963,0,0.40125,0,0.377323,1
0,0.358115,0,0.251988,0,0.037643,0,0.062919,1
0,0.301015,0,0.146618,0,0.031169,0,0.001116,0
0,0.551529,1,0.298238,0,0.056133,0,0.003348,0
0,0.313523,0,0.002856,0,0.003501,0,0.000521,0
0,0.12917,0,0.004595,0,0.000805,0,1.5e-05,0
0,0.587127,1,0.027559,0,0.009085,0,0.058676,1
0,0.746764,1,0.323643,0,0.197813,0,0.009909,0
0,0.71139,1,0.372401,0,0.648336,1,0.010776,0
0,0.425112,0,0.088921,0,0.01048,0,0.005797,0
0,0.280286,0,0.018969,0,0.007541,0,0.00032,0
0,0.750162,1,0.402731,0,0.545652,1,0.118948,1
1,0.655132,1,0.702602,1,0.912601,1,0.327942,1
0,0.605801,1,0.121874,0,0.022189,0,0.029203,0
0,0.582475,1,0.251195,0,0.050637,0,0.038112,1
0,0.527931,1,0.023178,0,0.011514,0,0.003708,0
0,0.299222,0,0.046103,0,0.009629,0,4e-06,0
0,0.503381,1,0.045557,0,0.006084,0,0.003838,0
0,0.75618,1,0.374948,0,0.058553,0,0.002274,0
0,0.35623,0,0.008559,0,0.006087,0,0.004064,0
0,0.443709,0,0.056087,0,0.010365,0,0.02958,0
0,0.708425,1,0.101444,0,0.009638,0,0.004086,0
0,0.383364,0,0.06045,0,0.010094,0,0.001008,0
0,0.407009,0,0.223938,0,0.043267,0,0.000371,0
0,0.583038,1,0.024222,0,0.021362,0,0.001484,0
0,0.523963,1,0.135261,0,0.074608,0,0.020164,0
0,0.339228,0,0.067997,0,0.021433,0,0.000741,0
0,0.172195,0,0.077427,0,0.039882,0,0.010822,0
0,0.493918,0,0.186763,0,0.040603,0,0.03066,0
0,0.380249,0,0.021794,0,0.018319,0,0.021122,0
0,0.727197,1,0.029515,0,0.014863,0,0.087506,1
0,0.567262,1,0.040876,0,0.001519,0,0.000224,0
0,0.304772,0,0.047264,0,0.010696,0,0.018719,0
0,0.185609,0,0.017633,0,0.004681,0,7.9e-05,0
0,0.270972,0,0.104387,0,0.027152,0,0.014389,0
0,0.275169,0,0.387366,0,0.422078,0,0.000754,0
0,0.594802,1,0.337789,0,0.212174,0,0.003602,0
0,0.385313,0,0.098118,0,0.006848,0,9e-06,0
0,0.487243,0,0.247457,0,0.166579,0,0.065656,1
0,0.680892,1,0.375599,0,0.160742,0,0.009402,0
0,0.704271,1,0.290535,0,0.138076,0,0.026613,0
1,0.747097,1,0.578815,1,0.814829,1,0.388301,1
0,0.299498,0,0.231942,0,0.112545,0,0.004187,0
0,0.824849,1,0.321622,0,0.300628,0,0.008765,0
0,0.578273,1,0.211362,0,0.26539,0,0.136687,1
1,0.368039,0,0.198708,0,0.16932,0,0.207639,1
0,0.58673,1,0.390028,0,0.193569,0,0.000712,0
0,0.652469,1,0.288753,0,0.179887,0,0.006005,0
0,0.78771,1,0.602994,1,0.767868,1,0.708764,1
0,0.716996,1,0.341917,0,0.093493,0,0.005462,0
0,0.715327,1,0.277532,0,0.035799,0,0.021079,0
0,0.676546,1,0.466999,0,0.758478,1,0.103684,1
0,0.827791,1,0.403425,0,0.175175,0,0.125263,1
0,0.425074,0,0.24719,0,0.075818,0,0.061871,1
0,0.750239,1,0.425032,0,0.42504,0,0.115208,1
0,0.504599,1,0.503399,1,0.484254,0,0.040542,1
0,0.734197,1,0.598362,1,0.701715,1,0.375,1
0,0.720098,1,0.138856,0,0.178737,0,0.00101,0
0,0.74787,1,0.412987,0,0.450657,0,0.033478,0
0,0.502456,1,0.402259,0,0.19536,0,0.014011,0
0,0.393197,0,0.121739,0,0.033262,0,0.003111,0
0,0.625541,1,0.469715,0,0.416479,0,0.000533,0
0,0.638506,1,0.373833,0,0.23369,0,0.004401,0
0,0.375136,0,0.272507,0,0.429548,0,0.00305,0
0,0.446691,0,0.242482,0,0.038183,0,0.126252,1
0,0.452022,0,0.083575,0,0.007752,0,0.000582,0
0,0.033167,0,0.001068,0,0.003441,0,5.5e-05,0
0,0.03594,0,0.050873,0,0.01167,0,0.000231,0
0,0.022275,0,0.000965,0,0.002724,0,3e-06,0
0,0.043409,0,4.3e-05,0,0.000601,0,3.8e-05,0
0,0.028905,0,4.3e-05,0,0.002165,0,1.6e-05,0
0,0.031133,0,0.001941,0,0.001221,0,0.000103,0
0,0.026929,0,4.3e-05,0,0.001353,0,9e-06,0
0,0.033272,0,0.009333,0,0.002619,0,1.7e-05,0
0,0.049752,0,0.009728,0,0.005608,0,3.1e-05,0
0,0.029796,0,0.019122,0,0.005736,0,1.2e-05,0
0,0.02575,0,0.003091,0,0.002785,0,5.7e-05,0
0,0.000259,0,0.00141,0,0.004263,0,9.6e-05,0
1,0.920965,1,0.869063,1,0.925139,1,0.370744,1
0,0.771667,1,0.10964,0,0.073678,0,0.244808,1
0,0.000869,0,0.037794,0,0.00799,0,1.4e-05,0
0,0.000766,0,0.016038,0,0.003482,0,0.000701,0
0,0.289001,0,0.006071,0,0.004082,0,0.000789,0
0,0.259309,0,0.002699,0,0.003222,0,6.9e-05,0
0,0.023219,0,0.007577,0,0.001717,0,6.4e-05,0
0,0.215374,0,0.006396,0,0.002851,0,0.001205,0
0,0.27488,0,0.046731,0,0.014624,0,0.001593,0
0,0.197106,0,0.054754,0,0.027045,0,0.000167,0
0,0.333156,0,0.056799,0,0.010865,0,0.008863,0
0,0.615318,1,0.253666,0,0.096709,0,0.05139,1
0,0.448169,0,0.41728,0,0.56846,1,0.107354,1
0,0.481742,0,0.128563,0,0.129263,0,0.006336,0
0,0.220854,0,0.080798,0,0.011441,0,2.5e-05,0
1,0.659533,1,0.830732,1,0.917154,1,0.271827,1
1,0.423869,0,0.590127,1,0.58134,1,0.303766,1
0,0.520158,1,0.235796,0,0.157427,0,0.001069,0
0,0.625752,1,0.762778,1,0.395663,0,0.141389,1
0,0.545211,1,0.496071,0,0.39387,0,0.039365,1
0,0.352258,0,0.141011,0,0.06799,0,0.00185,0
0,0.603947,1,0.184865,0,0.137953,0,0.017231,0
0,0.318154,0,0.206152,0,0.112221,0,0.044901,1
0,0.324741,0,0.165835,0,0.025171,0,0.002001,0
1,0.629848,1,0.757038,1,0.830244,1,0.49499,1
0,0.305758,0,0.262729,0,0.099343,0,0.056926,1
0,0.875115,1,0.842132,1,0.507176,1,0.012253,0
0,0.270701,0,0.144069,0,0.08704,0,0.033869,0
0,0.668681,1,0.802609,1,0.722297,1,0.003759,0
0,0.66502,1,0.132082,0,0.033279,0,0.006314,0
0,0.430431,0,0.171226,0,0.198919,0,0.028976,0
0,0.681788,1,0.492069,0,0.473927,0,0.014876,0
1,0.556492,1,0.440884,0,0.739955,1,0.048148,1
0,0.530893,1,0.501926,1,0.298455,0,0.106065,1
0,0.231448,0,0.302181,0,0.167641,0,0.005438,0
0,0.264126,0,0.31033,0,0.061173,0,0.114377,1
0,0.55799,1,0.122446,0,0.152164,0,0.002428,0
0,0.17605,0,0.247421,0,0.267041,0,0.002747,0
0,0.120261,0,0.034678,0,0.004502,0,0.00053,0
0,0.079202,0,0.0246,0,0.003318,0,0.000312,0
0,0.037909,0,0.048678,0,0.049249,0,0.000199,0
0,0.020931,0,0.026892,0,0.022292,0,0.001366,0
0,0.041387,0,0.079122,0,0.014212,0,1.5e-05,0
1,0.78539,1,0.618241,1,0.805336,1,0.265532,1
0,1e-06,0,0.064639,0,0.010428,0,0.000734,0
0,0.337245,0,0.215177,0,0.433684,0,0.013591,0
0,0.485929,0,0.03817,0,0.007587,0,0.00048,0
0,0.122175,0,0.029713,0,0.004466,0,0.000196,0
0,0.649202,1,0.315036,0,0.14553,0,0.002296,0
0,0.947575,1,0.481271,0,0.353104,0,0.022051,0
0,0.321221,0,0.05333,0,0.024824,0,0.005982,0
0,0.345774,0,0.353447,0,0.071445,0,0.00274,0
0,0.538091,1,0.114724,0,0.05826,0,0.224879,1
0,0.476133,0,0.354412,0,0.04974,0,0.032618,0
0,0.51941,1,0.192106,0,0.021096,0,0.191696,1
0,0.000263,0,0.000876,0,0.001597,0,5.3e-05,0
0,0.000169,0,0.027331,0,0.003064,0,7e-06,0
0,0.03496,0,0.000909,0,0.003416,0,8e-06,0
0,0.776044,1,0.220215,0,0.045522,0,0.365407,1
0,0.32184,0,0.009388,0,0.00313,0,0.003052,0
0,0.157956,0,0.003773,0,0.002119,0,0.001866,0
0,0.167309,0,0.004046,0,0.002691,0,0.00944,0
0,0.156277,0,0.05273,0,0.023669,0,0.000405,0
0,0.537449,1,0.010958,0,0.005507,0,0.002157,0
0,0.568912,1,0.172676,0,0.028167,0,5e-06,0
0,0.53612,1,0.128819,0,0.043946,0,0.000231,0
0,0.512924,1,0.181107,0,0.112908,0,0.007117,0
0,0.633677,1,0.381467,0,0.346782,0,0.096313,1
0,0.800283,1,0.130544,0,0.011501,0,0.000737,0
0,0.045139,0,0.00149,0,0.002804,0,0.000106,0
0,0.0601,0,0.0,0,0.000729,0,0.000115,0
0,0.104457,0,0.083109,0,0.036624,0,0.000334,0
0,0.779826,1,0.560533,1,0.381743,0,0.240466,1
0,0.323027,0,0.063772,0,0.014204,0,0.000126,0
0,0.195439,0,0.029745,0,0.017091,0,0.06178,1
0,0.563779,1,0.606907,1,0.335668,0,0.002673,0
0,0.502496,1,0.182865,0,0.053056,0,0.010034,0
1,0.971172,1,0.831769,1,0.829733,1,0.048906,1
0,0.737278,1,0.395963,0,0.037062,0,0.003686,0
0,0.188536,0,0.122666,0,0.026006,0,0.000466,0
0,0.64273,1,0.548385,1,0.096131,0,0.011008,0
0,0.503574,1,0.156302,0,0.082524,0,0.001135,0
0,0.67681,1,0.62098,1,0.67118,1,0.096014,1
0,0.608622,1,0.577502,1,0.707312,1,0.015806,0
0,0.684125,1,0.129694,0,0.19405,0,0.006402,0
0,0.240273,0,0.152421,0,0.004978,0,0.004205,0
0,0.620675,1,0.020556,0,0.009609,0,0.00672,0
0,0.479449,0,0.181845,0,0.151802,0,0.002703,0
0,0.327986,0,0.060772,0,0.013909,0,1.8e-05,0
0,0.751054,1,0.136227,0,0.131467,0,0.01643,0
0,0.17709,0,0.059805,0,0.051682,0,0.000496,0
0,0.410847,0,0.199894,0,0.264535,0,0.001277,0
0,0.281101,0,0.100315,0,0.012182,0,0.010926,0
0,0.751809,1,0.450316,0,0.084604,0,0.00016,0
0,0.444902,0,0.035558,0,0.022157,0,0.002942,0
0,0.91852,1,0.484025,0,0.209647,0,0.001062,0
0,0.064283,0,0.040836,0,0.044549,0,0.00395,0
0,0.581433,1,0.018463,0,0.069828,0,0.001434,0
0,0.352198,0,0.04763,0,0.028237,0,1.7e-05,0
0,0.615304,1,0.575037,1,0.38001,0,0.000668,0
0,0.279831,0,0.08617,0,0.019346,0,0.000471,0
0,0.34491,0,0.126448,0,0.040073,0,0.001543,0
0,0.255887,0,0.037611,0,0.009522,0,0.000641,0
0,0.131255,0,0.03663,0,0.035886,0,0.000123,0
0,0.350802,0,0.029112,0,0.035817,0,0.000245,0
0,0.294385,0,0.121816,0,0.018897,0,0.005476,0
0,0.526489,1,0.253265,0,0.102325,0,0.000378,0
0,0.223299,0,0.061332,0,0.016305,0,0.000687,0
0,0.532033,1,0.089339,0,0.01166,0,0.01114,0
0,0.029372,0,0.002079,0,0.000525,0,1.6e-05,0
0,0.39791,0,0.097327,0,0.022304,0,0.018499,0
0,0.266801,0,0.206425,0,0.039394,0,0.000317,0
0,0.311808,0,0.11548,0,0.035007,0,0.000176,0
0,0.082842,0,0.06003,0,0.00364,0,0.002619,0
0,0.301647,0,0.034946,0,0.012773,0,0.00071,0
0,0.258727,0,0.256508,0,0.073632,0,0.018208,0
0,0.349381,0,0.074168,0,0.02052,0,0.002423,0
0,0.059641,0,0.01204,0,0.004381,0,0.000707,0
0,0.41715,0,0.010767,0,0.01305,0,0.003989,0
0,0.143604,0,0.088168,0,0.005517,0,0.000359,0
0,0.307832,0,0.331283,0,0.153565,0,0.001275,0
0,0.276794,0,0.061661,0,0.085915,0,0.011922,0
0,0.413084,0,0.029817,0,0.004466,0,0.004954,0
0,0.028756,0,0.028871,0,0.010266,0,0.002927,0
0,0.183283,0,0.006378,0,0.004978,0,1.4e-05,0
0,0.418517,0,0.330496,0,0.172569,0,0.002907,0
0,0.230717,0,0.014757,0,0.007803,0,0.059113,1
0,0.467162,0,0.547559,1,0.140547,0,0.000297,0
0,0.70056,1,0.39363,0,0.299104,0,0.02258,0
0,0.474307,0,0.18928,0,0.075421,0,0.056113,1
0,0.264707,0,0.032216,0,0.008173,0,0.004411,0
0,0.599975,1,0.444495,0,0.117864,0,0.054149,1
0,0.001053,0,0.053584,0,0.009925,0,0.001844,0
0,0.734576,1,0.330078,0,0.418323,0,0.046227,1
0,0.085517,0,0.102143,0,0.012151,0,0.0004,0
0,0.138305,0,0.093912,0,0.002077,0,5.1e-05,0
0,0.337886,0,0.16424,0,0.085548,0,0.003546,0
0,0.293965,0,0.004508,0,0.003298,0,1e-05,0
0,0.578234,1,0.343093,0,0.148825,0,0.001792,0
0,0.604015,1,0.059041,0,0.016173,0,0.00288,0
0,0.249402,0,0.081929,0,0.00824,0,0.000413,0
0,0.372714,0,0.05412,0,0.015263,0,0.005754,0
0,0.350284,0,0.003911,0,0.001317,0,3.6e-05,0
0,0.50155,1,0.002337,0,0.003379,0,0.004912,0
0,0.268382,0,0.070142,0,0.053293,0,0.000961,0
0,0.300256,0,0.059974,0,0.016711,0,0.004182,0
0,0.659107,1,0.113481,0,0.037445,0,0.087309,1
0,0.721337,1,0.362914,0,0.022577,0,0.005241,0
0,0.499105,0,0.112447,0,0.034849,0,0.000332,0
0,0.149106,0,0.003716,0,0.002913,0,1e-05,0
0,0.421381,0,0.046444,0,0.005767,0,0.000846,0
0,0.37958,0,0.422873,0,0.598452,1,0.012552,0
1,0.854358,1,0.788671,1,0.878377,1,0.212407,1
0,0.485792,0,0.099827,0,0.030597,0,0.003203,0
0,0.087251,0,0.037771,0,0.003221,0,0.000856,0
0,0.687314,1,0.545991,1,0.359188,0,0.042203,1
0,0.523726,1,0.003445,0,0.006089,0,0.00083,0
0,0.146491,0,0.05167,0,0.002772,0,0.000959,0
0,0.329495,0,0.064463,0,0.013486,0,0.001012,0
0,0.312755,0,0.003657,0,0.002447,0,0.000258,0
0,0.603955,1,0.37955,0,0.2621,0,0.001751,0
0,0.238519,0,0.017367,0,0.003731,0,0.000184,0
0,0.443098,0,0.013851,0,0.003458,0,0.000215,0
0,0.627653,1,0.004702,0,0.001576,0,0.000142,0
0,0.601438,1,0.131208,0,0.027285,0,0.029435,0
0,0.608784,1,0.515224,1,0.318408,0,0.064755,1
0,0.28634,0,0.212644,0,0.016993,0,0.000141,0
0,0.346022,0,0.05933,0,0.034887,0,8.9e-05,0
0,0.443788,0,0.128714,0,0.056603,0,6.3e-05,0
0,0.067685,0,0.005677,0,0.002921,0,7e-06,0
0,0.390955,0,0.016833,0,0.008957,0,0.000712,0
0,0.056121,0,0.127144,0,0.07918,0,0.000948,0
0,0.048405,0,0.073205,0,0.008762,0,0.002196,0
0,0.435149,0,0.066217,0,0.102434,0,0.000953,0
0,0.493496,0,0.004667,0,0.004226,0,0.000191,0
0,0.561884,1,0.028461,0,0.016253,0,0.001035,0
0,0.479404,0,0.026228,0,0.006227,0,0.017655,0
0,0.244142,0,0.003173,0,0.002085,0,1.9e-05,0
0,0.093995,0,0.035552,0,0.019783,0,0.000352,0
0,0.122212,0,0.010873,0,0.001498,0,2e-06,0
0,0.054995,0,0.129393,0,0.008353,0,8e-06,0
0,0.117067,0,0.026239,0,0.004637,0,0.000861,0
0,0.145776,0,0.0073,0,0.002643,0,0.000915,0
0,0.316422,0,0.03093,0,0.015092,0,0.000806,0
0,0.386234,0,0.081445,0,0.020319,0,0.000603,0
0,0.141229,0,0.002189,0,0.000716,0,3e-06,0
0,0.530135,1,0.006916,0,0.002259,0,0.003385,0
0,0.22095,0,0.002952,0,0.004106,0,0.002888,0
0,0.027757,0,0.014224,0,0.001292,0,0.0,0
0,0.50036,1,0.103417,0,0.056807,0,0.000281,0
0,0.279167,0,0.003651,0,0.005186,0,0.000972,0
0,0.358735,0,0.014757,0,0.005209,0,0.000607,0
0,0.280717,0,0.00621,0,0.003312,0,9.9e-05,0
0,0.124721,0,0.014553,0,0.000748,0,0.00049,0
0,0.233024,0,0.003104,0,0.003916,0,0.000737,0
0,0.365013,0,0.00644,0,0.00404,0,7e-06,0
0,0.495349,0,0.059025,0,0.014044,0,0.000539,0
0,0.240818,0,0.008111,0,0.003892,0,1.8e-05,0
0,0.12888,0,0.011961,0,0.003154,0,0.000135,0
0,0.280105,0,0.02217,0,0.006743,0,0.000122,0
0,0.045983,0,0.00506,0,0.001576,0,4e-06,0
0,0.404745,0,0.140826,0,0.026535,0,0.002425,0
0,0.264501,0,0.007165,0,0.004435,0,0.000763,0
0,0.138694,0,0.009324,0,0.002376,0,3e-06,0
0,0.086629,0,0.020776,0,0.001512,0,5.7e-05,0
0,0.150222,0,0.02283,0,0.011245,0,1.9e-05,0
0,0.613915,1,0.010229,0,0.002553,0,0.000287,0
0,0.226986,0,0.007553,0,0.001743,0,1e-05,0
0,0.397721,0,0.047168,0,0.016483,0,0.044278,1
0,0.093696,0,0.019333,0,0.00892,0,0.00048,0
0,0.115272,0,0.002485,0,0.005055,0,1.3e-05,0
0,0.370124,0,0.011767,0,0.012441,0,0.000105,0
0,0.544328,1,0.015323,0,0.006115,0,0.000213,0
0,0.045496,0,0.052647,0,0.008982,0,9e-06,0
0,0.520465,1,0.013509,0,0.005022,0,0.001217,0
0,0.358179,0,0.020668,0,0.009784,0,0.256933,1
0,0.220684,0,0.068222,0,0.005001,0,0.004102,0
0,0.34377,0,0.009014,0,0.010117,0,0.000172,0
0,0.460849,0,0.090675,0,0.020836,0,0.001282,0
0,0.453781,0,0.007697,0,0.005949,0,0.000554,0
0,0.271725,0,0.002156,0,0.00376,0,1.6e-05,0
0,0.566231,1,0.050669,0,0.075968,0,0.001168,0
0,0.585587,1,0.030081,0,0.030462,0,0.000432,0
0,0.120352,0,0.02338,0,0.001788,0,0.001004,0
0,0.582451,1,0.254123,0,0.142272,0,0.000606,0
0,0.166119,0,0.008957,0,0.002407,0,0.000731,0
0,0.383393,0,0.021646,0,0.003142,0,0.00229,0
0,0.042565,0,0.044738,0,0.003565,0,7e-06,0
0,0.002251,0,0.053061,0,0.012397,0,0.00025,0
0,0.564343,1,0.013576,0,0.007569,0,0.00047,0
0,0.181052,0,0.129317,0,0.008659,0,0.000761,0
0,0.516449,1,0.052254,0,0.005901,0,0.003816,0
0,0.571399,1,0.176955,0,0.031361,0,0.000308,0
0,0.225965,0,0.048825,0,0.006377,0,0.000304,0
0,0.65999,1,0.067211,0,0.003171,0,0.007299,0
0,0.268447,0,0.087946,0,0.030504,0,5.4e-05,0
0,0.33281,0,0.057854,0,0.015855,0,0.001869,0
0,0.021055,0,0.012749,0,0.003879,0,0.00012,0
0,0.478361,0,0.007153,0,0.012929,0,0.07987,1
0,0.140604,0,0.041776,0,0.005949,0,0.004212,0
0,0.428954,0,0.240174,0,0.034832,0,9.9e-05,0
0,0.033539,0,0.075613,0,0.017169,0,7.1e-05,0
0,0.48345,0,0.116312,0,0.014291,0,8.3e-05,0
0,0.191739,0,0.09556,0,0.086065,0,0.000797,0
0,0.313884,0,0.292387,0,0.030142,0,0.012755,0
1,0.56508,1,0.429763,0,0.654347,1,0.219089,1
0,0.978087,1,0.263841,0,0.030175,0,0.000896,0
0,0.507566,1,0.209944,0,0.024595,0,0.000324,0
0,0.487126,0,0.287891,0,0.216453,0,0.034169,0
0,0.488064,0,0.194662,0,0.11252,0,0.033107,0
0,0.659838,1,0.129895,0,0.008089,0,0.125379,1
0,0.506822,1,0.099276,0,0.009192,0,0.028057,0
0,0.036158,0,4.3e-05,0,0.002441,0,0.000213,0
0,0.000109,0,0.006144,0,0.002517,0,1.2e-05,0
0,0.000154,0,0.006345,0,0.00214,0,0.000151,0
0,0.041545,0,0.002488,0,0.002382,0,0.000371,0
0,0.037996,0,0.007393,0,0.003433,0,0.000314,0
0,0.032017,0,0.003481,0,0.002875,0,0.000573,0
0,0.03368,0,0.001529,0,0.002149,0,0.000155,0
0,0.032571,0,0.007633,0,0.001613,0,4.9e-05,0
0,0.00015,0,0.000459,0,0.001942,0,8.7e-05,0
0,0.048758,0,0.000818,0,0.002332,0,2.9e-05,0
0,0.050394,0,0.000149,0,0.002396,0,4.6e-05,0
0,0.000159,0,0.001494,0,0.001717,0,2.2e-05,0
0,0.040882,0,0.006066,0,0.002268,0,1.4e-05,0
0,0.000113,0,0.017084,0,0.003809,0,8e-06,0
0,0.000131,0,0.002258,0,0.002158,0,1.4e-05,0
0,0.00012,0,0.000879,0,0.002038,0,5e-06,0
0,0.033172,0,0.001892,0,0.002379,0,7e-06,0
0,0.027846,0,0.017851,0,0.003596,0,1.9e-05,0
0,0.025935,0,0.006444,0,0.002691,0,9e-06,0
0,0.029926,0,0.001834,0,0.001998,0,0.000172,0
0,0.031079,0,0.001331,0,0.001552,0,6.6e-05,0
0,0.000194,0,0.001218,0,0.001704,0,2.8e-05,0
0,0.000101,0,0.00292,0,0.002843,0,5e-06,0
0,0.05148,0,0.045854,0,0.007401,0,0.000227,0
0,0.044596,0,0.023316,0,0.009471,0,7.6e-05,0
0,0.092373,0,0.001721,0,0.006178,0,0.000325,0
0,0.02776,0,0.008042,0,0.006541,0,8.2e-05,0
0,0.029736,0,0.011985,0,0.010084,0,5.3e-05,0
0,0.000139,0,0.056763,0,0.004564,0,3e-06,0
0,0.038759,0,0.005828,0,0.004045,0,1e-05,0
0,0.028192,0,0.001378,0,0.009802,0,3e-06,0
0,0.023618,0,0.007444,0,0.004138,0,5e-06,0
0,0.024578,0,0.0019,0,0.002904,0,3e-06,0
0,0.029124,0,0.000416,0,0.00383,0,5e-06,0
0,0.042081,0,0.120782,0,0.040882,0,0.000178,0
0,0.037026,0,0.012521,0,0.007355,0,1.2e-05,0
0,0.031016,0,0.012251,0,0.00287,0,4e-06,0
0,0.030707,0,0.005828,0,0.004377,0,6e-06,0
0,7.9e-05,0,0.043901,0,0.002301,0,0.0,0
0,0.01993,0,0.014527,0,0.004897,0,2e-06,0
0,0.000106,0,0.005088,0,0.004753,0,6e-06,0
0,0.000106,0,0.00348,0,0.003306,0,8e-06,0
0,0.000138,0,0.007232,0,0.000663,0,1e-06,0
0,0.81309,1,0.631753,1,0.623528,1,0.002452,0
0,0.910265,1,0.565278,1,0.657132,1,0.090762,1
0,0.802467,1,0.310498,0,0.110448,0,0.387976,1
0,0.004484,0,0.044419,0,0.015215,0,0.000106,0
0,0.001463,0,0.021837,0,0.004189,0,5e-05,0
0,0.14579,0,0.051248,0,0.039305,0,0.000216,0
0,0.298179,0,0.043433,0,0.028155,0,0.029919,0
0,0.213563,0,0.338914,0,0.107786,0,0.000149,0
1,0.328656,0,0.510129,1,0.650938,1,0.254408,1
0,0.207657,0,0.042502,0,0.04172,0,0.005874,0
0,0.002372,0,0.029963,0,0.014464,0,0.001813,0
0,0.071059,0,0.037657,0,0.007353,0,3.2e-05,0
0,0.195409,0,0.017465,0,0.008223,0,0.005419,0
0,0.000925,0,0.065091,0,0.028724,0,0.000147,0
0,0.125852,0,0.002319,0,0.001927,0,0.000158,0
0,0.000174,0,0.210936,0,0.0441,0,0.000186,0
0,0.235502,0,0.004253,0,0.004979,0,0.017329,0
0,0.161102,0,0.00291,0,0.001772,0,5.2e-05,0
0,0.202765,0,0.037902,0,0.02498,0,0.001448,0
0,0.215684,0,0.070973,0,0.100504,0,0.002359,0
0,0.055057,0,0.007952,0,0.001259,0,3e-06,0
0,0.127355,0,0.030584,0,0.005947,0,0.002275,0
0,0.222174,0,0.041482,0,0.045009,0,0.016166,0
0,0.220761,0,0.060845,0,0.0364,0,0.102659,1
0,0.193564,0,0.020848,0,0.016383,0,0.002074,0
0,0.000686,0,0.060638,0,0.021036,0,4.6e-05,0
0,0.223507,0,0.044782,0,0.046331,0,0.004088,0
0,0.000578,0,0.105036,0,0.207296,0,5.7e-05,0
0,0.207585,0,0.035394,0,0.072751,0,0.001492,0
0,0.193028,0,0.324144,0,0.195024,0,0.000133,0
0,0.608803,1,0.394503,0,0.215934,0,0.012254,0
0,0.389861,0,0.027814,0,0.007472,0,0.001142,0
0,0.512977,1,0.011277,0,0.002556,0,0.004853,0
0,0.401478,0,0.170413,0,0.035542,0,1.1e-05,0
0,0.343837,0,0.194067,0,0.014172,0,0.087191,1
0,0.353608,0,0.209617,0,0.017259,0,0.012219,0
0,0.096653,0,0.097353,0,0.027119,0,0.003687,0
0,0.425908,0,0.35158,0,0.012816,0,0.001566,0
0,0.072989,0,0.074008,0,0.006469,0,1e-06,0
0,0.539818,1,0.286875,0,0.229801,0,0.00292,0
0,0.389262,0,0.051057,0,0.004567,0,0.005363,0
0,0.357456,0,0.29163,0,0.072888,0,3e-06,0
0,0.63924,1,0.058599,0,0.022385,0,0.005093,0
0,0.363857,0,0.103385,0,0.036384,0,0.00301,0
0,0.300479,0,0.11173,0,0.033092,0,0.000779,0
0,0.68783,1,0.514822,1,0.14073,0,0.054632,1
0,0.839026,1,0.784566,1,0.805346,1,0.01549,0
0,0.068064,0,0.013378,0,0.001131,0,0.001599,0
0,0.568912,1,0.254077,0,0.167965,0,0.007011,0
0,0.461198,0,0.349514,0,0.225231,0,0.002161,0
0,0.495202,0,0.223735,0,0.00928,0,0.000175,0
0,0.485385,0,0.166622,0,0.046687,0,0.001863,0
0,0.673625,1,0.17398,0,0.259179,0,0.059901,1
0,0.541403,1,0.244177,0,0.123497,0,0.425511,1
0,0.476069,0,0.217835,0,0.060244,0,0.00343,0
0,0.097587,0,0.049012,0,0.020421,0,1.3e-05,0
0,0.324846,0,0.06172,0,0.008443,0,6.2e-05,0
0,0.464013,0,0.22468,0,0.011216,0,0.002158,0
0,0.117724,0,0.015385,0,0.000863,0,0.000153,0
0,0.03139,0,0.055159,0,0.009806,0,8.7e-05,0
0,0.198518,0,0.135793,0,0.044699,0,0.000128,0
0,0.738622,1,0.272374,0,0.2177,0,0.003337,0
0,0.743061,1,0.443265,0,0.234133,0,0.005454,0
0,0.657329,1,0.097497,0,0.067998,0,0.00383,0
0,0.566772,1,0.23663,0,0.098102,0,0.005172,0
0,0.538372,1,0.23114,0,0.158158,0,0.007983,0
0,0.379031,0,0.404214,0,0.130681,0,0.000325,0
0,0.413291,0,0.360378,0,0.047178,0,0.000698,0
0,0.457561,0,0.002281,0,0.002182,0,0.000282,0
0,0.420128,0,0.070819,0,0.014457,0,0.000253,0
0,0.482772,0,0.30263,0,0.062372,0,0.004675,0
0,0.268304,0,0.308965,0,0.235857,0,0.000129,0
0,0.281274,0,0.153196,0,0.017391,0,0.00131,0
0,0.379471,0,0.29304,0,0.025151,0,0.004524,0
0,0.363857,0,0.251217,0,0.043177,0,0.000724,0
0,0.727056,1,0.203095,0,0.02585,0,0.012481,0
0,0.509343,1,0.314982,0,0.086929,0,8.1e-05,0
0,0.194682,0,0.106707,0,0.015317,0,1.2e-05,0
0,0.575958,1,0.237913,0,0.095025,0,0.001299,0
1,0.615618,1,0.695512,1,0.952922,1,0.229229,1
0,0.459089,0,0.252223,0,0.154966,0,0.238197,1
0,0.672517,1,0.281808,0,0.063512,0,0.217467,1
0,0.450019,0,0.479931,0,0.20911,0,0.006768,0
0,0.618521,1,0.517525,1,0.292972,0,2.9e-05,0
0,0.763537,1,0.321505,0,0.210604,0,0.002294,0
0,0.485038,0,0.269744,0,0.031957,0,0.001453,0
0,0.520663,1,0.285742,0,0.185492,0,0.006892,0
0,0.386982,0,0.21072,0,0.0722,0,0.005249,0
0,0.029988,0,0.097653,0,0.017253,0,5e-06,0
0,0.562502,1,0.079342,0,0.038354,0,0.000137,0
0,0.562722,1,0.398097,0,0.185578,0,0.012116,0
0,0.641111,1,0.275085,0,0.019298,0,0.115272,1
0,0.148774,0,0.00611,0,0.001037,0,9e-05,0
0,0.325832,0,0.107477,0,0.044889,0,0.007965,0
0,0.583006,1,0.10835,0,0.083846,0,0.000551,0
0,0.143539,0,0.078722,0,0.019072,0,0.001571,0
0,0.615346,1,0.411203,0,0.287308,0,0.00271,0
0,0.126476,0,0.175458,0,0.088484,0,0.000368,0
0,0.252163,0,0.154988,0,0.13274,0,0.001079,0
0,0.352189,0,0.041916,0,0.005433,0,0.000134,0
0,0.564589,1,0.150725,0,0.016233,0,0.012304,0
0,0.343725,0,0.235435,0,0.027948,0,0.001231,0
0,0.128209,0,0.017021,0,0.003707,0,2.5e-05,0
0,0.753087,1,0.397953,0,0.066518,0,0.002597,0
0,0.545789,1,0.144481,0,0.07349,0,0.012415,0
0,0.665608,1,0.182272,0,0.13707,0,0.012424,0
0,0.153519,0,0.072534,0,0.001918,0,0.000184,0
0,0.174303,0,0.005781,0,0.001826,0,0.000333,0
0,0.462798,0,0.030799,0,0.017237,0,0.000939,0
0,0.134674,0,0.004307,0,0.001884,0,0.000722,0
0,0.160229,0,0.078188,0,0.012109,0,0.000887,0
0,0.438237,0,0.04259,0,0.020978,0,0.000368,0
0,0.390751,0,0.130275,0,0.036579,0,0.001405,0
0,0.484707,0,0.290546,0,0.223991,0,0.000513,0
0,0.150864,0,0.072403,0,0.005128,0,8e-06,0
0,0.124573,0,0.072449,0,0.015929,0,3.9e-05,0
0,0.268341,0,0.032428,0,0.001514,0,0.001898,0
0,0.561305,1,0.03494,0,0.00358,0,0.001432,0
0,0.408199,0,0.071675,0,0.067305,0,0.055042,1
0,0.092844,0,0.031324,0,0.006939,0,0.000116,0
0,0.251398,0,0.021531,0,0.00386,0,0.000359,0
0,0.404611,0,0.067378,0,0.007184,0,0.007211,0
0,0.283398,0,0.2205,0,0.037754,0,0.000528,0
0,0.505181,1,0.06222,0,0.008524,0,0.000609,0
0,0.307244,0,0.225958,0,0.073582,0,0.246827,1
0,0.353068,0,0.075535,0,0.026773,0,0.001073,0
0,0.24174,0,0.01872,0,0.004952,0,6e-05,0
0,0.497324,0,0.026028,0,0.006615,0,0.001392,0
0,0.44604,0,0.148565,0,0.024454,0,0.085917,1
0,0.268841,0,0.145477,0,0.017006,0,0.000979,0
0,0.518854,1,0.361671,0,0.242556,0,0.014843,0
0,0.496846,0,0.167922,0,0.013199,0,0.017137,0
0,0.572812,1,0.229852,0,0.189715,0,0.003587,0
0,0.268301,0,0.258038,0,0.092266,0,0.025928,0
0,0.242234,0,0.063116,0,0.015168,0,0.016629,0
0,0.257988,0,0.221082,0,0.147684,0,0.004363,0
0,0.387385,0,0.308654,0,0.166519,0,0.009757,0
0,0.463273,0,0.302496,0,0.312783,0,0.272342,1
0,0.486101,0,0.197362,0,0.167373,0,0.004411,0
0,0.087506,0,0.152795,0,0.006362,0,0.000152,0
1,0.56241,1,0.493755,0,0.79096,1,0.242604,1
0,0.433732,0,0.076541,0,0.003168,0,0.000909,0
0,0.331715,0,0.072979,0,0.004721,0,0.000432,0
0,0.446228,0,0.0728,0,0.022353,0,0.001345,0
0,0.475868,0,0.087986,0,0.023574,0,0.000608,0
0,0.505466,1,0.318747,0,0.187776,0,0.069185,1
0,0.260056,0,0.183817,0,0.097662,0,0.003639,0
0,0.206712,0,0.29978,0,0.175134,0,0.002598,0
0,0.23156,0,0.130075,0,0.015789,0,6.8e-05,0
0,0.402921,0,0.130245,0,0.024123,0,0.001526,0
0,0.943827,1,0.137079,0,0.019995,0,0.000127,0
0,0.700161,1,0.125832,0,0.027705,0,0.001191,0
0,0.296012,0,0.097357,0,0.084154,0,0.003847,0
0,0.612218,1,0.340791,0,0.3546,0,0.072169,1
0,0.408112,0,0.213984,0,0.088401,0,0.001291,0
0,0.372083,0,0.304127,0,0.345151,0,0.00024,0
0,0.400619,0,0.29298,0,0.083398,0,0.010502,0
0,0.325962,0,0.29475,0,0.144566,0,0.044192,1
0,0.049269,0,0.004891,0,0.000676,0,0.000182,0
0,0.035702,0,0.171395,0,0.011952,0,0.000158,0
0,0.000167,0,0.015803,0,0.001562,0,6.9e-05,0
0,0.035366,0,0.001433,0,0.000563,0,0.000169,0
0,0.088295,0,0.027132,0,0.004348,0,0.00217,0
0,0.000276,0,0.000876,0,0.001654,0,2.6e-05,0
0,0.036916,0,0.000359,0,0.002334,0,0.00014,0
0,0.000147,0,0.000712,0,0.001098,0,8e-06,0
0,0.000131,0,0.006711,0,0.002258,0,3e-06,0
0,0.000156,0,4.3e-05,0,0.000244,0,4e-05,0
0,0.02871,0,0.00225,0,0.001806,0,7.9e-05,0
0,0.02878,0,0.001305,0,0.000595,0,2.7e-05,0
0,0.038492,0,0.038897,0,0.008798,0,1.6e-05,0
0,0.022067,0,0.024782,0,0.001513,0,3e-06,0
0,0.038582,0,0.0,0,0.000569,0,2.5e-05,0
0,0.018013,0,0.00607,0,0.00288,0,2e-06,0
0,0.019639,0,0.015382,0,0.004691,0,1e-06,0
0,7.8e-05,0,0.011018,0,0.000336,0,1e-06,0
0,0.608848,1,0.028126,0,0.002732,0,0.007504,0
0,0.621104,1,0.076334,0,0.004029,0,0.010703,0
0,0.140801,0,0.002572,0,0.000637,0,0.000195,0
0,0.215758,0,0.004124,0,0.002583,0,0.000571,0
0,0.166386,0,0.002572,0,0.000856,0,9.3e-05,0
0,0.200702,0,0.076236,0,0.021176,0,0.007395,0
0,0.646189,1,0.10617,0,0.02249,0,0.000752,0
0,0.189183,0,0.038852,0,0.033651,0,0.000158,0
0,0.441602,0,0.113774,0,0.016968,0,0.000292,0
0,0.436831,0,0.075093,0,0.01405,0,6.2e-05,0
0,0.0,0,0.03003,0,0.001914,0,0.003687,0
0,0.276028,0,0.005706,0,0.001364,0,0.001293,0
0,0.212147,0,0.05492,0,0.027167,0,0.004825,0
0,0.164984,0,0.008523,0,0.015424,0,0.003704,0
0,0.169189,0,0.019618,0,0.003556,0,0.001052,0
0,0.751167,1,0.535103,1,0.173306,0,0.006881,0
0,0.325713,0,0.234122,0,0.120851,0,0.000104,0
0,0.137504,0,0.069767,0,0.019053,0,0.000717,0
0,0.526223,1,0.110286,0,0.044056,0,2.7e-05,0
0,0.659085,1,0.400267,0,0.264142,0,0.087165,1
0,0.545027,1,0.303717,0,0.250263,0,0.380264,1
0,0.521133,1,0.093836,0,0.016194,0,0.002857,0
0,0.684086,1,0.070621,0,0.01793,0,0.000931,0
0,0.492028,0,0.11291,0,0.051021,0,0.000211,0
0,0.541524,1,0.087583,0,0.083335,0,0.000116,0
0,0.284834,0,0.072206,0,0.015213,0,0.000148,0
0,0.703463,1,0.190367,0,0.050156,0,0.003033,0
0,0.674889,1,0.302129,0,0.206788,0,0.001443,0
0,0.338445,0,0.097864,0,0.054734,0,0.000212,0
0,0.114436,0,0.031202,0,0.00558,0,0.000181,0
0,0.262233,0,0.192869,0,0.087545,0,0.00061,0
0,0.177993,0,0.147037,0,0.050374,0,0.000317,0
0,0.290295,0,0.133107,0,0.018771,0,0.000687,0
0,0.544832,1,0.122788,0,0.034054,0,0.002953,0
0,0.354047,0,0.08625,0,0.012252,0,4.2e-05,0
0,0.278975,0,0.083141,0,0.022864,0,0.0011,0
0,0.114318,0,0.004005,0,0.00259,0,0.000857,0
0,0.034932,0,0.035073,0,0.00923,0,1e-05,0
0,0.701626,1,0.105844,0,0.045464,0,0.001503,0
0,0.448974,0,0.040714,0,0.01253,0,0.071248,1
0,0.50414,1,0.064861,0,0.050155,0,0.038804,1
0,0.456484,0,0.082596,0,0.030711,0,0.004984,0
0,0.929283,1,0.546695,1,0.41767,0,0.004289,0
0,0.704306,1,0.779812,1,0.523995,1,0.040175,1
0,0.681709,1,0.160178,0,0.428329,0,0.038285,1
0,0.031585,0,0.013242,0,0.000668,0,1e-06,0
0,0.352013,0,0.004775,0,0.004898,0,4e-06,0
0,0.086534,0,0.420975,0,0.09626,0,0.000221,0
0,0.461582,0,0.047368,0,0.040881,0,0.001008,0
0,0.745403,1,0.581269,1,0.258382,0,0.005881,0
0,0.166,0,0.093233,0,0.010497,0,3.1e-05,0
1,0.872813,1,0.687956,1,0.894361,1,0.459164,1
0,0.365019,0,0.255755,0,0.038639,0,9e-06,0
0,0.393812,0,0.140174,0,0.099891,0,0.000506,0
0,0.122549,0,0.069509,0,0.003731,0,0.000194,0
0,0.523862,1,0.152068,0,0.171584,0,0.003315,0
0,0.500164,1,0.314949,0,0.197051,0,0.027868,0
0,0.188947,0,0.307143,0,0.025136,0,3.2e-05,0
0,0.454639,0,0.281095,0,0.072484,0,0.145637,1
0,0.265478,0,0.234279,0,0.146633,0,0.000804,0
0,0.805861,1,0.513644,1,0.499415,0,0.06244,1
0,0.682598,1,0.359638,0,0.256873,0,0.008938,0
0,0.181218,0,0.227828,0,0.020569,0,0.001868,0
0,0.289035,0,0.233127,0,0.1302,0,0.000496,0
0,0.447752,0,0.069194,0,0.02022,0,0.010003,0
0,0.585645,1,0.054885,0,0.004408,0,0.001464,0
0,0.632797,1,0.224944,0,0.032673,0,5e-05,0
0,0.592795,1,0.197186,0,0.06599,0,0.01336,0
0,0.549627,1,0.297922,0,0.226631,0,0.134409,1
0,0.389262,0,0.327534,0,0.356102,0,0.032863,0
0,0.716525,1,0.267046,0,0.253976,0,8e-05,0
0,0.606045,1,0.313032,0,0.267088,0,0.039539,1
0,0.549265,1,0.166728,0,0.105168,0,0.000298,0
0,0.709447,1,0.485426,0,0.545555,1,0.004719,0
0,0.440628,0,0.319382,0,0.077711,0,0.000705,0
0,0.508014,1,0.340812,0,0.277482,0,0.021448,0
0,0.235972,0,0.411296,0,0.233204,0,0.024078,0
0,0.717824,1,0.098003,0,0.014126,0,0.006858,0
0,0.372257,0,0.272868,0,0.119744,0,0.005301,0
0,0.671326,1,0.494372,0,0.459158,0,0.246336,1
0,0.323207,0,0.027178,0,0.000673,0,5.9e-05,0
0,0.49036,0,0.390823,0,0.168408,0,0.002379,0
0,0.665519,1,0.376478,0,0.140889,0,0.001214,0
0,0.04216,0,0.002072,0,0.003799,0,0.00012,0
0,0.000158,0,0.002404,0,0.001786,0,9.5e-05,0
0,0.027486,0,0.012511,0,0.005256,0,0.000122,0
0,0.000194,0,0.017606,0,0.002587,0,2.6e-05,0
0,0.17241,0,0.014213,0,0.00312,0,0.00762,0
0,0.002883,0,0.16828,0,0.017672,0,0.049507,1
0,0.291507,0,0.007638,0,0.002059,0,0.00038,0
0,0.190128,0,0.016011,0,0.012027,0,0.000958,0
0,0.669835,1,0.567649,1,0.666663,1,0.011858,0
0,0.64308,1,0.131392,0,0.095058,0,0.160475,1
0,0.380236,0,0.090847,0,0.098549,0,0.000696,0
0,0.552404,1,0.274314,0,0.258935,0,0.085553,1
0,0.588059,1,0.489222,0,0.109071,0,0.004718,0
0,0.346332,0,0.129386,0,0.065557,0,5.7e-05,0
0,0.437343,0,0.66037,1,0.482076,0,0.138505,1
0,0.319035,0,0.077734,0,0.022181,0,1.9e-05,0
0,0.732159,1,0.52426,1,0.517226,1,0.103017,1
0,0.474699,0,0.223809,0,0.389749,0,0.034188,0
0,0.187379,0,0.108505,0,0.038888,0,0.002855,0
0,0.70111,1,0.611337,1,0.517275,1,0.398816,1
0,0.794979,1,0.070066,0,0.011103,0,0.003583,0
0,0.227933,0,0.059816,0,0.019446,0,0.004215,0
0,0.300548,0,0.108742,0,0.049124,0,0.02173,0
0,0.854077,1,0.452898,0,0.510278,1,0.004266,0
0,0.47122,0,0.111841,0,0.043579,0,0.008196,0
0,0.770171,1,0.128199,0,0.018341,0,0.003647,0
0,0.485795,0,0.047854,0,0.022605,0,6e-05,0
0,0.236893,0,0.08043,0,0.058422,0,0.000821,0
0,0.487906,0,0.143215,0,0.024534,0,0.004258,0
0,0.652427,1,0.183052,0,0.123499,0,0.002115,0
0,0.114293,0,0.154047,0,0.043579,0,0.001833,0
0,0.478289,0,0.411259,0,0.280919,0,0.009896,0
0,0.321596,0,0.244756,0,0.118348,0,0.000456,0
0,0.134507,0,0.454304,0,0.440024,0,0.000204,0
0,0.3692,0,0.030392,0,0.029872,0,0.025011,0
0,0.659133,1,0.152676,0,0.031213,0,7.6e-05,0
0,0.62437,1,0.134365,0,0.035241,0,0.002479,0
0,0.049399,0,0.135912,0,0.072452,0,0.000106,0
0,0.46151,0,0.304344,0,0.108529,0,0.004075,0
0,0.269079,0,0.084255,0,0.035921,0,0.014832,0
0,0.53674,1,0.070596,0,0.022875,0,0.000372,0
0,0.283883,0,0.303776,0,0.384497,0,0.001911,0
0,0.477276,0,0.033414,0,0.037668,0,0.032916,0
0,0.666642,1,0.446652,0,0.067868,0,0.002952,0
0,0.66756,1,0.451521,0,0.424187,0,0.002004,0
0,0.504131,1,0.0009,0,0.009172,0,0.000441,0
0,0.371808,0,0.070977,0,0.017852,0,0.0291,0
0,0.178175,0,0.333871,0,0.400886,0,0.006453,0
0,0.11438,0,0.07934,0,0.056796,0,0.003641,0
1,0.554392,1,0.567987,1,0.848003,1,0.025214,0
0,0.590014,1,0.231196,0,0.157096,0,0.001336,0
0,0.733251,1,0.063716,0,0.021812,0,0.053692,1
0,0.405849,0,0.055742,0,0.019342,0,0.000894,0
0,0.749057,1,0.403452,0,0.666656,1,0.607488,1
0,0.303043,0,0.202645,0,0.086859,0,0.002733,0
0,0.280941,0,0.120696,0,0.086104,0,0.005512,0
0,0.274358,0,0.042996,0,0.024756,0,0.002845,0
0,0.879789,1,0.540572,1,0.070167,0,0.000639,0
0,0.331961,0,0.084475,0,0.015495,0,0.000441,0
0,0.359958,0,0.166791,0,0.055111,0,0.024598,0
0,0.028576,0,0.257795,0,0.049182,0,0.000203,0
0,0.306917,0,0.050167,0,0.005016,0,0.002995,0
0,0.514466,1,0.106537,0,0.060111,0,0.006178,0
0,0.323103,0,0.108001,0,0.040546,0,0.007263,0
0,0.259638,0,0.186937,0,0.159059,0,0.00135,0
0,0.564246,1,0.405106,0,0.531455,1,0.034006,0
0,0.606611,1,0.312519,0,0.49342,0,0.006682,0
0,0.261292,0,0.253642,0,0.089912,0,0.001213,0
0,0.124837,0,0.077029,0,0.010913,0,0.000906,0
0,0.160665,0,0.150152,0,0.048369,0,0.003044,0
0,0.700605,1,0.651459,1,0.206718,0,0.003961,0
0,0.897195,1,0.362004,0,0.113887,0,0.001211,0
0,0.492675,0,0.05081,0,0.030763,0,0.001104,0
0,0.469305,0,0.189674,0,0.031916,0,0.000156,0
0,0.701749,1,0.23707,0,0.052165,0,0.192752,1
0,0.395666,0,0.021688,0,0.017662,0,3.5e-05,0
0,0.436966,0,0.051893,0,0.030042,0,0.034224,1
0,0.474244,0,0.188169,0,0.288079,0,0.051338,1
0,0.449102,0,0.074871,0,0.018121,0,1.8e-05,0
0,0.21168,0,0.195806,0,0.039995,0,0.001133,0
0,0.429536,0,0.111644,0,0.0229,0,0.01205,0
0,0.506151,1,0.085571,0,0.014837,0,0.089746,1
0,0.141899,0,0.253889,0,0.127987,0,0.000324,0
0,0.162097,0,0.074163,0,0.034768,0,0.003482,0
0,0.353662,0,0.041432,0,0.013242,0,0.002022,0
0,0.642397,1,0.161285,0,0.14273,0,0.002485,0
0,0.849426,1,0.148441,0,0.016035,0,0.00357,0
0,0.27446,0,0.033757,0,0.013985,0,0.000318,0
0,0.42934,0,0.220328,0,0.083175,0,0.004867,0
0,0.607452,1,0.600223,1,0.746155,1,0.110101,1
0,0.436068,0,0.053333,0,0.026239,0,0.006498,0
0,0.7448,1,0.352816,0,0.196703,0,0.002015,0
0,0.363563,0,0.109963,0,0.11241,0,0.003264,0
0,0.093736,0,0.180787,0,0.148078,0,0.000395,0
0,0.391521,0,0.061142,0,0.041845,0,0.000501,0
0,0.743498,1,0.081251,0,0.023639,0,0.003583,0
0,0.628749,1,0.29235,0,0.158986,0,0.146955,1
0,0.882382,1,0.51057,1,0.112458,0,0.003587,0
0,0.312424,0,0.416588,0,0.344743,0,0.003259,0
1,0.54789,1,0.340623,0,0.378391,0,0.278206,1
0,0.345291,0,0.060461,0,0.078555,0,0.023204,0
0,0.594537,1,0.453119,0,0.262523,0,0.085351,1
0,0.400979,0,0.038496,0,0.011445,0,0.00085,0
0,0.818785,1,0.545822,1,0.343228,0,0.003588,0
0,0.424993,0,0.093607,0,0.048512,0,0.01424,0
0,0.59318,1,0.588845,1,0.513126,1,0.109878,1
0,0.441604,0,0.070762,0,0.016052,0,0.00889,0
0,0.439418,0,0.049577,0,0.039782,0,0.00771,0
0,0.101423,0,0.229707,0,0.048744,0,0.000277,0
0,0.684116,1,0.308385,0,0.113953,0,0.001665,0
0,0.425106,0,0.258926,0,0.122523,0,0.001099,0
1,0.250053,0,0.470464,0,0.652153,1,0.238778,1
0,0.743438,1,0.588658,1,0.574438,1,0.046308,1
0,0.508399,1,0.062289,0,0.045079,0,0.014284,0
0,0.716371,1,0.243963,0,0.077399,0,0.418729,1
1,0.911068,1,0.802825,1,0.895924,1,0.039074,1
0,0.697259,1,0.078893,0,0.124727,0,0.037755,1
0,0.382792,0,0.314254,0,0.372072,0,0.00286,0
0,0.309611,0,0.047974,0,0.068692,0,3.4e-05,0
0,0.865581,1,0.145745,0,0.136538,0,0.003567,0
0,0.558642,1,0.349541,0,0.317289,0,0.006889,0
0,0.398747,0,0.077619,0,0.037205,0,0.006428,0
0,0.854387,1,0.091489,0,0.012948,0,0.003585,0
0,0.217306,0,0.227393,0,0.489295,0,0.002289,0
0,0.329325,0,0.05906,0,0.013231,0,0.000105,0
0,0.681311,1,0.149844,0,0.005407,0,0.002727,0
0,0.412528,0,0.266972,0,0.126224,0,0.002698,0
0,0.614615,1,0.27036,0,0.171021,0,0.111005,1
0,0.5903,1,0.363365,0,0.212382,0,0.004634,0
1,0.630063,1,0.501536,1,0.587984,1,0.345584,1
0,0.713882,1,0.164859,0,0.079649,0,0.002214,0
0,0.477178,0,0.185211,0,0.140088,0,0.001046,0
0,0.441019,0,0.393509,0,0.292479,0,0.074109,1
0,0.412189,0,0.31215,0,0.23594,0,0.000604,0
0,0.514089,1,0.310049,0,0.266426,0,0.005116,0
0,0.415191,0,0.201939,0,0.163396,0,0.20552,1
0,0.506162,1,0.204429,0,0.079353,0,0.030866,0
0,0.837902,1,0.215143,0,0.086965,0,0.00041,0
0,0.432267,0,0.388144,0,0.215081,0,0.007103,0
0,0.551993,1,0.499565,0,0.430065,0,0.016793,0
0,0.684259,1,0.385769,0,0.222257,0,0.016283,0
0,0.398117,0,0.363847,0,0.154805,0,0.15295,1
0,0.430522,0,0.168777,0,0.090715,0,0.010171,0
0,0.749998,1,0.273058,0,0.218273,0,0.002677,0
0,0.435388,0,0.123554,0,0.031312,0,0.063657,1
0,0.472109,0,0.486709,0,0.526011,1,0.004897,0
0,0.36874,0,0.371294,0,0.323077,0,0.081425,1
0,0.611541,1,0.221895,0,0.154882,0,0.01152,0
0,0.384184,0,0.083097,0,0.006729,0,0.004116,0
0,0.634788,1,0.438884,0,0.495264,0,0.020272,0
0,0.804684,1,0.329439,0,0.246966,0,0.000413,0
0,0.364818,0,0.12029,0,0.023457,0,0.004938,0
0,0.40625,0,0.398349,0,0.483867,0,0.531272,1
0,0.662946,1,0.464764,0,0.342436,0,0.060069,1
0,0.367806,0,0.330766,0,0.628814,1,0.061839,1
0,0.560841,1,0.308734,0,0.086811,0,0.005469,0
0,0.5741,1,0.467517,0,0.454866,0,0.029869,0
0,0.561572,1,0.405471,0,0.234407,0,0.023724,0
0,0.584704,1,0.205661,0,0.078228,0,0.051704,1
0,0.496437,0,0.243591,0,0.042064,0,0.002233,0
0,0.471271,0,0.158643,0,0.189266,0,0.002068,0
0,0.393742,0,0.248686,0,0.022373,0,0.007652,0
0,0.431495,0,0.104814,0,0.012048,0,0.033238,0
0,0.131519,0,0.254468,0,0.023209,0,2.1e-05,0
0,0.657876,1,0.264815,0,0.129271,0,0.024491,0
0,0.597225,1,0.231731,0,0.379047,0,0.067307,1
0,0.444603,0,0.10299,0,0.022459,0,0.001645,0
0,0.557994,1,0.519901,1,0.591854,1,0.057697,1
0,0.488733,0,0.149034,0,0.06213,0,0.008497,0
0,0.526858,1,0.437743,0,0.239037,0,0.026373,0
0,0.346275,0,0.16599,0,0.01032,0,5e-05,0
0,0.656249,1,0.282522,0,0.067869,0,0.071869,1
0,0.525145,1,0.164299,0,0.022973,0,0.000392,0
0,0.565099,1,0.3998,0,0.135299,0,0.000295,0
0,0.081443,0,0.035043,0,0.01389,0,9.4e-05,0
0,0.780843,1,0.414422,0,0.451247,0,0.245049,1
0,0.647295,1,0.072557,0,0.013994,0,0.008504,0
0,0.428916,0,0.237027,0,0.138858,0,0.001085,0
0,0.051888,0,0.000962,0,0.002613,0,0.000199,0
0,0.039969,0,0.011539,0,0.005254,0,0.00033,0
0,0.041742,0,0.001215,0,0.002016,0,0.000135,0
0,0.032311,0,0.033205,0,0.012089,0,0.00018,0
0,0.041006,0,0.011543,0,0.002736,0,0.000261,0
0,0.030225,0,0.015298,0,0.00307,0,0.00019,0
0,0.028737,0,0.036305,0,0.008374,0,2.1e-05,0
0,0.043466,0,0.41808,0,0.437046,0,0.000392,0
0,0.030557,0,0.023351,0,0.024691,0,8.8e-05,0
0,0.025795,0,0.013489,0,0.00288,0,3e-06,0
0,0.000494,0,0.003372,0,0.002389,0,0.000185,0
1,0.825904,1,0.748845,1,0.851354,1,0.012028,0
0,0.663355,1,0.137958,0,0.144023,0,0.001607,0
0,0.156998,0,0.011628,0,0.002265,0,0.001277,0
0,0.008589,0,0.0325,0,0.006017,0,0.000834,0
0,0.018921,0,0.04697,0,0.007326,0,0.000981,0
0,0.01427,0,0.031721,0,0.008745,0,0.000162,0
0,0.244846,0,0.016925,0,0.001899,0,0.000174,0
0,0.000714,0,0.039119,0,0.008063,0,0.000883,0
0,0.185425,0,0.002572,0,0.002079,0,0.003338,0
0,0.350237,0,0.086184,0,0.083815,0,0.001491,0
0,0.193383,0,0.00262,0,0.002743,0,0.000385,0
0,0.393436,0,0.074449,0,0.058107,0,0.003204,0
0,0.019162,0,0.048216,0,0.008412,0,6.4e-05,0
0,0.016359,0,0.042322,0,0.013259,0,9.5e-05,0
0,0.132799,0,0.051746,0,0.022738,0,0.00203,0
0,0.252925,0,0.041317,0,0.022552,0,0.002683,0
0,0.213712,0,0.06075,0,0.045175,0,0.017525,0
0,0.320078,0,0.34916,0,0.112492,0,0.003365,0
0,0.535799,1,0.335903,0,0.549727,1,0.059872,1
0,0.001255,0,0.096074,0,0.007794,0,0.002856,0
0,0.809184,1,0.474381,0,0.750732,1,0.591492,1
0,0.267058,0,0.120067,0,0.034701,0,0.008832,0
0,0.578315,1,0.039202,0,0.024869,0,0.011237,0
0,0.457264,0,0.100306,0,0.027609,0,0.001391,0
0,0.437033,0,0.121435,0,0.081034,0,0.000962,0
0,0.422632,0,0.034922,0,0.022253,0,0.002152,0
0,0.441086,0,0.498468,0,0.60656,1,0.030252,0
0,0.669678,1,0.135397,0,0.111144,0,0.143043,1
0,0.530515,1,0.140905,0,0.098648,0,0.048255,1
0,0.054819,0,0.002637,0,0.00287,0,0.000348,0
0,0.654191,1,0.204073,0,0.162596,0,0.013342,0
0,0.831142,1,0.182677,0,0.046223,0,0.001037,0
0,0.435056,0,0.088348,0,0.041524,0,0.000135,0
0,0.734195,1,0.201587,0,0.069382,0,0.28951,1
1,0.567418,1,0.631451,1,0.785146,1,0.102808,1
0,0.534594,1,0.471489,0,0.271097,0,0.000726,0
0,0.547029,1,0.556827,1,0.613713,1,0.150324,1
0,0.503909,1,0.038282,0,0.014081,0,0.03005,0
0,0.374144,0,0.014873,0,0.004128,0,0.000287,0
0,0.35178,0,0.422997,0,0.34257,0,0.000425,0
0,0.842752,1,0.61177,1,0.374645,0,0.029334,0
0,0.461165,0,0.039591,0,0.057269,0,0.033567,0
0,0.30915,0,0.041185,0,0.017282,0,0.00518,0
0,0.369182,0,0.010868,0,0.002077,0,4.5e-05,0
0,0.204824,0,0.104894,0,0.029899,0,0.001339,0
0,0.59334,1,0.214543,0,0.125802,0,0.064592,1
0,0.72327,1,0.250622,0,0.121331,0,0.004598,0
1,0.60268,1,0.565145,1,0.698924,1,0.015027,0
0,0.409353,0,0.004233,0,0.003967,0,0.012631,0
0,0.587143,1,0.41956,0,0.386677,0,0.129594,1
1,0.740185,1,0.64678,1,0.761459,1,0.266483,1
0,0.772246,1,0.456998,0,0.256614,0,0.00411,0
1,0.786831,1,0.613026,1,0.873414,1,0.385333,1
0,0.589412,1,0.58237,1,0.82011,1,0.330962,1
0,0.763305,1,0.693061,1,0.796098,1,0.027575,0
0,0.503807,1,0.051008,0,0.031319,0,0.00085,0
0,0.487702,0,0.064985,0,0.018893,0,0.018202,0
0,0.61937,1,0.127967,0,0.030101,0,8.5e-05,0
0,0.366991,0,0.528146,1,0.198917,0,0.000308,0
0,0.558528,1,0.374318,0,0.558908,1,0.002058,0
0,0.474434,0,0.12529,0,0.067901,0,0.001389,0
0,0.627268,1,0.096569,0,0.019771,0,0.030566,0
0,0.462645,0,0.142982,0,0.11379,0,0.00505,0
0,0.55963,1,0.308271,0,0.271344,0,0.005829,0
0,0.608944,1,0.037364,0,0.009295,0,0.004301,0
0,0.349069,0,0.4682,0,0.506986,1,0.077517,1
0,0.362327,0,0.060231,0,0.095043,0,0.008116,0
0,0.414699,0,0.037471,0,0.001695,0,6e-06,0
0,0.30554,0,0.010413,0,0.001174,0,0.002574,0
0,0.5361,1,0.498186,0,0.69686,1,0.070682,1
0,0.752897,1,0.332197,0,0.575964,1,0.403508,1
0,0.7516,1,0.218697,0,0.07146,0,0.092662,1
0,0.58827,1,0.073694,0,0.057852,0,0.033859,0
0,0.473269,0,0.54164,1,0.19537,0,0.000306,0
0,0.534381,1,0.084048,0,0.059212,0,0.008034,0
0,0.605131,1,0.174843,0,0.106727,0,0.022239,0
0,0.595756,1,0.006797,0,0.020759,0,0.220055,1
0,0.323831,0,0.004623,0,0.002041,0,0.00042,0
0,0.516927,1,0.013942,0,0.012123,0,0.00427,0
0,0.031149,0,0.18848,0,0.076638,0,0.223716,1
0,0.46012,0,0.004551,0,0.001011,0,0.000131,0
0,0.131343,0,0.06023,0,0.013634,0,4.3e-05,0
0,0.469037,0,0.127205,0,0.024294,0,0.001115,0
0,0.579951,1,0.07229,0,0.076032,0,0.000134,0
0,0.027197,0,0.161175,0,0.007089,0,6.7e-05,0
0,0.538697,1,0.058952,0,0.008485,0,0.000487,0
0,0.640956,1,0.224257,0,0.350253,0,0.006538,0
0,0.395977,0,0.168692,0,0.223529,0,0.044068,1
0,0.468302,0,0.244397,0,0.053602,0,0.01385,0
0,0.199896,0,0.065955,0,0.004664,0,1e-06,0
0,0.285779,0,0.016272,0,0.000961,0,8e-06,0
0,0.206293,0,0.033844,0,0.014519,0,0.102355,1
0,0.575655,1,0.107081,0,0.053096,0,0.05959,1
0,0.635058,1,0.054952,0,0.046614,0,0.014349,0
0,0.630754,1,0.125733,0,0.077774,0,0.027975,0
0,1.2e-05,0,0.10132,0,0.001192,0,0.002603,0
0,0.35633,0,0.050656,0,0.009676,0,0.005153,0
0,0.391082,0,0.111596,0,0.050875,0,0.002143,0
0,0.270554,0,0.081209,0,0.001725,0,0.000312,0
0,0.58479,1,0.299401,0,0.141524,0,0.111813,1
0,0.644648,1,0.068813,0,0.005697,0,0.000991,0
0,0.174618,0,0.138103,0,0.023227,0,0.00137,0
0,0.278356,0,0.092285,0,0.005639,0,1.5e-05,0
0,0.590469,1,0.39713,0,0.113263,0,0.008645,0
0,0.452485,0,0.449117,0,0.681786,1,0.116323,1
0,0.566395,1,0.221428,0,0.086898,0,0.000466,0
0,0.402169,0,0.168076,0,0.065093,0,0.017701,0
0,0.497991,0,0.130372,0,0.024973,0,0.01348,0
0,0.586374,1,0.119649,0,0.027009,0,0.056571,1
0,0.381599,0,0.063771,0,0.010272,0,0.034686,1
0,0.611128,1,0.309477,0,0.351521,0,0.043065,1
0,0.52747,1,0.261694,0,0.334708,0,0.061479,1
1,0.79964,1,0.546044,1,0.674306,1,0.580261,1
0,0.4287,0,0.121624,0,0.023817,0,0.000894,0
0,0.603533,1,0.553221,1,0.530365,1,0.048305,1
0,0.29916,0,0.109351,0,0.004292,0,0.00023,0
0,0.616619,1,0.438374,0,0.169016,0,0.003104,0
0,0.361244,0,0.004124,0,0.002536,0,0.000664,0
0,0.515155,1,0.352558,0,0.125085,0,0.031938,0
0,0.474558,0,0.159812,0,0.061927,0,0.007169,0
0,0.333566,0,0.359149,0,0.118007,0,0.002812,0
0,0.419501,0,0.092126,0,0.033969,0,0.061186,1
0,0.437918,0,0.187443,0,0.17209,0,0.017777,0
0,0.488602,0,0.127706,0,0.044901,0,0.009943,0
0,0.297073,0,0.079067,0,0.01888,0,0.0011,0
0,0.638576,1,0.41343,0,0.532771,1,0.000107,0
0,0.198732,0,0.052934,0,0.002711,0,0.002101,0
0,0.57465,1,0.509462,1,0.547118,1,0.008715,0
0,0.716203,1,0.310592,0,0.226428,0,0.001254,0
0,0.500566,1,0.445077,0,0.226439,0,0.003513,0
0,0.683505,1,0.342814,0,0.067422,0,0.024692,0
0,0.468562,0,0.515454,1,0.540574,1,0.00349,0
0,0.410553,0,0.089098,0,0.037708,0,0.000663,0
0,0.229049,0,0.033023,0,0.01237,0,0.002114,0
0,0.0304,0,0.001215,0,0.001335,0,8.7e-05,0
0,0.055274,0,0.001335,0,0.002378,0,0.000182,0
0,0.000139,0,0.00046,0,0.001609,0,7e-06,0
0,0.047145,0,0.016161,0,0.003735,0,3e-05,0
0,0.000154,0,0.000586,0,0.002834,0,1.3e-05,0
0,0.00026,0,0.000818,0,0.00306,0,2e-05,0
0,0.034621,0,0.000459,0,0.002194,0,8.3e-05,0
0,0.012284,0,0.016582,0,0.003678,0,1e-06,0
0,0.04295,0,0.067569,0,0.053206,0,2.2e-05,0
0,0.037482,0,0.002623,0,0.003489,0,1.4e-05,0
0,0.044737,0,0.011088,0,0.019302,0,0.000141,0
0,0.046975,0,0.002471,0,0.005612,0,0.00012,0
0,0.015857,0,0.00142,0,0.001865,0,0.0,0
0,0.000217,0,0.013964,0,0.00247,0,9e-06,0
0,0.08177,0,0.005209,0,0.004984,0,0.00024,0
0,0.03334,0,0.005598,0,0.003797,0,4e-05,0
0,0.000249,0,0.002174,0,0.003631,0,0.000116,0
0,0.000232,0,0.001663,0,0.00445,0,7.2e-05,0
0,0.066254,0,0.055767,0,0.0151,0,0.000105,0
0,0.403315,0,0.023504,0,0.004684,0,0.00061,0
0,0.541649,1,0.343178,0,0.179885,0,0.220331,1
0,0.448752,0,0.331281,0,0.463731,0,0.067818,1
1,0.829568,1,0.651552,1,0.853413,1,0.266068,1
0,0.978398,1,0.043312,0,0.009321,0,0.001526,0
0,0.433059,0,0.028959,0,0.003392,0,0.000181,0
0,0.776086,1,0.382376,0,0.173315,0,0.03793,1
0,0.521836,1,0.470554,0,0.48623,0,0.081445,1
0,0.199856,0,0.002779,0,0.003389,0,0.000191,0
0,0.676515,1,0.554165,1,0.605105,1,0.442558,1
0,0.694206,1,0.262762,0,0.262339,0,0.288647,1
0,0.134161,0,0.003033,0,0.003104,0,0.00041,0
0,0.276757,0,0.002397,0,0.002052,0,4.7e-05,0
0,0.530061,1,0.225362,0,0.217001,0,0.101005,1
0,0.288014,0,0.047566,0,0.021157,0,0.003118,0
0,0.527357,1,0.477529,0,0.547136,1,0.091847,1
0,0.000781,0,0.010872,0,0.002964,0,3.7e-05,0
0,0.162586,0,0.03775,0,0.044914,0,0.001725,0
0,0.209724,0,0.030889,0,0.006135,0,0.000465,0
0,0.190017,0,0.007261,0,0.002371,0,0.000417,0
0,0.001458,0,0.049372,0,0.037673,0,0.000131,0
0,0.11648,0,0.051939,0,0.04344,0,9.8e-05,0
0,0.479208,0,0.269069,0,0.302786,0,0.189615,1
0,0.001372,0,0.056149,0,0.03943,0,0.000324,0
0,0.000554,0,0.04425,0,0.017066,0,0.000113,0
0,0.000932,0,0.022801,0,0.00359,0,0.000168,0
0,0.000532,0,0.033673,0,0.016945,0,3.1e-05,0
0,0.001516,0,0.017225,0,0.017872,0,0.000697,0
0,0.233157,0,0.059052,0,0.02702,0,0.008142,0
0,0.46813,0,0.235697,0,0.130336,0,3e-06,0
0,0.158776,0,0.184507,0,0.096586,0,0.00328,0
0,0.089344,0,0.077654,0,0.036829,0,0.000453,0
0,0.363123,0,0.493791,0,0.129057,0,0.038777,1
0,0.779483,1,0.256337,0,0.084882,0,0.000455,0
0,0.278573,0,0.044418,0,0.013645,0,0.003612,0
0,0.435847,0,0.270404,0,0.077674,0,0.013051,0
0,0.775429,1,0.438369,0,0.39429,0,0.704225,1
0,0.262473,0,0.129611,0,0.148052,0,0.002844,0
0,0.561977,1,0.165272,0,0.040657,0,0.010072,0
0,0.506714,1,0.088917,0,0.01433,0,0.002717,0
0,0.523609,1,0.397478,0,0.150499,0,0.00141,0
0,0.505732,1,0.235314,0,0.168245,0,0.062945,1
0,0.787085,1,0.445447,0,0.498833,0,0.004484,0
0,0.933962,1,0.590196,1,0.682871,1,0.091279,1
0,0.663545,1,0.326721,0,0.230799,0,0.020346,0
0,0.705144,1,0.312419,0,0.345755,0,0.059201,1
0,0.467875,0,0.296737,0,0.028156,0,0.001605,0
0,0.54718,1,0.52713,1,0.588028,1,0.042248,1
0,0.788108,1,0.335063,0,0.252198,0,0.013098,0
0,0.719722,1,0.568258,1,0.731597,1,0.002617,0
0,0.874448,1,0.363497,0,0.280976,0,0.135787,1
0,0.441819,0,0.110198,0,0.120395,0,0.008571,0
0,0.614039,1,0.507237,1,0.361178,0,0.011548,0
0,0.494367,0,0.159053,0,0.1028,0,0.412491,1
0,0.669257,1,0.491274,0,0.461532,0,0.14101,1
0,0.737128,1,0.265502,0,0.079163,0,0.309999,1
0,0.600718,1,0.44307,0,0.349896,0,0.344028,1
0,0.809436,1,0.391559,0,0.105649,0,0.077064,1
0,0.507721,1,0.234698,0,0.138881,0,0.106549,1
0,0.639929,1,0.347606,0,0.313961,0,0.008166,0
0,0.536659,1,0.084465,0,0.068085,0,0.045277,1
0,0.215237,0,0.048337,0,0.00514,0,0.001461,0
0,0.422996,0,0.410047,0,0.143245,0,0.001609,0
0,0.732405,1,0.516565,1,0.479594,0,0.416579,1
0,0.562121,1,0.403447,0,0.482502,0,0.028475,0
0,0.391545,0,0.130961,0,0.030225,0,0.053358,1
0,0.632239,1,0.249564,0,0.140392,0,0.129697,1
0,0.160874,0,0.19756,0,0.015267,0,0.000143,0
0,0.707045,1,0.40171,0,0.192037,0,0.092792,1
0,0.622054,1,0.382043,0,0.327917,0,0.029723,0
0,0.40935,0,0.108827,0,0.021968,0,0.024414,0
0,0.641643,1,0.315443,0,0.082075,0,0.137523,1
0,0.512125,1,0.383804,0,0.153316,0,0.168327,1
0,0.701502,1,0.315296,0,0.255687,0,0.026759,0
0,0.53514,1,0.152795,0,0.089522,0,0.082342,1
0,0.391818,0,0.343043,0,0.442109,0,0.001133,0
0,0.472685,0,0.24494,0,0.102714,0,0.15828,1
0,0.49444,0,0.293921,0,0.105942,0,0.060867,1
0,0.558325,1,0.389594,0,0.585658,1,0.009705,0
0,0.779184,1,0.470889,0,0.113594,0,0.053179,1
0,0.48615,0,0.208239,0,0.052091,0,0.005211,0
0,0.445546,0,0.375359,0,0.118554,0,0.002796,0
0,0.547572,1,0.215183,0,0.020352,0,0.005387,0
0,0.449557,0,0.286349,0,0.142437,0,0.00064,0
0,0.929038,1,0.373702,0,0.020516,0,0.000701,0
0,0.513686,1,0.274925,0,0.036242,0,0.010026,0
0,0.703506,1,0.413101,0,0.191788,0,0.020185,0
0,0.571168,1,0.298207,0,0.100814,0,0.000896,0
0,0.7153,1,0.336993,0,0.178578,0,0.031319,0
0,0.648033,1,0.275549,0,0.042785,0,0.003024,0
0,0.673792,1,0.377603,0,0.131144,0,0.021579,0
0,0.628743,1,0.355131,0,0.215127,0,0.205189,1
0,0.576272,1,0.231978,0,0.07013,0,0.07272,1
0,0.388641,0,0.363357,0,0.126092,0,0.001823,0
0,0.567589,1,0.307621,0,0.116241,0,0.000805,0
0,0.549188,1,0.427152,0,0.196355,0,0.082947,1
0,0.682436,1,0.473133,0,0.280036,0,0.013577,0
0,0.555483,1,0.386265,0,0.125505,0,0.061108,1
0,0.639782,1,0.347163,0,0.160883,0,0.011437,0
0,0.436825,0,0.17615,0,0.051118,0,0.003095,0
0,0.548316,1,0.411083,0,0.209352,0,0.010775,0
0,0.651385,1,0.313286,0,0.05782,0,0.004783,0
0,0.519748,1,0.301166,0,0.368687,0,0.097591,1
0,0.741546,1,0.399456,0,0.107204,0,0.001632,0
0,0.672387,1,0.516278,1,0.224872,0,0.396218,1
0,0.527069,1,0.367303,0,0.056756,0,0.002055,0
0,0.57463,1,0.326228,0,0.078388,0,0.008611,0
0,0.417307,0,0.469185,0,0.380248,0,0.129791,1
0,0.619616,1,0.347635,0,0.205228,0,0.000979,0
1,0.525498,1,0.56643,1,0.673347,1,0.165201,1
1,0.322832,0,0.343856,0,0.714197,1,0.09305,1
0,0.669148,1,0.325046,0,0.148553,0,0.000884,0
0,0.699123,1,0.29352,0,0.554741,1,0.091343,1
0,0.623689,1,0.425105,0,0.540056,1,0.02396,0
0,0.403932,0,0.349031,0,0.080824,0,0.002156,0
0,0.568959,1,0.445484,0,0.298964,0,0.114161,1
0,0.516323,1,0.483473,0,0.234364,0,0.061373,1
0,0.708143,1,0.366913,0,0.103831,0,0.007708,0
0,0.691198,1,0.342339,0,0.17355,0,0.000361,0
1,0.775696,1,0.557593,1,0.688838,1,0.211305,1
0,0.786171,1,0.338422,0,0.253583,0,0.000175,0
0,0.56782,1,0.596211,1,0.638235,1,0.409625,1
0,0.426959,0,0.304469,0,0.093718,0,0.000388,0
0,0.758021,1,0.233875,0,0.068616,0,7.3e-05,0
0,0.687733,1,0.416302,0,0.370133,0,0.022832,0
1,0.638648,1,0.536264,1,0.681536,1,0.452168,1
0,0.680811,1,0.622765,1,0.245817,0,0.21863,1
0,0.561741,1,0.482979,0,0.45617,0,0.095722,1
0,0.519301,1,0.490653,0,0.542331,1,0.087471,1
0,0.741771,1,0.504027,1,0.412019,0,0.120388,1
0,0.496428,0,0.315812,0,0.162194,0,0.003195,0
0,0.367765,0,0.394778,0,0.279792,0,0.007299,0
0,0.777586,1,0.56023,1,0.410791,0,0.254272,1
0,0.472004,0,0.437855,0,0.161561,0,0.001442,0
0,0.656218,1,0.246783,0,0.294641,0,0.009642,0
0,0.517403,1,0.32473,0,0.013081,0,0.001264,0
0,0.687644,1,0.401897,0,0.176158,0,0.284958,1
0,0.836476,1,0.520689,1,0.14842,0,0.575564,1
0,0.582502,1,0.242558,0,0.410535,0,0.076222,1
0,0.496715,0,0.235539,0,0.108765,0,0.000345,0
0,0.508534,1,0.449273,0,0.132238,0,0.032943,0
0,0.618828,1,0.320775,0,0.088404,0,0.009475,0
0,0.472161,0,0.03399,0,0.003717,0,0.000891,0
0,0.000123,0,0.001494,0,0.002107,0,3.7e-05,0
0,0.000126,0,0.000802,0,0.001004,0,3.5e-05,0
0,0.000119,0,0.014365,0,0.002965,0,4e-06,0
0,0.000289,0,0.006198,0,0.00377,0,0.000104,0
0,0.751044,1,0.050946,0,0.006839,0,0.000297,0
0,0.430515,0,0.032382,0,0.006384,0,5.8e-05,0
0,0.219577,0,0.053369,0,0.009262,0,0.004859,0
0,0.230006,0,0.090731,0,0.023309,0,0.009609,0
0,0.601337,1,0.133341,0,0.01988,0,0.006966,0
0,0.278648,0,0.046797,0,0.029517,0,0.000968,0
0,0.802038,1,0.434514,0,0.74525,1,0.627075,1
0,0.809287,1,0.506562,1,0.504686,1,0.145376,1
0,0.55105,1,0.191768,0,0.118857,0,0.000709,0
0,0.73718,1,0.076309,0,0.024782,0,0.004092,0
0,0.562925,1,0.40217,0,0.229295,0,0.010597,0
0,0.820246,1,0.371179,0,0.277066,0,0.002475,0
0,0.642711,1,0.550155,1,0.517502,1,0.016431,0
0,0.667815,1,0.408116,0,0.262065,0,0.00247,0
0,0.841233,1,0.567161,1,0.245978,0,0.073052,1
0,0.434252,0,0.15887,0,0.049158,0,0.001447,0
0,0.765754,1,0.513123,1,0.212265,0,0.00145,0
0,0.285955,0,0.211812,0,0.084889,0,0.011057,0
0,0.099557,0,0.039581,0,0.001256,0,0.000502,0
0,0.920983,1,0.799943,1,0.65588,1,0.29216,1
0,0.601137,1,0.354202,0,0.290976,0,0.212903,1
1,0.758713,1,0.817708,1,0.940491,1,0.195959,1
1,0.687233,1,0.506059,1,0.688202,1,0.191381,1
0,0.296137,0,0.144659,0,0.003731,0,2.7e-05,0
0,0.177612,0,0.063526,0,0.015082,0,0.002342,0
1,0.897392,1,0.723829,1,0.86678,1,0.264829,1
0,0.46984,0,0.057883,0,0.051554,0,0.005671,0
0,0.581323,1,0.003765,0,0.001106,0,2.3e-05,0
0,0.75913,1,0.386269,0,0.574342,1,0.032606,0
0,0.718408,1,0.128202,0,0.067118,0,0.00086,0
0,0.10772,0,0.276378,0,0.121452,0,0.000272,0
0,0.35919,0,0.173273,0,0.189658,0,0.000301,0
0,0.227064,0,0.230358,0,0.079611,0,0.003329,0
0,0.140151,0,0.101047,0,0.032716,0,0.000824,0
0,0.40185,0,0.011603,0,0.004764,0,0.003097,0
0,0.379087,0,0.006713,0,0.003594,0,3.9e-05,0
0,0.30139,0,0.02068,0,0.007549,0,0.003644,0
0,0.03372,0,0.112279,0,0.012013,0,0.000898,0
0,0.38726,0,0.153811,0,0.060866,0,0.001497,0
0,0.224792,0,0.169791,0,0.028253,0,0.0001,0
0,0.479785,0,0.239237,0,0.059274,0,0.000301,0
0,0.319464,0,0.076189,0,0.006273,0,2.8e-05,0
0,0.319882,0,0.186035,0,0.050111,0,0.000501,0
0,0.727517,1,0.263054,0,0.137316,0,0.087101,1
0,0.446509,0,0.123605,0,0.013702,0,0.00343,0
0,0.479019,0,0.182511,0,0.227564,0,0.000708,0
0,0.233469,0,0.164884,0,0.027437,0,0.000398,0
1,0.438545,0,0.545678,1,0.79934,1,0.26039,1
0,0.426028,0,0.194076,0,0.031928,0,0.06357,1
0,0.535711,1,0.013313,0,0.014569,0,0.000247,0
0,0.527233,1,0.0471,0,0.002597,0,0.000776,0
0,0.369582,0,0.192322,0,0.178505,0,0.002815,0
0,0.452356,0,0.22713,0,0.115652,0,0.02142,0
0,0.531552,1,0.222217,0,0.045661,0,0.060139,1
0,0.240849,0,0.196584,0,0.07125,0,0.012425,0
0,0.319928,0,0.278332,0,0.201532,0,0.004907,0
0,0.333581,0,0.293667,0,0.162673,0,0.010307,0
0,0.461584,0,0.388181,0,0.103232,0,0.03109,0
0,0.389181,0,0.120506,0,0.025499,0,0.004848,0
0,0.574891,1,0.326245,0,0.233673,0,0.101666,1
0,0.386057,0,0.303717,0,0.100965,0,0.014683,0
0,0.501147,1,0.241973,0,0.078726,0,0.00298,0
0,0.607453,1,0.212037,0,0.156471,0,0.065813,1
0,0.630172,1,0.308834,0,0.286822,0,0.000408,0
0,0.274828,0,0.121008,0,0.01218,0,0.001811,0
0,0.3986,0,0.279043,0,0.032576,0,7e-06,0
0,0.570878,1,0.335547,0,0.091065,0,0.078812,1
0,0.285096,0,0.25275,0,0.052502,0,0.01042,0
0,0.521239,1,0.260978,0,0.07619,0,0.131213,1
0,0.445241,0,0.408326,0,0.072637,0,0.011557,0
0,0.539796,1,0.293002,0,0.135536,0,0.030552,0
0,0.351693,0,0.145573,0,0.029948,0,0.006879,0
0,0.39586,0,0.195244,0,0.1064,0,0.091403,1
0,0.535093,1,0.231307,0,0.041445,0,0.045054,1
0,0.473331,0,0.29337,0,0.07934,0,0.154001,1
0,0.476036,0,0.446461,0,0.616944,1,0.083147,1
0,0.353314,0,0.244363,0,0.19986,0,0.000948,0
0,0.371329,0,0.1509,0,0.106085,0,0.002755,0
0,0.466796,0,0.289283,0,0.146943,0,0.010115,0
0,0.320246,0,0.168469,0,0.04223,0,0.000581,0
0,0.496288,0,0.397362,0,0.167513,0,0.223031,1
0,0.485018,0,0.255963,0,0.266856,0,0.029328,0
0,0.272297,0,0.42921,0,0.378453,0,0.096199,1
0,0.410187,0,0.348516,0,0.241945,0,0.304314,1
0,0.540609,1,0.246509,0,0.089982,0,0.155816,1
0,0.879087,1,0.303257,0,0.077593,0,0.00094,0
0,0.339093,0,0.12142,0,0.015156,0,0.000318,0
0,0.404675,0,0.302792,0,0.133548,0,0.042085,1
0,0.494748,0,0.218253,0,0.033104,0,0.000883,0
0,0.150675,0,0.090062,0,0.044009,0,0.006027,0
0,0.580739,1,0.424592,0,0.226101,0,0.001766,0
0,0.070217,0,0.052628,0,0.043818,0,0.005941,0
0,0.570878,1,0.317484,0,0.213084,0,0.027979,0
0,0.624433,1,0.338878,0,0.37395,0,0.026072,0
0,0.344394,0,0.272393,0,0.061904,0,0.035742,1
0,0.629314,1,0.488143,0,0.321486,0,0.331549,1
0,0.527151,1,0.32497,0,0.127293,0,0.062588,1
0,0.5759,1,0.330305,0,0.083826,0,0.034954,1
0,0.433361,0,0.344762,0,0.20653,0,0.04813,1
0,0.442806,0,0.329686,0,0.337442,0,0.018818,0
0,0.616875,1,0.370341,0,0.121005,0,0.060422,1
0,0.4657,0,0.291903,0,0.054013,0,0.015419,0
0,0.491868,0,0.288732,0,0.132452,0,0.186039,1
0,0.580847,1,0.33314,0,0.191827,0,9.9e-05,0
0,0.461182,0,0.256966,0,0.057695,0,0.065453,1
0,0.501772,1,0.245471,0,0.060429,0,0.104855,1
0,0.24729,0,0.261907,0,0.05244,0,0.001901,0
0,0.43917,0,0.102783,0,0.007245,0,0.093044,1
0,0.520503,1,0.370382,0,0.290792,0,0.042041,1
0,0.372304,0,0.331639,0,0.091438,0,0.002067,0
0,0.3451,0,0.219589,0,0.077084,0,0.113928,1
0,0.408189,0,0.408277,0,0.333619,0,0.015011,0
1,0.429648,0,0.467921,0,0.402579,0,0.07693,1
0,0.489811,0,0.260203,0,0.126852,0,0.090431,1
0,0.329868,0,0.215444,0,0.023969,0,0.004624,0
0,0.466627,0,0.31319,0,0.131606,0,0.00017,0
0,0.484952,0,0.325523,0,0.095434,0,0.179574,1
0,0.444622,0,0.355421,0,0.102351,0,0.037497,1
0,0.464988,0,0.379347,0,0.323732,0,0.485858,1
0,0.361749,0,0.447902,0,0.134218,0,0.002998,0
0,0.48667,0,0.392806,0,0.41569,0,0.077616,1
0,0.606798,1,0.238658,0,0.106103,0,0.06218,1
0,0.495499,0,0.262088,0,0.251154,0,0.20221,1
0,0.22858,0,0.191517,0,0.025322,0,0.0,0
0,0.468201,0,0.41224,0,0.458207,0,0.184258,1
0,0.324214,0,0.319369,0,0.243801,0,0.037211,1
0,0.401893,0,0.431324,0,0.260214,0,0.031529,0
0,0.472176,0,0.401425,0,0.145506,0,0.000808,0
0,0.605863,1,0.506997,1,0.170598,0,0.358051,1
0,0.733418,1,0.293765,0,0.09512,0,5.9e-05,0
0,0.485176,0,0.576363,1,0.515888,1,0.04605,1
0,0.695721,1,0.488135,0,0.219645,0,0.015541,0
1,0.65506,1,0.640511,1,0.661505,1,0.259317,1
0,0.616358,1,0.465815,0,0.55222,1,0.021248,0
0,0.031085,0,0.001704,0,0.003181,0,9.2e-05,0
0,0.000247,0,0.000712,0,0.003432,0,4.9e-05,0
0,0.000133,0,0.006031,0,0.001384,0,6e-06,0
0,0.036076,0,0.003616,0,0.006167,0,9e-06,0
0,0.038793,0,0.011391,0,0.010651,0,1.5e-05,0
0,0.029687,0,0.000522,0,0.004756,0,8.1e-05,0
0,0.046395,0,0.019787,0,0.006433,0,0.000107,0
0,0.047214,0,0.000459,0,0.006223,0,2.5e-05,0
0,0.014148,0,0.000296,0,0.00084,0,2e-05,0
0,0.7995,1,0.104707,0,0.00782,0,0.14416,1
0,0.354942,0,0.017891,0,0.00215,0,1.9e-05,0
0,0.115314,0,0.179597,0,0.083912,0,0.000893,0
0,0.188194,0,0.042399,0,0.006103,0,0.000121,0
0,0.233494,0,0.066511,0,0.010714,0,1.4e-05,0
0,0.000251,0,0.002062,0,0.002899,0,0.000194,0
0,0.000332,0,0.002062,0,0.003749,0,0.000271,0
0,0.000478,0,0.002144,0,0.003212,0,0.000315,0
0,0.298151,0,0.195363,0,0.09437,0,0.000127,0
0,0.446654,0,0.011508,0,0.008391,0,0.028104,0
0,0.357533,0,0.113316,0,0.050716,0,0.001702,0
0,0.537671,1,0.009475,0,0.004638,0,0.001231,0
0,0.726807,1,0.753949,1,0.85711,1,0.023917,0
0,0.09611,0,0.072112,0,0.019971,0,0.001142,0
0,0.58868,1,0.145286,0,0.022586,0,0.011799,0
0,0.582115,1,0.066185,0,0.024669,0,0.010621,0
0,0.387873,0,0.202672,0,0.089284,0,0.017352,0
0,0.438159,0,0.037194,0,0.007179,0,0.003214,0
0,0.369998,0,0.345493,0,0.116461,0,0.003648,0
0,0.612048,1,0.435434,0,0.393734,0,0.001924,0
0,0.472242,0,0.001259,0,0.002083,0,2.1e-05,0
0,0.378454,0,0.003538,0,0.00362,0,0.060963,1
0,0.455203,0,0.009818,0,0.008092,0,0.006259,0
0,0.652455,1,0.10173,0,0.06175,0,0.016171,0
0,0.632416,1,0.529247,1,0.302242,0,0.005284,0
0,0.61592,1,0.031839,0,0.008505,0,0.000368,0
0,0.77645,1,0.430672,0,0.107945,0,0.003594,0
0,0.693397,1,0.55859,1,0.208988,0,0.309469,1
0,0.547063,1,0.028618,0,0.007474,0,0.000196,0
0,0.85597,1,0.370052,0,0.08855,0,0.000182,0
0,0.688999,1,0.489941,0,0.026338,0,0.000222,0
0,0.327958,0,0.170909,0,0.127755,0,0.000501,0
0,0.418568,0,0.010512,0,0.004219,0,0.025628,0
0,0.459129,0,0.094131,0,0.09123,0,0.011389,0
0,0.263631,0,0.174247,0,0.251756,0,0.072784,1
0,0.515212,1,0.009917,0,0.006299,0,0.064105,1
1,0.724247,1,0.595925,1,0.942083,1,0.271946,1
0,0.40871,0,0.27967,0,0.059829,0,0.002559,0
0,0.595756,1,0.330468,0,0.090891,0,0.016848,0
0,0.549848,1,0.06209,0,0.006255,0,0.000919,0
0,0.830298,1,0.209008,0,0.082319,0,0.0068,0
0,0.259762,0,0.013984,0,0.007535,0,6.3e-05,0
0,0.363067,0,0.297777,0,0.52815,1,0.020946,0
0,0.520599,1,0.060463,0,0.014816,0,0.000529,0
0,0.374857,0,0.433436,0,0.376285,0,0.000144,0
0,0.65517,1,0.053097,0,0.013129,0,0.118089,1
1,0.862515,1,0.619485,1,0.785142,1,0.260233,1
0,0.963346,1,0.09222,0,0.075381,0,0.003415,0
0,0.212995,0,0.000901,0,0.008964,0,0.001096,0
0,0.656873,1,0.15913,0,0.102368,0,0.275037,1
0,0.088067,0,0.150325,0,0.040655,0,0.000615,0
0,0.073853,0,0.013311,0,0.004952,0,0.000171,0
0,0.588659,1,0.124255,0,0.063473,0,0.019939,0
0,0.628117,1,0.099297,0,0.072286,0,0.125491,1
0,0.74094,1,0.068631,0,0.011732,0,0.005837,0
0,0.289716,0,0.221103,0,0.052803,0,1.5e-05,0
0,0.161522,0,0.050747,0,0.026486,0,0.002028,0
0,0.516324,1,0.264065,0,0.061195,0,0.001183,0
0,0.540856,1,0.021877,0,0.017467,0,0.002913,0
0,0.217812,0,0.004731,0,0.002414,0,0.000782,0
0,0.276705,0,0.010752,0,0.003717,0,0.000151,0
0,0.272082,0,0.04992,0,0.017069,0,2.2e-05,0
1,0.768668,1,0.432232,0,0.633386,1,0.335544,1
0,0.433881,0,0.046733,0,0.013719,0,0.000326,0
0,0.709324,1,0.024844,0,0.036258,0,0.003177,0
0,0.09789,0,0.035262,0,0.003981,0,0.000118,0
0,0.711201,1,0.172507,0,0.10662,0,0.001291,0
0,0.297323,0,0.240582,0,0.102827,0,0.004072,0
0,0.136065,0,0.126771,0,0.000751,0,0.00151,0
0,0.691941,1,0.298601,0,0.424904,0,0.000797,0
0,0.409635,0,0.07215,0,0.015397,0,0.000437,0
0,0.624723,1,0.0973,0,0.02039,0,0.002252,0
0,0.528738,1,0.281544,0,0.152521,0,0.003765,0
0,0.71265,1,0.158804,0,0.023474,0,5.4e-05,0
0,0.601978,1,0.416816,0,0.326792,0,0.024452,0
0,0.423027,0,0.042939,0,0.007099,0,0.005773,0
0,0.327156,0,0.087514,0,0.032208,0,0.001009,0
0,0.846124,1,0.087864,0,0.004794,0,0.003077,0
0,0.494654,0,0.32781,0,0.108358,0,0.012205,0
0,0.514408,1,0.217127,0,0.132906,0,0.0137,0
0,0.47196,0,0.165642,0,0.058913,0,0.023748,0
0,0.415057,0,0.098105,0,0.128273,0,0.02465,0
0,0.480138,0,0.025396,0,0.003408,0,0.014443,0
0,0.711258,1,0.370242,0,0.085949,0,0.000613,0
0,0.644003,1,0.182871,0,0.171208,0,0.012854,0
0,0.527818,1,0.287401,0,0.202082,0,0.013117,0
0,0.345978,0,0.282705,0,0.319124,0,0.056549,1
0,0.452468,0,0.350563,0,0.180964,0,0.051882,1
0,0.579667,1,0.423392,0,0.29748,0,0.064288,1
0,0.517723,1,0.504951,1,0.752443,1,0.002024,0
0,0.66605,1,0.147044,0,0.047684,0,0.000221,0
0,0.517771,1,0.101664,0,0.016693,0,0.000127,0
0,0.588041,1,0.358763,0,0.126539,0,0.009204,0
0,0.759277,1,0.051554,0,0.004726,0,0.037751,1
0,0.51233,1,0.232493,0,0.16866,0,0.0783,1
0,0.671193,1,0.357956,0,0.444894,0,0.005199,0
0,0.569583,1,0.044459,0,0.005386,0,0.046796,1
0,0.144792,0,0.026558,0,0.010849,0,0.005106,0
0,0.047155,0,0.003653,0,0.00302,0,0.000475,0
0,0.029112,0,0.00327,0,0.004002,0,9.4e-05,0
0,0.00033,0,0.00988,0,0.001818,0,0.000331,0
0,0.000195,0,0.000402,0,0.001417,0,3.6e-05,0
0,0.030302,0,0.001843,0,0.002158,0,0.000165,0
0,0.055483,0,0.00141,0,0.003569,0,0.000152,0
0,0.064332,0,0.001557,0,0.004001,0,8.5e-05,0
0,0.071379,0,0.001557,0,0.004674,0,0.000123,0
0,0.033812,0,0.02058,0,0.02293,0,0.000124,0
0,0.0162,0,0.005484,0,0.003103,0,3e-06,0
0,0.037077,0,0.012069,0,0.00623,0,7e-05,0
0,0.027817,0,0.0,0,0.000717,0,1.3e-05,0
0,0.045883,0,0.001319,0,0.002229,0,6.5e-05,0
0,0.250151,0,0.032163,0,0.013828,0,0.002379,0
0,0.260849,0,0.041369,0,0.008666,0,0.224343,1
0,0.187097,0,0.12296,0,0.0329,0,9.5e-05,0
0,0.210431,0,0.009886,0,0.000972,0,0.000516,0
0,0.32853,0,0.01806,0,0.000932,0,1e-06,0
0,0.099941,0,0.009886,0,0.002017,0,6.5e-05,0
0,0.126668,0,0.009935,0,0.002088,0,0.000906,0
0,0.203551,0,0.01854,0,0.001409,0,0.000453,0
0,0.001129,0,0.086286,0,0.021382,0,5e-06,0
0,0.177353,0,0.010374,0,0.001011,0,3e-06,0
0,0.592789,1,0.111104,0,0.133002,0,0.091991,1
0,0.652128,1,0.355677,0,0.352479,0,0.071709,1
0,0.29294,0,0.039776,0,0.027828,0,0.004613,0
0,0.32718,0,0.120697,0,0.062183,0,0.000233,0
0,0.665098,1,0.410919,0,0.495509,0,0.063915,1
0,0.88119,1,0.5046,1,0.516718,1,0.188179,1
0,0.443376,0,0.07493,0,0.023512,0,0.000637,0
0,0.583584,1,0.304523,0,0.133818,0,0.002443,0
0,0.109335,0,0.025966,0,0.00252,0,9e-06,0
0,0.431781,0,0.076016,0,0.005155,0,0.001087,0
0,0.757266,1,0.535501,1,0.492144,0,0.48808,1
0,0.450057,0,0.017819,0,0.0159,0,0.003782,0
0,0.622091,1,0.413764,0,0.3658,0,0.603603,1
0,0.680753,1,0.195169,0,0.255797,0,0.187321,1
0,0.174418,0,0.053476,0,0.00549,0,0.000106,0
0,0.383975,0,0.113878,0,0.008385,0,0.000343,0
0,0.655162,1,0.393403,0,0.388367,0,0.00172,0
0,0.865965,1,0.022416,0,0.047915,0,0.002421,0
0,0.571597,1,0.192357,0,0.221241,0,0.180402,1
0,0.556934,1,0.309431,0,0.341248,0,0.005292,0
0,0.510739,1,0.068428,0,0.040569,0,0.015323,0
0,0.602129,1,0.098206,0,0.032632,0,0.00697,0
0,0.517326,1,0.543871,1,0.425184,0,0.052185,1
0,0.708797,1,0.338557,0,0.445701,0,0.029702,0
0,0.488666,0,0.336136,0,0.053087,0,0.006302,0
0,0.302842,0,0.272367,0,0.078009,0,0.000672,0
0,0.718859,1,0.352405,0,0.332024,0,0.005199,0
0,0.57665,1,0.178299,0,0.047879,0,0.003715,0
0,0.361872,0,0.224344,0,0.085362,0,0.010936,0
0,0.624691,1,0.387414,0,0.212794,0,0.099146,1
0,0.603867,1,0.387695,0,0.183226,0,0.032636,0
0,0.179487,0,0.058137,0,0.017511,0,0.002019,0
0,0.096919,0,0.032059,0,0.020269,0,7e-06,0
0,0.362712,0,0.267233,0,0.104298,0,0.000786,0
0,0.924911,1,0.192952,0,0.014155,0,0.001688,0
0,0.465983,0,0.179256,0,0.031421,0,0.027456,0
0,0.85325,1,0.144583,0,0.022845,0,0.00336,0
0,0.436168,0,0.351581,0,0.08909,0,0.004083,0
0,0.443452,0,0.169935,0,0.154639,0,0.000448,0
0,0.769982,1,0.503277,1,0.205514,0,0.005549,0
0,0.568948,1,0.368551,0,0.083864,0,0.00155,0
0,0.701185,1,0.553265,1,0.427077,0,0.034719,1
0,0.455565,0,0.274448,0,0.375252,0,0.062658,1
0,0.52276,1,0.319346,0,0.222912,0,0.009,0
0,0.349158,0,0.408147,0,0.222975,0,0.012959,0
0,0.145052,0,0.225452,0,0.01115,0,0.000423,0
0,0.590865,1,0.38509,0,0.399836,0,0.003995,0
0,0.430196,0,0.084238,0,0.016082,0,0.006852,0
0,0.370066,0,0.287302,0,0.232151,0,0.001326,0
0,0.089396,0,0.182862,0,0.243797,0,1.2e-05,0
0,0.71912,1,0.489195,0,0.563999,1,0.307682,1
0,0.4069,0,0.093454,0,0.133271,0,0.027315,0
0,0.615496,1,0.027873,0,0.020552,0,0.000146,0
0,0.379258,0,0.050253,0,0.037632,0,0.001086,0
0,0.580433,1,0.051019,0,0.05767,0,0.044269,1
1,0.668521,1,0.485721,0,0.869258,1,0.262152,1
0,0.453116,0,0.219281,0,0.02408,0,0.021031,0
0,0.274961,0,0.215306,0,0.033732,0,0.008542,0
0,0.511616,1,0.017701,0,0.002688,0,0.003261,0
0,0.448075,0,0.010739,0,0.007478,0,0.054676,1
0,0.083194,0,0.00788,0,0.002109,0,0.000244,0
0,0.452126,0,0.191767,0,0.046702,0,0.171763,1
0,0.97726,1,0.252716,0,0.047804,0,0.001323,0
0,0.367677,0,0.183495,0,0.039795,0,0.010544,0
1,0.538826,1,0.465584,0,0.602999,1,0.278907,1
0,0.474755,0,0.128503,0,0.111673,0,0.001333,0
0,0.419963,0,0.132309,0,0.008592,0,0.002182,0
0,0.492057,0,0.078098,0,0.023034,0,0.033216,0
0,0.401566,0,0.366016,0,0.152892,0,0.00091,0
0,0.213908,0,0.079536,0,0.006871,0,0.00065,0
0,0.453368,0,0.135994,0,0.026962,0,0.002488,0
0,0.302125,0,0.218589,0,0.059878,0,8.2e-05,0
0,0.459399,0,0.008413,0,0.006449,0,0.026835,0
0,0.437242,0,0.164491,0,0.014796,0,0.002194,0
0,0.505726,1,0.123767,0,0.034353,0,0.003469,0
0,0.174202,0,0.058155,0,0.012819,0,0.000114,0
0,0.235181,0,0.197967,0,0.076046,0,0.002785,0
0,0.395028,0,0.095348,0,0.088097,0,0.000155,0
0,0.05104,0,0.014795,0,0.000969,0,8e-05,0
0,0.480256,0,0.430815,0,0.095962,0,0.00316,0
0,0.62664,1,0.297605,0,0.061701,0,0.000155,0
0,0.473174,0,0.255803,0,0.280795,0,0.005211,0
0,0.122494,0,0.048282,0,0.00561,0,0.001324,0
0,0.059449,0,0.027866,0,0.003621,0,6.8e-05,0
0,0.004787,0,0.243817,0,0.013229,0,5e-06,0
0,0.157614,0,0.11857,0,0.007597,0,8.1e-05,0
0,0.366161,0,0.044375,0,0.030946,0,0.006926,0
0,0.26369,0,0.216285,0,0.035429,0,0.000982,0
0,0.378323,0,0.167127,0,0.155753,0,0.004174,0
0,0.465855,0,0.084634,0,0.011745,0,2e-06,0
0,0.16253,0,0.093019,0,0.003327,0,0.000709,0
0,0.519014,1,0.457647,0,0.750461,1,0.001017,0
0,0.608347,1,0.343148,0,0.162828,0,0.002411,0
0,0.515699,1,0.320536,0,0.227358,0,0.00084,0
0,0.207989,0,0.063834,0,0.014651,0,0.00074,0
0,0.401599,0,0.192745,0,0.041991,0,0.002565,0
0,0.250985,0,0.215006,0,0.049556,0,0.006314,0
0,0.431109,0,0.394062,0,0.344249,0,0.00699,0
0,0.394013,0,0.19212,0,0.122047,0,0.15353,1
0,0.480242,0,0.160117,0,0.024826,0,0.046263,1
0,0.69523,1,0.368736,0,0.158063,0,0.009699,0
0,0.533262,1,0.325364,0,0.178944,0,0.145824,1
0,0.519572,1,0.367749,0,0.165821,0,0.002725,0
0,0.498666,0,0.215602,0,0.036885,0,0.00197,0
0,0.425909,0,0.261366,0,0.197531,0,0.158176,1
0,0.642459,1,0.336272,0,0.09821,0,0.000703,0
0,0.392458,0,0.169581,0,0.128634,0,0.001782,0
0,0.290973,0,0.110166,0,0.148286,0,0.002086,0
0,0.584732,1,0.14302,0,0.028242,0,0.000491,0
0,0.369468,0,0.222445,0,0.140359,0,0.012873,0
0,0.542864,1,0.134292,0,0.089601,0,0.002111,0
0,0.513461,1,0.098586,0,0.026195,0,0.011695,0
0,0.15285,0,0.279569,0,0.047245,0,0.000453,0
0,0.546269,1,0.235,0,0.087321,0,0.00297,0
0,0.018053,0,0.000818,0,0.00194,0,6.7e-05,0
0,0.053166,0,4.3e-05,0,0.001145,0,1.7e-05,0
0,0.000211,0,0.000416,0,0.002983,0,9.6e-05,0
0,1e-06,0,0.066399,0,0.021202,0,0.003561,0
0,0.053844,0,0.003587,0,0.002891,0,0.000212,0
0,0.000175,0,0.029542,0,0.012297,0,0.003559,0
0,0.028995,0,0.000565,0,0.003173,0,6e-06,0
0,0.000192,0,0.027474,0,0.00099,0,8.1e-05,0
0,0.032565,0,4.3e-05,0,0.002505,0,8.3e-05,0
0,0.000185,0,0.000459,0,0.002512,0,0.000133,0
0,0.000192,0,4.3e-05,0,0.000841,0,9.8e-05,0
0,0.041143,0,0.001827,0,0.002963,0,9.7e-05,0
0,0.000133,0,0.000459,0,0.00311,0,0.000111,0
0,0.05178,0,0.000402,0,0.00292,0,0.000147,0
0,9.6e-05,0,0.000538,0,0.000579,0,9e-06,0
0,0.018481,0,0.000296,0,0.000801,0,2.4e-05,0
0,7.5e-05,0,0.0,0,0.000645,0,2.2e-05,0
0,0.000286,0,0.000328,0,0.000518,0,0.000306,0
0,0.000248,0,0.000328,0,0.000722,0,0.000306,0
0,0.034624,0,0.000565,0,0.003307,0,6.9e-05,0
0,0.000181,0,0.000402,0,0.001027,0,2.6e-05,0
0,0.000129,0,0.01068,0,0.000547,0,1.3e-05,0
0,0.01383,0,0.001696,0,0.000569,0,9e-05,0
0,0.055086,0,0.000965,0,0.004772,0,0.000123,0
0,0.000189,0,0.000328,0,0.000872,0,8e-05,0
0,0.031176,0,0.054047,0,0.012955,0,1.3e-05,0
0,0.01943,0,0.013883,0,0.001111,0,3.6e-05,0
0,7.3e-05,0,0.008525,0,0.000566,0,0.0,0
0,0.077276,0,0.000691,0,0.003292,0,8.8e-05,0
0,0.051699,0,0.03701,0,0.004558,0,0.000357,0
0,0.032398,0,0.00461,0,0.003219,0,0.000174,0
0,0.043507,0,0.016903,0,0.002532,0,0.000179,0
0,0.04087,0,0.048949,0,0.006048,0,4.3e-05,0
0,0.000222,0,0.000788,0,0.001316,0,9.1e-05,0
0,0.067801,0,0.035634,0,0.002141,0,0.000332,0
0,0.0002,0,0.000359,0,0.001949,0,5.4e-05,0
0,0.042818,0,0.000391,0,0.001544,0,0.000129,0
0,0.000224,0,0.004445,0,0.001861,0,0.000135,0
0,0.027329,0,0.004764,0,0.000712,0,5.1e-05,0
0,0.131879,0,0.039924,0,0.004598,0,0.001318,0
0,0.000152,0,0.000359,0,0.002201,0,2.8e-05,0
0,0.000257,0,0.00159,0,0.003163,0,7.7e-05,0
0,0.000206,0,0.000359,0,0.001397,0,7.4e-05,0
0,0.000164,0,0.000581,0,0.00245,0,2.4e-05,0
0,0.000145,0,0.001974,0,0.003152,0,1.8e-05,0
0,0.78239,1,0.429101,0,0.545475,1,0.375241,1
0,0.206147,0,0.027701,0,0.041093,0,0.012172,0
0,0.143147,0,0.010992,0,0.002561,0,0.000313,0
0,0.150242,0,0.024083,0,0.01389,0,0.000378,0
0,0.124773,0,0.005957,0,0.001882,0,0.001056,0
0,0.002659,0,0.024428,0,0.001982,0,0.000383,0
0,0.231982,0,0.022165,0,0.016076,0,0.018057,0
0,0.099795,0,0.017641,0,0.006872,0,0.000124,0
0,0.282811,0,0.025215,0,0.005228,0,0.001196,0
0,0.21369,0,0.039184,0,0.027946,0,0.012649,0
0,0.206668,0,0.015407,0,0.007625,0,0.000874,0
0,0.321732,0,0.006438,0,0.00189,0,0.00112,0
0,0.002004,0,0.004388,0,0.005332,0,0.00052,0
0,0.280641,0,0.012692,0,0.007297,0,0.003032,0
0,0.254424,0,0.002746,0,0.002555,0,0.000437,0
0,0.363376,0,0.003431,0,0.003072,0,0.000325,0
0,0.252077,0,0.059589,0,0.023261,0,9.6e-05,0
0,0.273887,0,0.025078,0,0.006665,0,0.000957,0
0,0.413859,0,0.032975,0,0.008423,0,0.00694,0
0,0.178119,0,0.053487,0,0.010681,0,0.000283,0
0,0.170468,0,0.018828,0,0.014229,0,0.001265,0
0,0.24035,0,0.024837,0,0.010338,0,0.002753,0
0,0.307048,0,0.073219,0,0.017945,0,0.003174,0
0,0.28886,0,0.056221,0,0.011302,0,0.001177,0
0,0.122819,0,0.034761,0,0.016309,0,0.00013,0
0,0.382606,0,0.101153,0,0.113353,0,0.001078,0
0,0.274236,0,0.023044,0,0.011867,0,0.000701,0
0,0.203402,0,0.014375,0,0.001656,0,0.002043,0
0,0.138888,0,0.016271,0,0.013339,0,0.00017,0
0,0.046558,0,0.007838,0,0.005578,0,0.000286,0
0,0.23578,0,0.033101,0,0.003631,0,0.00134,0
0,0.242817,0,0.136318,0,0.08373,0,2.3e-05,0
0,0.225483,0,0.122083,0,0.018929,0,0.002666,0
0,0.283843,0,0.039883,0,0.005483,0,0.00425,0
0,0.092231,0,0.018296,0,0.009693,0,0.002498,0
0,0.381259,0,0.073608,0,0.021359,0,0.030522,0
0,0.235906,0,0.016814,0,0.002824,0,0.000481,0
0,0.192208,0,0.017479,0,0.006847,0,0.001532,0
0,0.174012,0,0.027342,0,0.040248,0,0.001273,0
0,0.000282,0,0.045291,0,0.013008,0,0.001899,0
0,0.175722,0,0.054488,0,0.019184,0,0.001694,0
0,0.298934,0,0.09697,0,0.010375,0,0.000713,0
0,0.566437,1,0.29239,0,0.320406,0,0.067497,1
0,0.545725,1,0.352758,0,0.402293,0,0.003567,0
0,0.934464,1,0.520446,1,0.489544,0,0.032288,0
0,0.284169,0,0.23045,0,0.096398,0,0.000493,0
0,0.093264,0,0.202245,0,0.073541,0,9.8e-05,0
0,0.290458,0,0.498049,0,0.428455,0,0.000779,0
0,0.639888,1,0.233987,0,0.035594,0,0.001521,0
1,0.725239,1,0.415093,0,0.779941,1,0.258348,1
0,0.587064,1,0.350221,0,0.273696,0,0.01542,0
0,0.711384,1,0.591272,1,0.600116,1,0.174065,1
0,0.191956,0,0.274393,0,0.074611,0,5.6e-05,0
0,0.136074,0,0.093636,0,0.047772,0,0.005922,0
0,0.595186,1,0.39503,0,0.198051,0,0.229945,1
0,0.250876,0,0.123584,0,0.020432,0,0.002053,0
0,0.594841,1,0.126995,0,0.030255,0,0.013029,0
0,0.235012,0,0.256255,0,0.076005,0,0.001513,0
0,0.394263,0,0.412512,0,0.102502,0,0.002241,0
0,0.642881,1,0.474089,0,0.606643,1,0.078747,1
0,0.475809,0,0.228566,0,0.082136,0,0.0001,0
0,0.3815,0,0.295577,0,0.268426,0,0.054927,1
0,0.40986,0,0.196798,0,0.082098,0,0.001981,0
1,0.578313,1,0.687684,1,0.835386,1,0.157324,1
0,0.443932,0,0.319137,0,0.249306,0,0.010574,0
0,0.49562,0,0.219879,0,0.089388,0,0.002024,0
1,0.487013,0,0.561648,1,0.885697,1,0.291631,1
0,0.621105,1,0.404904,0,0.050773,0,0.000213,0
0,0.658999,1,0.187371,0,0.018586,0,0.410532,1
0,0.355556,0,0.111605,0,0.007179,0,1.7e-05,0
0,0.556981,1,0.5321,1,0.726368,1,0.037817,1
0,0.256924,0,0.169246,0,0.062164,0,0.00018,0
0,0.45913,0,0.354955,0,0.617784,1,0.130704,1
0,0.452207,0,0.442397,0,0.304289,0,0.001109,0
0,0.609335,1,0.202646,0,0.08256,0,0.000991,0
0,0.02981,0,0.002181,0,0.002607,0,2e-06,0
0,0.412592,0,0.072072,0,0.012672,0,0.000264,0
0,0.405703,0,0.074135,0,0.018775,0,0.000167,0
0,0.283308,0,0.184864,0,0.07296,0,0.002258,0
0,0.573545,1,0.074812,0,0.023091,0,7.3e-05,0
0,0.618003,1,0.326238,0,0.05019,0,0.000185,0
0,0.832191,1,0.281573,0,0.121924,0,0.002308,0
0,0.279118,0,0.097509,0,0.007849,0,0.023101,0
0,0.516208,1,0.144559,0,0.047559,0,0.001186,0
0,0.592139,1,0.510973,1,0.650538,1,0.07164,1
0,0.057243,0,0.147553,0,0.062521,0,0.001115,0
0,0.823266,1,0.382651,0,0.306717,0,0.390204,1
0,0.71798,1,0.203149,0,0.075553,0,0.002276,0
0,0.578562,1,0.425896,0,0.454827,0,0.036943,1
0,0.999124,1,0.345942,0,0.126845,0,0.003618,0
0,0.069027,0,0.186582,0,0.031528,0,0.000293,0
0,0.348742,0,0.109963,0,0.008783,0,8.4e-05,0
0,0.479921,0,0.088263,0,0.010528,0,0.000607,0
0,0.835338,1,0.435013,0,0.479988,0,0.003029,0
0,0.140313,0,0.175507,0,0.025263,0,0.000856,0
1,0.516899,1,0.642457,1,0.905515,1,0.181218,1
0,0.379063,0,0.240992,0,0.090457,0,0.000882,0
1,0.72738,1,0.627204,1,0.717348,1,0.09698,1
0,0.211499,0,0.088747,0,0.007504,0,0.001574,0
0,0.629993,1,0.407131,0,0.453286,0,0.314244,1
0,0.515893,1,0.22321,0,0.176419,0,0.003001,0
0,0.589783,1,0.150046,0,0.064595,0,0.004359,0
0,0.524791,1,0.339834,0,0.122113,0,0.185512,1
0,0.002677,0,0.197453,0,0.012753,0,0.00013,0
0,0.600548,1,0.283377,0,0.226122,0,0.272896,1
0,0.186923,0,0.071734,0,0.017928,0,0.000177,0
0,0.766017,1,0.221698,0,0.143975,0,0.000762,0
0,0.787762,1,0.468369,0,0.621813,1,0.002968,0
0,0.152759,0,0.128574,0,0.005138,0,6.6e-05,0
0,0.338708,0,0.402287,0,0.433788,0,0.02495,0
0,0.425368,0,0.199841,0,0.113317,0,0.006543,0
0,0.556503,1,0.354888,0,0.294791,0,0.297446,1
0,0.867766,1,0.460404,0,0.32926,0,0.259855,1
0,0.441217,0,0.158933,0,0.093575,0,0.004054,0
0,0.461665,0,0.259505,0,0.18102,0,0.001,0
0,0.579875,1,0.235384,0,0.17281,0,0.002785,0
0,0.208554,0,0.138525,0,0.021159,0,0.00022,0
0,0.549912,1,0.299647,0,0.052255,0,0.117819,1
0,0.227538,0,0.23643,0,0.081984,0,0.000638,0
0,0.385165,0,0.173677,0,0.144593,0,0.001131,0
1,0.564112,1,0.787216,1,0.917542,1,0.22206,1
0,0.317545,0,0.067617,0,0.022035,0,0.000634,0
0,0.40807,0,0.106104,0,0.060973,0,0.007869,0
0,0.000282,0,0.078555,0,0.001013,0,9.9e-05,0
0,0.516454,1,0.165739,0,0.235749,0,0.269572,1
0,0.014736,0,0.101341,0,0.005938,0,0.000167,0
0,0.00037,0,0.010763,0,0.007393,0,0.000243,0
0,0.000429,0,0.011157,0,0.003149,0,0.000182,0
0,0.034134,0,0.020916,0,0.003474,0,6e-06,0
0,0.044093,0,0.093477,0,0.080291,0,0.000317,0
0,0.644398,1,0.199476,0,0.069346,0,0.003273,0
0,0.914271,1,0.325245,0,0.039602,0,0.005005,0
0,0.274398,0,0.046846,0,0.003819,0,0.001429,0
0,0.00217,0,0.028643,0,0.003328,0,1e-05,0
0,0.28646,0,0.085547,0,0.290223,0,0.031619,0
0,0.251476,0,0.063885,0,0.017093,0,0.00025,0
0,0.002064,0,0.022014,0,0.007874,0,5.9e-05,0
0,0.154991,0,0.071532,0,0.01629,0,0.000149,0
0,0.318686,0,0.04264,0,0.019874,0,0.002447,0
0,0.237223,0,0.412748,0,0.120297,0,1e-05,0
0,0.482405,0,0.548702,1,0.431677,0,0.077839,1
1,0.50066,1,0.546581,1,0.755432,1,0.064145,1
1,0.512974,1,0.65037,1,0.803157,1,0.264967,1
1,0.636352,1,0.737653,1,0.714877,1,0.402798,1
0,0.484733,0,0.493421,0,0.228689,0,0.01143,0
0,0.688729,1,0.47474,0,0.549478,1,0.123732,1
0,0.208615,0,0.384158,0,0.257724,0,0.003804,0
0,0.19886,0,0.139406,0,0.044663,0,0.002712,0
0,0.154284,0,0.399223,0,0.440834,0,0.000659,0
0,0.406847,0,0.01483,0,0.004142,0,2.8e-05,0
0,0.655597,1,0.409897,0,0.275428,0,0.066857,1
0,0.448992,0,0.359094,0,0.501414,1,0.061964,1
0,0.133855,0,0.362855,0,0.152918,0,9.8e-05,0
0,0.747137,1,0.757853,1,0.769188,1,0.013227,0
0,0.391136,0,0.486821,0,0.07202,0,0.003581,0
0,0.296841,0,0.433266,0,0.430369,0,0.006972,0
0,0.420816,0,0.15173,0,0.089823,0,0.000701,0
0,0.554784,1,0.591723,1,0.343171,0,0.076868,1
0,0.325586,0,0.484946,0,0.46399,0,0.01664,0
0,0.454863,0,0.34349,0,0.250738,0,0.004688,0
0,0.423508,0,0.430037,0,0.336339,0,0.042568,1
0,0.00029,0,0.08929,0,0.009704,0,5.7e-05,0
0,0.667694,1,0.455959,0,0.136922,0,0.003995,0
0,0.249653,0,0.347539,0,0.049332,0,0.003066,0
0,0.595796,1,0.241875,0,0.1482,0,0.00632,0
0,0.730847,1,0.574937,1,0.595316,1,0.343224,1
1,0.941324,1,0.839528,1,0.951309,1,0.003687,0
0,0.34905,0,0.098011,0,0.01867,0,0.003152,0
0,0.747005,1,0.803356,1,0.604335,1,0.004237,0
0,0.606741,1,0.244197,0,0.254735,0,0.000715,0
0,0.811506,1,0.754226,1,0.358426,0,0.000264,0
0,0.405858,0,0.031812,0,0.008399,0,0.0006,0
0,0.131287,0,0.345487,0,0.177183,0,0.006015,0
0,0.5234,1,0.454928,0,0.485132,0,0.041887,1
1,0.805741,1,0.793306,1,0.86725,1,0.020052,0
0,0.231386,0,0.217746,0,0.036808,0,0.000104,0
0,0.551363,1,0.413921,0,0.533065,1,0.016436,0
0,0.384591,0,0.360482,0,0.238215,0,0.005857,0
0,0.247531,0,0.102787,0,0.006574,0,0.00094,0
1,0.335491,0,0.719871,1,0.898313,1,0.347125,1
0,0.259705,0,0.278362,0,0.096304,0,0.003221,0
0,0.420438,0,0.306926,0,0.07114,0,0.022614,0
0,0.177217,0,0.293518,0,0.066164,0,7.5e-05,0
1,0.985272,1,0.763655,1,0.796362,1,0.040451,1
0,0.281069,0,0.088469,0,0.027023,0,0.001571,0
0,0.694551,1,0.551029,1,0.38122,0,0.007541,0
0,0.120389,0,0.268984,0,0.13756,0,0.00016,0
0,0.009944,0,0.076479,0,0.007676,0,0.000245,0
0,0.215096,0,0.288471,0,0.237755,0,0.013813,0
0,0.301783,0,0.367497,0,0.205858,0,0.000657,0
0,0.589038,1,0.380816,0,0.039552,0,0.002997,0
0,0.477032,0,0.293686,0,0.506774,1,0.00223,0
0,0.458118,0,0.100191,0,0.019061,0,0.004856,0
0,0.524728,1,0.041103,0,0.032939,0,0.000393,0
0,0.509961,1,0.211606,0,0.022639,0,0.005987,0
0,0.627158,1,0.432812,0,0.145042,0,0.02184,0
0,0.586741,1,0.334851,0,0.029874,0,0.004178,0
0,0.517236,1,0.272564,0,0.4934,0,0.020121,0
0,0.05812,0,0.007044,0,0.002884,0,4.6e-05,0
0,0.042836,0,0.011459,0,0.005445,0,0.000374,0
0,0.022255,0,0.001215,0,0.001615,0,7e-05,0
0,0.018289,0,0.058972,0,0.002534,0,0.000199,0
0,0.022005,0,0.038664,0,0.002444,0,0.000716,0
0,0.011536,0,0.01294,0,0.004813,0,0.000458,0
0,0.044373,0,0.034283,0,0.002342,0,0.001439,0
0,0.037467,0,0.005071,0,0.005257,0,0.000442,0
0,0.035535,0,0.000149,0,0.001937,0,1.2e-05,0
0,0.031701,0,0.000416,0,0.001814,0,1e-05,0
0,0.067807,0,0.00541,0,0.007394,0,0.00012,0
0,0.049181,0,0.005009,0,0.002827,0,1e-05,0
0,0.030036,0,0.019346,0,0.005816,0,0.000123,0
0,0.034953,0,0.018295,0,0.007262,0,0.000134,0
0,0.027697,0,0.018782,0,0.004893,0,4.3e-05,0
0,0.01919,0,0.007492,0,0.00411,0,1e-06,0
0,0.045458,0,0.056332,0,0.014909,0,0.000147,0
0,0.046768,0,0.137307,0,0.028473,0,0.00011,0
0,0.673493,1,0.187062,0,0.16578,0,0.004443,0
1,0.957152,1,0.810904,1,0.958857,1,0.178718,1
0,0.503178,1,0.059418,0,0.00606,0,0.000374,0
0,0.323705,0,0.351819,0,0.268899,0,0.000616,0
0,0.159479,0,0.007948,0,0.003393,0,0.005497,0
0,0.192329,0,0.050269,0,0.011513,0,0.000111,0
0,0.221715,0,0.041737,0,0.009132,0,0.003687,0
0,0.171089,0,0.091153,0,0.14368,0,0.006658,0
0,0.236906,0,0.003371,0,0.002818,0,0.001075,0
0,0.57135,1,0.029129,0,0.004519,0,0.000662,0
0,0.563266,1,0.035607,0,0.006561,0,0.001073,0
0,0.225907,0,0.061125,0,0.006531,0,7.9e-05,0
0,0.349094,0,0.252419,0,0.02041,0,2.5e-05,0
0,0.057245,0,0.016904,0,0.003299,0,0.000206,0
0,0.001608,0,0.017467,0,0.002483,0,6e-05,0
0,0.0006,0,0.069584,0,0.002111,0,9.4e-05,0
0,0.000889,0,0.021624,0,0.013535,0,0.000528,0
0,0.302415,0,0.046688,0,0.004173,0,0.004843,0
0,0.252868,0,0.036733,0,0.019301,0,0.024228,0
0,0.308822,0,0.124927,0,0.053776,0,0.003443,0
0,0.526929,1,0.357189,0,0.152984,0,0.00268,0
0,0.278421,0,0.225355,0,0.062267,0,0.022297,0
0,0.773761,1,0.144578,0,0.045326,0,0.273289,1
0,0.072414,0,0.054383,0,0.015126,0,1.9e-05,0
0,0.642674,1,0.322643,0,0.162754,0,0.003022,0
0,0.816428,1,0.694658,1,0.554095,1,0.00503,0
0,0.487552,0,0.142488,0,0.178265,0,0.002202,0
0,0.613731,1,0.077408,0,0.123233,0,9e-06,0
0,0.690374,1,0.737604,1,0.807684,1,0.305224,1
0,0.542106,1,0.42114,0,0.413325,0,0.021723,0
0,0.342249,0,0.092615,0,0.014719,0,0.003186,0
0,0.778577,1,0.369896,0,0.451728,0,0.148248,1
0,0.404658,0,0.349401,0,0.171969,0,0.088681,1
0,0.282628,0,0.074297,0,0.058922,0,9.5e-05,0
0,0.216156,0,0.354798,0,0.301375,0,0.003437,0
0,0.620414,1,0.183287,0,0.158663,0,0.000637,0
0,0.606945,1,0.515767,1,0.275209,0,0.00259,0
1,0.891275,1,0.905527,1,0.942922,1,0.041367,1
0,0.422658,0,0.320123,0,0.416137,0,0.000561,0
1,0.959578,1,0.823915,1,0.974233,1,0.043957,1
0,0.482078,0,0.630985,1,0.386125,0,0.049093,1
0,0.944598,1,0.581627,1,0.444748,0,0.002059,0
0,0.802137,1,0.22246,0,0.094716,0,0.016953,0
0,0.785606,1,0.322999,0,0.03751,0,0.334374,1
0,0.698146,1,0.296365,0,0.145738,0,0.000193,0
1,0.724108,1,0.789821,1,0.810319,1,0.114998,1
0,0.782354,1,0.533321,1,0.499432,0,0.570974,1
0,0.383534,0,0.130344,0,0.086637,0,0.006967,0
0,0.704879,1,0.523992,1,0.038221,0,0.001333,0
0,0.348453,0,0.379555,0,0.100674,0,0.00236,0
0,0.332838,0,0.626104,1,0.694579,1,0.004481,0
0,0.572578,1,0.433782,0,0.555301,1,0.004439,0
0,0.474405,0,0.290532,0,0.223561,0,0.000508,0
0,0.372763,0,0.402501,0,0.418774,0,0.004674,0
0,0.529083,1,0.246934,0,0.108999,0,0.035296,1
0,0.386456,0,0.358331,0,0.297277,0,0.125901,1
0,0.371512,0,0.335733,0,0.114639,0,0.01168,0
0,0.563044,1,0.020464,0,0.011598,0,0.001205,0
0,0.717519,1,0.724082,1,0.760632,1,0.155921,1
0,0.4188,0,0.263396,0,0.16334,0,0.018185,0
0,0.546056,1,0.226597,0,0.193663,0,0.029715,0
0,0.09522,0,0.034476,0,0.005942,0,0.000312,0
0,0.89486,1,0.577458,1,0.307794,0,0.048805,1
0,0.62718,1,0.368961,0,0.134159,0,0.001076,0
0,0.416765,0,0.266045,0,0.042052,0,0.016865,0
0,0.373712,0,0.057569,0,0.023466,0,0.000296,0
0,0.699814,1,0.313644,0,0.136957,0,0.054379,1
0,0.712996,1,0.227007,0,0.131442,0,0.000645,0
0,0.596491,1,0.267691,0,0.073556,0,0.008965,0
0,0.644924,1,0.162275,0,0.190935,0,0.20784,1
0,0.153363,0,0.075767,0,0.006281,0,0.001881,0
0,0.477466,0,0.151407,0,0.045841,0,0.004755,0
0,0.669263,1,0.095394,0,0.037864,0,0.006251,0
0,0.594667,1,0.419857,0,0.338652,0,0.057907,1
0,0.442276,0,0.289558,0,0.167646,0,0.005056,0
0,0.443422,0,0.566142,1,0.253354,0,0.017219,0
0,0.578857,1,0.067813,0,0.057176,0,0.004728,0
0,0.482371,0,0.291232,0,0.012022,0,0.003955,0
0,0.497746,0,0.359038,0,0.286795,0,0.04035,1
0,0.549368,1,0.107634,0,0.045858,0,0.024834,0
0,0.740958,1,0.221921,0,0.01661,0,0.005685,0
0,0.738819,1,0.224059,0,0.250282,0,0.073849,1
0,0.809161,1,0.430496,0,0.363583,0,0.164155,1
0,0.647654,1,0.318692,0,0.212979,0,0.007684,0
0,0.39592,0,0.03871,0,0.036766,0,2.2e-05,0
0,0.272616,0,0.137709,0,0.02463,0,0.001374,0
0,0.450574,0,0.377982,0,0.306572,0,0.055612,1
0,0.681782,1,0.101268,0,0.057923,0,6.7e-05,0
0,0.51029,1,0.05651,0,0.043899,0,0.001817,0
0,0.461373,0,0.294553,0,0.162746,0,0.002179,0
0,0.290783,0,0.240291,0,0.072888,0,0.004542,0
1,0.641152,1,0.378074,0,0.351194,0,0.261766,1
1,0.454352,0,0.752793,1,0.868609,1,0.25441,1
0,0.492781,0,0.550311,1,0.445591,0,0.001007,0
0,0.451536,0,0.457563,0,0.118685,0,0.002313,0
0,0.56681,1,0.516347,1,0.79243,1,0.016691,0
0,0.553222,1,0.626234,1,0.591019,1,0.003289,0
0,0.784716,1,0.564641,1,0.258813,0,0.000402,0
0,0.364205,0,0.14008,0,0.021892,0,0.000964,0
0,0.212175,0,0.192324,0,0.061305,0,0.004992,0
0,0.647602,1,0.335844,0,0.146364,0,0.001975,0
0,0.490705,0,0.187154,0,0.022914,0,0.001568,0
0,0.537215,1,0.150261,0,0.011111,0,0.016482,0
0,0.642876,1,0.032928,0,0.007765,0,0.000102,0
0,0.425848,0,0.079837,0,0.067579,0,0.008143,0
0,0.395835,0,0.058252,0,0.017226,0,1.8e-05,0
0,0.165439,0,0.115659,0,0.008373,0,0.002004,0
0,0.557075,1,0.030316,0,0.011694,0,0.000622,0
0,0.177415,0,0.091617,0,0.041535,0,0.000348,0
0,0.250374,0,0.14577,0,0.064239,0,1.5e-05,0
0,0.585441,1,0.237429,0,0.02592,0,0.005563,0
0,0.772187,1,0.366039,0,0.403622,0,0.00028,0
0,0.586995,1,0.281895,0,0.039014,0,0.004631,0
0,0.7869,1,0.252987,0,0.092454,0,0.043966,1
0,0.737135,1,0.334351,0,0.240983,0,0.130381,1
0,0.683118,1,0.355774,0,0.078039,0,0.008026,0
0,0.598333,1,0.342374,0,0.144346,0,0.006176,0
0,0.345226,0,0.265868,0,0.116322,0,0.140076,1
0,0.705453,1,0.27847,0,0.08406,0,0.060235,1
0,0.660887,1,0.401439,0,0.215032,0,0.010832,0
0,0.464325,0,0.297621,0,0.099575,0,0.039154,1
0,0.209833,0,0.07544,0,0.025714,0,0.002424,0
0,0.710829,1,0.347687,0,0.370227,0,0.240988,1
0,0.565747,1,0.414996,0,0.507063,1,0.025149,0
0,0.47871,0,0.133259,0,0.219783,0,0.00928,0
0,0.517429,1,0.346087,0,0.124733,0,0.026339,0
1,0.685222,1,0.440265,0,0.715932,1,0.083039,1
0,0.405824,0,0.137776,0,0.058103,0,0.016765,0
0,0.532969,1,0.469582,0,0.582662,1,0.220416,1
0,0.167244,0,0.150554,0,0.018727,0,0.000566,0
0,0.413122,0,0.213197,0,0.048884,0,0.000142,0
0,0.626632,1,0.369362,0,0.240924,0,0.002422,0
0,0.378346,0,0.302107,0,0.283481,0,0.12274,1
0,0.606454,1,0.058857,0,0.009187,0,0.001344,0
0,0.718997,1,0.381011,0,0.21785,0,0.017162,0
0,0.716136,1,0.263162,0,0.174263,0,0.097949,1
0,0.552565,1,0.377994,0,0.206685,0,0.025864,0
0,0.425062,0,0.272033,0,0.022808,0,0.198619,1
0,0.295716,0,0.182795,0,0.039714,0,0.000194,0
0,0.480331,0,0.519276,1,0.454283,0,0.009042,0
0,0.586711,1,0.269342,0,0.087064,0,0.045113,1
0,0.599263,1,0.196928,0,0.297726,0,0.006519,0
0,0.629931,1,0.303852,0,0.262807,0,0.188688,1
0,0.392708,0,0.199131,0,0.030933,0,0.01601,0
0,0.31686,0,0.204177,0,0.037619,0,0.022409,0
0,0.644468,1,0.434256,0,0.454565,0,0.000124,0
0,0.613621,1,0.081389,0,0.051391,0,0.011732,0
0,0.536393,1,0.293579,0,0.097537,0,0.004972,0
0,0.528165,1,0.366447,0,0.270823,0,0.005344,0
0,0.574867,1,0.240301,0,0.044645,0,0.06079,1
0,0.000123,0,0.00046,0,0.001283,0,5.2e-05,0
0,0.026851,0,4.3e-05,0,0.000806,0,1.2e-05,0
0,0.021602,0,0.005955,0,0.001216,0,1e-06,0
0,0.000176,0,0.003515,0,0.002913,0,0.00011,0
0,0.000196,0,0.001402,0,0.000849,0,4.3e-05,0
0,0.000258,0,0.010879,0,0.001928,0,5.3e-05,0
0,0.000132,0,0.0032,0,0.001712,0,2.1e-05,0
0,0.0002,0,0.000876,0,0.002224,0,0.0001,0
0,0.241379,0,0.049499,0,0.005335,0,0.001952,0
0,0.000172,0,0.000745,0,0.001506,0,6.8e-05,0
0,0.000146,0,0.000986,0,0.001816,0,5e-06,0
0,0.065714,0,0.002,0,0.005187,0,0.000113,0
0,0.055952,0,0.163729,0,0.049281,0,0.000225,0
0,0.058913,0,0.038445,0,0.006902,0,0.000895,0
0,0.730285,1,0.138295,0,0.05731,0,0.001314,0
0,0.503847,1,0.247814,0,0.167826,0,3.8e-05,0
0,0.003419,0,0.075254,0,0.00627,0,8.7e-05,0
0,0.154826,0,0.006608,0,0.002655,0,0.003705,0
0,0.180083,0,0.00262,0,0.001188,0,0.000294,0
0,0.001449,0,0.060621,0,0.012502,0,6.1e-05,0
0,0.001057,0,0.030719,0,0.001745,0,2e-05,0
0,0.146647,0,0.006398,0,0.003056,0,0.004267,0
0,0.001221,0,0.02611,0,0.002767,0,3.7e-05,0
0,0.156392,0,0.004498,0,0.002211,0,0.000357,0
0,0.000557,0,0.033789,0,0.012584,0,0.000159,0
0,0.000902,0,0.022325,0,0.001168,0,6e-05,0
0,0.091548,0,0.027455,0,0.012651,0,0.000169,0
0,0.112159,0,0.030459,0,0.018547,0,0.00023,0
0,0.001951,0,0.007854,0,0.010458,0,0.001054,0
0,0.387184,0,0.539181,1,0.616799,1,0.024359,0
0,0.289955,0,0.099775,0,0.115278,0,0.043071,1
0,0.721454,1,0.550381,1,0.586352,1,0.003217,0
0,0.518617,1,0.420437,0,0.140581,0,0.006367,0
0,0.495767,0,0.153996,0,0.007975,0,0.003918,0
0,0.711801,1,0.448554,0,0.420903,0,0.03197,0
0,0.628167,1,0.134955,0,0.008998,0,0.178392,1
0,0.69857,1,0.152361,0,0.006717,0,0.003199,0
0,0.340339,0,0.027136,0,0.002631,0,0.008404,0
0,0.609964,1,0.076807,0,0.019259,0,0.083821,1
0,0.733081,1,0.387809,0,0.208099,0,0.102761,1
0,0.734979,1,0.557993,1,0.247855,0,0.002763,0
0,0.464929,0,0.016907,0,0.008411,0,0.012999,0
0,0.290401,0,0.375917,0,0.054685,0,0.00176,0
0,0.200154,0,0.202278,0,0.024807,0,0.000106,0
0,0.812638,1,0.563743,1,0.157699,0,0.010283,0
0,0.65892,1,0.580955,1,0.697446,1,0.095428,1
0,0.063116,0,0.388841,0,0.114105,0,0.000487,0
0,0.577569,1,0.37955,0,0.340484,0,0.020428,0
0,0.553856,1,0.386204,0,0.114513,0,0.21896,1
0,0.39858,0,0.346517,0,0.220353,0,0.013242,0
0,0.593427,1,0.01284,0,0.007543,0,0.000832,0
0,0.171422,0,0.065344,0,0.007946,0,0.000246,0
0,0.077116,0,0.034597,0,0.003918,0,5.7e-05,0
0,0.582791,1,0.51496,1,0.320251,0,0.009382,0
0,0.552609,1,0.381644,0,0.213347,0,0.236298,1
0,0.641899,1,0.015005,0,0.002583,0,0.000433,0
0,0.473846,0,0.181871,0,0.075246,0,0.060532,1
0,0.604948,1,0.351038,0,0.33678,0,0.008121,0
0,0.460233,0,0.022221,0,0.001478,0,8.3e-05,0
0,0.723945,1,0.438274,0,0.142032,0,0.099109,1
0,0.604314,1,0.529075,1,0.445121,0,0.001004,0
0,0.21294,0,0.137151,0,0.04922,0,2.1e-05,0
0,0.568008,1,0.388709,0,0.224443,0,0.059733,1
0,0.673863,1,0.136247,0,0.266833,0,0.001688,0
0,0.68333,1,0.298866,0,0.088456,0,0.006565,0
0,0.197908,0,0.357869,0,0.125347,0,1.6e-05,0
0,0.509234,1,0.149878,0,0.05531,0,0.104446,1
1,0.771703,1,0.80574,1,0.836498,1,0.275622,1
0,0.533416,1,0.009347,0,0.008743,0,0.000482,0
0,0.583962,1,0.343128,0,0.089909,0,0.004262,0
0,0.57599,1,0.136623,0,0.030147,0,0.101266,1
0,0.622996,1,0.324584,0,0.274966,0,0.000223,0
0,0.336434,0,0.157878,0,0.055094,0,0.001659,0
0,0.177373,0,0.323532,0,0.045132,0,0.000517,0
0,0.210282,0,0.166129,0,0.009824,0,0.000892,0
0,0.440665,0,0.163846,0,0.019774,0,0.010174,0
0,0.094941,0,0.306937,0,0.08056,0,2.7e-05,0
0,0.159428,0,0.11802,0,0.007415,0,0.003443,0
0,0.355429,0,0.094902,0,0.036551,0,0.004262,0
0,0.496708,0,0.186284,0,0.004909,0,0.0129,0
0,0.515762,1,0.032832,0,0.007259,0,0.027273,0
0,0.373344,0,0.093231,0,0.00636,0,0.003186,0
0,0.435039,0,0.515324,1,0.382412,0,0.137981,1
0,0.549555,1,0.482766,0,0.581108,1,0.022431,0
0,0.430375,0,0.299535,0,0.203957,0,0.002062,0
0,0.504532,1,0.219869,0,0.0634,0,0.084047,1
0,0.309976,0,0.272645,0,0.182378,0,0.004721,0
0,0.270507,0,0.275862,0,0.041926,0,0.001452,0
0,0.350761,0,0.110081,0,0.018311,0,0.002656,0
0,0.485449,0,0.377331,0,0.301752,0,0.059798,1
0,0.507756,1,0.034041,0,0.004923,0,0.002277,0
0,0.503883,1,0.358931,0,0.338355,0,0.010343,0
0,0.494026,0,0.346589,0,0.34212,0,0.004085,0
0,0.483202,0,0.317836,0,0.24182,0,0.003826,0
0,0.521809,1,0.437566,0,0.152625,0,0.059783,1
0,0.311546,0,0.41821,0,0.474132,0,0.023761,0
0,0.287896,0,0.188389,0,0.057665,0,0.019353,0
0,0.095919,0,0.282251,0,0.039737,0,6.6e-05,0
0,0.573729,1,0.241849,0,0.188746,0,0.007117,0
0,0.566849,1,0.469669,0,0.446335,0,0.04446,1
0,0.718032,1,0.375753,0,0.188793,0,0.003435,0
0,0.62261,1,0.385581,0,0.238567,0,0.00167,0
0,0.482661,0,0.01571,0,0.00889,0,0.028725,0
1,0.506866,1,0.630074,1,0.754927,1,0.234832,1
0,0.281799,0,0.223863,0,0.008615,0,1.8e-05,0
0,0.759316,1,0.360873,0,0.442296,0,0.0622,1
0,0.689119,1,0.142224,0,0.010928,0,0.063198,1
0,0.435557,0,0.344479,0,0.359554,0,0.002467,0
0,0.50005,1,0.228163,0,0.043352,0,0.001344,0
0,0.526444,1,0.342079,0,0.124233,0,0.014691,0
0,0.468202,0,0.33366,0,0.18562,0,0.025945,0
0,0.470318,0,0.11078,0,0.029461,0,0.046179,1
0,0.557824,1,0.366864,0,0.283513,0,0.00941,0
0,0.421141,0,0.304561,0,0.298297,0,0.010771,0
0,0.377148,0,0.303694,0,0.133734,0,0.028411,0
0,0.725585,1,0.39704,0,0.142674,0,0.000288,0
0,0.721994,1,0.335544,0,0.342139,0,0.007445,0
0,0.501926,1,0.314184,0,0.362137,0,0.039821,1
0,0.56431,1,0.132188,0,0.008294,0,0.031874,0
0,0.44856,0,0.130203,0,0.003909,0,0.015409,0
0,0.637009,1,0.122427,0,0.009897,0,0.01139,0
0,0.494901,0,0.252358,0,0.217892,0,0.021258,0
0,0.457213,0,0.333905,0,0.151671,0,0.000367,0
0,0.533671,1,0.304722,0,0.289859,0,0.002082,0
0,0.754384,1,0.350761,0,0.07731,0,0.020281,0
0,0.784963,1,0.600441,1,0.374933,0,0.316928,1
0,0.697325,1,0.464978,0,0.150449,0,0.083202,1
0,0.525421,1,0.415659,0,0.346175,0,0.038024,1
1,0.400196,0,0.438115,0,0.679319,1,0.00838,0
0,0.451967,0,0.263557,0,0.314903,0,0.00933,0
0,0.45553,0,0.172845,0,0.045549,0,0.002272,0
0,0.732727,1,0.341924,0,0.089777,0,0.000647,0
0,0.580722,1,0.358727,0,0.263108,0,0.188807,1
0,0.544371,1,0.130013,0,0.085915,0,0.016437,0
0,0.622451,1,0.496391,0,0.301281,0,0.013864,0
0,0.580133,1,0.292503,0,0.107089,0,0.000242,0
0,0.48716,0,0.603438,1,0.698601,1,0.043033,1
0,0.571824,1,0.415816,0,0.164267,0,0.184974,1
0,0.402287,0,0.35707,0,0.439001,0,0.002794,0
0,0.728578,1,0.491471,0,0.511048,1,0.093919,1
0,0.529747,1,0.350869,0,0.056883,0,0.001079,0
1,0.664758,1,0.616904,1,0.889146,1,0.177796,1
0,0.665641,1,0.493599,0,0.288192,0,0.013137,0
0,0.581938,1,0.179621,0,0.007583,0,0.000179,0
0,0.396436,0,0.307015,0,0.054324,0,0.006188,0
0,0.594687,1,0.4528,0,0.217269,0,0.228729,1
0,0.649315,1,0.388994,0,0.12721,0,0.006459,0
0,0.22268,0,0.185326,0,0.036578,0,0.000519,0
0,0.419547,0,0.443937,0,0.219966,0,0.005519,0
0,0.536393,1,0.142528,0,0.310326,0,0.174862,1
0,0.646985,1,0.021559,0,0.005488,0,0.005254,0
0,0.318651,0,0.325,0,0.055455,0,0.002896,0
0,0.255141,0,0.215057,0,0.047662,0,0.001563,0
0,0.628175,1,0.099401,0,0.003865,0,0.000182,0
0,0.060226,0,0.018076,0,0.002302,0,0.000321,0
0,0.069432,0,0.004668,0,0.005247,0,0.000661,0
0,0.000158,0,0.015093,0,0.00226,0,3.4e-05,0
0,0.834555,1,0.490952,0,0.452112,0,0.003405,0
0,0.827619,1,0.664037,1,0.891044,1,0.14356,1
0,1.0,1,0.070553,0,0.021093,0,0.003687,0
0,1.0,1,0.070923,0,0.01642,0,0.004584,0
0,1.0,1,0.060548,0,0.013257,0,0.003687,0
0,1.0,1,0.059688,0,0.015044,0,0.003677,0
0,1.0,1,0.059688,0,0.016984,0,0.00368,0
0,1.0,1,0.059688,0,0.018239,0,0.00368,0
0,1.0,1,0.057359,0,0.008572,0,0.00368,0
0,1.0,1,0.071783,0,0.010849,0,0.003723,0
0,0.419635,0,0.049598,0,0.013326,0,0.012973,0
0,0.726711,1,0.471554,0,0.51184,1,0.001372,0
0,0.272763,0,0.114365,0,0.018839,0,0.000228,0
1,0.796295,1,0.661161,1,0.761906,1,0.284553,1
0,0.382453,0,0.128775,0,0.068993,0,0.007876,0
0,0.167752,0,0.01059,0,0.005327,0,7e-06,0
0,0.619732,1,0.151258,0,0.016254,0,0.095473,1
0,0.117803,0,0.027082,0,0.010349,0,0.000435,0
0,0.248629,0,0.034646,0,0.011492,0,0.023933,0
0,0.310113,0,0.082719,0,0.018766,0,0.005348,0
1,0.806117,1,0.607299,1,0.892823,1,0.177574,1
0,0.513434,1,0.178561,0,0.082942,0,0.005065,0
0,0.569311,1,0.127412,0,0.013016,0,0.000533,0
0,0.413517,0,0.21189,0,0.167302,0,0.034419,1
0,0.318949,0,0.008967,0,0.004342,0,0.000479,0
0,0.248676,0,0.030961,0,0.004191,0,0.00096,0
0,0.887969,1,0.297688,0,0.01741,0,0.000238,0
0,0.346707,0,0.017607,0,0.005017,0,0.00014,0
1,0.695122,1,0.715737,1,0.852029,1,0.215242,1
0,0.283537,0,0.050156,0,0.029541,0,0.000688,0
0,0.652837,1,0.565311,1,0.519124,1,0.381478,1
0,0.468092,0,0.1011,0,0.135084,0,0.00014,0
0,0.860692,1,0.44904,0,0.212084,0,0.012047,0
0,0.254155,0,0.173706,0,0.067987,0,0.003291,0
0,0.734667,1,0.250994,0,0.067782,0,0.006255,0
0,0.729914,1,0.383535,0,0.319825,0,0.021491,0
0,0.866935,1,0.481092,0,0.136919,0,0.008769,0
0,0.122525,0,0.122201,0,0.006737,0,0.00052,0
0,0.393847,0,0.203009,0,0.054726,0,6.7e-05,0
0,0.643813,1,0.143763,0,0.109125,0,0.061795,1
0,0.733791,1,0.304159,0,0.119698,0,0.019163,0
0,0.137539,0,0.010947,0,0.009226,0,0.000839,0
0,0.58732,1,0.328812,0,0.145359,0,0.004301,0
1,0.734068,1,0.71353,1,0.897071,1,0.295094,1
0,0.638124,1,0.125561,0,0.013516,0,0.004018,0
0,0.530158,1,0.373089,0,0.147719,0,0.001448,0
0,0.397797,0,0.005975,0,0.01919,0,0.00407,0
0,0.350381,0,0.082518,0,0.02389,0,0.014466,0
0,0.663609,1,0.095771,0,0.059509,0,0.004106,0
0,0.423049,0,0.006231,0,0.002957,0,0.024378,0
0,0.413241,0,0.312989,0,0.063557,0,0.000151,0
0,0.260225,0,0.017308,0,0.005321,0,0.001466,0
0,0.782018,1,0.382148,0,0.327322,0,0.023267,0
0,0.611774,1,0.531386,1,0.478707,0,0.902298,1
0,0.804361,1,0.021208,0,0.005525,0,0.104176,1
0,0.628131,1,0.327513,0,0.090514,0,2.9e-05,0
0,0.720974,1,0.358447,0,0.106041,0,0.004222,0
0,0.826731,1,0.120928,0,0.012798,0,0.002709,0
0,0.5301,1,0.181659,0,0.083182,0,0.008372,0
0,0.411724,0,0.347706,0,0.472473,0,0.004245,0
0,0.511875,1,0.181822,0,0.171282,0,0.003215,0
0,0.202458,0,0.12792,0,0.040039,0,0.003582,0
0,0.043269,0,0.119302,0,0.033581,0,0.000572,0
0,0.262856,0,0.159619,0,0.023928,0,0.000251,0
0,0.605612,1,0.006685,0,0.005634,0,0.033952,0
0,0.241198,0,0.036767,0,0.031046,0,0.00083,0
0,1.7e-05,0,0.092024,0,0.001358,0,0.002752,0
0,0.259495,0,0.10337,0,0.013307,0,0.0009,0
0,0.497908,0,0.257944,0,0.213908,0,0.016508,0
0,0.170365,0,0.005869,0,0.00734,0,0.001816,0
0,0.177953,0,0.041536,0,0.00557,0,0.00192,0
0,0.594911,1,0.042703,0,0.004017,0,0.000951,0
0,0.672661,1,0.257702,0,0.131373,0,0.059423,1
0,0.25462,0,0.127007,0,0.01104,0,5.6e-05,0
0,0.707126,1,0.202602,0,0.05371,0,0.00364,0
0,0.511489,1,0.214706,0,0.139522,0,0.009151,0
0,0.13751,0,0.036975,0,0.001541,0,0.000229,0
0,0.411453,0,0.217638,0,0.325691,0,0.01851,0
0,0.501029,1,0.024978,0,0.019783,0,0.000252,0
0,0.428367,0,0.233727,0,0.086993,0,0.059435,1
0,0.369387,0,0.381159,0,0.485783,0,0.119004,1
0,0.238034,0,0.17587,0,0.131991,0,8.9e-05,0
0,0.469269,0,0.145718,0,0.059344,0,0.004997,0
0,0.407731,0,0.111762,0,0.03714,0,0.021594,0
0,0.225083,0,0.220028,0,0.088527,0,0.001263,0
0,0.782626,1,0.37171,0,0.414757,0,0.115281,1
0,0.392346,0,0.081395,0,0.015924,0,0.00146,0
0,0.538394,1,0.214345,0,0.062235,0,0.041205,1
0,0.533442,1,0.088615,0,0.038934,0,0.041539,1
0,0.383155,0,0.142364,0,0.063142,0,0.021758,0
0,0.566343,1,0.085724,0,0.032678,0,0.065157,1
0,0.566656,1,0.405972,0,0.712681,1,0.003614,0
0,0.370665,0,0.090855,0,0.117025,0,0.050803,1
0,0.621835,1,0.353378,0,0.094404,0,0.003512,0
0,0.093865,0,0.084772,0,0.012534,0,0.003392,0
0,0.557711,1,0.146899,0,0.034749,0,0.052707,1
0,0.371815,0,0.103825,0,0.054082,0,0.01916,0
0,0.381986,0,0.06156,0,0.04881,0,0.032886,0
0,0.710435,1,0.28908,0,0.081671,0,0.000202,0
0,0.577989,1,0.145993,0,0.066236,0,0.063445,1
0,0.321997,0,0.24799,0,0.16702,0,0.084888,1
0,0.489483,0,0.407547,0,0.327795,0,0.800026,1
0,0.165667,0,0.146273,0,0.020486,0,0.0034,0
0,0.000136,0,0.001827,0,0.002546,0,8.6e-05,0
0,0.04098,0,0.010546,0,0.000845,0,9.5e-05,0
0,0.00028,0,0.000565,0,0.003356,0,5.3e-05,0
0,0.000408,0,0.00048,0,0.002296,0,0.000271,0
0,0.000111,0,0.001725,0,0.003302,0,6e-06,0
0,0.056975,0,4.3e-05,0,0.000687,0,0.000152,0
0,0.000241,0,0.016221,0,0.007048,0,0.003559,0
0,0.030687,0,0.02181,0,0.002137,0,5e-06,0
0,0.227106,0,0.03564,0,0.017177,0,0.025903,0
0,0.312614,0,0.032457,0,0.018874,0,0.001992,0
0,0.000998,0,0.009659,0,0.00378,0,1.3e-05,0
0,0.001693,0,0.031933,0,0.00691,0,6e-06,0
0,0.504677,1,0.035068,0,0.008614,0,0.000117,0
0,0.173578,0,0.068672,0,0.008621,0,0.002004,0
0,0.21471,0,0.020292,0,0.012068,0,0.000688,0
0,0.424206,0,0.084355,0,0.07065,0,0.005529,0
0,0.551648,1,0.158188,0,0.122005,0,0.000334,0
0,0.54484,1,0.137742,0,0.04265,0,0.008377,0
0,0.697056,1,0.538896,1,0.399434,0,0.546068,1
0,0.576789,1,0.085025,0,0.078967,0,0.002073,0
0,0.67198,1,0.166225,0,0.159102,0,0.00479,0
0,0.520815,1,0.082713,0,0.056759,0,0.00031,0
0,0.355342,0,0.003898,0,0.000871,0,1.2e-05,0
0,0.515759,1,0.155953,0,0.053033,0,0.002492,0
0,0.533466,1,0.417959,0,0.019262,0,6.4e-05,0
0,0.603238,1,0.65919,1,0.741611,1,0.062086,1
0,0.280907,0,0.056936,0,0.046986,0,0.000176,0
0,0.616279,1,0.143135,0,0.017609,0,0.005263,0
0,0.616591,1,0.290164,0,0.485882,0,0.138521,1
0,0.900909,1,0.552039,1,0.056779,0,0.008475,0
0,0.101108,0,0.246786,0,0.120685,0,5.5e-05,0
0,0.47023,0,0.129135,0,0.044742,0,0.009304,0
0,0.802094,1,0.089375,0,0.045616,0,0.00019,0
0,0.326136,0,0.117923,0,0.067055,0,0.003402,0
0,0.814353,1,0.362431,0,0.173223,0,0.001845,0
0,0.694477,1,0.15745,0,0.056419,0,3.1e-05,0
0,0.717983,1,0.513538,1,0.64713,1,0.004104,0
0,0.54324,1,0.118286,0,0.01722,0,0.003388,0
0,0.14471,0,0.082764,0,0.022968,0,0.000864,0
0,0.857558,1,0.290358,0,0.444689,0,0.011293,0
0,0.745761,1,0.230305,0,0.151081,0,0.022961,0
0,0.692813,1,0.289636,0,0.195663,0,0.003922,0
0,0.602491,1,0.003006,0,0.002602,0,0.000489,0
0,0.539646,1,0.163878,0,0.046537,0,0.005885,0
0,0.476152,0,0.40664,0,0.048832,0,0.000124,0
0,0.514505,1,0.089606,0,0.01533,0,0.060395,1
0,0.49411,0,0.111978,0,0.186194,0,0.009069,0
0,0.615716,1,0.051693,0,0.012967,0,0.038011,1
0,0.415635,0,0.314623,0,0.215244,0,0.017846,0
0,0.304191,0,0.002568,0,0.010395,0,0.005636,0
1,0.837457,1,0.709596,1,0.875809,1,0.677834,1
0,0.634806,1,0.664069,1,0.435523,0,0.204705,1
0,0.138749,0,0.021025,0,0.014563,0,0.000675,0
0,0.548527,1,0.022106,0,0.002604,0,0.000779,0
0,0.232517,0,0.047546,0,0.008007,0,0.007802,0
0,0.370382,0,0.046165,0,0.009797,0,0.001628,0
0,0.594861,1,0.476781,0,0.709064,1,0.038178,1
0,0.547823,1,0.334094,0,0.343695,0,0.097433,1
0,0.467285,0,0.006707,0,0.003276,0,0.000433,0
0,0.822306,1,0.787715,1,0.800826,1,0.118314,1
0,0.422173,0,0.380255,0,0.190222,0,0.025462,0
1,0.821391,1,0.369471,0,0.294523,0,0.003687,0
1,0.69277,1,0.503705,1,0.519641,1,0.008243,0
0,0.266288,0,0.406634,0,0.343703,0,0.047751,1
0,0.50182,1,0.031741,0,0.003244,0,0.000391,0
0,0.61679,1,0.058686,0,0.043673,0,0.02514,0
0,0.780916,1,0.600445,1,0.444671,0,0.055417,1
0,0.174134,0,0.15096,0,0.023594,0,0.000334,0
1,0.677576,1,0.508963,1,0.754601,1,0.287197,1
0,0.486179,0,0.771862,1,0.135301,0,0.013753,0
0,0.382752,0,0.088808,0,0.018377,0,8.6e-05,0
1,0.761387,1,0.285404,0,0.493614,0,0.119338,1
0,0.559063,1,0.471303,0,0.327948,0,0.013281,0
0,0.324358,0,0.025537,0,0.015376,0,0.00045,0
0,0.396703,0,0.041507,0,0.010386,0,0.000328,0
0,0.147554,0,0.09039,0,0.02128,0,0.000722,0
0,0.764218,1,0.563392,1,0.558335,1,0.295038,1
0,0.003642,0,0.060035,0,0.014141,0,0.009266,0
0,0.065771,0,0.018003,0,0.006158,0,0.000406,0
0,0.186461,0,0.010457,0,0.00127,0,0.001564,0
0,0.352367,0,0.089382,0,0.038918,0,0.03574,1
0,0.326721,0,0.123086,0,0.03895,0,0.00851,0
0,0.384222,0,0.290967,0,0.419769,0,0.143854,1
0,0.952558,1,0.223714,0,0.028848,0,0.000694,0
0,0.447231,0,0.382056,0,0.509755,1,0.074785,1
1,0.529475,1,0.354333,0,0.402383,0,0.036279,1
0,0.575322,1,0.360059,0,0.269569,0,0.082093,1
0,0.444138,0,0.337274,0,0.376444,0,0.006552,0
0,0.532753,1,0.285482,0,0.365322,0,0.009374,0
0,0.39559,0,0.268849,0,0.068931,0,0.000136,0
0,0.529925,1,0.299696,0,0.170272,0,0.05378,1
0,0.783099,1,0.224615,0,0.057081,0,0.008823,0
0,0.549356,1,0.227796,0,0.316569,0,0.006041,0
0,0.616024,1,0.373041,0,0.22133,0,0.002252,0
0,0.502048,1,0.298106,0,0.159582,0,0.075536,1
0,0.254155,0,0.005648,0,0.002343,0,0.002827,0
0,0.981855,1,0.053639,0,0.016969,0,0.000515,0
0,0.344575,0,0.094365,0,0.012612,0,0.001949,0
0,0.742197,1,0.357276,0,0.319384,0,0.199863,1
0,0.40493,0,0.058184,0,0.008929,0,0.001399,0
0,0.245353,0,0.126023,0,0.03845,0,0.000477,0
0,0.406478,0,0.286751,0,0.08148,0,0.083125,1
0,0.647116,1,0.282736,0,0.121129,0,0.001133,0
0,0.475843,0,0.441997,0,0.123494,0,0.152966,1
0,0.596138,1,0.382722,0,0.187696,0,0.043151,1
0,0.401098,0,0.320671,0,0.094521,0,0.002939,0
0,0.660055,1,0.252535,0,0.133461,0,0.00091,0
0,0.433295,0,0.218198,0,0.092757,0,0.004737,0
0,0.348127,0,0.412032,0,0.308369,0,0.085151,1
0,0.70126,1,0.433886,0,0.391516,0,0.012932,0
0,0.315852,0,0.133871,0,0.035384,0,0.000759,0
1,0.535594,1,0.523038,1,0.702219,1,0.24691,1
0,0.489971,0,0.432337,0,0.583787,1,0.435974,1
0,0.463652,0,0.106705,0,0.017118,0,0.035818,1
0,0.507577,1,0.208942,0,0.155947,0,0.142898,1
0,0.4133,0,0.084676,0,0.037248,0,0.010565,0
0,0.407804,0,0.135917,0,0.082969,0,0.044182,1
0,0.069436,0,0.000273,0,0.002072,0,0.000571,0
0,0.04826,0,0.003457,0,0.001562,0,7.7e-05,0
0,0.000125,0,0.001026,0,0.001494,0,4e-06,0
0,0.000154,0,4.3e-05,0,0.00045,0,4.2e-05,0
0,0.000218,0,0.000652,0,0.003621,0,9e-05,0
0,0.000217,0,0.001026,0,0.001924,0,1.5e-05,0
0,0.037656,0,0.000962,0,0.002245,0,6.6e-05,0
0,0.052087,0,0.001734,0,0.002009,0,0.000171,0
0,0.000162,0,0.001084,0,0.001,0,7.4e-05,0
0,0.027143,0,0.008511,0,0.003926,0,1e-05,0
0,0.028642,0,0.0249,0,0.008202,0,6.6e-05,0
0,0.024587,0,0.006365,0,0.003042,0,1e-06,0
0,0.027129,0,0.000712,0,0.001977,0,2.6e-05,0
0,0.037934,0,0.008884,0,0.002112,0,9.1e-05,0
0,0.000125,0,0.022467,0,0.002809,0,1e-06,0
0,0.000198,0,0.006162,0,0.000964,0,3.9e-05,0
0,0.757191,1,0.252072,0,0.247301,0,0.005354,0
0,0.799048,1,0.384288,0,0.581205,1,0.07197,1
0,0.546187,1,0.040936,0,0.004992,0,0.000323,0
0,0.310899,0,0.021858,0,0.002879,0,0.000157,0
0,0.258666,0,0.030313,0,0.007458,0,4.8e-05,0
0,0.245433,0,0.025996,0,0.003572,0,0.001451,0
0,0.00111,0,0.031108,0,0.007139,0,1.8e-05,0
0,0.199625,0,0.030835,0,0.003607,0,0.00031,0
0,0.206895,0,0.014198,0,0.005069,0,0.003164,0
0,0.258645,0,0.032982,0,0.005,0,0.000505,0
0,0.001647,0,0.004046,0,0.00205,0,0.000117,0
0,0.00037,0,0.002854,0,0.003483,0,0.000223,0
0,0.026327,0,0.021075,0,0.008602,0,4e-06,0
0,0.253725,0,0.022579,0,0.007821,0,0.000534,0
0,0.202653,0,0.04848,0,0.028794,0,0.001089,0
0,0.003724,0,0.028904,0,0.008361,0,0.000355,0
0,0.2918,0,0.065777,0,0.081568,0,0.007909,0
0,0.769464,1,0.565697,1,0.37427,0,0.179711,1
1,0.732423,1,0.702758,1,0.903779,1,0.338621,1
1,0.811348,1,0.751138,1,0.946778,1,0.377302,1
0,0.412635,0,0.118812,0,0.147112,0,0.012499,0
0,0.371906,0,0.201396,0,0.077316,0,0.003152,0
0,0.667745,1,0.09354,0,0.027362,0,0.000339,0
0,0.146478,0,0.221884,0,0.070801,0,0.002797,0
0,0.766915,1,0.132955,0,0.019079,0,0.148333,1
1,0.880658,1,0.557482,1,0.610285,1,0.154715,1
0,0.77815,1,0.346225,0,0.51309,1,0.160734,1
0,0.727231,1,0.203264,0,0.072204,0,0.004274,0
0,0.451488,0,0.117449,0,0.058517,0,0.000332,0
0,0.330043,0,0.228279,0,0.033715,0,0.004038,0
0,0.31317,0,0.301509,0,0.414348,0,0.003709,0
0,0.143664,0,0.219184,0,0.224319,0,0.001061,0
0,0.286578,0,0.145628,0,0.099061,0,0.001332,0
0,0.269461,0,0.269664,0,0.180374,0,0.002803,0
0,0.370325,0,0.147043,0,0.022043,0,0.003551,0
0,0.269323,0,0.06141,0,0.022836,0,0.010037,0
0,0.167801,0,0.269513,0,0.082766,0,0.003194,0
0,0.165064,0,0.164431,0,0.162659,0,0.001978,0
0,0.212139,0,0.184329,0,0.228157,0,0.001012,0
0,0.178832,0,0.085848,0,0.004514,0,0.000295,0
0,0.032284,0,0.04797,0,0.005971,0,0.003443,0
0,0.622892,1,0.234293,0,0.104805,0,0.009637,0
0,0.306058,0,0.337404,0,0.285416,0,0.003188,0
0,0.59798,1,0.294434,0,0.248817,0,0.05976,1
0,0.63776,1,0.160059,0,0.035044,0,0.004064,0
0,0.605118,1,0.377135,0,0.732074,1,0.09789,1
0,0.638692,1,0.480913,0,0.316064,0,0.002906,0
0,0.764459,1,0.465252,0,0.378474,0,0.022173,0
0,0.31926,0,0.227643,0,0.053297,0,0.046676,1
0,0.358458,0,0.45525,0,0.570006,1,0.099706,1
0,0.206045,0,0.293079,0,0.376638,0,0.002175,0
0,0.463687,0,0.32143,0,0.229206,0,0.00076,0
0,0.604074,1,0.257693,0,0.145892,0,0.010438,0
0,0.525515,1,0.230641,0,0.233613,0,0.015181,0
0,0.568401,1,0.32117,0,0.060788,0,0.006991,0
0,0.229339,0,0.278277,0,0.053743,0,0.000381,0
0,0.172295,0,0.283316,0,0.59528,1,0.001098,0
0,0.525512,1,0.188313,0,0.192262,0,0.004819,0
0,0.406023,0,0.321074,0,0.021625,0,0.006144,0
0,0.343189,0,0.278791,0,0.04421,0,0.000725,0
0,0.440648,0,0.164472,0,0.079185,0,0.020295,0
0,0.657265,1,0.423907,0,0.208093,0,0.005739,0
0,0.197377,0,0.204021,0,0.192399,0,0.001906,0
0,0.190674,0,0.245395,0,0.244594,0,0.001536,0
0,0.685734,1,0.484982,0,0.15038,0,0.037105,1
0,0.641661,1,0.312375,0,0.103441,0,3.4e-05,0
0,0.276752,0,0.113321,0,0.013095,0,0.002211,0
0,0.31516,0,0.202685,0,0.125444,0,0.003381,0
0,0.066559,0,0.154206,0,0.048964,0,0.002845,0
0,0.666009,1,0.470839,0,0.081391,0,0.001173,0
0,0.66194,1,0.437339,0,0.278179,0,0.036621,1
0,0.293323,0,0.205821,0,0.101468,0,0.019906,0
0,0.529804,1,0.233386,0,0.038245,0,0.001863,0
0,0.725242,1,0.443861,0,0.356651,0,0.004132,0
0,0.407274,0,0.571425,1,0.803821,1,0.211439,1
0,0.183786,0,0.167573,0,0.058076,0,0.003184,0
0,0.437543,0,0.153325,0,0.022039,0,0.014511,0
0,0.328628,0,0.135588,0,0.009225,0,0.002061,0
0,0.040823,0,0.002072,0,0.002557,0,1.5e-05,0
0,0.000153,0,0.024283,0,0.0027,0,3.5e-05,0
0,0.489009,0,0.21073,0,0.268755,0,0.009821,0
0,0.03263,0,0.007683,0,0.001954,0,0.000155,0
0,0.757901,1,0.731908,1,0.820995,1,0.01132,0
0,0.719168,1,0.249563,0,0.105829,0,0.004144,0
0,0.76286,1,0.597821,1,0.614581,1,0.007365,0
0,0.558776,1,0.210586,0,0.172703,0,0.042374,1
0,0.303452,0,0.157888,0,0.031396,0,0.001308,0
0,0.901262,1,0.505156,1,0.23584,0,0.229168,1
0,0.624519,1,0.694221,1,0.405031,0,0.016134,0
0,0.323675,0,0.020658,0,0.010403,0,0.019086,0
0,0.431164,0,0.267729,0,0.049009,0,0.007702,0
0,0.486739,0,0.531886,1,0.237075,0,0.0048,0
0,0.367276,0,0.261774,0,0.150564,0,0.038365,1
0,0.288067,0,0.065175,0,0.023288,0,0.007143,0
0,0.392673,0,0.017781,0,0.005198,0,0.003818,0
0,0.376523,0,0.406792,0,0.569119,1,0.118556,1
0,0.520262,1,0.267798,0,0.084537,0,0.02701,0
0,0.631631,1,0.194174,0,0.038374,0,0.000133,0
0,0.21436,0,0.193262,0,0.014163,0,0.000112,0
0,0.441234,0,0.215204,0,0.044617,0,1.1e-05,0
0,0.484218,0,0.04275,0,0.017437,0,0.000357,0
0,0.430727,0,0.118221,0,0.105228,0,0.003357,0
0,0.263051,0,0.120253,0,0.019221,0,9.7e-05,0
0,0.185798,0,0.051888,0,0.005998,0,1.1e-05,0
0,0.590208,1,0.139511,0,0.01395,0,0.001014,0
0,0.586978,1,0.21297,0,0.096239,0,0.005459,0
0,0.480303,0,0.490535,0,0.589827,1,0.018719,0
1,0.767311,1,0.62473,1,0.640944,1,0.140624,1
1,0.642327,1,0.488684,0,0.585199,1,0.230593,1
0,0.360752,0,0.170002,0,0.040012,0,0.005496,0
0,0.626115,1,0.370523,0,0.442037,0,0.008573,0
0,0.532088,1,0.362106,0,0.24261,0,0.121509,1
0,0.529454,1,0.398079,0,0.319135,0,0.172365,1
0,0.538754,1,0.335577,0,0.169011,0,0.001841,0
0,0.468285,0,0.213989,0,0.059604,0,0.014931,0
0,0.433186,0,0.267645,0,0.0182,0,0.001581,0
0,0.490541,0,0.16401,0,0.075448,0,0.005522,0
0,0.45382,0,0.353278,0,0.375068,0,0.297149,1
0,0.61841,1,0.193261,0,0.14918,0,0.01618,0
0,0.718529,1,0.404987,0,0.094132,0,0.000573,0
0,0.718414,1,0.326332,0,0.242172,0,0.003775,0
0,0.706606,1,0.350044,0,0.492195,0,0.001791,0
0,0.494898,0,0.141524,0,0.040282,0,0.092921,1
0,0.763831,1,0.499688,0,0.550046,1,0.010192,0
0,0.550388,1,0.422652,0,0.373673,0,0.060661,1
0,0.536238,1,0.483812,0,0.103825,0,0.03316,0
0,0.567447,1,0.335098,0,0.509804,1,0.102513,1
0,0.496121,0,0.058542,0,0.022541,0,0.030257,0
0,0.536103,1,0.349283,0,0.119033,0,0.136834,1
0,0.665117,1,0.378223,0,0.307134,0,0.183441,1
0,0.554834,1,0.397776,0,0.204795,0,0.000562,0
0,0.38289,0,0.370549,0,0.033239,0,0.003845,0
0,0.311007,0,0.299675,0,0.235934,0,0.000396,0
0,0.630708,1,0.289624,0,0.182762,0,0.162499,1
0,0.159114,0,0.050017,0,0.030086,0,0.000591,0
0,0.511824,1,0.167223,0,0.07938,0,0.00987,0
0,0.761092,1,0.42872,0,0.142445,0,0.000436,0
0,0.634487,1,0.318308,0,0.403602,0,0.063906,1
0,0.579555,1,0.392084,0,0.26568,0,0.001195,0
0,0.554788,1,0.403797,0,0.138508,0,0.112388,1
0,0.395812,0,0.453506,0,0.149681,0,0.032046,0
0,0.552147,1,0.344205,0,0.089922,0,0.007408,0
0,0.517984,1,0.296692,0,0.413632,0,0.000229,0
0,0.511908,1,0.388586,0,0.189122,0,0.089593,1
0,0.402281,0,0.385287,0,0.604742,1,0.123241,1
0,0.545573,1,0.34479,0,0.191093,0,0.00251,0
1,0.564197,1,0.467855,0,0.69131,1,0.009458,0
0,0.778042,1,0.255415,0,0.186532,0,0.04244,1
0,0.790456,1,0.348893,0,0.282205,0,1.5e-05,0
0,0.46021,0,0.114369,0,0.020112,0,0.024892,0
0,0.436132,0,0.313857,0,0.18823,0,0.010476,0
0,0.566626,1,0.494832,0,0.504072,1,0.041741,1
0,0.658652,1,0.464982,0,0.208619,0,0.013796,0
0,0.542415,1,0.467756,0,0.650969,1,0.380028,1
0,0.511451,1,0.397376,0,0.39926,0,0.141634,1
0,0.358019,0,0.4155,0,0.3078,0,0.176413,1
0,0.50887,1,0.170154,0,0.022563,0,0.003863,0
0,0.679948,1,0.230732,0,0.149338,0,0.000866,0
0,0.723014,1,0.230126,0,0.226249,0,0.000648,0
0,0.623096,1,0.530311,1,0.617525,1,0.022559,0
0,0.503943,1,0.500073,1,0.25292,0,0.206954,1
0,0.53735,1,0.314752,0,0.298468,0,0.191129,1
0,0.455705,0,0.384375,0,0.216365,0,0.036624,1
0,0.739301,1,0.575633,1,0.743577,1,0.09415,1
0,0.554802,1,0.425776,0,0.359082,0,0.002454,0
0,0.55773,1,0.225903,0,0.057602,0,0.001084,0
0,0.771542,1,0.409228,0,0.179719,0,0.002726,0
0,0.63602,1,0.541314,1,0.110085,0,0.110083,1
0,0.375981,0,0.307121,0,0.539132,1,0.024598,0
0,0.059673,0,0.058825,0,0.006164,0,0.000684,0
0,0.00021,0,0.001911,0,0.002105,0,4.5e-05,0
0,0.000188,0,0.000687,0,0.000838,0,9e-06,0
0,0.084867,0,0.058552,0,0.009704,0,0.000175,0
0,0.044722,0,0.056964,0,0.008005,0,0.000533,0
1,0.877497,1,0.51951,1,0.384557,0,0.238292,1
0,0.868586,1,0.71513,1,0.678518,1,0.5,1
0,0.005545,0,0.082188,0,0.018703,0,0.000112,0
0,0.542592,1,0.205734,0,0.231084,0,0.00076,0
0,0.277292,0,0.20115,0,0.122143,0,0.002985,0
0,0.194248,0,0.033872,0,0.018028,0,0.000116,0
0,0.070039,0,0.115449,0,0.03158,0,0.000153,0
0,0.551434,1,0.147012,0,0.097178,0,0.000589,0
0,0.55097,1,0.033698,0,0.00372,0,0.013355,0
0,0.41545,0,0.170109,0,0.032419,0,0.000125,0
0,0.173546,0,0.036364,0,0.005696,0,1.8e-05,0
0,0.671473,1,0.259602,0,0.2032,0,0.227553,1
0,0.17632,0,0.011972,0,0.004005,0,0.001974,0
0,0.041582,0,0.010623,0,0.002607,0,3.2e-05,0
0,0.431759,0,0.076045,0,0.016767,0,0.002601,0
0,0.247672,0,0.016475,0,0.02434,0,2e-05,0
0,0.195586,0,0.002127,0,0.006618,0,0.000215,0
0,0.000189,0,0.005396,0,0.001673,0,0.000112,0
0,0.401821,0,0.454274,0,0.134851,0,0.013247,0
0,0.221114,0,0.004757,0,0.002939,0,0.000504,0
0,0.224511,0,0.010553,0,0.018152,0,1e-05,0
0,0.358233,0,0.112867,0,0.082483,0,0.011598,0
0,0.282837,0,0.044154,0,0.00574,0,0.000111,0
0,0.511813,1,0.005347,0,0.008282,0,0.000315,0
0,0.303195,0,0.032753,0,0.015678,0,7.3e-05,0
0,0.457096,0,0.07373,0,0.016042,0,0.002756,0
0,0.527769,1,0.269657,0,0.174866,0,0.093571,1
0,0.361794,0,0.148241,0,0.02653,0,0.01225,0
0,0.628285,1,0.366013,0,0.320812,0,0.004454,0
1,0.379588,0,0.49561,0,0.688685,1,0.101738,1
0,0.484884,0,0.208236,0,0.102053,0,0.076608,1
0,0.338375,0,0.270417,0,0.156801,0,0.039278,1
0,0.306553,0,0.051034,0,0.015492,0,0.001504,0
0,0.587407,1,0.373912,0,0.505867,1,0.000621,0
0,0.493121,0,0.269585,0,0.16711,0,0.024995,0
0,0.269228,0,0.084152,0,0.007639,0,0.000716,0
0,0.369084,0,0.305567,0,0.153066,0,0.01318,0
0,0.642764,1,0.105874,0,0.007708,0,0.006189,0
0,0.51861,1,0.372488,0,0.229324,0,0.023958,0
0,0.042859,0,0.004815,0,0.005576,0,0.000389,0
0,0.032421,0,0.002185,0,0.003808,0,0.000148,0
0,0.025338,0,0.000328,0,0.00161,0,5.9e-05,0
0,0.024031,0,0.001533,0,0.003227,0,4e-06,0
0,0.000244,0,0.000687,0,0.001148,0,5.1e-05,0
0,0.082539,0,0.00138,0,0.002989,0,0.000571,0
0,0.026602,0,0.012231,0,0.004978,0,5e-06,0
0,0.031278,0,0.017083,0,0.006245,0,1e-05,0
0,0.027744,0,0.007657,0,0.003424,0,8e-06,0
0,0.03716,0,0.000712,0,0.002448,0,6e-06,0
0,0.000104,0,0.019462,0,0.005654,0,4e-06,0
0,0.525935,1,0.185012,0,0.14025,0,0.000277,0
0,0.328073,0,0.06861,0,0.009356,0,0.000195,0
0,0.032628,0,0.003624,0,0.000934,0,8.8e-05,0
0,0.227926,0,0.012165,0,0.002085,0,0.001225,0
0,0.136614,0,0.006929,0,0.004206,0,0.00162,0
0,0.176336,0,0.015823,0,0.007968,0,0.001939,0
0,0.225159,0,0.027745,0,0.034741,0,0.01021,0
0,0.000174,0,0.000328,0,0.004446,0,8.5e-05,0
0,0.15827,0,0.029966,0,0.01029,0,0.001272,0
0,0.730112,1,0.626322,1,0.609719,1,0.059618,1
0,0.644487,1,0.272139,0,0.555732,1,0.009744,0
0,0.706856,1,0.265463,0,0.330179,0,0.030661,0
0,0.697699,1,0.312298,0,0.138033,0,0.047999,1
0,0.446276,0,0.25088,0,0.015101,0,0.000279,0
0,0.279114,0,0.12736,0,0.022484,0,0.008413,0
0,0.015435,0,0.004289,0,0.000762,0,3e-06,0
0,0.542961,1,0.333327,0,0.080475,0,0.217604,1
0,0.678662,1,0.224129,0,0.046179,0,0.09279,1
0,0.506273,1,0.365191,0,0.446355,0,0.082409,1
0,0.713774,1,0.442579,0,0.267442,0,0.033489,0
0,0.20874,0,0.004532,0,0.002217,0,1e-05,0
1,0.438568,0,0.482849,0,0.626226,1,0.254965,1
0,0.561753,1,0.375155,0,0.317878,0,0.000573,0
0,0.411353,0,0.345674,0,0.186675,0,0.000847,0
0,0.910314,1,0.565504,1,0.29132,0,0.003291,0
0,0.645999,1,0.425429,0,0.380785,0,0.056179,1
0,0.652017,1,0.457599,0,0.233179,0,0.27325,1
0,0.544869,1,0.459782,0,0.302458,0,0.240662,1
0,0.407357,0,0.084016,0,0.00854,0,0.005631,0
0,0.503259,1,0.472361,0,0.416084,0,0.030005,0
0,0.705793,1,0.5049,1,0.266526,0,0.001266,0
1,0.677737,1,0.566115,1,0.872976,1,0.014317,0
0,0.204137,0,0.422855,0,0.378867,0,0.005327,0
0,0.559406,1,0.491498,0,0.184532,0,0.034907,1
1,0.606637,1,0.566822,1,0.582844,1,0.197543,1
0,0.045557,0,0.052542,0,0.028173,0,0.000166,0
0,0.033906,0,0.000522,0,0.003422,0,2e-06,0
0,0.478625,0,0.057617,0,0.016522,0,9.5e-05,0
0,0.190754,0,0.071852,0,0.028346,0,0.004873,0
0,0.296809,0,0.234727,0,0.034201,0,0.000538,0
0,0.549046,1,0.382125,0,0.296381,0,0.005144,0
0,0.179636,0,0.103154,0,0.036737,0,2.1e-05,0
0,0.532774,1,0.522212,1,0.613875,1,0.006476,0
0,0.407312,0,0.171368,0,0.138348,0,0.001734,0
0,0.54697,1,0.556699,1,0.315059,0,0.043926,1
0,0.598066,1,0.119971,0,0.075109,0,0.007493,0
0,0.578808,1,0.426454,0,0.105142,0,0.00513,0
0,0.370612,0,0.117673,0,0.129912,0,0.007834,0
0,0.649967,1,0.539436,1,0.485876,0,0.028119,0
0,0.861526,1,0.425841,0,0.112493,0,0.003431,0
0,0.722266,1,0.180638,0,0.028834,0,0.003687,0
0,0.398955,0,0.083889,0,0.022362,0,1e-05,0
0,0.819161,1,0.17859,0,0.056983,0,0.002399,0
0,0.624711,1,0.61906,1,0.388594,0,0.011014,0
0,0.124791,0,0.033428,0,0.006543,0,0.000923,0
0,0.53958,1,0.492166,0,0.24048,0,0.00409,0
0,0.350764,0,0.047228,0,0.013628,0,0.01146,0
0,0.36658,0,0.268939,0,0.141089,0,0.002605,0
0,0.599654,1,0.393985,0,0.31634,0,0.009355,0
0,0.013849,0,0.082187,0,0.024432,0,0.013286,0
0,0.413481,0,0.042716,0,0.014002,0,0.00131,0
0,0.091376,0,0.163369,0,0.053457,0,0.0,0
0,0.467487,0,0.538351,1,0.306807,0,0.011482,0
0,0.824747,1,0.275978,0,0.127108,0,0.028295,0
0,0.540983,1,0.32569,0,0.113834,0,0.000135,0
0,0.340652,0,0.098365,0,0.039719,0,0.01594,0
0,0.458966,0,0.218716,0,0.059719,0,0.007688,0
1,0.611946,1,0.458577,0,0.690615,1,0.08183,1
0,0.813388,1,0.420357,0,0.331892,0,0.354526,1
0,0.496194,0,0.352205,0,0.064563,0,0.080929,1
1,0.554215,1,0.252325,0,0.251763,0,0.069956,1
0,0.585556,1,0.232406,0,0.027553,0,0.00332,0
0,0.545232,1,0.253323,0,0.178831,0,0.003398,0
0,0.889512,1,0.446223,0,0.330393,0,0.003677,0
0,0.665584,1,0.281832,0,0.253888,0,0.010622,0
0,0.411041,0,0.040641,0,0.02985,0,3.1e-05,0
0,0.406073,0,0.129263,0,0.142786,0,0.166176,1
0,0.100546,0,0.152775,0,0.096013,0,4.4e-05,0
0,0.173415,0,0.142777,0,0.050125,0,0.000348,0
0,0.368056,0,0.100492,0,0.02064,0,0.029887,0
0,0.737661,1,0.773327,1,0.830767,1,0.012243,0
0,0.39194,0,0.377202,0,0.238589,0,0.021027,0
1,0.655686,1,0.671759,1,0.811251,1,0.10109,1
0,0.542413,1,0.373805,0,0.196563,0,0.004324,0
1,0.446167,0,0.485596,0,0.52188,1,0.159637,1
0,0.654327,1,0.413761,0,0.325758,0,0.514812,1
1,0.493204,0,0.461456,0,0.568285,1,0.143114,1
0,0.254346,0,0.132193,0,0.019444,0,0.021196,0
0,0.303653,0,0.155301,0,0.036886,0,0.013054,0
0,0.772874,1,0.53367,1,0.195831,0,0.011949,0
0,0.074708,0,0.030911,0,0.012122,0,0.000351,0
0,0.373593,0,0.175852,0,0.063428,0,0.001283,0
0,0.228371,0,0.126297,0,0.095865,0,0.000227,0
0,0.578906,1,0.364217,0,0.11277,0,0.000189,0
0,0.482265,0,0.129098,0,0.029634,0,0.001693,0
0,0.454662,0,0.236714,0,0.364021,0,9.1e-05,0
0,0.382226,0,0.189861,0,0.332744,0,0.001659,0
0,0.535824,1,0.160242,0,0.205333,0,0.005429,0
0,0.003013,0,0.064989,0,0.007996,0,8.8e-05,0
1,0.493684,0,0.527012,1,0.728118,1,0.215894,1
0,0.732797,1,0.133801,0,0.029958,0,0.00049,0
0,0.133233,0,0.082342,0,0.008197,0,0.000576,0
0,0.020931,0,0.015988,0,0.004407,0,4.8e-05,0
0,0.043716,0,0.008448,0,0.004891,0,1.4e-05,0
0,0.000121,0,0.001259,0,0.002433,0,1e-06,0
0,0.000186,0,0.000876,0,0.001365,0,3e-06,0
0,0.042945,0,0.000652,0,0.003993,0,0.000379,0
0,0.044297,0,0.005412,0,0.003054,0,0.000133,0
0,0.052725,0,0.003114,0,0.001273,0,0.00012,0
0,1e-06,0,0.105888,0,0.011184,0,0.003563,0
0,0.032583,0,0.006448,0,0.003285,0,2.6e-05,0
0,0.059596,0,0.006591,0,0.002456,0,9.4e-05,0
0,0.019408,0,0.019322,0,0.00436,0,3e-06,0
0,0.058438,0,0.082112,0,0.005582,0,0.000179,0
0,0.02131,0,0.001793,0,0.001727,0,6e-06,0
0,0.018423,0,0.000522,0,0.005188,0,2e-06,0
0,0.046057,0,0.01343,0,0.005948,0,1.7e-05,0
0,0.000188,0,0.011723,0,0.006479,0,1.2e-05,0
0,0.707312,1,0.187626,0,0.21926,0,0.003634,0
0,0.907368,1,0.077477,0,0.013063,0,0.002869,0
0,0.213164,0,0.025792,0,0.047094,0,0.090944,1
0,8e-06,0,0.022542,0,0.003733,0,0.000107,0
0,0.713174,1,0.134898,0,0.065151,0,4.7e-05,0
0,0.243844,0,0.048527,0,0.074683,0,0.002663,0
0,2.2e-05,0,0.019332,0,0.00329,0,5e-05,0
0,1.7e-05,0,0.020845,0,0.003065,0,4.7e-05,0
0,0.000641,0,0.167553,0,0.106502,0,0.000659,0
0,0.31972,0,0.065777,0,0.098926,0,0.002883,0
0,0.001242,0,0.051581,0,0.015687,0,9.5e-05,0
0,0.161657,0,0.007231,0,0.00447,0,0.01502,0
0,0.302792,0,0.047095,0,0.020826,0,0.011355,0
0,0.317888,0,0.071232,0,0.058911,0,0.028986,0
0,0.001567,0,0.030234,0,0.003238,0,4e-06,0
0,0.271507,0,0.060308,0,0.012924,0,0.002119,0
0,0.92305,1,0.272371,0,0.043266,0,0.001213,0
0,0.910741,1,0.161898,0,0.068888,0,0.0025,0
0,0.145505,0,0.005894,0,0.003467,0,0.001,0
0,0.555199,1,0.419515,0,0.301207,0,0.005298,0
1,0.620118,1,0.625066,1,0.724638,1,0.373821,1
0,0.169739,0,0.006,0,0.000743,0,8e-06,0
0,0.158104,0,0.045609,0,0.026222,0,0.00176,0
0,0.478471,0,0.109897,0,0.01771,0,0.00871,0
0,0.423788,0,0.012448,0,0.002514,0,0.000995,0
0,0.293045,0,0.01851,0,0.004824,0,0.000195,0
0,0.927438,1,0.153786,0,0.039104,0,0.007167,0
0,0.468862,0,0.03274,0,0.004773,0,0.053598,1
1,0.723442,1,0.628733,1,0.782956,1,0.25292,1
0,0.414265,0,0.023437,0,0.005372,0,0.003641,0
0,0.140049,0,0.176899,0,0.104415,0,0.002179,0
0,0.457366,0,0.141359,0,0.049255,0,0.001574,0
0,0.26055,0,0.064857,0,0.013599,0,0.001189,0
0,0.362644,0,0.404078,0,0.549294,1,0.020189,0
0,0.614523,1,0.210116,0,0.03509,0,0.000226,0
0,0.026152,0,0.355121,0,0.122275,0,0.122292,1
0,0.663009,1,0.159539,0,0.112604,0,0.002425,0
0,0.39194,0,0.012502,0,0.001855,0,0.000795,0
0,0.252381,0,0.118132,0,0.012508,0,0.000194,0
0,0.173628,0,0.063517,0,0.002228,0,0.003045,0
0,0.170626,0,0.052509,0,0.007461,0,0.000408,0
0,0.254105,0,0.007573,0,0.00181,0,0.001136,0
1,0.673496,1,0.573967,1,0.562807,1,0.19398,1
0,0.299437,0,0.003846,0,0.002136,0,0.000107,0
0,0.565967,1,0.016416,0,0.002242,0,0.003193,0
0,0.068844,0,0.294202,0,0.029247,0,0.003681,0
0,0.586637,1,0.151133,0,0.023023,0,0.014317,0
0,0.386546,0,0.222965,0,0.190002,0,0.003102,0
0,0.395443,0,0.356058,0,0.165242,0,0.000765,0
0,0.58679,1,0.206312,0,0.049696,0,0.002048,0
0,0.513919,1,0.037322,0,0.009149,0,0.022932,0
0,0.669429,1,0.315558,0,0.222319,0,0.02363,0
0,0.533029,1,0.340381,0,0.275108,0,0.002275,0
0,0.591815,1,0.027249,0,0.006176,0,0.004523,0
0,0.569827,1,0.358979,0,0.212438,0,0.002424,0
0,0.275393,0,0.258439,0,0.037479,0,6.8e-05,0
0,0.494628,0,0.080547,0,0.015393,0,0.002578,0
0,0.473347,0,0.384054,0,0.21895,0,0.022258,0
0,0.852511,1,0.224424,0,0.157113,0,0.056366,1
0,0.025599,0,0.001978,0,0.000845,0,1.5e-05,0
0,0.000105,0,0.008021,0,0.000563,0,1.3e-05,0
0,0.033187,0,0.009597,0,0.004522,0,6.8e-05,0
0,0.000498,0,0.000538,0,0.000692,0,0.000486,0
0,0.027885,0,0.000522,0,0.001691,0,7e-05,0
0,0.026424,0,0.058389,0,0.005105,0,4e-06,0
0,0.05581,0,0.009728,0,0.008896,0,3.1e-05,0
0,0.053636,0,0.01014,0,0.002855,0,0.000512,0
0,0.195937,0,0.044513,0,0.01539,0,0.007525,0
0,0.245734,0,0.040468,0,0.015727,0,0.000354,0
0,0.111535,0,0.021611,0,0.003121,0,0.000527,0
0,0.097552,0,0.004321,0,0.000868,0,0.000504,0
1,0.907913,1,0.829865,1,0.9698,1,0.174137,1
0,0.659774,1,0.185067,0,0.011579,0,0.063727,1
0,0.118632,0,0.208365,0,0.128947,0,0.002024,0
0,0.740323,1,0.420976,0,0.27029,0,0.003806,0
0,0.595539,1,0.384091,0,0.219494,0,0.005079,0
0,0.837997,1,0.567148,1,0.327998,0,0.006772,0
0,0.694512,1,0.148324,0,0.129001,0,0.001167,0
0,0.244039,0,0.208594,0,0.049477,0,0.001563,0
0,0.288298,0,0.232811,0,0.154116,0,0.044406,1
1,0.827732,1,0.901449,1,0.964627,1,0.077472,1
0,0.764571,1,0.121966,0,0.0339,0,1.9e-05,0
0,0.724321,1,0.408278,0,0.41703,0,0.013343,0
0,0.541744,1,0.270441,0,0.011584,0,0.087947,1
0,0.56927,1,0.336229,0,0.241617,0,0.005866,0
0,0.50484,1,0.079597,0,0.062598,0,0.008659,0
0,0.620516,1,0.369213,0,0.044426,0,0.002313,0
0,0.215969,0,0.261787,0,0.104573,0,0.002704,0
0,0.69906,1,0.242357,0,0.272054,0,0.017016,0
0,0.595981,1,0.321538,0,0.14304,0,0.251705,1
0,0.510152,1,0.294603,0,0.066267,0,0.061051,1
0,0.245531,0,0.331378,0,0.038158,0,0.000255,0
0,0.728777,1,0.430587,0,0.306085,0,0.053978,1
0,0.567858,1,0.486769,0,0.238661,0,0.012083,0
0,0.625192,1,0.327274,0,0.082552,0,0.119177,1
1,0.996569,1,0.82787,1,0.976454,1,0.034951,1
0,0.563006,1,0.285506,0,0.195614,0,0.001862,0
0,0.791471,1,0.487794,0,0.335788,0,0.546816,1
0,0.74741,1,0.411781,0,0.009534,0,6.1e-05,0
1,0.511621,1,0.535759,1,0.767013,1,0.239635,1
0,0.662825,1,0.507384,1,0.550275,1,0.01804,0
0,0.011033,0,0.059967,0,0.008963,0,0.00028,0
0,0.163283,0,0.312834,0,0.130602,0,0.003341,0
0,0.48186,0,0.456324,0,0.450479,0,0.061514,1
0,0.398528,0,0.295012,0,0.291169,0,0.00141,0
0,0.680076,1,0.372542,0,0.416549,0,0.01164,0
0,0.707897,1,0.43483,0,0.550048,1,0.002483,0
1,0.462757,0,0.458256,0,0.496992,0,0.181894,1
0,0.491414,0,0.318971,0,0.134397,0,0.003546,0
0,0.996942,1,0.453568,0,0.471246,0,0.003687,0
0,0.223729,0,0.396384,0,0.22378,0,0.003036,0
0,0.659931,1,0.346004,0,0.263805,0,0.003549,0
0,0.350238,0,0.27668,0,0.212914,0,0.000276,0
0,0.939213,1,0.419102,0,0.163237,0,0.054111,1
0,0.402176,0,0.397801,0,0.418618,0,0.059342,1
0,0.281961,0,0.358753,0,0.085792,0,0.00203,0
0,0.864165,1,0.52549,1,0.390035,0,0.390928,1
0,0.771251,1,0.721779,1,0.481634,0,0.009545,0
0,0.758244,1,0.643527,1,0.550776,1,0.000579,0
0,0.504754,1,0.570519,1,0.54248,1,0.164691,1
0,0.027789,0,0.127942,0,0.031742,0,0.000364,0
0,0.004874,0,0.058194,0,0.005336,0,0.000317,0
0,0.278465,0,0.116307,0,0.100185,0,0.000105,0
0,0.768231,1,0.345887,0,0.191114,0,0.01152,0
0,0.464273,0,0.102975,0,0.032372,0,0.000351,0
0,0.481297,0,0.264394,0,0.05658,0,1.9e-05,0
0,0.206134,0,0.170494,0,0.015265,0,0.000826,0
0,0.294971,0,0.32094,0,0.251084,0,0.011926,0
0,0.542576,1,0.524414,1,0.494854,0,0.087985,1
0,0.517541,1,0.307853,0,0.049786,0,0.004057,0
0,0.74731,1,0.502916,1,0.471233,0,0.283592,1
0,0.45911,0,0.049527,0,0.086219,0,0.006228,0
0,0.744836,1,0.731219,1,0.727646,1,0.000639,0
0,0.626841,1,0.38486,0,0.289859,0,0.061324,1
0,0.079324,0,0.096089,0,0.019619,0,0.000324,0
0,0.717403,1,0.372487,0,0.011959,0,0.000142,0
0,0.393971,0,0.177934,0,0.036563,0,0.003509,0
0,0.211707,0,0.269972,0,0.032227,0,0.000813,0
0,0.098701,0,0.289754,0,0.022268,0,6e-05,0
0,0.398118,0,0.351439,0,0.223017,0,0.014681,0
0,0.096132,0,0.142729,0,0.093598,0,0.001497,0
0,0.114028,0,0.257832,0,0.035891,0,0.001206,0
0,0.569454,1,0.159082,0,0.13156,0,0.092538,1
0,0.201348,0,0.283287,0,0.046912,0,0.000134,0
0,0.24601,0,0.313796,0,0.756345,1,0.006337,0
0,0.539096,1,0.46844,0,0.120398,0,0.002147,0
0,0.26102,0,0.145944,0,0.120125,0,0.004256,0
1,0.752211,1,0.811179,1,0.911737,1,0.177579,1
0,0.996541,1,0.430608,0,0.263417,0,0.007077,0
0,0.025331,0,0.034689,0,0.017531,0,0.000378,0
0,0.625623,1,0.600555,1,0.687416,1,0.009836,0
0,0.641873,1,0.606729,1,0.510396,1,0.614058,1
0,0.000416,0,0.107556,0,0.011665,0,0.000103,0
0,0.002517,0,0.05375,0,0.004874,0,9.6e-05,0
0,0.578388,1,0.271127,0,0.214727,0,0.007313,0
0,0.002278,0,0.005741,0,0.001139,0,0.000465,0
0,0.436808,0,0.01271,0,0.01346,0,0.001155,0
0,0.603973,1,0.129948,0,0.04545,0,0.000463,0
0,0.193671,0,0.185403,0,0.072042,0,0.002078,0
1,0.979929,1,0.842171,1,0.90842,1,0.003795,0
0,0.476602,0,0.435422,0,0.375882,0,0.014943,0
0,0.602242,1,0.563759,1,0.408802,0,0.008618,0
0,0.432433,0,0.247417,0,0.114897,0,0.000528,0
0,0.610661,1,0.297336,0,0.152822,0,0.037262,1
0,0.630754,1,0.481704,0,0.068936,0,0.292594,1
0,0.187921,0,0.157218,0,0.08079,0,0.001919,0
0,0.549282,1,0.192065,0,0.226023,0,0.083365,1
0,0.572655,1,0.403454,0,0.129753,0,0.140846,1
0,0.328027,0,0.321808,0,0.094482,0,0.000709,0
0,0.017752,0,0.022775,0,0.006566,0,0.00032,0
0,0.689135,1,0.081745,0,0.00764,0,0.003838,0
0,0.671961,1,0.264257,0,0.112167,0,0.001644,0
0,0.749419,1,0.428975,0,0.477906,0,0.006828,0
0,0.073509,0,0.541546,1,0.476259,0,9e-06,0
0,0.644495,1,0.3487,0,0.171151,0,0.007644,0
0,0.689362,1,0.282482,0,0.362921,0,0.025409,0
0,0.558202,1,0.079383,0,0.011056,0,6.9e-05,0
0,0.783077,1,0.233404,0,0.014822,0,0.000156,0
0,0.084615,0,0.09558,0,0.046921,0,5.1e-05,0
0,0.571455,1,0.113894,0,0.062715,0,0.029412,0
0,0.561097,1,0.429743,0,0.255363,0,0.004643,0
0,0.447557,0,0.294354,0,0.323544,0,0.003147,0
0,0.632477,1,0.400523,0,0.550065,1,0.300726,1
0,0.589557,1,0.185378,0,0.053226,0,0.048257,1
0,0.102251,0,0.353447,0,0.061874,0,0.000841,0
0,0.736835,1,0.44669,0,0.572588,1,0.060471,1
0,0.825398,1,0.301082,0,0.041694,0,0.002043,0
0,0.151836,0,0.267405,0,0.058376,0,0.004477,0
0,0.511905,1,0.384188,0,0.1504,0,0.058632,1
0,0.450691,0,0.092663,0,0.03712,0,0.018112,0
0,0.360031,0,0.118088,0,0.015539,0,0.005186,0
0,0.907379,1,0.396149,0,0.074353,0,0.00437,0
0,0.564588,1,0.575968,1,0.249052,0,0.007889,0
0,0.159904,0,0.356389,0,0.057907,0,0.001815,0
0,0.734322,1,0.496986,0,0.350906,0,0.020666,0
0,0.383381,0,0.073904,0,0.050739,0,0.004154,0
0,0.498311,0,0.123535,0,0.025713,0,0.00162,0
0,0.909094,1,0.197659,0,0.024903,0,0.001308,0
0,0.139921,0,0.404993,0,0.334211,0,8.8e-05,0
0,0.436119,0,0.286051,0,0.247087,0,0.009599,0
0,0.820526,1,0.633123,1,0.228861,0,0.020524,0
0,0.732045,1,0.520098,1,0.387679,0,0.008595,0
0,0.862605,1,0.168058,0,0.012904,0,0.001084,0
0,0.206412,0,0.054213,0,0.004495,0,0.00048,0
0,0.297287,0,0.482477,0,0.355668,0,0.035027,1
0,0.263358,0,0.320078,0,0.215102,0,0.000583,0
0,0.293212,0,0.115113,0,0.029487,0,0.001277,0
0,0.314441,0,0.13913,0,0.034322,0,0.030556,0
0,0.000124,0,0.036206,0,0.004512,0,0.000359,0
0,0.00133,0,0.040836,0,0.023721,0,0.000182,0
0,0.197897,0,0.239414,0,0.261358,0,0.000716,0
0,0.648337,1,0.435975,0,0.306292,0,0.002829,0
0,0.222513,0,0.143994,0,0.008727,0,0.002493,0
0,0.543826,1,0.119162,0,0.146895,0,0.00771,0
0,0.521835,1,0.330505,0,0.224814,0,0.044115,1
0,0.081265,0,0.15969,0,0.07659,0,0.001895,0
0,0.526515,1,0.163335,0,0.223468,0,0.007981,0
0,0.334656,0,0.253532,0,0.211419,0,0.000845,0
0,0.348532,0,0.310265,0,0.210505,0,0.065879,1
0,0.506151,1,0.320495,0,0.262942,0,0.044435,1
0,0.643171,1,0.269848,0,0.089781,0,0.001433,0
0,0.366548,0,0.330668,0,0.175945,0,0.012505,0
0,0.486579,0,0.32834,0,0.354069,0,0.008713,0
0,0.381598,0,0.439681,0,0.128951,0,0.047111,1
0,0.693509,1,0.302086,0,0.33865,0,0.013368,0
0,0.453349,0,0.36207,0,0.439016,0,0.001908,0
0,0.476699,0,0.26381,0,0.089023,0,0.014848,0
0,0.291057,0,0.238009,0,0.069127,0,0.011109,0
0,0.0679,0,0.000328,0,0.001042,0,5.1e-05,0
0,0.025817,0,0.077511,0,0.051567,0,0.00122,0
0,7.9e-05,0,0.002669,0,0.00147,0,2.7e-05,0
0,0.04031,0,0.124486,0,0.07172,0,0.000176,0
0,0.454309,0,0.0516,0,0.028012,0,0.000122,0
0,0.182721,0,0.038284,0,0.031583,0,0.014026,0
0,0.512906,1,0.056377,0,0.029602,0,0.000305,0
0,0.159798,0,0.042963,0,0.006111,0,0.000111,0
0,0.567253,1,0.05515,0,0.022596,0,0.000803,0
0,0.372102,0,0.060726,0,0.007458,0,0.000145,0
0,0.154664,0,0.043163,0,0.008064,0,0.000119,0
0,0.180383,0,0.047225,0,0.008062,0,0.000105,0
0,0.120264,0,0.035316,0,0.006587,0,7.2e-05,0
0,0.515492,1,0.066326,0,0.012578,0,0.000171,0
0,0.288415,0,0.025603,0,0.015676,0,0.002031,0
1,0.165397,0,0.551238,1,0.503107,1,0.01036,0
0,0.322649,0,0.025507,0,0.019785,0,0.003321,0
0,0.223004,0,0.071519,0,0.016679,0,0.000158,0
0,0.383411,0,0.038911,0,0.008112,0,0.000197,0
0,0.177537,0,0.030691,0,0.00211,0,0.000155,0
0,0.001303,0,0.073516,0,0.054203,0,0.000442,0
0,0.232001,0,0.074367,0,0.010935,0,4.2e-05,0
0,0.181685,0,0.03589,0,0.009065,0,0.00013,0
0,0.102202,0,0.067264,0,0.014115,0,0.0001,0
0,0.129148,0,0.072159,0,0.017635,0,0.000198,0
0,0.007123,0,0.037373,0,0.004976,0,0.000317,0
0,0.003749,0,0.030072,0,0.003771,0,0.000152,0
0,0.164783,0,0.04642,0,0.014788,0,0.000162,0
0,0.40452,0,0.102186,0,0.055379,0,0.008958,0
0,0.810661,1,0.042457,0,0.011422,0,0.000224,0
0,0.74456,1,0.496871,0,0.501496,1,0.789655,1
0,0.696286,1,0.21908,0,0.061722,0,0.021234,0
0,0.534075,1,0.495394,0,0.620376,1,0.014465,0
0,0.347924,0,0.324222,0,0.132968,0,0.044237,1
0,0.512547,1,0.036831,0,0.061649,0,0.000487,0
0,0.311573,0,0.006873,0,0.003037,0,3.2e-05,0
0,0.426769,0,0.026019,0,0.008721,0,0.022367,0
0,0.750868,1,0.074956,0,0.037982,0,0.018627,0
0,0.753553,1,0.316635,0,0.085331,0,0.038605,1
0,0.737842,1,0.106856,0,0.030131,0,0.00052,0
0,0.578072,1,0.072833,0,0.052898,0,0.001975,0
0,0.580566,1,0.48156,0,0.278356,0,0.083912,1
0,0.556445,1,0.588158,1,0.594952,1,0.052838,1
1,0.544023,1,0.407131,0,0.604268,1,0.213295,1
0,0.777986,1,0.403774,0,0.229915,0,0.011739,0
0,0.786466,1,0.155428,0,0.058134,0,0.009388,0
0,0.420645,0,0.283673,0,0.146304,0,0.068298,1
0,0.487987,0,0.318963,0,0.598516,1,0.074945,1
0,0.707768,1,0.418577,0,0.188012,0,0.003683,0
0,0.593298,1,0.427944,0,0.73518,1,0.00183,0
0,0.75709,1,0.413486,0,0.117027,0,0.00165,0
0,0.835214,1,0.221341,0,0.094094,0,0.016348,0
0,0.564578,1,0.437203,0,0.208522,0,0.012796,0
0,0.496579,0,0.220967,0,0.055596,0,0.005854,0
0,0.71224,1,0.26432,0,0.114775,0,0.007774,0
0,0.169708,0,0.008384,0,0.016716,0,8e-06,0
0,0.314058,0,0.202276,0,0.040341,0,0.018787,0
1,0.915562,1,0.609637,1,0.910061,1,0.161946,1
0,0.789441,1,0.374824,0,0.247501,0,0.015937,0
1,0.869135,1,0.408178,0,0.797166,1,0.606213,1
0,0.534148,1,0.624662,1,0.848214,1,0.007502,0
0,0.48908,0,0.050934,0,0.055345,0,0.067536,1
0,0.318046,0,0.457181,0,0.797198,1,0.004365,0
0,0.061738,0,0.054474,0,0.004883,0,5.8e-05,0
0,0.544818,1,0.438426,0,0.532271,1,0.007715,0
0,0.421977,0,0.106636,0,0.03258,0,0.000435,0
0,0.377572,0,0.01169,0,0.004402,0,0.003686,0
0,0.523297,1,0.114092,0,0.027206,0,0.000101,0
0,0.70721,1,0.296114,0,0.226104,0,0.057309,1
0,0.624199,1,0.386986,0,0.277468,0,0.00202,0
0,0.611389,1,0.06493,0,0.009804,0,0.020697,0
0,0.406537,0,0.197037,0,0.081296,0,0.001825,0
0,0.297232,0,0.039116,0,0.009752,0,0.003181,0
0,0.506549,1,0.257814,0,0.178012,0,6.8e-05,0
0,0.578214,1,0.341605,0,0.108764,0,0.243356,1
0,0.526342,1,0.294878,0,0.085922,0,0.006382,0
0,0.830441,1,0.094913,0,0.033373,0,0.006097,0
0,0.717652,1,0.689776,1,0.60282,1,0.027681,0
0,0.73897,1,0.726344,1,0.319013,0,0.044244,1
0,0.41189,0,0.182584,0,0.218192,0,0.000225,0
0,0.180796,0,0.03339,0,0.028984,0,0.003456,0
0,0.533397,1,0.296815,0,0.152407,0,0.043624,1
0,0.413216,0,0.243142,0,0.071117,0,0.000777,0
0,0.562178,1,0.089411,0,0.026165,0,0.099801,1
0,0.755266,1,0.529483,1,0.426723,0,0.041279,1
0,0.352125,0,0.022136,0,0.003634,0,0.001231,0
0,0.595766,1,0.024893,0,0.012358,0,0.003993,0
0,0.744259,1,0.637743,1,0.805048,1,0.033726,0
0,0.635189,1,0.02558,0,0.007267,0,0.003577,0
0,0.227203,0,0.00149,0,0.005995,0,0.003539,0
0,0.920714,1,0.507004,1,0.103158,0,0.003101,0
0,0.737819,1,0.465118,0,0.075758,0,0.000385,0
1,0.858015,1,0.639332,1,0.886782,1,0.545391,1
0,0.083697,0,0.032045,0,0.005871,0,0.000171,0
0,0.253536,0,0.017837,0,0.01233,0,0.001148,0
0,0.684979,1,0.376135,0,0.178517,0,0.014776,0
0,0.54268,1,0.037111,0,0.001801,0,0.00137,0
0,0.663102,1,0.200787,0,0.081988,0,0.135747,1
0,0.716999,1,0.28474,0,0.114787,0,0.094181,1
0,0.771909,1,0.398481,0,0.415253,0,0.010761,0
0,0.394906,0,0.0543,0,0.087557,0,0.004027,0
0,0.561637,1,0.087723,0,0.132159,0,0.056819,1
0,0.264589,0,0.055779,0,0.006232,0,0.004303,0
0,0.139773,0,0.046452,0,0.018768,0,1.2e-05,0
0,0.423679,0,0.009676,0,0.005383,0,0.002354,0
0,0.69659,1,0.131025,0,0.040379,0,0.367825,1
0,0.32689,0,0.022746,0,0.002854,0,0.004181,0
0,0.61522,1,0.070883,0,0.053993,0,0.065868,1
0,0.119604,0,0.085187,0,0.020208,0,0.003091,0
0,0.085284,0,0.018553,0,0.001489,0,2.9e-05,0
0,0.471031,0,0.15737,0,0.109662,0,0.000546,0
0,0.075298,0,0.035444,0,0.014127,0,0.000157,0
0,0.081514,0,0.089506,0,0.006565,0,0.003756,0
0,0.325978,0,0.26939,0,0.057684,0,0.000239,0
0,0.268335,0,0.078068,0,0.054615,0,0.001048,0
0,0.581425,1,0.285952,0,0.055603,0,0.000619,0
0,0.333667,0,0.127741,0,0.078505,0,0.017418,0
0,0.358953,0,0.121216,0,0.070373,0,0.001835,0
0,0.406088,0,0.307513,0,0.484945,0,0.006179,0
0,0.418563,0,0.268006,0,0.067673,0,0.000548,0
0,0.514023,1,0.193258,0,0.025205,0,0.000782,0
0,0.648378,1,0.303295,0,0.093576,0,0.043746,1
0,0.403933,0,0.227369,0,0.331376,0,0.003396,0
0,0.442279,0,0.364943,0,0.165364,0,0.002123,0
0,0.265269,0,0.31288,0,0.140665,0,0.000735,0
0,0.345354,0,0.293411,0,0.10487,0,6.8e-05,0
0,0.568921,1,0.109466,0,0.024524,0,0.00025,0
0,0.387833,0,0.262774,0,0.138998,0,0.005618,0
0,0.363712,0,0.111155,0,0.056952,0,0.002455,0
0,0.453372,0,0.31466,0,0.120276,0,0.025513,0
0,0.898423,1,0.224057,0,0.10825,0,0.002388,0
0,0.373708,0,0.146343,0,0.063027,0,0.001005,0
0,0.03034,0,0.001218,0,0.002458,0,8.4e-05,0
0,0.03196,0,0.000818,0,0.001813,0,7e-06,0
0,0.041441,0,0.029268,0,0.004936,0,0.000154,0
0,0.03304,0,0.000459,0,0.002797,0,9.7e-05,0
0,0.036889,0,0.001747,0,0.001246,0,0.000162,0
0,0.000136,0,0.000712,0,0.002874,0,7.9e-05,0
0,0.000138,0,0.001911,0,0.001466,0,0.000103,0
0,0.061627,0,0.00159,0,0.002079,0,0.000651,0
0,0.051763,0,0.072021,0,0.002584,0,0.001994,0
0,0.037124,0,0.042964,0,0.009071,0,0.00012,0
0,0.026697,0,0.018564,0,0.006325,0,3e-06,0
0,0.001727,0,0.022969,0,0.00379,0,0.000228,0
0,0.163159,0,0.004674,0,0.001435,0,0.002539,0
0,0.186443,0,0.012323,0,0.001424,0,0.00018,0
0,0.002549,0,0.002885,0,0.001828,0,1e-06,0
0,0.002514,0,0.023704,0,0.002327,0,3.8e-05,0
0,0.002157,0,0.014809,0,0.005841,0,4.9e-05,0
0,0.000915,0,0.045681,0,0.020716,0,5.3e-05,0
0,0.000117,0,0.000684,0,0.000731,0,2.5e-05,0
0,0.000117,0,0.007918,0,0.001104,0,4.6e-05,0
0,0.001337,0,0.063946,0,0.024162,0,0.003275,0
0,0.271558,0,0.031516,0,0.024408,0,0.00196,0
0,0.240429,0,0.039698,0,0.009126,0,0.000875,0
0,0.001705,0,0.014726,0,0.00332,0,2.4e-05,0
0,0.826638,1,0.123409,0,0.038982,0,0.061454,1
0,0.58478,1,0.44684,0,0.23062,0,0.147444,1
0,0.761482,1,0.077713,0,0.010943,0,0.00055,0
0,0.512729,1,0.199358,0,0.117195,0,0.002015,0
0,0.778008,1,0.692531,1,0.624812,1,0.036132,1
0,0.578787,1,0.230031,0,0.104458,0,0.004476,0
0,0.236592,0,0.094594,0,0.010415,0,0.001115,0
0,0.520965,1,0.148478,0,0.270675,0,0.039924,1
0,0.4483,0,0.487154,0,0.586786,1,0.04044,1
0,0.330222,0,0.282074,0,0.292472,0,0.010269,0
0,0.725976,1,0.469912,0,0.415591,0,0.068902,1
0,0.297599,0,0.400073,0,0.47539,0,0.014924,0
0,0.151352,0,0.22066,0,0.188448,0,0.001585,0
0,0.290708,0,0.056401,0,0.007492,0,0.003624,0
0,0.303977,0,0.288326,0,0.045105,0,0.003955,0
0,0.297437,0,0.320595,0,0.185344,0,0.035124,1
0,0.446949,0,0.258865,0,0.416588,0,0.013318,0
0,0.448623,0,0.061496,0,0.00597,0,0.042198,1
0,0.208575,0,0.303946,0,0.042832,0,7e-06,0
0,0.445502,0,0.30149,0,0.410682,0,0.01083,0
0,0.30226,0,0.223026,0,0.06789,0,0.001395,0
1,0.506623,1,0.478852,0,0.731245,1,0.017828,0
1,0.27596,0,0.443581,0,0.682521,1,0.005287,0
0,0.449135,0,0.356977,0,0.29983,0,0.009055,0
0,0.515827,1,0.245493,0,0.086535,0,0.000116,0
0,0.386404,0,0.118727,0,0.04833,0,0.004869,0
1,0.436608,0,0.352106,0,0.670417,1,0.024366,0
0,0.46735,0,0.445958,0,0.226398,0,0.038442,1
0,0.519076,1,0.426065,0,0.427537,0,0.178393,1
0,0.457392,0,0.337892,0,0.52851,1,0.022329,0
0,0.37668,0,0.171904,0,0.102916,0,0.025877,0
0,0.360613,0,0.307891,0,0.632568,1,0.023707,0
0,0.402763,0,0.313579,0,0.456108,0,0.005097,0
0,0.261451,0,0.351061,0,0.098659,0,0.016265,0
0,0.638269,1,0.333293,0,0.281155,0,6.6e-05,0
0,0.499396,0,0.432952,0,0.351447,0,0.027121,0
0,0.402815,0,0.127278,0,0.122404,0,0.02641,0
0,0.617635,1,0.286095,0,0.195446,0,0.00252,0
0,0.423573,0,0.362511,0,0.305807,0,0.008576,0
0,0.479279,0,0.377136,0,0.543872,1,0.054181,1
0,0.440828,0,0.096198,0,0.009407,0,5.2e-05,0
0,0.507897,1,0.279355,0,0.035353,0,0.000326,0
0,0.658572,1,0.422399,0,0.185922,0,0.004144,0
0,0.477897,0,0.120986,0,0.023943,0,0.022743,0
0,0.02825,0,4.3e-05,0,0.00037,0,1e-06,0
0,0.047218,0,4.3e-05,0,0.00058,0,5.7e-05,0
0,0.06478,0,0.001331,0,0.001071,0,0.000237,0
0,0.001453,0,0.07975,0,0.011146,0,1e-06,0
0,0.143438,0,0.028225,0,0.004782,0,0.000439,0
0,0.371135,0,0.054404,0,0.027857,0,0.00094,0
0,0.372427,0,0.05943,0,0.008231,0,2.1e-05,0
0,0.339368,0,0.156454,0,0.127045,0,0.000225,0
0,0.853852,1,0.038134,0,0.010195,0,0.000525,0
1,0.748051,1,0.616069,1,0.529617,1,0.121517,1
0,0.476791,0,0.31224,0,0.144156,0,0.008957,0
0,0.501636,1,0.269453,0,0.209899,0,0.090147,1
0,0.7562,1,0.131434,0,0.110264,0,0.033956,0
0,0.463628,0,0.114225,0,0.053614,0,0.014171,0
0,0.395792,0,0.221529,0,0.06977,0,0.051258,1
0,0.155844,0,0.050758,0,0.014455,0,0.013956,0
0,0.3325,0,0.063,0,0.022992,0,0.003409,0
0,0.569059,1,0.091305,0,0.035631,0,0.000961,0
1,0.819568,1,0.634371,1,0.86358,1,0.064771,1
0,0.743447,1,0.554037,1,0.673656,1,0.112735,1
0,0.29772,0,0.087897,0,0.031968,0,0.003115,0
0,0.459099,0,0.246488,0,0.019581,0,0.00063,0
0,0.539039,1,0.474241,0,0.250315,0,0.090536,1
0,0.551597,1,0.298943,0,0.139942,0,0.005861,0
0,0.632546,1,0.291707,0,0.196535,0,0.028146,0
0,0.863422,1,0.457219,0,0.239023,0,0.104076,1
0,0.105159,0,0.174996,0,0.092168,0,0.000206,0
0,0.842051,1,0.238652,0,0.164581,0,0.035626,1
0,0.692538,1,0.683682,1,0.713813,1,0.07349,1
0,0.366336,0,0.085751,0,0.035734,0,8.9e-05,0
0,0.21547,0,0.219085,0,0.057751,0,0.000846,0
0,0.546874,1,0.092398,0,0.062632,0,0.059178,1
0,0.502356,1,0.139637,0,0.034726,0,0.000468,0
0,0.587266,1,0.507749,1,0.294685,0,0.00437,0
0,0.583791,1,0.320827,0,0.063022,0,0.020459,0
0,0.418726,0,0.028002,0,0.010728,0,0.007736,0
0,0.495159,0,0.031139,0,0.023818,0,0.006939,0
0,0.567077,1,0.363478,0,0.076628,0,7.3e-05,0
0,0.9463,1,0.720324,1,0.90699,1,0.001629,0
0,0.343705,0,0.067694,0,0.035295,0,4.9e-05,0
0,0.787757,1,0.55242,1,0.616204,1,0.222832,1
0,0.536411,1,0.082561,0,0.082127,0,0.020841,0
0,0.882177,1,0.283593,0,0.334035,0,0.011003,0
0,0.52541,1,0.364559,0,0.525196,1,0.01745,0
0,0.549004,1,0.162366,0,0.023705,0,3e-06,0
0,0.632153,1,0.301815,0,0.056287,0,0.003611,0
0,0.611774,1,0.124758,0,0.029713,0,0.051889,1
0,0.298642,0,0.156749,0,0.069561,0,0.001231,0
0,0.151368,0,0.181226,0,0.029121,0,7.1e-05,0
0,0.442216,0,0.031619,0,0.008484,0,0.00037,0
0,0.302611,0,0.347905,0,0.184596,0,0.011169,0
0,0.066074,0,0.158682,0,0.016919,0,3.1e-05,0
0,0.077487,0,0.020275,0,0.004051,0,0.000189,0
0,0.333588,0,0.089876,0,0.031532,0,0.000767,0
1,0.483078,0,0.538621,1,0.833247,1,0.219925,1
0,0.968722,1,0.039969,0,0.051665,0,0.003468,0
0,0.392048,0,0.094715,0,0.030638,0,0.007317,0
0,0.429081,0,0.064779,0,0.007425,0,1.9e-05,0
0,0.528809,1,0.088695,0,0.033275,0,0.000856,0
0,0.092876,0,0.132249,0,0.071731,0,0.000592,0
0,0.186693,0,0.049363,0,0.029514,0,0.000939,0
0,0.546634,1,0.47426,0,0.23569,0,0.059619,1
0,0.61634,1,0.070743,0,0.074675,0,0.002121,0
0,0.206024,0,0.110534,0,0.034484,0,0.000138,0
0,0.452374,0,0.331088,0,0.141898,0,0.002778,0
0,0.382953,0,0.31028,0,0.086573,0,0.000667,0
0,0.311438,0,0.070208,0,0.01357,0,0.000387,0
0,0.540883,1,0.16569,0,0.041229,0,0.01876,0
0,0.505767,1,0.045452,0,0.020779,0,0.001343,0
0,0.54848,1,0.526888,1,0.502901,1,0.00408,0
0,0.506211,1,0.083134,0,0.079409,0,0.009305,0
0,0.438378,0,0.458365,0,0.57285,1,0.058114,1
0,0.086399,0,0.130609,0,0.008457,0,0.000782,0
0,0.427569,0,0.041346,0,0.057976,0,0.012567,0
0,0.411333,0,0.139392,0,0.083563,0,0.002019,0
0,0.562028,1,0.202627,0,0.078191,0,0.034478,1
0,0.707335,1,0.149632,0,0.094916,0,0.000206,0
0,0.142676,0,0.10521,0,0.018282,0,0.000145,0
0,0.066266,0,0.035406,0,0.003001,0,1.5e-05,0
0,0.309726,0,0.030112,0,0.034992,0,0.000329,0
0,0.674038,1,0.683876,1,0.637818,1,0.129787,1
0,0.458375,0,0.366635,0,0.285341,0,0.032669,0
0,0.229484,0,0.161515,0,0.018935,0,0.003533,0
0,0.59969,1,0.048552,0,0.199204,0,0.012594,0
0,0.573265,1,0.247887,0,0.062894,0,0.001328,0
0,0.667001,1,0.231792,0,0.025657,0,4.9e-05,0
0,0.688409,1,0.266374,0,0.042805,0,0.024601,0
0,0.318198,0,0.005014,0,0.002297,0,0.000776,0
0,0.607979,1,0.619004,1,0.507977,1,0.05279,1
0,0.623813,1,0.447963,0,0.528487,1,0.112457,1
0,0.450574,0,0.022392,0,0.031265,0,0.001389,0
0,0.301042,0,0.144191,0,0.086368,0,0.001472,0
0,0.478043,0,0.250044,0,0.018723,0,0.00143,0
0,0.427844,0,0.093791,0,0.20796,0,0.018375,0
0,0.999833,1,0.329337,0,0.031506,0,0.003646,0
0,0.645415,1,0.492823,0,0.587462,1,0.125723,1
0,0.491172,0,0.278363,0,0.131763,0,0.000294,0
0,0.044308,0,0.048674,0,0.011089,0,9.4e-05,0
0,0.58155,1,0.58041,1,0.325519,0,0.007372,0
0,0.722725,1,0.521793,1,0.384654,0,0.001144,0
0,0.450384,0,0.135691,0,0.048251,0,0.03553,1
0,0.711877,1,0.144349,0,0.145426,0,0.025889,0
0,0.629429,1,0.325071,0,0.189733,0,0.001379,0
0,0.122087,0,0.213056,0,0.011112,0,1.1e-05,0
0,0.352123,0,0.038271,0,0.020879,0,0.004651,0
0,0.29178,0,0.019356,0,0.013278,0,0.001047,0
0,0.336734,0,0.102768,0,0.096299,0,0.000218,0
0,0.050758,0,0.044619,0,0.020238,0,0.000203,0
0,0.045525,0,0.156222,0,0.066097,0,0.003586,0
0,0.000555,0,0.179787,0,0.009096,0,5.1e-05,0
0,0.037855,0,0.052957,0,0.011546,0,9.8e-05,0
0,0.31777,0,0.105078,0,0.083165,0,0.073806,1
0,0.071896,0,0.01986,0,0.002553,0,0.000239,0
0,0.259432,0,0.153983,0,0.008192,0,0.000202,0
0,0.226658,0,0.140197,0,0.041275,0,0.000295,0
0,0.494182,0,0.089982,0,0.021488,0,0.004362,0
0,0.521984,1,0.01973,0,0.008082,0,9.4e-05,0
0,0.39078,0,0.101474,0,0.043361,0,0.004245,0
0,0.08186,0,0.213725,0,0.016058,0,0.000235,0
0,0.766937,1,0.263816,0,0.178981,0,0.008262,0
0,0.343583,0,0.051629,0,0.097507,0,0.022597,0
0,0.612628,1,0.285119,0,0.145284,0,0.049216,1
0,0.17466,0,0.103389,0,0.012235,0,0.000104,0
0,0.274299,0,0.023792,0,0.033066,0,0.000537,0
0,0.293831,0,0.082492,0,0.06643,0,0.011513,0
0,0.670492,1,0.095528,0,0.06219,0,0.01635,0
0,0.157236,0,0.057031,0,0.009085,0,0.000304,0
0,0.320372,0,0.092646,0,0.016824,0,0.016583,0
0,0.421956,0,0.375741,0,0.629489,1,0.001073,0
0,0.324166,0,0.062507,0,0.022298,0,0.000755,0
0,0.698114,1,0.406068,0,0.279018,0,0.012877,0
0,0.27071,0,0.08693,0,0.110718,0,0.004601,0
0,0.466369,0,0.321916,0,0.125798,0,0.043456,1
0,0.12548,0,0.071238,0,0.012925,0,0.001501,0
0,0.463657,0,0.177437,0,0.088508,0,0.025938,0
0,0.279232,0,0.07285,0,0.02251,0,0.062005,1
0,0.330437,0,0.022833,0,0.009725,0,0.006581,0
0,0.433534,0,0.146669,0,0.043952,0,0.067484,1
1,0.409605,0,0.597193,1,0.790632,1,0.255237,1
0,0.516136,1,0.14627,0,0.068048,0,0.193501,1
0,0.541738,1,0.166922,0,0.139124,0,0.005441,0
0,0.522296,1,0.137573,0,0.144577,0,0.063523,1
0,0.54752,1,0.202623,0,0.021907,0,1.3e-05,0
0,0.548349,1,0.350553,0,0.283851,0,0.003036,0
0,0.486749,0,0.222577,0,0.126863,0,0.043208,1
0,0.86072,1,0.151831,0,0.15573,0,0.003292,0
0,0.296628,0,0.241681,0,0.035512,0,0.015823,0
0,0.597599,1,0.247831,0,0.079857,0,0.266482,1
0,0.535178,1,0.165226,0,0.14884,0,0.032162,0
0,0.474959,0,0.229856,0,0.152735,0,0.007609,0
0,0.436831,0,0.159025,0,0.024206,0,0.000762,0
0,0.545398,1,0.107995,0,0.027646,0,0.005534,0
0,0.451365,0,0.121643,0,0.050033,0,0.000257,0
0,0.393975,0,0.184769,0,0.032382,0,4.1e-05,0
0,0.730491,1,0.4473,0,0.570717,1,0.13465,1
0,0.261239,0,0.305874,0,0.205717,0,0.009344,0
0,0.703427,1,0.272277,0,0.158726,0,0.013239,0
0,0.73388,1,0.38013,0,0.080366,0,0.084971,1
0,0.294802,0,0.17536,0,0.022033,0,3e-05,0
1,0.657721,1,0.259348,0,0.109979,0,0.070382,1
0,0.511781,1,0.246952,0,0.023429,0,0.008185,0
0,0.509791,1,0.604196,1,0.736333,1,0.008836,0
0,0.45739,0,0.187598,0,0.187511,0,0.011949,0
0,0.000144,0,0.000765,0,0.002057,0,3.7e-05,0
0,0.081465,0,0.000298,0,0.002054,0,0.000444,0
0,0.061477,0,0.014027,0,0.0134,0,0.000154,0
0,0.000201,0,0.00046,0,0.001588,0,4.4e-05,0
0,0.000147,0,0.002801,0,0.001847,0,2.8e-05,0
0,0.048835,0,0.000296,0,0.000303,0,1.3e-05,0
0,0.046818,0,0.004156,0,0.003659,0,0.000434,0
0,0.036536,0,4.3e-05,0,0.000732,0,7.3e-05,0
0,0.000136,0,0.000876,0,0.001561,0,4e-06,0
0,0.000279,0,0.021074,0,0.003192,0,0.000101,0
0,0.03734,0,0.003106,0,0.00367,0,0.000537,0
0,0.000111,0,0.001132,0,0.001101,0,8e-06,0
0,0.058661,0,0.000818,0,0.003884,0,6.1e-05,0
0,0.000134,0,0.008119,0,0.003585,0,2.1e-05,0
0,0.000171,0,0.000876,0,0.002018,0,7e-05,0
0,0.000288,0,0.005173,0,0.001084,0,6.9e-05,0
0,0.035112,0,0.002107,0,0.001789,0,5.9e-05,0
0,0.000288,0,0.001784,0,0.001817,0,4.4e-05,0
0,0.00017,0,0.00046,0,0.002268,0,3.5e-05,0
0,0.051108,0,0.000296,0,0.001206,0,8e-05,0
0,0.044479,0,0.0,0,0.002176,0,8e-06,0
0,0.028124,0,0.00647,0,0.008235,0,8e-06,0
0,0.000136,0,0.027685,0,0.00546,0,2.5e-05,0
0,0.021805,0,0.00187,0,0.001181,0,2e-06,0
0,0.027141,0,0.000416,0,0.003294,0,4e-06,0
0,0.000124,0,0.000522,0,0.003045,0,3e-06,0
0,0.000128,0,0.107223,0,0.013172,0,2.9e-05,0
0,7.6e-05,0,0.024846,0,0.003072,0,4e-06,0
0,0.000211,0,0.008961,0,0.007785,0,0.000101,0
0,0.000117,0,0.016624,0,0.002354,0,7e-06,0
0,0.025245,0,0.014102,0,0.004523,0,8e-06,0
0,0.000626,0,0.006405,0,0.001758,0,0.000217,0
0,0.000193,0,0.007269,0,0.004167,0,6.7e-05,0
0,0.992676,1,0.6477,1,0.452347,0,0.016425,0
0,0.230366,0,0.22747,0,0.210961,0,0.013786,0
0,0.835236,1,0.683178,1,0.259951,0,0.196281,1
0,0.930249,1,0.715657,1,0.511152,1,0.001262,0
0,0.864739,1,0.810965,1,0.917932,1,0.242145,1
0,0.361863,0,0.041804,0,0.013342,0,9.4e-05,0
0,0.248312,0,0.034616,0,0.003148,0,0.000213,0
0,0.478215,0,0.042742,0,0.009051,0,8.7e-05,0
0,0.330524,0,0.045541,0,0.007211,0,0.000208,0
0,0.191945,0,0.005008,0,0.003555,0,0.006702,0
0,0.35683,0,0.043666,0,0.012564,0,0.000207,0
0,0.194148,0,0.034816,0,0.007393,0,0.000156,0
0,0.172861,0,0.008762,0,0.002231,0,0.000207,0
0,0.300785,0,0.030424,0,0.005199,0,0.000286,0
0,0.007705,0,0.063637,0,0.008011,0,0.000661,0
0,0.170927,0,0.004859,0,0.002173,0,0.008071,0
1,0.366997,0,0.724951,1,0.962252,1,0.250984,1
0,0.001607,0,0.006782,0,0.002172,0,8e-06,0
0,0.000653,0,0.020013,0,0.01,0,3.7e-05,0
0,0.179461,0,0.054863,0,0.012301,0,0.000269,0
0,0.190939,0,0.062323,0,0.059218,0,0.010041,0
0,0.196446,0,0.048228,0,0.050004,0,0.000479,0
0,0.141939,0,0.045798,0,0.010803,0,0.000726,0
0,0.205273,0,0.05125,0,0.036804,0,0.000587,0
0,0.287141,0,0.001295,0,0.002591,0,0.000555,0
0,0.40659,0,0.034006,0,0.026528,0,0.005901,0
0,0.002987,0,0.024218,0,0.027274,0,0.001066,0
0,0.214967,0,0.018375,0,0.005231,0,0.001348,0
0,0.216474,0,0.086753,0,0.053897,0,0.062369,1
0,0.001383,0,0.02921,0,0.010814,0,0.00077,0
0,0.124091,0,0.028527,0,0.014686,0,8.4e-05,0
0,0.123637,0,0.076241,0,0.007069,0,5.2e-05,0
1,0.142507,0,0.054837,0,0.074813,0,0.002223,0
0,0.002165,0,0.016742,0,0.011018,0,0.00173,0
0,0.178753,0,0.040519,0,0.01399,0,0.000873,0
0,0.341575,0,0.103976,0,0.15961,0,0.011421,0
0,0.605864,1,0.024021,0,0.004416,0,0.001968,0
0,0.520785,1,0.01155,0,0.003355,0,0.009168,0
0,0.978963,1,0.075933,0,0.015204,0,0.001485,0
0,0.566861,1,0.011287,0,0.003832,0,0.0749,1
0,0.871019,1,0.797416,1,0.475807,0,0.105054,1
0,0.606789,1,0.349958,0,0.144281,0,0.006973,0
0,0.654286,1,0.027207,0,0.005372,0,0.0215,0
0,0.535254,1,0.032261,0,0.004087,0,0.008443,0
0,0.531066,1,0.067805,0,0.088204,0,0.00511,0
0,0.619878,1,0.192396,0,0.193856,0,0.01485,0
0,0.796955,1,0.500101,1,0.083161,0,0.004093,0
0,0.461195,0,0.151355,0,0.088986,0,0.000702,0
0,0.564967,1,0.290747,0,0.107443,0,0.013079,0
0,0.662352,1,0.258745,0,0.256259,0,0.175574,1
0,0.382971,0,0.075332,0,0.018743,0,0.004629,0
0,0.380785,0,0.009812,0,0.002428,0,4.1e-05,0
0,0.725326,1,0.385664,0,0.245241,0,0.014431,0
0,0.239656,0,0.014229,0,0.011552,0,0.003793,0
0,0.166052,0,0.024916,0,0.005257,0,0.001754,0
1,0.786581,1,0.705929,1,0.894705,1,0.313038,1
0,0.42236,0,0.144584,0,0.014734,0,2.7e-05,0
0,0.495416,0,0.00109,0,0.003859,0,0.001199,0
0,0.082213,0,0.030558,0,0.006126,0,0.000404,0
0,0.146874,0,0.08314,0,0.050592,0,0.000255,0
0,0.846102,1,0.583295,1,0.415722,0,0.012046,0
0,0.485226,0,0.471412,0,0.433829,0,0.001596,0
0,0.631582,1,0.224776,0,0.066674,0,6.3e-05,0
0,4e-06,0,0.163826,0,0.043734,0,0.003685,0
0,0.425982,0,0.252577,0,0.088755,0,0.00097,0
0,0.444602,0,0.376345,0,0.512145,1,0.151164,1
0,0.587577,1,0.217922,0,0.120639,0,0.001259,0
0,0.7293,1,0.256044,0,0.082727,0,0.008351,0
0,0.999999,1,0.174467,0,0.119128,0,0.003687,0
0,0.430677,0,0.031456,0,0.009765,0,0.005697,0
0,0.080957,0,0.01563,0,0.017507,0,2e-06,0
0,0.291444,0,0.094235,0,0.095687,0,0.008807,0
0,0.349515,0,0.212437,0,0.308162,0,0.596189,1
0,0.209435,0,0.096925,0,0.008857,0,0.00131,0
0,0.324404,0,0.171842,0,0.235739,0,0.039768,1
0,0.516452,1,0.031583,0,0.045796,0,0.182207,1
0,0.381862,0,0.115631,0,0.047876,0,0.036098,1
0,0.172468,0,0.019424,0,0.00647,0,0.002791,0
0,0.672768,1,0.059431,0,0.01666,0,0.168212,1
0,0.150156,0,0.142333,0,0.124143,0,0.001719,0
0,0.322456,0,0.22289,0,0.013405,0,0.003492,0
0,0.316227,0,0.254897,0,0.371693,0,0.042842,1
0,0.623656,1,0.251818,0,0.168957,0,0.002972,0
0,0.188049,0,0.146159,0,0.061889,0,0.002587,0
1,0.653515,1,0.653856,1,0.880355,1,0.145682,1
0,0.342932,0,0.360723,0,0.203988,0,0.00473,0
0,0.441861,0,0.090843,0,0.032239,0,0.082044,1
0,0.509853,1,0.480597,0,0.254902,0,0.026746,0
0,0.295332,0,0.085289,0,0.028272,0,0.007571,0
0,0.441047,0,0.177521,0,0.038203,0,0.002193,0
0,0.336615,0,0.115394,0,0.148279,0,0.00275,0
0,0.594043,1,0.155451,0,0.015121,0,0.004832,0
0,0.487705,0,0.01709,0,0.003097,0,0.000373,0
0,0.618536,1,0.12604,0,0.026387,0,0.000997,0
1,0.517553,1,0.31249,0,0.346012,0,0.38538,1
0,0.407522,0,0.201169,0,0.056227,0,0.000917,0
0,0.244472,0,0.048362,0,0.015572,0,0.019155,0
0,0.626392,1,0.115904,0,0.024856,0,0.000188,0
0,0.483574,0,0.15547,0,0.052046,0,0.00749,0
0,0.314705,0,0.231207,0,0.059142,0,1.4e-05,0
0,0.5694,1,0.096843,0,0.100277,0,0.001151,0
0,0.205307,0,0.021867,0,0.009902,0,0.000161,0
0,0.284952,0,0.141235,0,0.034547,0,0.00834,0
0,0.361126,0,0.356111,0,0.15858,0,0.001385,0
0,0.474512,0,0.156572,0,0.034908,0,0.000562,0
0,0.475008,0,0.05323,0,0.004979,0,0.000538,0
0,0.438479,0,0.009615,0,0.001723,0,0.003551,0
0,0.147902,0,0.012955,0,0.005595,0,0.001988,0
0,0.392454,0,0.353421,0,0.138598,0,0.000139,0
0,0.558791,1,0.020567,0,0.007704,0,9.3e-05,0
0,0.301586,0,0.068902,0,0.022762,0,0.038485,1
0,0.229426,0,0.038871,0,0.012412,0,0.003211,0
0,0.32331,0,0.109314,0,0.04618,0,0.024726,0
0,0.70578,1,0.123203,0,0.00601,0,0.012347,0
0,0.324582,0,0.209847,0,0.388122,0,0.026066,0
1,0.48562,0,0.268896,0,0.563278,1,0.028461,0
0,0.427307,0,0.111859,0,0.069144,0,0.002612,0
0,0.400664,0,0.227133,0,0.420343,0,0.005902,0
0,0.266077,0,0.075371,0,0.005346,0,0.009314,0
0,0.484561,0,0.137899,0,0.02908,0,0.002144,0
0,0.542707,1,0.288434,0,0.18343,0,0.040573,1
0,0.66025,1,0.27457,0,0.209495,0,0.03233,0
0,0.23351,0,0.096312,0,0.026052,0,0.002349,0
0,0.37359,0,0.07427,0,0.008761,0,0.001107,0
0,0.640036,1,0.100145,0,0.053511,0,0.092107,1
0,0.353726,0,0.098971,0,0.03024,0,0.000272,0
0,0.456603,0,0.100381,0,0.016067,0,0.004976,0
0,0.474636,0,0.138399,0,0.103763,0,0.000425,0
0,0.153558,0,0.098394,0,0.018181,0,0.00018,0
0,0.633934,1,0.095791,0,0.003079,0,0.003767,0
0,0.237818,0,0.095,0,0.024393,0,0.000872,0
0,0.383794,0,0.313287,0,0.643047,1,0.011655,0
0,0.255329,0,0.206247,0,0.213341,0,0.005186,0
0,0.275794,0,0.200163,0,0.052155,0,0.004966,0
0,0.612068,1,0.295352,0,0.066128,0,0.099412,1
0,0.620281,1,0.23558,0,0.106174,0,0.003568,0
0,0.156592,0,0.143473,0,0.058563,0,0.001731,0
0,0.561562,1,0.328112,0,0.145292,0,0.181353,1
0,0.428087,0,0.114003,0,0.050659,0,0.011545,0
0,0.645304,1,0.420592,0,0.181076,0,0.159951,1
1,0.322855,0,0.543447,1,0.777289,1,0.078096,1
0,0.313651,0,0.281599,0,0.037678,0,0.001819,0
0,0.326778,0,0.147718,0,0.090134,0,0.007867,0
0,0.472482,0,0.205269,0,0.246152,0,0.017965,0
0,0.431436,0,0.204939,0,0.196561,0,0.006743,0
0,3e-06,0,0.147074,0,0.005453,0,0.003558,0
0,0.340024,0,0.206448,0,0.112195,0,0.004582,0
0,0.242829,0,0.133441,0,0.01353,0,2.5e-05,0
0,0.48759,0,0.380217,0,0.11834,0,0.049717,1
0,0.492709,0,0.298453,0,0.056282,0,0.007183,0
0,0.421656,0,0.087134,0,0.14795,0,0.008685,0
0,0.316444,0,0.253032,0,0.298376,0,0.001763,0
0,0.577347,1,0.453151,0,0.264953,0,0.129107,1
0,0.590199,1,0.265157,0,0.265642,0,0.00097,0
0,0.03055,0,0.000296,0,0.001282,0,2.6e-05,0
0,0.000107,0,0.000644,0,0.000461,0,1.5e-05,0
0,0.000229,0,0.013615,0,0.003222,0,0.00022,0
0,0.0001,0,0.001919,0,0.001487,0,3e-06,0
0,0.048249,0,0.000503,0,0.000839,0,0.000131,0
0,0.032819,0,0.000965,0,0.003877,0,5e-06,0
0,0.043127,0,4.3e-05,0,0.000933,0,3.4e-05,0
0,0.03093,0,0.001557,0,0.00304,0,3e-06,0
0,0.0,0,0.006266,0,0.000979,0,0.003558,0
0,0.011229,0,0.001305,0,0.001594,0,7e-06,0
0,0.027272,0,0.010525,0,0.003815,0,1e-06,0
0,9.3e-05,0,0.038939,0,0.005705,0,2e-06,0
0,0.021812,0,0.00142,0,0.00374,0,2e-06,0
0,0.000336,0,0.0048,0,0.003768,0,0.000125,0
0,0.000711,0,0.105934,0,0.030516,0,1.8e-05,0
0,0.606236,1,0.054339,0,0.053033,0,0.001136,0
0,0.535397,1,0.131166,0,0.075799,0,0.00148,0
0,0.424857,0,0.057888,0,0.011992,0,0.001406,0
0,0.224599,0,0.054425,0,0.006453,0,0.002426,0
0,0.131969,0,0.001671,0,0.000754,0,0.000665,0
0,0.255976,0,0.035112,0,0.016306,0,0.002458,0
0,0.175757,0,0.070147,0,0.060987,0,0.008466,0
0,0.200878,0,0.003033,0,0.00288,0,0.010436,0
0,0.149083,0,0.054895,0,0.026804,0,0.000217,0
0,0.213678,0,0.015384,0,0.003873,0,1.6e-05,0
0,0.678931,1,0.431073,0,0.438522,0,0.00162,0
0,0.394079,0,0.035135,0,0.03109,0,0.011776,0
0,0.397643,0,0.164743,0,0.079299,0,0.006109,0
0,0.527413,1,0.131413,0,0.062779,0,0.027498,0
0,0.30855,0,0.070485,0,0.010367,0,0.000852,0
0,0.850017,1,0.471421,0,0.226115,0,0.01265,0
0,0.626064,1,0.109726,0,0.037214,0,0.107823,1
0,0.49468,0,0.149287,0,0.023709,0,0.083528,1
0,0.265601,0,0.055515,0,0.02752,0,0.001229,0
0,0.653353,1,0.108528,0,0.030483,0,0.00162,0
0,0.633831,1,0.388237,0,0.168016,0,0.157349,1
0,0.656257,1,0.15246,0,0.029825,0,0.000245,0
0,0.408574,0,0.165093,0,0.01482,0,0.00272,0
0,0.840767,1,0.140081,0,0.022344,0,0.015776,0
0,0.074404,0,0.118282,0,0.003141,0,0.000152,0
0,0.170703,0,0.142681,0,0.046996,0,0.000328,0
0,0.25392,0,0.089248,0,0.031325,0,0.032888,0
0,0.289064,0,0.107315,0,0.014427,0,0.000353,0
0,6e-06,0,0.051243,0,0.006501,0,0.002898,0
0,0.0,0,0.046447,0,0.018328,0,0.003565,0
1,0.755045,1,0.771284,1,0.917893,1,0.532996,1
0,0.82322,1,0.599989,1,0.733118,1,0.376107,1
0,0.643325,1,0.420957,0,0.302768,0,0.011866,0
0,0.597082,1,0.493653,0,0.200104,0,0.000834,0
0,0.633855,1,0.365648,0,0.250012,0,0.075819,1
0,0.310815,0,0.168338,0,0.033719,0,0.030258,0
0,0.076176,0,0.021569,0,0.002478,0,0.002227,0
0,0.595334,1,0.126132,0,0.04934,0,0.005201,0
0,0.332068,0,0.093356,0,0.006471,0,9e-06,0
0,0.447675,0,0.083938,0,0.007254,0,0.002524,0
0,0.73261,1,0.227854,0,0.095124,0,0.041414,1
0,0.151231,0,0.092916,0,0.023675,0,0.018611,0
0,0.565682,1,0.144363,0,0.2371,0,0.048888,1
0,0.291117,0,0.165862,0,0.016914,0,0.003287,0
0,0.459053,0,0.187472,0,0.089114,0,0.000504,0
0,0.506301,1,0.116432,0,0.018029,0,0.00625,0
0,0.594925,1,0.187331,0,0.011736,0,0.004194,0
0,0.437027,0,0.268698,0,0.036564,0,0.004767,0
0,0.618768,1,0.263646,0,0.202234,0,0.01091,0
0,0.663832,1,0.311257,0,0.21092,0,0.00098,0
0,0.722172,1,0.191692,0,0.081415,0,0.000759,0
0,0.665042,1,0.10717,0,0.027312,0,0.001966,0
0,0.665982,1,0.431208,0,0.270511,0,0.089501,1
0,0.419437,0,0.248675,0,0.176499,0,0.108867,1
0,0.685881,1,0.267873,0,0.093109,0,0.002492,0
0,0.771149,1,0.510311,1,0.584396,1,0.089079,1
0,0.006561,0,0.043909,0,0.001753,0,0.000666,0
0,0.517949,1,0.222179,0,0.258268,0,0.00797,0
0,0.450888,0,0.227704,0,0.067891,0,0.00387,0
0,0.330769,0,0.126119,0,0.033533,0,0.002278,0
0,0.612189,1,0.246079,0,0.028396,0,0.265224,1
0,0.574583,1,0.160643,0,0.129675,0,0.009356,0
0,0.649713,1,0.278352,0,0.154569,0,0.002785,0
0,0.342444,0,0.366491,0,0.383984,0,0.022994,0
0,0.773673,1,0.349696,0,0.066028,0,0.000214,0
0,0.636608,1,0.558797,1,0.35854,0,0.908209,1
0,0.47579,0,0.151706,0,0.002653,0,0.01605,0
0,0.029306,0,0.103934,0,0.037207,0,0.000708,0
0,0.518982,1,0.238359,0,0.105153,0,7.3e-05,0
0,0.03587,0,0.002046,0,0.001853,0,1.2e-05,0
0,0.00154,0,0.003668,0,0.004136,0,1.9e-05,0
0,0.20617,0,0.017383,0,0.008523,0,0.000259,0
0,0.50049,1,0.127472,0,0.036954,0,0.014528,0
0,0.496905,0,0.063372,0,0.014531,0,0.005219,0
0,0.199858,0,0.077367,0,0.003408,0,4.2e-05,0
0,0.17633,0,0.122416,0,0.02534,0,7.2e-05,0
0,0.849929,1,0.299784,0,0.58341,1,0.00094,0
0,0.660507,1,0.193325,0,0.10231,0,0.038992,1
0,0.588929,1,0.229255,0,0.404042,0,0.060543,1
0,0.82508,1,0.386225,0,0.253198,0,0.000929,0
0,0.558186,1,0.051657,0,0.016351,0,0.003362,0
0,0.093803,0,0.105493,0,0.02521,0,0.000306,0
0,0.470621,0,0.031423,0,0.018547,0,0.000838,0
1,0.874159,1,0.606299,1,0.71202,1,0.009188,0
0,0.243397,0,0.070778,0,0.019152,0,0.009678,0
0,0.540175,1,0.169914,0,0.140478,0,0.057436,1
0,0.436442,0,0.078009,0,0.020395,0,0.00104,0
0,0.331866,0,0.062206,0,0.015492,0,0.004888,0
0,0.596023,1,0.246529,0,0.076314,0,0.004505,0
0,0.426397,0,0.355688,0,0.17725,0,0.000477,0
0,0.425989,0,0.119664,0,0.208918,0,0.046248,1
0,0.500097,1,0.230643,0,0.053569,0,0.003738,0
0,0.672792,1,0.554968,1,0.627332,1,0.064097,1
0,0.821772,1,0.066671,0,0.132316,0,0.001201,0
0,0.503955,1,0.052078,0,0.009075,0,0.009715,0
0,0.540477,1,0.284637,0,0.396115,0,0.012291,0
0,0.511575,1,0.08104,0,0.097754,0,0.002685,0
0,0.56698,1,0.584931,1,0.340386,0,0.000531,0
0,0.715251,1,0.098396,0,0.044524,0,0.003557,0
0,0.443095,0,0.191744,0,0.189505,0,0.045882,1
0,0.658967,1,0.487782,0,0.528258,1,0.259647,1
0,0.321113,0,0.077416,0,0.033236,0,0.004499,0
0,0.389645,0,0.131774,0,0.017912,0,0.004093,0
0,0.747972,1,0.098848,0,0.054852,0,0.217917,1
0,0.794357,1,0.208521,0,0.020167,0,0.013977,0
0,0.450354,0,0.061852,0,0.02582,0,0.021592,0
0,0.60992,1,0.02851,0,0.081429,0,0.001894,0
0,0.594823,1,0.15824,0,0.125748,0,0.025674,0
0,0.056745,0,0.09299,0,0.042893,0,4.9e-05,0
0,0.20116,0,0.015767,0,0.01589,0,0.002496,0
0,0.079246,0,0.032173,0,0.010717,0,0.000115,0
0,0.605375,1,0.071833,0,0.0415,0,0.024111,0
0,0.078386,0,0.032456,0,0.007246,0,0.000468,0
0,0.515633,1,0.127794,0,0.117063,0,0.022159,0
0,0.09324,0,0.032639,0,0.008918,0,0.00028,0
0,0.715589,1,0.531792,1,0.512842,1,0.05191,1
0,0.613771,1,0.091204,0,0.00874,0,7.2e-05,0
0,0.595344,1,0.032595,0,0.068505,0,0.003434,0
0,0.400607,0,0.206281,0,0.043852,0,0.006748,0
0,0.493251,0,0.10677,0,0.062017,0,0.015283,0
0,0.602922,1,0.079434,0,0.091248,0,0.035112,1
0,0.723288,1,0.509906,1,0.219623,0,0.00186,0
0,0.662411,1,0.080469,0,0.027143,0,0.012473,0
0,0.562258,1,0.037912,0,0.01118,0,0.000741,0
0,0.265154,0,0.06182,0,0.058749,0,0.006894,0
0,0.436827,0,0.042492,0,0.006452,0,0.003819,0
0,0.532818,1,0.191789,0,0.165333,0,0.004073,0
0,0.573305,1,0.44506,0,0.058877,0,0.009371,0
0,0.422487,0,0.338547,0,0.182066,0,0.002366,0
0,0.821858,1,0.541655,1,0.610128,1,0.214783,1
0,0.859931,1,0.05107,0,0.065646,0,0.007232,0
0,0.497944,0,0.470921,0,0.226852,0,0.013694,0
0,0.328006,0,0.067014,0,0.028102,0,0.00121,0
0,0.543219,1,0.059545,0,0.018691,0,0.001511,0
0,0.07147,0,0.019023,0,0.003709,0,0.000138,0
0,0.562153,1,0.080879,0,0.019001,0,0.010428,0
0,0.677345,1,0.430461,0,0.418298,0,0.112175,1
0,0.432387,0,0.05636,0,0.018513,0,0.017643,0
0,0.87456,1,0.378182,0,0.056315,0,0.043988,1
0,0.516647,1,0.020023,0,0.01123,0,6.3e-05,0
0,0.054594,0,0.172096,0,0.024247,0,0.000176,0
0,0.511578,1,0.097441,0,0.026618,0,0.023965,0
0,0.88237,1,0.402048,0,0.318661,0,0.100227,1
0,0.574918,1,0.122609,0,0.007664,0,0.000326,0
1,0.645304,1,0.479435,0,0.654,1,0.187264,1
0,0.592184,1,0.355441,0,0.379203,0,0.071224,1
0,0.360381,0,0.375754,0,0.315682,0,0.048738,1
0,0.305982,0,0.136236,0,0.041575,0,0.006841,0
0,0.264726,0,0.166846,0,0.021168,0,0.003355,0
0,0.482406,0,0.047781,0,0.011449,0,3.3e-05,0
0,0.096263,0,0.096213,0,0.013533,0,0.000403,0
0,0.380949,0,0.030763,0,0.001785,0,0.004767,0
0,0.306794,0,0.058489,0,0.002328,0,0.002041,0
0,0.406722,0,0.320598,0,0.196758,0,0.000407,0
0,0.999899,1,0.065192,0,0.038076,0,0.003687,0
0,0.473145,0,0.415511,0,0.411973,0,0.047145,1
0,0.79136,1,0.3462,0,0.237375,0,0.19279,1
1,0.748765,1,0.799434,1,0.80453,1,0.245328,1
0,0.59883,1,0.058438,0,0.026777,0,0.020261,0
0,0.715483,1,0.11919,0,0.039912,0,0.015684,0
0,0.312411,0,0.129293,0,0.007432,0,0.099784,1
0,0.150784,0,0.031919,0,0.054722,0,0.004906,0
0,0.393775,0,0.275557,0,0.173761,0,0.000684,0
0,0.600279,1,0.218186,0,0.03766,0,0.003045,0
0,0.170451,0,0.01145,0,0.002359,0,0.001145,0
0,0.405902,0,0.51895,1,0.199999,0,0.025646,0
0,0.095435,0,0.26956,0,0.106148,0,5.6e-05,0
0,0.154286,0,0.231507,0,0.078932,0,0.000329,0
0,0.657156,1,0.491247,0,0.355508,0,0.257816,1
0,0.447691,0,0.181439,0,0.089076,0,0.022643,0
0,0.547852,1,0.316182,0,0.392385,0,0.015144,0
0,0.361097,0,0.062334,0,0.056336,0,0.003383,0
0,0.370541,0,0.058997,0,0.015898,0,0.000377,0
0,0.29243,0,0.134101,0,0.01922,0,0.000719,0
0,0.510696,1,0.087949,0,0.02371,0,0.007791,0
0,0.06224,0,0.003748,0,0.001311,0,0.000113,0
0,0.613324,1,0.106886,0,0.052234,0,0.069835,1
0,0.209108,0,0.506635,1,0.602373,1,0.001748,0
0,0.351589,0,0.129031,0,0.051799,0,0.005566,0
0,0.571304,1,0.466262,0,0.329938,0,0.001361,0
0,0.532127,1,0.142247,0,0.040805,0,0.013419,0
0,0.699336,1,0.808579,1,0.847634,1,0.03005,0
0,0.550191,1,0.133591,0,0.077798,0,0.018326,0
0,0.54313,1,0.040133,0,0.002932,0,0.000247,0
0,0.65267,1,0.495954,0,0.4712,0,0.001681,0
0,0.551433,1,0.162243,0,0.103851,0,0.008442,0
0,0.567292,1,0.116486,0,0.051596,0,0.009733,0
0,0.365956,0,0.244724,0,0.072452,0,0.006087,0
0,0.420432,0,0.031337,0,0.007675,0,0.003164,0
0,0.557912,1,0.238438,0,0.070489,0,0.05281,1
0,0.523811,1,0.106049,0,0.171423,0,0.001161,0
0,0.028148,0,0.042777,0,0.013545,0,0.00053,0
0,1.9e-05,0,0.226103,0,0.001802,0,0.000112,0
0,0.272501,0,0.073368,0,0.079544,0,0.001368,0
0,0.420492,0,0.173455,0,0.099132,0,0.045929,1
0,0.135474,0,0.02097,0,0.002153,0,9.1e-05,0
0,0.434097,0,0.092472,0,0.006053,0,0.000975,0
0,0.189754,0,0.09009,0,0.008071,0,0.000317,0
0,0.236951,0,0.083761,0,0.017038,0,0.000259,0
0,0.476788,0,0.271343,0,0.151188,0,0.005571,0
0,0.013284,0,0.07058,0,0.002283,0,0.000266,0
0,0.398438,0,0.314171,0,0.045207,0,0.000199,0
0,0.243869,0,0.059226,0,0.002338,0,3.5e-05,0
0,0.218424,0,0.257581,0,0.038279,0,5.5e-05,0
0,0.358343,0,0.030505,0,0.007258,0,0.002514,0
0,0.579726,1,0.22835,0,0.254088,0,0.079819,1
0,0.204048,0,0.039348,0,0.014039,0,0.000138,0
0,0.344907,0,0.20081,0,0.088517,0,0.006311,0
0,0.040772,0,0.086326,0,0.007687,0,9e-06,0
0,0.385242,0,0.085942,0,0.009093,0,0.009463,0
0,0.294657,0,0.276176,0,0.026919,0,0.026174,0
0,0.333178,0,0.075274,0,0.020103,0,0.035653,1
0,0.41993,0,0.20245,0,0.042268,0,0.02209,0
0,0.505672,1,0.472445,0,0.487438,0,0.073069,1
0,0.366809,0,0.196232,0,0.225235,0,0.011979,0
0,0.283476,0,0.151834,0,0.041821,0,0.014655,0
0,0.590773,1,0.305048,0,0.440235,0,0.081405,1
0,0.489285,0,0.306277,0,0.076871,0,0.009616,0
0,0.480274,0,0.418803,0,0.522581,1,0.002554,0
0,0.383469,0,0.310414,0,0.260998,0,0.024347,0
0,0.499892,0,0.356417,0,0.24238,0,0.003328,0
0,0.670785,1,0.201394,0,0.192041,0,0.06114,1
0,0.414139,0,0.155082,0,0.128494,0,0.181182,1
0,0.475921,0,0.361084,0,0.160962,0,0.006761,0
0,0.611205,1,0.050023,0,0.028625,0,0.008003,0
0,0.31402,0,0.230855,0,0.06488,0,0.002047,0
0,0.046789,0,0.000402,0,0.001714,0,8.8e-05,0
0,0.034895,0,0.016098,0,0.006866,0,0.000201,0
0,0.04094,0,0.003065,0,0.001825,0,0.000111,0
0,0.000152,0,0.00046,0,0.002285,0,2.1e-05,0
0,0.040905,0,0.001331,0,0.000521,0,0.000215,0
0,0.000222,0,0.000207,0,0.003521,0,3.7e-05,0
0,0.000109,0,0.000818,0,0.001599,0,2.4e-05,0
0,0.000149,0,0.009715,0,0.002499,0,7.3e-05,0
0,0.068595,0,0.006274,0,0.002225,0,0.000209,0
0,0.000185,0,0.001437,0,0.001197,0,3.3e-05,0
0,0.000236,0,0.009627,0,0.001257,0,0.000108,0
0,0.000157,0,0.000402,0,0.001246,0,6.5e-05,0
0,0.23108,0,0.169546,0,0.066403,0,0.007233,0
0,0.054073,0,0.12441,0,0.113609,0,0.000326,0
0,0.029914,0,0.000273,0,0.001797,0,8e-06,0
0,0.040385,0,0.009175,0,0.003109,0,0.000597,0
0,0.070927,0,0.027851,0,0.005111,0,0.000225,0
0,0.027478,0,0.042404,0,0.005992,0,7e-06,0
0,0.079076,0,0.141447,0,0.009525,0,0.003096,0
0,0.082436,0,0.04914,0,0.009456,0,0.000251,0
0,0.036204,0,0.009524,0,0.003111,0,5e-06,0
0,0.045568,0,0.037452,0,0.038537,0,0.000551,0
0,0.031033,0,0.015518,0,0.002806,0,9e-06,0
0,0.027647,0,0.012236,0,0.006514,0,1e-05,0
0,0.021702,0,0.007052,0,0.003947,0,2e-06,0
0,0.027228,0,0.013675,0,0.006506,0,1.2e-05,0
0,0.052699,0,0.062689,0,0.027121,0,0.00016,0
0,0.026515,0,0.002953,0,0.004721,0,9e-06,0
0,0.021809,0,0.006146,0,0.000878,0,4e-06,0
0,0.018959,0,0.000459,0,0.002711,0,1e-06,0
0,0.000105,0,0.002915,0,0.002981,0,4e-06,0
0,0.796593,1,0.249939,0,0.19411,0,0.008151,0
0,0.978144,1,0.732511,1,0.888462,1,0.024024,0
0,0.80606,1,0.066221,0,0.041457,0,0.025365,0
0,0.234169,0,0.046303,0,0.023857,0,0.000136,0
0,0.262568,0,0.042758,0,0.012835,0,0.00014,0
0,0.000831,0,0.002784,0,0.001903,0,0.000306,0
0,0.36107,0,0.046609,0,0.020153,0,0.000182,0
0,0.218043,0,0.03402,0,0.00936,0,0.000131,0
0,0.37097,0,0.044974,0,0.020126,0,0.000139,0
0,0.307296,0,0.083355,0,0.021179,0,0.001681,0
0,0.250282,0,0.039275,0,0.053876,0,0.002202,0
0,0.229151,0,0.045721,0,0.008,0,0.000128,0
0,0.174198,0,0.010584,0,0.006208,0,0.012619,0
0,0.09278,0,0.046514,0,0.011449,0,0.000787,0
0,0.334048,0,0.014845,0,0.007835,0,0.000709,0
0,0.041727,0,0.002814,0,0.004767,0,0.000305,0
0,0.001719,0,0.007196,0,0.003274,0,0.00019,0
0,0.335098,0,0.004785,0,0.002135,0,0.001682,0
0,0.001387,0,0.003638,0,0.006456,0,0.012622,0
0,0.071383,0,0.009342,0,0.000649,0,0.000432,0
0,0.391896,0,0.115574,0,0.066525,0,0.000371,0
0,0.146915,0,0.003162,0,0.001341,0,0.000166,0
0,0.001034,0,0.008407,0,0.002772,0,0.000238,0
0,0.021733,0,0.003084,0,0.001009,0,9.2e-05,0
0,0.183192,0,0.051066,0,0.034683,0,0.142538,1
0,0.229816,0,0.048929,0,0.053825,0,0.035799,1
0,0.001125,0,0.033645,0,0.021759,0,0.000356,0
0,0.438845,0,0.208831,0,0.038536,0,0.001259,0
0,0.214086,0,0.212201,0,0.041153,0,0.000501,0
0,0.226436,0,0.127704,0,0.030558,0,0.000281,0
0,0.202359,0,0.161557,0,0.057475,0,0.000116,0
0,0.909855,1,0.128862,0,0.069315,0,0.001123,0
0,0.449237,0,0.214671,0,0.129782,0,0.004821,0
0,0.351486,0,0.229698,0,0.031038,0,0.000193,0
0,0.125998,0,0.102614,0,0.02038,0,1e-06,0
0,0.241478,0,0.186164,0,0.211176,0,0.000544,0
0,0.463831,0,0.161802,0,0.082172,0,0.000524,0
0,0.124522,0,0.206046,0,0.143625,0,0.000127,0
0,0.45113,0,0.100745,0,0.019092,0,0.000596,0
0,0.376413,0,0.108407,0,0.008099,0,0.000124,0
0,0.392625,0,0.235071,0,0.115291,0,0.000194,0
0,0.910939,1,0.201779,0,0.088062,0,0.003955,0
0,0.457371,0,0.304138,0,0.018015,0,0.001487,0
0,0.294628,0,0.19994,0,0.037714,0,0.000361,0
0,0.057334,0,0.152651,0,0.130892,0,0.003352,0
0,0.389129,0,0.124645,0,0.00564,0,1.1e-05,0
0,0.193682,0,0.211043,0,0.035124,0,0.000486,0
0,0.100122,0,0.089564,0,0.003443,0,0.0033,0
0,0.259985,0,0.147497,0,0.03132,0,0.004928,0
0,0.070397,0,0.198275,0,0.019653,0,0.003487,0
0,0.189369,0,0.219749,0,0.03683,0,0.00362,0
0,0.058627,0,0.166603,0,0.092728,0,3.2e-05,0
0,0.09001,0,0.205579,0,0.160355,0,0.000341,0
0,0.045997,0,0.155257,0,0.008606,0,0.000113,0
0,0.148289,0,0.072771,0,0.009659,0,0.000444,0
0,0.273691,0,0.25724,0,0.048837,0,0.00049,0
0,0.33023,0,0.114937,0,0.015346,0,0.000415,0
0,0.244084,0,0.185081,0,0.075989,0,0.006069,0
0,0.339953,0,0.191795,0,0.071322,0,0.002092,0
0,0.210352,0,0.149517,0,0.027793,0,0.000866,0
0,0.29412,0,0.10495,0,0.012176,0,0.000591,0
0,0.037793,0,0.202809,0,0.024895,0,0.001125,0
0,0.091964,0,0.119844,0,0.056502,0,0.003999,0
0,0.015264,0,0.170749,0,0.020725,0,2.1e-05,0
0,0.003035,0,0.121516,0,0.018527,0,0.000767,0
0,0.767246,1,0.102309,0,0.086802,0,0.003967,0
0,0.117401,0,0.08012,0,0.013193,0,4e-06,0
0,0.182824,0,0.22936,0,0.097878,0,0.000157,0
0,0.403459,0,0.142419,0,0.033958,0,0.007644,0
0,0.035958,0,0.025278,0,0.016134,0,0.000165,0
0,0.234872,0,0.185042,0,0.067237,0,1e-05,0
0,0.011966,0,0.149607,0,0.034762,0,0.004243,0
0,0.246927,0,0.168187,0,0.059728,0,0.001952,0
0,0.31498,0,0.114197,0,0.053651,0,0.009211,0
0,0.146828,0,0.287698,0,0.202902,0,9.4e-05,0
0,0.081172,0,0.089465,0,0.215142,0,5e-05,0
0,0.066684,0,0.025893,0,0.004219,0,0.000211,0
0,0.375518,0,0.216065,0,0.060321,0,0.000973,0
0,0.028259,0,4.3e-05,0,0.001032,0,6.8e-05,0
0,0.027598,0,4.3e-05,0,0.001075,0,5.3e-05,0
0,0.000158,0,0.027166,0,0.007135,0,7.6e-05,0
0,0.792669,1,0.017594,0,0.004066,0,0.000498,0
0,0.174953,0,0.020403,0,0.005478,0,0.000614,0
0,0.241977,0,0.303342,0,0.229243,0,0.001751,0
0,0.356615,0,0.094387,0,0.086765,0,0.00224,0
0,0.14746,0,0.14079,0,0.099751,0,0.00041,0
0,0.543232,1,0.184154,0,0.13636,0,0.000285,0
0,0.12656,0,0.120251,0,0.023209,0,0.000115,0
0,0.436323,0,0.466691,0,0.584948,1,0.266939,1
0,0.846447,1,0.60839,1,0.363059,0,0.000846,0
0,0.266667,0,0.411537,0,0.07372,0,0.000413,0
0,0.437119,0,0.345958,0,0.067449,0,0.000687,0
0,0.246861,0,0.364989,0,0.061059,0,0.002842,0
0,0.365113,0,0.121947,0,0.06827,0,0.00717,0
0,0.269196,0,0.444483,0,0.229109,0,0.000581,0
0,0.417404,0,0.416337,0,0.372778,0,0.050357,1
0,0.025088,0,0.08108,0,0.016623,0,0.000995,0
0,0.03712,0,0.012364,0,0.004371,0,0.000425,0
0,0.311671,0,0.282749,0,0.224018,0,0.001994,0
0,0.25755,0,0.013219,0,0.015004,0,0.000166,0
0,0.91932,1,0.328678,0,0.33182,0,0.031499,0
0,0.362335,0,0.015503,0,0.017894,0,0.003803,0
0,0.718061,1,0.415845,0,0.386914,0,0.000383,0
0,0.573481,1,0.077229,0,0.022466,0,0.049635,1
0,0.24685,0,0.108665,0,0.040069,0,0.01124,0
0,0.494848,0,0.201395,0,0.550402,1,0.000135,0
0,0.240981,0,0.047697,0,0.007682,0,0.023384,0
0,0.516314,1,0.084912,0,0.019466,0,0.000143,0
0,0.490762,0,0.113857,0,0.033477,0,0.003533,0
0,0.083508,0,0.298079,0,0.136737,0,0.001765,0
0,0.433588,0,0.171074,0,0.060625,0,0.163469,1
0,0.552559,1,0.040327,0,0.013805,0,0.005904,0
0,0.439162,0,0.548713,1,0.591023,1,0.125291,1
0,0.48311,0,0.086813,0,0.019373,0,0.015194,0
0,0.344665,0,0.041575,0,0.009158,0,0.122139,1
0,0.382212,0,0.159053,0,0.037668,0,0.001328,0
0,0.430864,0,0.032243,0,0.009447,0,1.4e-05,0
0,0.182127,0,0.06467,0,0.01899,0,0.000117,0
0,0.708987,1,0.126119,0,0.261473,0,0.920209,1
0,0.735571,1,0.091074,0,0.070299,0,0.032977,0
1,0.652655,1,0.728267,1,0.922718,1,0.2481,1
0,0.459168,0,0.565832,1,0.340723,0,0.023327,0
0,0.933662,1,0.223368,0,0.037991,0,0.086422,1
0,0.399301,0,0.029042,0,0.030198,0,0.000152,0
0,0.119675,0,0.029588,0,0.002461,0,2.2e-05,0
0,0.547634,1,0.066369,0,0.061449,0,0.002212,0
0,0.113408,0,0.091183,0,0.031248,0,0.000356,0
0,0.785642,1,0.471782,0,0.724654,1,0.397962,1
0,0.100051,0,0.305014,0,0.133001,0,7.5e-05,0
0,0.413343,0,0.042692,0,0.003141,0,0.001301,0
1,0.64432,1,0.416081,0,0.741589,1,0.215848,1
0,0.579492,1,0.334267,0,0.172308,0,0.001725,0
0,0.929208,1,0.533631,1,0.251817,0,0.001549,0
0,0.220181,0,0.197633,0,0.086711,0,0.0008,0
0,0.360855,0,0.00461,0,0.007314,0,0.00017,0
0,0.339805,0,0.011216,0,0.003568,0,0.000442,0
0,0.508628,1,0.004655,0,0.003823,0,0.001292,0
0,0.106923,0,0.00307,0,0.001916,0,3.5e-05,0
0,0.311934,0,0.075888,0,0.004995,0,0.001038,0
0,0.476373,0,0.049579,0,0.018872,0,0.007625,0
0,0.105067,0,0.006993,0,0.007629,0,1.1e-05,0
0,0.544058,1,0.052237,0,0.011607,0,0.006657,0
0,0.344119,0,0.014433,0,0.003368,0,0.002707,0
0,0.49183,0,0.003955,0,0.011394,0,0.000152,0
0,0.379523,0,0.112027,0,0.002285,0,7.5e-05,0
0,0.282974,0,0.132498,0,0.062807,0,0.005094,0
0,0.219501,0,0.069273,0,0.012818,0,0.001986,0
0,0.347914,0,0.108093,0,0.030137,0,0.001807,0
0,0.284875,0,0.019955,0,0.018619,0,0.001032,0
0,0.069362,0,0.011807,0,0.007756,0,0.000316,0
0,0.426461,0,0.106608,0,0.056594,0,0.000485,0
0,0.245859,0,0.012624,0,0.010661,0,0.001348,0
0,0.309448,0,0.057022,0,0.02939,0,0.115376,1
0,0.479134,0,0.239499,0,0.203446,0,0.098343,1
0,0.42879,0,0.408015,0,0.253827,0,0.001375,0
0,0.203868,0,0.191015,0,0.096138,0,0.001551,0
0,0.30843,0,0.148007,0,0.024207,0,0.000486,0
0,0.060774,0,0.001721,0,0.001943,0,7.3e-05,0
0,0.033403,0,0.000919,0,0.002483,0,5.5e-05,0
0,0.000187,0,4.3e-05,0,0.003401,0,0.000104,0
0,0.00021,0,0.000296,0,0.002839,0,4.6e-05,0
0,0.137976,0,0.033782,0,0.001771,0,0.000858,0
0,0.000164,0,0.00046,0,0.001678,0,6.6e-05,0
0,0.014096,0,0.001446,0,0.003313,0,5e-06,0
0,0.000165,0,0.024178,0,0.00456,0,6e-06,0
0,0.017577,0,0.000522,0,0.002564,0,2.1e-05,0
0,0.016709,0,0.000522,0,0.001361,0,1e-06,0
0,0.021048,0,0.001207,0,0.002837,0,1e-06,0
0,0.000303,0,0.008072,0,0.007541,0,0.000416,0
0,0.039198,0,0.009728,0,0.00827,0,8.9e-05,0
0,0.000134,0,0.003512,0,0.004446,0,4.5e-05,0
0,0.034504,0,0.022283,0,0.007975,0,2e-06,0
0,0.047502,0,4.3e-05,0,0.003044,0,0.000183,0
0,0.000187,0,0.010632,0,0.002447,0,1.9e-05,0
0,0.172729,0,0.008344,0,0.002643,0,0.000433,0
0,0.101313,0,0.070006,0,0.008082,0,0.000367,0
0,0.155349,0,0.021063,0,0.029179,0,0.002879,0
0,0.147706,0,0.088247,0,0.022294,0,0.013082,0
0,0.182459,0,0.003681,0,0.002973,0,0.013235,0
0,0.186605,0,0.004213,0,0.002629,0,0.006553,0
0,0.172668,0,0.024526,0,0.011469,0,0.000323,0
0,0.200066,0,0.013879,0,0.015563,0,0.000365,0
1,0.401074,0,0.60692,1,0.833878,1,0.063256,1
0,0.7206,1,0.463467,0,0.392515,0,0.131392,1
0,0.379635,0,0.320653,0,0.205025,0,0.041191,1
0,0.141684,0,0.195306,0,0.151208,0,0.002753,0
0,0.735357,1,0.428489,0,0.383463,0,0.092474,1
0,0.608102,1,0.531845,1,0.541755,1,0.159958,1
0,0.773291,1,0.589448,1,0.524039,1,0.006983,0
0,0.794397,1,0.093036,0,0.126868,0,0.001735,0
0,0.543883,1,0.122558,0,0.020512,0,0.000282,0
0,0.92516,1,0.444054,0,0.060628,0,0.000683,0
0,0.172153,0,0.099609,0,0.01146,0,0.001605,0
0,0.63586,1,0.160512,0,0.072284,0,0.002081,0
0,0.388707,0,0.049843,0,0.003257,0,3e-06,0
0,0.331266,0,0.044448,0,0.002946,0,5e-06,0
0,0.246828,0,0.180822,0,0.049417,0,0.000113,0
0,0.36766,0,0.13865,0,0.022828,0,0.013781,0
0,0.054528,0,0.131632,0,0.034283,0,0.000991,0
0,0.525947,1,0.349676,0,0.205154,0,0.113176,1
0,0.765923,1,0.476775,0,0.11979,0,0.04295,1
0,0.296643,0,0.563759,1,0.563309,1,0.239208,1
0,0.198356,0,0.311944,0,0.019247,0,8e-06,0
0,0.34039,0,0.105177,0,0.002934,0,0.017443,0
0,0.496195,0,0.421327,0,0.045867,0,0.020122,0
0,0.416003,0,0.445316,0,0.328527,0,0.027727,0
0,0.278988,0,0.092807,0,0.005262,0,0.000684,0
0,0.521918,1,0.314386,0,0.154754,0,0.006325,0
0,0.431729,0,0.358318,0,0.091018,0,0.002865,0
0,0.236244,0,0.060478,0,0.001693,0,5e-06,0
0,0.504622,1,0.125404,0,0.014205,0,0.024195,0
0,0.51634,1,0.336406,0,0.533864,1,0.010982,0
0,0.443656,0,0.276289,0,0.337893,0,0.01092,0
0,0.325591,0,0.157279,0,0.022401,0,0.00093,0
0,0.500218,1,0.313844,0,0.216541,0,0.028495,0
0,0.457196,0,0.419045,0,0.225281,0,0.14712,1
0,0.367678,0,0.37971,0,0.154819,0,0.016145,0
0,0.396596,0,0.275945,0,0.137556,0,0.037715,1
0,0.355677,0,0.24217,0,0.066886,0,0.007176,0
0,0.393283,0,0.228546,0,0.101429,0,0.043866,1
0,0.467562,0,0.222269,0,0.01122,0,0.000302,0
0,0.562466,1,0.374407,0,0.312593,0,0.005823,0
0,0.408545,0,0.114314,0,0.070763,0,0.016575,0
0,0.509622,1,0.105766,0,0.009116,0,0.019116,0
0,0.485142,0,0.467223,0,0.469512,0,0.024725,0
0,0.610405,1,0.305011,0,0.194056,0,0.04072,1
0,0.637142,1,0.157787,0,0.053324,0,0.124158,1
0,0.247844,0,0.16284,0,0.032053,0,0.0004,0
0,0.500376,1,0.110363,0,0.022924,0,0.001196,0
0,0.518294,1,0.221731,0,0.267261,0,0.016876,0
0,0.462703,0,0.253624,0,0.111082,0,0.001345,0
0,0.291259,0,0.126888,0,0.007383,0,0.00335,0
0,0.411634,0,0.050345,0,0.002928,0,0.000236,0
0,0.517955,1,0.233807,0,0.059465,0,0.060253,1
0,0.275345,0,0.218867,0,0.096014,0,0.068714,1
0,0.583497,1,0.187635,0,0.118052,0,0.001464,0
0,0.404149,0,0.3501,0,0.274592,0,0.040631,1
0,0.409154,0,0.212682,0,0.054669,0,0.014854,0
0,0.409799,0,0.253168,0,0.164019,0,9.7e-05,0
0,0.000182,0,0.000745,0,0.000667,0,0.000109,0
0,0.004804,0,0.032751,0,0.001648,0,9e-06,0
0,0.094741,0,0.014716,0,0.003174,0,9.1e-05,0
0,0.43483,0,0.344885,0,0.250063,0,0.003901,0
0,0.502685,1,0.108142,0,0.031926,0,0.000154,0
0,0.193756,0,0.014942,0,0.00591,0,0.005403,0
0,0.272363,0,0.222336,0,0.047145,0,0.001406,0
0,0.456027,0,0.130399,0,0.096373,0,9.4e-05,0
0,0.267132,0,0.240111,0,0.148627,0,0.042739,1
0,0.152014,0,0.043351,0,0.007298,0,0.000308,0
0,0.526059,1,0.275125,0,0.130413,0,0.003407,0
0,0.525102,1,0.041339,0,0.018975,0,0.00067,0
0,0.820499,1,0.766147,1,0.751459,1,0.075897,1
0,0.459853,0,0.149025,0,0.176301,0,0.015794,0
0,0.266051,0,0.047303,0,0.011424,0,0.000367,0
0,0.282989,0,0.039987,0,0.011512,0,0.003733,0
0,0.493828,0,0.019047,0,0.002453,0,0.001108,0
0,0.912374,1,0.426792,0,0.381829,0,0.066204,1
0,0.417966,0,0.111069,0,0.031577,0,0.000276,0
0,0.077893,0,0.083776,0,0.015207,0,2e-06,0
0,0.228263,0,0.128552,0,0.015113,0,6.2e-05,0
0,0.236373,0,0.025693,0,0.006723,0,0.000676,0
0,0.514131,1,0.054578,0,0.022412,0,0.026051,0
0,0.416266,0,0.036765,0,0.036052,0,0.001388,0
1,0.999917,1,0.88911,1,0.952994,1,0.171966,1
0,0.316162,0,0.033969,0,0.010363,0,0.002296,0
0,0.54063,1,0.406188,0,0.26017,0,0.001193,0
0,0.636978,1,0.145057,0,0.156176,0,0.011171,0
0,0.401074,0,0.124941,0,0.173181,0,0.081919,1
0,0.302109,0,0.030501,0,0.012644,0,0.000518,0
0,0.109938,0,0.009452,0,0.002643,0,0.001768,0
0,0.463496,0,0.302844,0,0.146416,0,0.001323,0
0,0.4277,0,0.003062,0,0.004489,0,0.000245,0
0,0.670131,1,0.164379,0,0.030674,0,0.004414,0
0,0.32834,0,0.044044,0,0.009844,0,0.002631,0
0,0.703372,1,0.099232,0,0.125656,0,0.005422,0
0,0.720846,1,0.091693,0,0.015166,0,0.003942,0
0,0.153301,0,0.038463,0,0.041827,0,0.000855,0
0,0.668194,1,0.014219,0,0.024061,0,0.002148,0
0,0.34255,0,0.038976,0,0.036217,0,0.000307,0
0,0.719603,1,0.443247,0,0.460322,0,0.003755,0
0,0.317647,0,0.037876,0,0.012786,0,0.161412,1
0,0.323899,0,0.079417,0,0.010005,0,0.007481,0
0,0.189981,0,0.180948,0,0.121346,0,0.000686,0
0,0.495295,0,0.179073,0,0.107707,0,0.000981,0
0,0.77552,1,0.242974,0,0.027148,0,0.000352,0
0,0.781608,1,0.754265,1,0.857951,1,0.081275,1
0,0.835703,1,0.189849,0,0.055229,0,0.000631,0
0,0.232393,0,0.051327,0,0.027358,0,0.000584,0
0,0.626867,1,0.353605,0,0.321118,0,0.007499,0
0,0.233711,0,0.038539,0,0.00417,0,0.000915,0
0,0.57754,1,0.073144,0,0.040155,0,0.010955,0
0,0.306738,0,0.058688,0,0.017305,0,0.002498,0
0,0.206858,0,0.07163,0,0.056948,0,0.001987,0
0,0.548572,1,0.371249,0,0.436535,0,0.002985,0
0,0.316779,0,0.015619,0,0.006394,0,0.00025,0
0,0.469076,0,0.02394,0,0.011446,0,0.000103,0
0,0.310709,0,0.172889,0,0.108798,0,0.000877,0
0,0.132983,0,0.00294,0,0.000944,0,1.4e-05,0
0,0.47297,0,0.037051,0,0.067904,0,0.010983,0
0,0.084713,0,0.136982,0,0.044189,0,0.001464,0
0,0.371968,0,0.008721,0,0.005738,0,0.00012,0
0,0.306457,0,0.002854,0,0.003472,0,8.9e-05,0
1,0.671397,1,0.432074,0,0.436679,0,0.322117,1
0,0.304373,0,0.013658,0,0.024419,0,0.000165,0
0,0.528776,1,0.158372,0,0.012344,0,0.012831,0
0,0.380264,0,0.009301,0,0.006515,0,0.008991,0
0,0.617997,1,0.046538,0,0.008017,0,0.010005,0
0,0.494751,0,0.07083,0,0.026976,0,0.004204,0
0,0.210336,0,0.01345,0,0.009935,0,0.027088,0
0,0.520881,1,0.006646,0,0.010503,0,0.000362,0
0,0.626377,1,0.026302,0,0.004122,0,0.040566,1
0,0.432573,0,0.076568,0,0.011715,0,0.000467,0
0,0.469445,0,0.013574,0,0.007432,0,0.000341,0
0,0.393668,0,0.002391,0,0.002302,0,3.5e-05,0
0,0.296808,0,0.013747,0,0.00119,0,2.1e-05,0
0,0.214608,0,0.178753,0,0.029548,0,0.001711,0
0,0.274924,0,0.053436,0,0.003391,0,3e-06,0
0,0.181273,0,0.004036,0,0.001538,0,1.4e-05,0
0,0.346244,0,0.008879,0,0.004136,0,6.3e-05,0
0,0.2186,0,0.105272,0,0.15227,0,0.006287,0
0,0.251453,0,0.045475,0,0.001704,0,6.8e-05,0
0,0.268616,0,0.142616,0,0.151599,0,0.00239,0
0,0.230482,0,0.043711,0,0.013799,0,8.1e-05,0
0,0.35208,0,0.262361,0,0.411946,0,0.024355,0
0,0.289102,0,0.140795,0,0.015791,0,0.002267,0
0,0.15465,0,0.267785,0,0.049574,0,0.020509,0
0,0.254742,0,0.102094,0,0.029626,0,0.001636,0
0,0.377248,0,0.005098,0,0.003374,0,0.00108,0
0,0.530835,1,0.22127,0,0.046428,0,0.002315,0
1,0.713566,1,0.568111,1,0.852328,1,0.320811,1
0,0.026966,0,0.027241,0,0.00209,0,9.5e-05,0
0,0.25785,0,0.168055,0,0.023508,0,0.000732,0
0,0.407789,0,0.181168,0,0.216298,0,0.00649,0
0,0.508612,1,0.057064,0,0.026964,0,0.24634,1
0,0.383996,0,0.071946,0,0.061134,0,0.233847,1
0,0.747834,1,0.295243,0,0.277533,0,0.159502,1
0,0.475233,0,0.108873,0,0.02008,0,0.000288,0
0,0.000101,0,0.010731,0,0.002133,0,4.1e-05,0
0,0.038594,0,0.001068,0,0.001439,0,0.000139,0
0,0.045045,0,4.3e-05,0,0.001985,0,0.000147,0
0,0.000133,0,0.004045,0,0.002317,0,2.2e-05,0
0,0.000247,0,0.016048,0,0.003895,0,3.5e-05,0
0,0.000115,0,0.001153,0,0.002007,0,9e-06,0
0,0.000109,0,0.00046,0,0.001124,0,2.8e-05,0
0,0.047454,0,0.01305,0,0.006711,0,0.00017,0
0,0.033666,0,0.033942,0,0.018503,0,5.5e-05,0
0,0.024588,0,0.000416,0,0.004698,0,4e-06,0
0,0.04203,0,0.000522,0,0.003283,0,6.1e-05,0
0,0.032631,0,0.023649,0,0.005747,0,5e-06,0
0,0.047097,0,0.011454,0,0.005956,0,6.3e-05,0
0,0.016338,0,0.001107,0,0.002118,0,1.3e-05,0
0,0.000106,0,0.007868,0,0.002014,0,5e-06,0
0,0.000121,0,0.003197,0,0.005454,0,5.1e-05,0
0,8.6e-05,0,0.010809,0,0.001862,0,0.0,0
0,0.000155,0,0.017292,0,0.001427,0,6.4e-05,0
0,9.5e-05,0,0.040735,0,0.00476,0,2e-06,0
0,0.00024,0,0.004514,0,0.002048,0,9.6e-05,0
0,0.000475,0,0.050664,0,0.005563,0,0.00013,0
0,0.368137,0,0.038354,0,0.006386,0,0.000156,0
0,0.474671,0,0.143753,0,0.108145,0,0.094146,1
0,0.193465,0,0.003947,0,0.001983,0,0.001022,0
0,0.00227,0,0.014912,0,0.006969,0,0.00025,0
0,0.294363,0,0.034956,0,0.005661,0,0.01245,0
0,0.0,0,0.039073,0,0.00647,0,0.003558,0
0,0.434927,0,0.05936,0,0.0082,0,0.080457,1
0,1e-06,0,0.048449,0,0.019606,0,0.000717,0
0,0.002103,0,0.013335,0,0.002344,0,0.000677,0
0,0.002433,0,0.013829,0,0.004516,0,0.000127,0
0,0.305068,0,0.043146,0,0.02755,0,0.002947,0
0,0.001685,0,0.016228,0,0.002655,0,0.000782,0
0,0.167946,0,0.019409,0,0.009821,0,6.2e-05,0
0,0.157099,0,0.024383,0,0.023533,0,0.000658,0
0,0.152507,0,0.029284,0,0.014269,0,0.000827,0
0,0.084628,0,0.001231,0,0.00337,0,0.000858,0
0,0.228481,0,0.108636,0,0.02758,0,0.002551,0
0,0.295255,0,0.041048,0,0.0123,0,0.005088,0
0,0.148369,0,0.015874,0,0.020614,0,0.000102,0
0,0.476062,0,0.346502,0,0.133407,0,0.001268,0
1,0.419894,0,0.404674,0,0.687424,1,0.669286,1
0,0.615852,1,0.231303,0,0.104073,0,0.125526,1
0,0.362852,0,0.469132,0,0.45283,0,0.002457,0
0,0.388121,0,0.588446,1,0.679848,1,0.002083,0
0,0.221376,0,0.047528,0,0.053823,0,0.000114,0
0,0.467972,0,0.320667,0,0.210498,0,0.003177,0
0,0.170421,0,0.265616,0,0.054429,0,0.000235,0
0,0.332064,0,0.057698,0,0.118142,0,0.007517,0
0,0.201696,0,0.005047,0,0.001833,0,5e-05,0
0,0.262714,0,0.13619,0,0.044018,0,0.02573,0
0,0.239749,0,0.06606,0,0.012111,0,0.035672,1
0,0.564428,1,0.154295,0,0.082027,0,0.0073,0
0,0.395251,0,0.058645,0,0.022271,0,0.000345,0
0,0.158999,0,0.36916,0,0.19502,0,0.004392,0
0,0.324256,0,0.070026,0,0.006598,0,0.154792,1
1,0.208386,0,0.265478,0,0.516966,1,0.520913,1
0,0.341596,0,0.267492,0,0.299782,0,0.004733,0
0,0.174514,0,0.107509,0,0.046495,0,0.002974,0
0,0.297647,0,0.034664,0,0.01172,0,0.001227,0
0,0.744922,1,0.477714,0,0.135518,0,0.000738,0
0,0.766073,1,0.312109,0,0.165848,0,0.002658,0
0,0.215882,0,0.048192,0,0.034664,0,0.002715,0
1,0.533239,1,0.639601,1,0.91692,1,0.163244,1
0,0.336366,0,0.05765,0,0.043229,0,0.001584,0
0,0.319778,0,0.006884,0,0.004145,0,0.003472,0
0,0.290575,0,0.201711,0,0.094084,0,0.011873,0
0,0.826899,1,0.447065,0,0.64218,1,0.003689,0
0,0.11754,0,0.081057,0,0.005604,0,0.000217,0
0,0.188746,0,0.146951,0,0.137524,0,0.016189,0
0,0.146023,0,0.440939,0,0.169019,0,0.000551,0
0,0.542221,1,0.043495,0,0.011991,0,3.6e-05,0
0,0.407486,0,0.016188,0,0.01094,0,0.002482,0
0,0.131693,0,0.215397,0,0.07381,0,0.000409,0
0,0.161514,0,0.003924,0,0.004224,0,0.000127,0
0,0.161605,0,0.197421,0,0.053838,0,0.000283,0
0,0.233637,0,0.001131,0,0.000996,0,0.035053,1
0,0.180538,0,0.004575,0,0.006449,0,0.000743,0
0,0.109668,0,0.087384,0,0.013484,0,0.00013,0
0,0.553753,1,0.384972,0,0.574014,1,0.121593,1
0,0.77543,1,0.098244,0,0.012099,0,0.001897,0
0,0.7208,1,0.613481,1,0.649511,1,0.448359,1
0,0.168465,0,0.013447,0,0.026235,0,3e-05,0
1,0.62182,1,0.692852,1,0.944436,1,0.273102,1
0,0.254872,0,0.011774,0,0.002522,0,7.3e-05,0
0,0.14937,0,0.050659,0,0.017716,0,3.6e-05,0
0,0.257525,0,0.116552,0,0.072121,0,0.000152,0
0,0.597762,1,0.452774,0,0.445808,0,0.021822,0
0,0.419239,0,0.24062,0,0.048686,0,0.002848,0
0,0.291056,0,0.181443,0,0.541965,1,0.005036,0
0,0.177016,0,0.047388,0,0.014026,0,6.9e-05,0
0,0.264182,0,0.101077,0,0.018184,0,6e-05,0
0,0.432295,0,0.272257,0,0.240916,0,8.2e-05,0
0,0.446919,0,0.002471,0,0.004534,0,3.8e-05,0
0,0.237517,0,0.039689,0,0.008446,0,0.000213,0
0,0.665675,1,0.285272,0,0.228472,0,0.00436,0
1,0.580476,1,0.564529,1,0.830018,1,0.322084,1
0,0.438636,0,0.189112,0,0.046499,0,0.013687,0
0,0.70341,1,0.284109,0,0.176357,0,0.014974,0
0,0.262486,0,0.072843,0,0.033479,0,0.000479,0
0,0.215168,0,0.034419,0,0.005135,0,3.1e-05,0
0,0.276104,0,0.080812,0,0.092981,0,0.00052,0
0,0.690858,1,0.381941,0,0.162918,0,0.122268,1
0,0.092878,0,0.005047,0,0.004439,0,3.3e-05,0
0,0.13328,0,0.151711,0,0.09319,0,0.000324,0
0,0.484253,0,0.043384,0,0.042162,0,0.002064,0
0,0.52404,1,0.064793,0,0.043502,0,0.000323,0
0,0.188409,0,0.011392,0,0.00271,0,2.6e-05,0
0,0.222316,0,0.049089,0,0.0245,0,0.00038,0
0,0.496187,0,0.029508,0,0.009111,0,0.006507,0
0,0.374456,0,0.032391,0,0.00593,0,0.001929,0
0,0.536122,1,0.150518,0,0.065888,0,0.021083,0
0,0.595095,1,0.422743,0,0.403883,0,0.006844,0
0,0.283156,0,0.010431,0,0.005268,0,0.000652,0
0,0.644026,1,0.54067,1,0.278577,0,0.052316,1
0,0.34597,0,0.013639,0,0.002788,0,0.007083,0
0,0.665415,1,0.191302,0,0.065296,0,0.007378,0
0,0.188272,0,0.033829,0,0.010027,0,0.001544,0
0,0.597476,1,0.08698,0,0.040243,0,0.034543,1
0,0.70208,1,0.32207,0,0.156669,0,0.027801,0
0,0.669223,1,0.305756,0,0.09539,0,0.029661,0
0,0.296456,0,0.204746,0,0.039364,0,5e-06,0
0,0.399084,0,0.065959,0,0.021686,0,0.012891,0
0,0.1403,0,0.458446,0,0.269566,0,0.000558,0
0,0.328434,0,0.012397,0,0.00522,0,1.8e-05,0
0,0.178509,0,0.031527,0,0.002934,0,5e-05,0
0,0.66457,1,0.270229,0,0.081157,0,0.015372,0
0,0.362365,0,0.157439,0,0.041167,0,0.004006,0
0,0.507803,1,0.114103,0,0.083719,0,0.002442,0
0,0.146629,0,0.070897,0,0.030675,0,2.8e-05,0
0,0.610368,1,0.114037,0,0.013058,0,1.4e-05,0
1,0.712862,1,0.50482,1,0.796509,1,0.697992,1
0,0.252353,0,0.283092,0,0.146786,0,0.001873,0
0,0.807691,1,0.22385,0,0.109769,0,0.003215,0
0,0.77584,1,0.140043,0,0.015147,0,0.00025,0
0,0.15956,0,0.040774,0,0.009249,0,0.000282,0
0,0.024652,0,0.062765,0,0.009195,0,4e-06,0
0,0.235241,0,0.022187,0,0.014037,0,0.002996,0
0,0.399464,0,0.014519,0,0.012667,0,0.000103,0
0,0.366189,0,0.044242,0,0.01681,0,0.005571,0
0,0.348741,0,0.345239,0,0.470556,0,0.017354,0
0,0.514382,1,0.047559,0,0.012368,0,0.001002,0
0,0.411887,0,0.042635,0,0.070008,0,0.000406,0
0,0.48034,0,0.335455,0,0.409598,0,0.322187,1
0,0.255052,0,0.043416,0,0.006576,0,3e-06,0
0,0.580115,1,0.279194,0,0.15664,0,0.006828,0
0,0.114471,0,0.00703,0,0.02044,0,0.001307,0
0,0.213731,0,0.018202,0,0.004054,0,1.1e-05,0
0,0.612359,1,0.009386,0,0.009192,0,0.046256,1
0,0.558313,1,0.374268,0,0.684037,1,0.522489,1
0,0.4401,0,0.31306,0,0.0878,0,0.11496,1
0,0.66837,1,0.128144,0,0.06424,0,0.002166,0
0,0.465291,0,0.387482,0,0.354,0,0.047143,1
0,0.048667,0,0.097477,0,0.029169,0,0.000204,0
0,0.484683,0,0.08879,0,0.087709,0,0.000196,0
0,0.431822,0,0.002281,0,0.002372,0,0.000153,0
0,0.385093,0,0.286765,0,0.182706,0,0.134474,1
0,0.137466,0,0.137176,0,0.083968,0,0.000469,0
0,0.449171,0,0.165278,0,0.085549,0,0.001201,0
0,0.27305,0,0.003393,0,0.004941,0,5.5e-05,0
0,0.186604,0,0.00263,0,0.001864,0,0.000725,0
0,0.505811,1,0.202347,0,0.060525,0,0.012295,0
0,0.381971,0,0.026886,0,0.011926,0,0.003572,0
0,0.330176,0,0.35871,0,0.061328,0,0.000616,0
0,0.484722,0,0.147859,0,0.095325,0,0.003153,0
0,0.40313,0,0.101677,0,0.01624,0,0.004546,0
0,0.141417,0,0.159283,0,0.023068,0,0.000554,0
0,0.567068,1,0.422721,0,0.693928,1,0.176896,1
0,0.130425,0,0.207031,0,0.188253,0,0.000107,0
0,0.212521,0,0.040208,0,0.016832,0,0.000507,0
0,0.260676,0,0.022097,0,0.00288,0,0.000909,0
0,0.79831,1,0.393296,0,0.637678,1,0.028441,0
1,0.344274,0,0.544166,1,0.906186,1,0.260308,1
0,0.413042,0,0.05733,0,0.03091,0,0.006353,0
0,0.203064,0,0.017581,0,0.011638,0,1e-05,0
0,0.191102,0,0.009046,0,0.005098,0,1e-05,0
0,0.257776,0,0.077227,0,0.0453,0,0.001777,0
0,0.318902,0,0.146226,0,0.076865,0,0.005096,0
1,0.331163,0,0.341938,0,0.643062,1,0.225702,1
0,0.549084,1,0.018155,0,0.012509,0,3.1e-05,0
0,0.174096,0,0.064566,0,0.03654,0,0.00082,0
0,0.075959,0,0.008305,0,0.008963,0,0.000177,0
0,0.135072,0,0.003393,0,0.004864,0,5e-06,0
0,0.476564,0,0.106851,0,0.014619,0,0.001147,0
0,0.561966,1,0.30876,0,0.123936,0,0.002593,0
0,0.54468,1,0.018687,0,0.006535,0,0.019816,0
0,0.402113,0,0.208929,0,0.195859,0,0.065993,1
0,0.38678,0,0.023734,0,0.014851,0,0.006871,0
0,0.117767,0,0.006551,0,0.002101,0,0.000285,0
0,0.459346,0,0.0293,0,0.003096,0,0.002049,0
0,0.257166,0,0.019781,0,0.006069,0,0.000133,0
0,0.231338,0,0.036838,0,0.016939,0,0.000122,0
0,0.360599,0,0.027017,0,0.018249,0,0.000237,0
0,0.201021,0,0.005602,0,0.005309,0,0.000279,0
0,0.016568,0,0.015972,0,0.000347,0,3.2e-05,0
0,0.351604,0,0.003595,0,0.009197,0,5.7e-05,0
0,0.223122,0,0.139904,0,0.13418,0,0.000457,0
0,0.2174,0,0.06672,0,0.017521,0,0.000562,0
0,0.597442,1,0.079221,0,0.016139,0,0.000531,0
0,0.405278,0,0.262754,0,0.388682,0,0.015305,0
0,0.310326,0,0.136921,0,0.085291,0,0.000901,0
0,0.491397,0,0.401124,0,0.104931,0,0.062489,1
0,0.242384,0,0.073834,0,0.001656,0,4e-06,0
0,0.055695,0,0.043061,0,0.009153,0,7e-06,0
0,0.346193,0,0.162097,0,0.024602,0,0.001325,0
0,0.243551,0,0.013484,0,0.002985,0,0.000525,0
0,0.232803,0,0.008921,0,0.000752,0,2e-05,0
0,0.225954,0,0.007072,0,0.005252,0,5.9e-05,0
0,0.205929,0,0.003439,0,0.00449,0,0.000199,0
0,0.094519,0,0.002891,0,0.002641,0,1.8e-05,0
0,0.398523,0,0.112929,0,0.059236,0,0.053135,1
0,0.358659,0,0.29793,0,0.483938,0,0.00295,0
0,0.368468,0,0.043677,0,0.010045,0,0.000337,0
0,0.355002,0,0.078127,0,0.015738,0,0.001463,0
0,0.398334,0,0.006983,0,0.00834,0,0.000471,0
0,0.652682,1,0.199904,0,0.080666,0,0.054701,1
0,0.302572,0,0.038878,0,0.02654,0,0.004992,0
0,0.378363,0,0.101455,0,0.024618,0,0.003245,0
0,0.120846,0,0.143259,0,0.031515,0,2.7e-05,0
0,0.471453,0,0.054346,0,0.047514,0,0.005788,0
0,0.0,0,0.046338,0,0.000675,0,0.003687,0
0,0.136872,0,0.007588,0,0.004739,0,0.004446,0
0,0.491443,0,0.04774,0,0.058076,0,0.238381,1
0,0.013015,0,0.036491,0,0.003299,0,0.000119,0
0,0.365322,0,0.294788,0,0.035889,0,0.004831,0
0,0.252159,0,0.002653,0,0.002371,0,2.6e-05,0
0,0.269962,0,0.010793,0,0.001591,0,0.001638,0
0,0.224444,0,0.018174,0,0.004321,0,0.003601,0
0,0.42565,0,0.168822,0,0.016916,0,0.000983,0
0,0.445797,0,0.190236,0,0.100756,0,0.000448,0
0,0.486519,0,0.022497,0,0.008139,0,9.2e-05,0
0,0.442939,0,0.065175,0,0.02059,0,0.001072,0
0,0.33047,0,0.084098,0,0.011647,0,0.001095,0
0,0.500417,1,0.316713,0,0.255253,0,0.003502,0
0,0.292151,0,0.057136,0,0.005975,0,0.001018,0
0,0.222288,0,0.003447,0,0.006792,0,0.000151,0
0,0.315868,0,0.009793,0,0.005083,0,0.000928,0
0,0.001366,0,0.009748,0,0.005407,0,0.000116,0
0,0.196727,0,0.095091,0,0.012563,0,4e-06,0
1,0.251705,0,0.499051,0,0.611098,1,0.171919,1
0,0.459659,0,0.124212,0,0.064141,0,0.00152,0
0,0.446788,0,0.367756,0,0.171846,0,0.002278,0
0,0.57842,1,0.321325,0,0.321059,0,0.001247,0
0,0.434437,0,0.152415,0,0.094528,0,0.010634,0
0,0.632889,1,0.066427,0,0.006553,0,9e-06,0
0,0.442984,0,0.067298,0,0.01238,0,0.000106,0
0,0.351177,0,0.009603,0,0.00903,0,0.000703,0
0,0.743644,1,0.435753,0,0.452477,0,0.007284,0
0,0.068238,0,0.036557,0,0.003645,0,8.9e-05,0
0,0.657179,1,0.320282,0,0.214488,0,0.059758,1
0,0.437416,0,0.219406,0,0.070229,0,0.002362,0
0,0.474106,0,0.105353,0,0.024204,0,0.000203,0
0,0.435064,0,0.184648,0,0.057193,0,0.002894,0
0,0.113982,0,0.015189,0,0.004015,0,0.000316,0
0,0.478811,0,0.377459,0,0.307833,0,0.00103,0
0,0.701623,1,0.23649,0,0.256686,0,0.002317,0
0,0.274134,0,0.061414,0,0.021437,0,0.011504,0
0,0.645059,1,0.341502,0,0.334428,0,0.018597,0
0,0.564176,1,0.267705,0,0.063168,0,0.008728,0
0,0.188751,0,0.042673,0,0.00914,0,0.000188,0
0,0.473829,0,0.210421,0,0.036848,0,0.00152,0
0,0.252759,0,0.083138,0,0.055203,0,0.001364,0
0,0.402045,0,0.354755,0,0.07543,0,0.001142,0
0,0.461035,0,0.240742,0,0.08344,0,0.155897,1
0,0.397383,0,0.365286,0,0.171343,0,0.018433,0
0,0.230941,0,0.261166,0,0.050731,0,0.000344,0
0,0.1611,0,0.027467,0,0.005739,0,3.7e-05,0
0,0.453291,0,0.267272,0,0.183783,0,0.001173,0
0,0.433133,0,0.425654,0,0.149321,0,0.12367,1
0,0.642022,1,0.184796,0,0.04759,0,0.001158,0
0,0.533909,1,0.296987,0,0.306203,0,0.214654,1
0,0.559339,1,0.279947,0,0.065377,0,0.02714,0
0,0.313361,0,0.145741,0,0.021564,0,0.002336,0
0,0.490808,0,0.214543,0,0.072685,0,0.00137,0
0,0.461891,0,0.259636,0,0.043724,0,0.081592,1
0,0.414879,0,0.361785,0,0.248627,0,0.066539,1
0,0.317696,0,0.207519,0,0.006949,0,0.003986,0
0,0.217592,0,0.011586,0,0.009624,0,0.000591,0
0,0.449009,0,0.201055,0,0.077351,0,0.119464,1
0,0.501404,1,0.302321,0,0.266878,0,0.121585,1
0,0.518061,1,0.017872,0,0.008788,0,0.008734,0
0,0.347808,0,0.28511,0,0.051721,0,0.00328,0
0,0.202827,0,0.003601,0,0.002563,0,0.00027,0
0,0.242431,0,0.140754,0,0.018265,0,3e-05,0
0,0.420107,0,0.23237,0,0.10831,0,0.103036,1
0,0.585648,1,0.188578,0,0.471618,0,0.319894,1
0,0.442266,0,0.248718,0,0.21576,0,0.000249,0
0,0.377922,0,0.3553,0,0.139948,0,0.044509,1
0,0.616441,1,0.275212,0,0.124895,0,1.8e-05,0
0,0.188488,0,0.190995,0,0.01036,0,0.00682,0
0,0.297507,0,0.049916,0,0.024218,0,0.001113,0
0,0.606969,1,0.362414,0,0.098655,0,0.000554,0
0,0.401215,0,0.351668,0,0.104757,0,0.084335,1
0,0.423651,0,0.153641,0,0.223422,0,0.014233,0
0,0.578211,1,0.259147,0,0.164283,0,0.023196,0
0,0.326958,0,0.273331,0,0.089508,0,0.000741,0
1,0.543964,1,0.334286,0,0.346317,0,0.239021,1
0,0.37658,0,0.25241,0,0.109248,0,0.080352,1
0,0.54525,1,0.297945,0,0.048109,0,0.01479,0
0,0.603848,1,0.365891,0,0.30727,0,0.030292,0
0,0.474796,0,0.265185,0,0.275364,0,0.001898,0
0,0.463619,0,0.319609,0,0.051644,0,0.043738,1
0,0.163752,0,0.044996,0,0.002797,0,8.1e-05,0
0,0.666963,1,0.097595,0,0.056438,0,3.3e-05,0
0,0.339112,0,0.290224,0,0.156034,0,0.001765,0
0,0.369776,0,0.143701,0,0.077052,0,0.001889,0
0,0.537541,1,0.334229,0,0.395577,0,0.000788,0
0,0.394117,0,0.35803,0,0.147441,0,0.001666,0
0,0.465929,0,0.31576,0,0.056442,0,0.001653,0
0,0.444525,0,0.245097,0,0.183706,0,0.14062,1
0,0.422045,0,0.39177,0,0.175161,0,0.103297,1
0,0.444699,0,0.363065,0,0.189086,0,0.061458,1
0,0.393367,0,0.278469,0,0.044542,0,0.000843,0
0,0.604553,1,0.281751,0,0.158861,0,0.002705,0
0,0.533833,1,0.243025,0,0.196114,0,0.001391,0
0,0.631513,1,0.33463,0,0.146217,0,0.000188,0
0,0.179395,0,0.034542,0,0.013656,0,0.000202,0
0,0.376177,0,0.328382,0,0.283374,0,0.001943,0
0,0.140092,0,0.140363,0,0.003764,0,0.001686,0
0,0.531539,1,0.345198,0,0.197938,0,0.061255,1
0,0.519871,1,0.336446,0,0.284738,0,0.002629,0
0,0.688252,1,0.063102,0,0.01235,0,0.018318,0
0,0.404485,0,0.119626,0,0.04725,0,0.034787,1
0,0.469766,0,0.034132,0,0.010114,0,0.000718,0
0,0.521231,1,0.058008,0,0.014416,0,6.2e-05,0
0,0.634491,1,0.202553,0,0.214079,0,0.003919,0
0,0.361717,0,0.113261,0,0.018906,0,0.000132,0
0,0.319321,0,0.304264,0,0.258641,0,0.00168,0
0,0.438486,0,0.235585,0,0.349832,0,0.012373,0
0,0.506264,1,0.148702,0,0.01445,0,0.000251,0
0,0.482534,0,0.317589,0,0.102229,0,0.002668,0
1,0.472812,0,0.439691,0,0.514269,1,0.16266,1
0,0.157669,0,0.245805,0,0.0238,0,0.001751,0
0,0.509541,1,0.117956,0,0.048556,0,3.1e-05,0
0,0.709884,1,0.344907,0,0.197382,0,0.010321,0
0,0.614618,1,0.040856,0,0.04847,0,0.000512,0
0,0.512699,1,0.066728,0,0.011148,0,0.000269,0
0,0.537643,1,0.268465,0,0.50147,1,0.004594,0
0,0.669443,1,0.509928,1,0.748724,1,0.013005,0
0,0.436631,0,0.184444,0,0.062336,0,0.001523,0
0,0.358028,0,0.388316,0,0.126836,0,0.00183,0
0,0.451818,0,0.093072,0,0.016623,0,0.025204,0
0,0.417929,0,0.187789,0,0.075935,0,0.050491,1
0,0.29679,0,0.23318,0,0.133163,0,0.00038,0
0,0.364182,0,0.202812,0,0.107548,0,0.000649,0
0,0.661521,1,0.406237,0,0.488414,0,0.009726,0
0,0.458905,0,0.146318,0,0.008185,0,0.00151,0
0,0.386561,0,0.406469,0,0.093935,0,0.009584,0
0,0.458883,0,0.157542,0,0.07819,0,0.000514,0
0,0.294148,0,0.218107,0,0.03096,0,0.001934,0
0,0.054652,0,0.000328,0,0.001214,0,7.1e-05,0
0,0.029455,0,0.001834,0,0.00202,0,7.3e-05,0
0,0.038998,0,0.000538,0,0.001123,0,7.3e-05,0
0,0.00014,0,0.010634,0,0.002258,0,8e-06,0
0,0.041211,0,0.001749,0,0.002895,0,0.00018,0
0,0.046142,0,0.002058,0,0.003966,0,0.000473,0
0,0.000144,0,0.001949,0,0.000547,0,7.7e-05,0
0,0.105265,0,0.000546,0,0.003203,0,0.000308,0
0,0.036079,0,0.005109,0,0.001161,0,1.5e-05,0
0,0.038739,0,0.00304,0,0.001218,0,0.000226,0
0,0.114505,0,0.031002,0,0.011743,0,0.000692,0
0,0.0222,0,0.00017,0,0.000521,0,1e-05,0
0,0.038558,0,4.3e-05,0,0.002323,0,1.9e-05,0
0,0.031653,0,0.005026,0,0.0028,0,7.5e-05,0
0,0.046922,0,4.3e-05,0,0.001269,0,0.000182,0
0,0.044375,0,0.007966,0,0.003645,0,0.000277,0
0,0.048447,0,0.000402,0,0.002852,0,4e-05,0
0,0.046986,0,0.002584,0,0.003122,0,0.000307,0
0,0.032177,0,0.000687,0,0.002446,0,0.000113,0
0,0.042395,0,0.001653,0,0.002176,0,5.7e-05,0
0,0.028192,0,0.000818,0,0.003296,0,7e-06,0
0,0.039799,0,0.000696,0,0.001401,0,9.9e-05,0
0,0.037552,0,0.000402,0,0.003932,0,6.7e-05,0
0,0.045182,0,0.006288,0,0.00277,0,3e-05,0
0,0.030652,0,0.000359,0,0.001986,0,3.7e-05,0
0,0.028625,0,0.0,0,0.00102,0,1.7e-05,0
0,0.045047,0,0.000669,0,0.001933,0,0.000118,0
0,0.050488,0,0.001734,0,0.002782,0,0.000823,0
0,0.041986,0,0.000149,0,0.001853,0,2.3e-05,0
0,0.042176,0,0.003041,0,0.003307,0,7.1e-05,0
0,0.038467,0,0.0,0,0.001601,0,1.6e-05,0
0,0.040587,0,0.000818,0,0.002256,0,1.9e-05,0
0,0.00016,0,0.000207,0,0.001574,0,9.6e-05,0
0,0.028963,0,0.000818,0,0.002384,0,0.000103,0
0,0.034208,0,0.002079,0,0.004034,0,1e-05,0
0,0.050503,0,0.006288,0,0.008916,0,2.8e-05,0
0,0.016154,0,4.3e-05,0,0.000578,0,1e-06,0
0,0.062066,0,0.001655,0,0.008033,0,0.000207,0
0,0.02387,0,4.3e-05,0,0.00329,0,7e-06,0
0,0.070329,0,0.010836,0,0.007317,0,0.000362,0
0,0.023586,0,0.00946,0,0.003995,0,1.1e-05,0
0,0.034032,0,0.003237,0,0.001776,0,7.5e-05,0
0,0.045735,0,0.007921,0,0.005733,0,0.000398,0
0,0.047913,0,0.000744,0,0.003071,0,1.2e-05,0
0,0.052327,0,0.000712,0,0.004334,0,2.2e-05,0
0,0.048124,0,0.000549,0,0.002282,0,8.2e-05,0
0,0.172536,0,0.034951,0,0.017404,0,0.001258,0
0,0.038751,0,0.002469,0,0.002369,0,0.000126,0
0,0.031121,0,0.013025,0,0.003836,0,1.6e-05,0
0,0.038328,0,0.009352,0,0.004129,0,0.000155,0
0,0.000206,0,0.0,0,0.002116,0,3.4e-05,0
0,0.041746,0,0.008696,0,0.001802,0,0.000134,0
0,0.033515,0,0.007763,0,0.007403,0,1e-05,0
0,0.036383,0,0.002571,0,0.002963,0,0.000162,0
0,0.037283,0,0.004814,0,0.003546,0,0.0001,0
0,0.039301,0,0.07832,0,0.01209,0,7.2e-05,0
0,0.028474,0,0.028652,0,0.005905,0,7e-06,0
0,0.029332,0,0.025556,0,0.006599,0,1.1e-05,0
0,0.01825,0,0.019693,0,0.006102,0,6e-06,0
0,0.025964,0,0.0,0,0.000919,0,2.2e-05,0
0,0.028325,0,0.000416,0,0.003226,0,6e-06,0
0,0.015954,0,0.007606,0,0.002232,0,0.0,0
0,0.024547,0,0.002181,0,0.002882,0,1e-06,0
0,0.023242,0,0.013468,0,0.007818,0,5e-06,0
0,0.020058,0,0.006309,0,0.002293,0,6.9e-05,0
0,0.057563,0,0.00171,0,0.00248,0,4.4e-05,0
0,0.062968,0,0.000588,0,0.002232,0,0.00014,0
0,0.051396,0,0.007353,0,0.002447,0,0.000137,0
0,0.048993,0,0.001655,0,0.003873,0,0.000146,0
0,0.041332,0,0.012927,0,0.005779,0,0.000113,0
0,0.000196,0,0.0,0,0.001403,0,4.5e-05,0
0,0.915275,1,0.348438,0,0.352403,0,0.00267,0
0,0.850569,1,0.275024,0,0.139552,0,0.003717,0
0,0.702758,1,0.027187,0,0.010825,0,0.003578,0
1,0.958379,1,0.839568,1,0.964771,1,0.155111,1
0,0.80429,1,0.077153,0,0.016879,0,0.114919,1
0,0.099128,0,0.023717,0,0.00869,0,0.000386,0
0,0.679195,1,0.035921,0,0.013161,0,0.000701,0
0,0.714006,1,0.047214,0,0.016112,0,0.003133,0
0,0.832791,1,0.18138,0,0.42004,0,0.001636,0
0,0.858834,1,0.319024,0,0.506369,1,0.060199,1
0,0.821562,1,0.060042,0,0.031134,0,0.042119,1
0,0.817543,1,0.118548,0,0.039506,0,0.02147,0
0,0.3933,0,0.032441,0,0.002991,0,8e-05,0
0,0.412469,0,0.015227,0,0.003957,0,0.00172,0
0,0.002695,0,0.017723,0,0.004892,0,0.000326,0
0,0.003645,0,0.016228,0,0.004179,0,3.5e-05,0
0,0.46612,0,0.016394,0,0.00283,0,0.000282,0
0,0.22163,0,0.02891,0,0.009207,0,0.012269,0
0,0.049698,0,0.002365,0,0.002601,0,0.000432,0
0,0.1493,0,0.003761,0,0.002774,0,0.000151,0
0,0.18213,0,0.006698,0,0.004634,0,0.004591,0
0,0.051926,0,0.009184,0,0.00879,0,0.000488,0
0,0.11057,0,0.014525,0,0.001872,0,0.00051,0
0,0.177282,0,0.019275,0,0.001928,0,7.2e-05,0
0,0.175942,0,0.020413,0,0.005155,0,0.000252,0
0,0.155418,0,0.030831,0,0.01563,0,0.001634,0
0,0.019157,0,0.016639,0,0.004105,0,7.4e-05,0
0,0.141914,0,0.041995,0,0.013921,0,3.9e-05,0
0,0.975324,1,0.056806,0,0.018108,0,0.004623,0
0,0.002693,0,0.015688,0,0.002031,0,0.000451,0
0,0.489328,0,0.029164,0,0.002911,0,0.001661,0
0,0.002504,0,0.030703,0,0.06088,0,0.002809,0
0,0.215887,0,0.01792,0,0.019333,0,0.064938,1
0,0.002378,0,0.021431,0,0.002641,0,5.6e-05,0
0,0.101005,0,0.052506,0,0.034364,0,0.001337,0
0,0.187154,0,0.009012,0,0.003483,0,0.013551,0
0,0.224352,0,0.029574,0,0.033597,0,0.000245,0
0,0.179945,0,0.028472,0,0.035686,0,0.006917,0
0,0.260887,0,0.005083,0,0.004268,0,0.00111,0
0,0.218209,0,0.007213,0,0.002617,0,0.000125,0
0,0.147568,0,0.033662,0,0.007523,0,0.000274,0
0,0.173582,0,0.010093,0,0.00256,0,0.000379,0
0,0.242285,0,0.025876,0,0.01875,0,0.001521,0
0,0.41417,0,0.083376,0,0.059018,0,0.006028,0
0,0.236092,0,0.046464,0,0.010754,0,0.000299,0
0,0.140684,0,0.015003,0,0.009886,0,0.000393,0
0,0.178832,0,0.026171,0,0.001226,0,0.00031,0
0,0.301866,0,0.020986,0,0.02809,0,0.000655,0
0,0.242948,0,0.045077,0,0.013021,0,0.000235,0
0,0.241141,0,0.016593,0,0.017582,0,0.209516,1
0,0.195627,0,0.051088,0,0.034166,0,0.000532,0
0,0.124155,0,0.053175,0,0.227274,0,0.001959,0
0,0.142109,0,0.018863,0,0.010795,0,0.00239,0
0,0.015466,0,4.3e-05,0,0.003785,0,2.9e-05,0
0,0.178684,0,0.048554,0,0.019436,0,9.7e-05,0
0,0.230786,0,0.032788,0,0.01867,0,0.004721,0
0,0.118378,0,0.014822,0,0.008692,0,0.001573,0
0,0.014178,0,0.010664,0,0.003378,0,4.3e-05,0
0,0.181153,0,0.027506,0,0.020901,0,0.005858,0
0,0.127132,0,0.012365,0,0.008012,0,0.000266,0
0,0.041785,0,0.017309,0,0.001323,0,0.000145,0
0,0.272974,0,0.051079,0,0.01519,0,0.001307,0
0,0.180898,0,0.022545,0,0.004989,0,0.002561,0
0,0.224011,0,0.026779,0,0.020327,0,0.000533,0
0,0.177165,0,0.020485,0,0.022492,0,0.000275,0
0,0.318183,0,0.012516,0,0.024447,0,0.001285,0
0,0.136126,0,0.01291,0,0.005379,0,0.002002,0
0,0.000685,0,0.028322,0,0.007803,0,0.000122,0
0,0.168593,0,0.011926,0,0.012379,0,0.000926,0
0,0.001757,0,0.087007,0,0.0162,0,0.000446,0
0,0.150738,0,0.0672,0,0.043642,0,0.001502,0
0,0.347037,0,0.017772,0,0.00546,0,0.005876,0
0,0.673013,1,0.022144,0,0.004319,0,0.001737,0
0,0.511198,1,0.142299,0,0.06096,0,0.003115,0
0,0.800496,1,0.07965,0,0.066583,0,0.002172,0
0,0.319117,0,0.015543,0,0.002008,0,1.1e-05,0
0,0.693692,1,0.008803,0,0.006797,0,0.0024,0
0,0.405365,0,0.01,0,0.007215,0,0.057863,1
0,0.956503,1,0.626076,1,0.836581,1,0.004799,0
0,0.715861,1,0.055544,0,0.008357,0,0.000132,0
0,0.665421,1,0.004133,0,0.002412,0,2.3e-05,0
0,0.124523,0,0.009732,0,0.001486,0,8e-05,0
0,0.32261,0,0.087703,0,0.040837,0,0.000754,0
0,0.595936,1,0.013178,0,0.00261,0,0.000134,0
0,0.354031,0,0.00968,0,0.002446,0,0.000772,0
0,0.749679,1,0.36345,0,0.292368,0,0.000365,0
0,0.608284,1,0.022159,0,0.00722,0,0.001469,0
0,0.249744,0,0.030857,0,0.000756,0,0.002259,0
0,0.588831,1,0.04643,0,0.004018,0,0.01299,0
0,0.534841,1,0.008044,0,0.00246,0,0.000794,0
0,0.465649,0,0.051167,0,0.004522,0,0.00074,0
0,0.617355,1,0.075492,0,0.028297,0,0.000731,0
0,0.042666,0,0.025811,0,0.000412,0,0.000741,0
0,0.464917,0,0.046746,0,0.002432,0,0.000358,0
0,0.444356,0,0.030705,0,0.008506,0,0.017676,0
0,0.493662,0,0.002088,0,0.00293,0,1.5e-05,0
0,0.147815,0,0.011734,0,0.005644,0,3e-05,0
0,0.36676,0,0.132649,0,0.031526,0,0.008303,0
0,0.17623,0,0.010184,0,0.00032,0,1.8e-05,0
0,0.639796,1,0.157281,0,0.075984,0,0.012297,0
0,0.687428,1,0.052153,0,0.010392,0,0.002987,0
0,0.30947,0,0.020887,0,0.002888,0,0.009843,0
0,0.429017,0,0.01649,0,0.002656,0,0.002956,0
0,0.420432,0,0.033825,0,0.010391,0,0.007716,0
0,0.486455,0,0.058311,0,0.000391,0,0.003447,0
0,0.539576,1,0.071347,0,0.003616,0,0.000755,0
0,0.487625,0,0.08103,0,0.00711,0,0.000176,0
0,0.56138,1,0.446034,0,0.171781,0,0.000307,0
0,0.638297,1,0.116986,0,0.010849,0,0.004964,0
0,0.625232,1,0.452335,0,0.192689,0,0.046346,1
0,0.142954,0,0.108701,0,0.120439,0,0.00131,0
0,0.732059,1,0.353929,0,0.184963,0,0.000302,0
0,0.46184,0,0.070385,0,0.005776,0,0.029842,0
0,0.530499,1,0.418622,0,0.230151,0,0.015573,0
0,0.453736,0,0.448508,0,0.318074,0,0.041372,1
0,0.405683,0,0.322116,0,0.120263,0,0.007731,0
0,0.393118,0,0.088214,0,0.07571,0,0.000409,0
0,0.429448,0,0.302356,0,0.251673,0,0.023624,0
0,0.039262,0,0.004108,0,0.002776,0,2.4e-05,0
0,0.039475,0,0.01,0,0.001098,0,7e-05,0
0,0.056403,0,0.002072,0,0.004083,0,0.000185,0
0,0.026013,0,0.001213,0,0.004718,0,3.2e-05,0
0,0.064788,0,0.001655,0,0.005976,0,0.000195,0
0,0.825655,1,0.101612,0,0.021023,0,0.003511,0
0,0.338001,0,0.067772,0,0.015806,0,6.9e-05,0
0,0.252837,0,0.046029,0,0.017736,0,0.002557,0
0,0.234022,0,0.022765,0,0.018536,0,0.014384,0
0,0.081606,0,0.009886,0,0.000835,0,3e-06,0
0,0.022935,0,0.004242,0,0.005516,0,5.6e-05,0
0,0.719807,1,0.439924,0,0.095253,0,8.8e-05,0
0,0.738207,1,0.698774,1,0.620355,1,0.005281,0
0,0.872997,1,0.690414,1,0.548756,1,0.560297,1
0,0.612746,1,0.45161,0,0.436853,0,0.140062,1
0,0.588085,1,0.447046,0,0.406441,0,0.273164,1
0,0.473558,0,0.603553,1,0.516429,1,0.009415,0
0,0.404844,0,0.36739,0,0.205634,0,0.003122,0
0,0.459624,0,0.486576,0,0.181544,0,0.165957,1
0,0.50161,1,0.510582,1,0.696245,1,0.647412,1
0,0.601285,1,0.592107,1,0.412844,0,0.459089,1
0,0.426123,0,0.50709,1,0.063301,0,0.013466,0
0,0.551369,1,0.531512,1,0.469753,0,0.030636,0
0,0.53053,1,0.358734,0,0.380874,0,0.006221,0
0,0.643876,1,0.616738,1,0.615994,1,0.065682,1
0,0.465571,0,0.09307,0,0.024026,0,0.037101,1
0,0.002964,0,0.060452,0,0.002818,0,2.8e-05,0
0,0.159147,0,0.137463,0,0.060185,0,0.0,0
0,0.254958,0,0.183271,0,0.262248,0,1e-06,0
0,0.129062,0,0.08213,0,0.00833,0,0.000312,0
0,0.204043,0,0.063676,0,0.019908,0,0.000588,0
0,0.487455,0,0.293861,0,0.299577,0,0.002756,0
0,0.520451,1,0.416675,0,0.146345,0,0.070191,1
0,0.232452,0,0.109406,0,0.011958,0,7.2e-05,0
1,0.980103,1,0.363266,0,0.486139,0,0.010542,0
0,0.130389,0,0.216563,0,0.040074,0,0.00077,0
0,0.405855,0,0.128289,0,0.264502,0,0.028857,0
0,0.770109,1,0.268103,0,0.233623,0,0.111665,1
0,0.198518,0,0.260283,0,0.056436,0,0.006689,0
0,0.203274,0,0.008639,0,0.002102,0,0.000131,0
0,0.765332,1,0.338424,0,0.298922,0,0.001784,0
0,0.439296,0,0.084053,0,0.03246,0,7.4e-05,0
0,0.235201,0,0.127856,0,0.011313,0,0.003682,0
0,0.951897,1,0.581466,1,0.617683,1,0.010886,0
0,0.799365,1,0.355447,0,0.335741,0,0.012795,0
0,0.281239,0,0.226242,0,0.068604,0,0.00201,0
0,0.000297,0,0.025074,0,0.011873,0,9.6e-05,0
0,0.331094,0,0.078635,0,0.007651,0,0.001494,0
0,0.433644,0,0.100114,0,0.052218,0,0.002239,0
0,0.474986,0,0.049183,0,0.070536,0,0.001873,0
0,0.34912,0,0.075581,0,0.016304,0,0.003771,0
0,0.292643,0,0.095085,0,0.013987,0,0.025601,0
0,0.552623,1,0.09267,0,0.103662,0,0.034022,0
0,0.266249,0,0.365895,0,0.191137,0,0.011308,0
0,0.305866,0,0.030555,0,0.024369,0,0.000178,0
0,0.252665,0,0.004931,0,0.00322,0,2.5e-05,0
1,0.725114,1,0.603055,1,0.835223,1,0.193928,1
0,0.002023,0,0.102671,0,0.053166,0,0.013144,0
0,0.376972,0,0.096726,0,0.072362,0,0.026562,0
0,0.205956,0,0.090012,0,0.112763,0,0.002251,0
0,0.67852,1,0.077036,0,0.01913,0,0.007739,0
0,0.376343,0,0.008736,0,0.006894,0,0.000192,0
0,0.847151,1,0.38327,0,0.325655,0,0.044204,1
0,0.001422,0,0.100343,0,0.017671,0,0.003307,0
0,0.47114,0,0.048855,0,0.002112,0,0.000153,0
0,0.608244,1,0.024605,0,0.012013,0,0.038802,1
0,0.641432,1,0.057802,0,0.01832,0,0.00121,0
0,0.738894,1,0.250158,0,0.066969,0,0.002745,0
0,0.45949,0,0.191241,0,0.140737,0,0.022089,0
0,0.238535,0,0.139712,0,0.058936,0,0.00026,0
0,0.438923,0,0.135238,0,0.071225,0,0.000747,0
0,0.426186,0,0.162232,0,0.144424,0,0.028743,0
0,0.257239,0,0.08404,0,0.010819,0,0.004049,0
0,0.422721,0,0.12681,0,0.05503,0,0.022255,0
0,0.006947,0,0.073056,0,0.000914,0,2.6e-05,0
0,0.297521,0,0.104389,0,0.018538,0,0.002713,0
0,0.414467,0,0.397591,0,0.088546,0,0.000869,0
0,0.294152,0,0.129053,0,0.042877,0,0.00569,0
0,0.000664,0,0.093182,0,0.000996,0,1e-05,0
0,0.139201,0,0.023879,0,0.025711,0,0.000384,0
0,0.470531,0,0.003598,0,0.002252,0,7.8e-05,0
0,0.532414,1,0.024924,0,0.008077,0,0.003567,0
0,0.343703,0,0.031284,0,0.00326,0,1.7e-05,0
0,0.347657,0,0.111551,0,0.075046,0,0.021742,0
0,0.580474,1,0.05263,0,0.026742,0,0.25173,1
0,0.171036,0,0.122099,0,0.063776,0,4e-06,0
0,0.446546,0,0.046778,0,0.046433,0,0.001074,0
0,0.40523,0,0.095667,0,0.053514,0,0.000384,0
0,0.130695,0,0.003168,0,0.005917,0,0.000483,0
0,0.335802,0,0.092897,0,0.014401,0,0.003018,0
0,0.583838,1,0.226795,0,0.07793,0,0.000192,0
0,0.470187,0,0.150357,0,0.078954,0,0.001252,0
0,0.302735,0,0.002717,0,0.001488,0,0.001461,0
0,0.438619,0,0.101037,0,0.025405,0,0.000442,0
0,0.001036,0,0.072199,0,0.017622,0,0.000344,0
0,0.457944,0,0.072526,0,0.010767,0,0.060594,1
0,0.090527,0,0.122374,0,0.021242,0,3.8e-05,0
0,0.41189,0,0.047641,0,0.00915,0,0.003753,0
0,0.002272,0,0.035825,0,0.019761,0,6.5e-05,0
0,0.617329,1,0.186551,0,0.030707,0,0.000753,0
0,0.397451,0,0.033151,0,0.010004,0,0.00014,0
0,0.293941,0,0.366449,0,0.06266,0,0.00329,0
0,0.329326,0,0.234989,0,0.167089,0,0.031494,0
0,0.237144,0,0.091074,0,0.03037,0,0.003455,0
0,0.444474,0,0.117177,0,0.024336,0,0.051479,1
0,0.41934,0,0.265403,0,0.050899,0,0.002162,0
0,0.437719,0,0.374669,0,0.231741,0,0.004597,0
0,0.448995,0,0.198554,0,0.105988,0,0.097356,1
0,0.341033,0,0.075658,0,0.001799,0,0.001309,0
0,0.054339,0,0.010601,0,0.001135,0,0.00016,0
0,0.030467,0,0.022008,0,0.007652,0,9.4e-05,0
0,0.000284,0,0.023504,0,0.002065,0,9.9e-05,0
0,0.000173,0,0.000997,0,0.001307,0,0.000102,0
0,0.034849,0,0.000962,0,0.001509,0,3.2e-05,0
0,0.043183,0,0.001459,0,0.003845,0,0.000134,0
0,0.088987,0,0.038138,0,0.003244,0,0.000417,0
0,0.011882,0,0.00253,0,0.003228,0,5e-06,0
0,0.03076,0,0.007657,0,0.002194,0,6.1e-05,0
0,0.023394,0,0.012634,0,0.003071,0,6e-06,0
0,0.040501,0,0.008968,0,0.002435,0,1.5e-05,0
0,0.024232,0,0.01165,0,0.004126,0,3e-06,0
0,0.022372,0,0.008453,0,0.003057,0,2e-06,0
0,0.000132,0,0.003591,0,0.003814,0,6.9e-05,0
0,0.022089,0,0.009689,0,0.003329,0,0.000148,0
1,0.860145,1,0.753838,1,0.935345,1,0.473434,1
0,0.001071,0,0.058243,0,0.008557,0,3e-06,0
0,0.002317,0,0.050262,0,0.025875,0,4e-06,0
0,0.00188,0,0.047245,0,0.017691,0,4e-06,0
0,0.185809,0,0.028417,0,0.019148,0,0.012118,0
0,0.287882,0,0.004104,0,0.00384,0,0.002541,0
0,0.14708,0,0.041403,0,0.036298,0,0.000899,0
0,0.001293,0,0.064913,0,0.007783,0,7.9e-05,0
0,0.140688,0,0.03223,0,0.019918,0,0.001176,0
0,0.001168,0,0.039015,0,0.029052,0,7.2e-05,0
0,0.464967,0,0.11104,0,0.015272,0,0.005007,0
0,0.771943,1,0.564987,1,0.741924,1,0.067627,1
1,0.764603,1,0.786032,1,0.839655,1,0.228742,1
0,0.750583,1,0.521484,1,0.427328,0,0.007341,0
0,0.952341,1,0.490614,0,0.378399,0,0.009185,0
0,0.363191,0,0.2181,0,0.034646,0,0.008902,0
0,0.693387,1,0.226798,0,0.132501,0,0.029732,0
0,0.378627,0,0.058312,0,0.051025,0,0.000432,0
0,0.717029,1,0.159867,0,0.014961,0,0.009343,0
0,0.56465,1,0.057884,0,0.03606,0,0.019381,0
0,0.233967,0,0.066515,0,0.029808,0,0.00075,0
0,0.527482,1,0.087514,0,0.028111,0,0.140452,1
0,0.169414,0,0.103563,0,0.056387,0,0.00116,0
1,0.470866,0,0.459197,0,0.727598,1,0.298137,1
0,0.64074,1,0.254096,0,0.078997,0,0.008208,0
0,0.399061,0,0.121765,0,0.177784,0,0.04898,1
1,0.473161,0,0.59299,1,0.621935,1,0.020344,0
0,0.418087,0,0.48574,0,0.688254,1,0.027152,0
0,0.609991,1,0.356917,0,0.055073,0,0.003256,0
0,0.212813,0,0.086004,0,0.076101,0,0.001584,0
0,0.364185,0,0.114035,0,0.041921,0,0.061431,1
0,0.576171,1,0.160051,0,0.181926,0,0.014591,0
0,0.469591,0,0.014021,0,0.002869,0,0.007501,0
0,0.318774,0,0.061437,0,0.022703,0,0.002275,0
0,0.731759,1,0.480561,0,0.260583,0,0.005159,0
0,0.0,0,0.112179,0,0.00673,0,0.003687,0
0,0.590268,1,0.222901,0,0.077579,0,0.042749,1
0,0.695082,1,0.265987,0,0.038386,0,0.067127,1
0,0.804328,1,0.729671,1,0.734096,1,0.349209,1
0,0.679368,1,0.039535,0,0.005298,0,0.008708,0
0,0.67262,1,0.179442,0,0.015578,0,0.000416,0
0,0.90845,1,0.471243,0,0.140753,0,0.229887,1
0,0.574551,1,0.092718,0,0.037871,0,0.08894,1
0,0.196623,0,0.071627,0,0.042095,0,0.016664,0
0,0.432413,0,0.466324,0,0.224273,0,0.003531,0
0,0.697552,1,0.55484,1,0.6302,1,0.272326,1
0,0.243913,0,0.062687,0,0.037329,0,0.041456,1
0,0.387447,0,0.013149,0,0.006409,0,0.000562,0
0,0.783885,1,0.488629,0,0.082787,0,0.04326,1
0,0.579197,1,0.15828,0,0.018766,0,0.00193,0
0,0.230412,0,0.14265,0,0.024384,0,3e-05,0
0,0.579113,1,0.062044,0,0.022045,0,0.019145,0
0,0.426208,0,0.085617,0,0.023662,0,0.060203,1
0,0.248087,0,0.148768,0,0.037245,0,0.000214,0
0,0.341407,0,0.107238,0,0.014977,0,0.080051,1
0,0.300503,0,0.044663,0,0.009207,0,0.001012,0
0,0.312648,0,0.099607,0,0.053862,0,0.000719,0
0,0.398229,0,0.03624,0,0.010337,0,0.001332,0
0,0.297114,0,0.094321,0,0.0334,0,0.00693,0
0,0.609733,1,0.333861,0,0.132709,0,0.000461,0
0,0.584982,1,0.205729,0,0.01921,0,0.005933,0
0,0.624553,1,0.305252,0,0.134649,0,0.11274,1
0,0.576886,1,0.278361,0,0.114292,0,0.000589,0
0,0.274968,0,0.22067,0,0.080471,0,0.009925,0
0,0.587167,1,0.344233,0,0.267551,0,0.061517,1
0,0.370487,0,0.106784,0,0.016708,0,0.000515,0
0,0.435673,0,0.325685,0,0.064684,0,0.001278,0
0,0.489589,0,0.345813,0,0.226804,0,0.108644,1
0,0.491487,0,0.405355,0,0.416367,0,0.106402,1
0,0.610556,1,0.288835,0,0.322909,0,0.000189,0
0,0.589064,1,0.295982,0,0.229113,0,0.00779,0
0,0.560054,1,0.32062,0,0.095266,0,0.074271,1
0,0.705038,1,0.319337,0,0.366643,0,0.007389,0
0,0.370218,0,0.378684,0,0.181561,0,0.108852,1
0,0.477642,0,0.138529,0,0.06067,0,0.00382,0
0,0.678597,1,0.286433,0,0.20238,0,0.018012,0
0,0.347028,0,0.214325,0,0.031716,0,0.044072,1
0,0.564597,1,0.299335,0,0.194833,0,0.003231,0
0,0.515533,1,0.280614,0,0.207496,0,0.037489,1
1,0.756074,1,0.609644,1,0.794423,1,0.292357,1
0,0.653435,1,0.216091,0,0.154503,0,0.062879,1
0,0.764855,1,0.323282,0,0.133462,0,0.000237,0
0,0.458496,0,0.07325,0,0.046938,0,6e-06,0
0,0.757204,1,0.295348,0,0.107366,0,0.000329,0
0,0.48526,0,0.416818,0,0.300169,0,0.055426,1
0,0.609821,1,0.115263,0,0.111207,0,0.227287,1
0,0.299606,0,0.070114,0,0.004454,0,0.023887,0
0,0.763477,1,0.36591,0,0.029841,0,0.035739,1
0,0.364002,0,0.335529,0,0.179501,0,0.000626,0
0,0.737892,1,0.435094,0,0.549838,1,0.002598,0
0,0.506341,1,0.2814,0,0.215924,0,0.02471,0
0,0.401119,0,0.041328,0,0.006046,0,0.01053,0
0,0.393922,0,0.475252,0,0.302056,0,0.536963,1
0,0.410073,0,0.170822,0,0.039808,0,0.006647,0
0,0.544424,1,0.237734,0,0.077358,0,0.001134,0
0,0.675928,1,0.47991,0,0.414738,0,0.5,1
0,0.666042,1,0.197182,0,0.011318,0,0.141502,1
0,0.025549,0,0.000328,0,0.000624,0,1.5e-05,0
0,0.041585,0,0.014937,0,0.003445,0,5.7e-05,0
0,0.055243,0,0.046214,0,0.008581,0,3.1e-05,0
0,0.030514,0,0.006014,0,0.002015,0,2e-06,0
1,0.873306,1,0.780979,1,0.950421,1,0.437129,1
0,0.218798,0,0.014743,0,0.003242,0,0.000895,0
0,0.279926,0,0.049777,0,0.013712,0,0.000149,0
0,0.457066,0,0.053241,0,0.00685,0,0.063938,1
0,0.244703,0,0.186892,0,0.011707,0,0.007329,0
0,0.032191,0,0.006518,0,0.007378,0,0.000106,0
0,0.204874,0,0.043125,0,0.026778,0,0.011019,0
0,0.216528,0,0.028702,0,0.007375,0,0.000233,0
0,0.239102,0,0.043745,0,0.020653,0,0.02411,0
0,0.19576,0,0.025836,0,0.012979,0,0.01421,0
0,0.285602,0,0.089825,0,0.018226,0,0.022292,0
0,0.823786,1,0.841295,1,0.855257,1,0.002629,0
0,0.420639,0,0.011831,0,0.002397,0,0.007191,0
0,0.558354,1,0.516652,1,0.056705,0,0.183638,1
0,0.326653,0,0.272327,0,0.164639,0,0.000797,0
0,0.543905,1,0.245227,0,0.08014,0,0.000247,0
0,0.359726,0,0.269066,0,0.11287,0,0.001055,0
0,0.221623,0,0.306844,0,0.328242,0,0.004618,0
1,0.819159,1,0.79265,1,0.947644,1,0.112392,1
1,0.593224,1,0.455367,0,0.670506,1,0.210986,1
0,0.757157,1,0.325919,0,0.114935,0,0.107903,1
0,0.370496,0,0.137942,0,0.062692,0,5e-05,0
0,0.563593,1,0.532373,1,0.126521,0,0.117711,1
0,0.140611,0,0.03301,0,0.007663,0,2.7e-05,0
0,0.534419,1,0.30487,0,0.078646,0,0.138911,1
0,0.772619,1,0.440449,0,0.116522,0,0.046756,1
0,0.599332,1,0.0327,0,0.008904,0,0.015506,0
0,0.637916,1,0.369655,0,0.116883,0,0.00146,0
0,0.600978,1,0.332652,0,0.199664,0,0.281021,1
0,0.57962,1,0.174893,0,0.15894,0,0.112043,1
0,0.381827,0,0.018659,0,0.006156,0,3.5e-05,0
0,0.286562,0,0.02583,0,0.009738,0,0.003541,0
0,0.525718,1,0.226753,0,0.049329,0,0.024739,0
0,0.518787,1,0.221445,0,0.071489,0,0.000327,0
0,0.45192,0,0.241533,0,0.097688,0,0.005136,0
0,0.208934,0,0.168451,0,0.036434,0,0.000626,0
0,0.422842,0,0.23892,0,0.266371,0,0.003517,0
0,0.442152,0,0.294483,0,0.194136,0,0.001218,0
0,0.228789,0,0.186709,0,0.014901,0,0.003987,0
0,0.572963,1,0.3871,0,0.282678,0,0.086779,1
0,0.611733,1,0.282941,0,0.175314,0,0.04826,1
0,0.49463,0,0.288837,0,0.222384,0,0.014902,0
0,0.245939,0,0.381734,0,0.548932,1,0.096807,1
0,0.485206,0,0.073456,0,0.011449,0,0.003109,0
0,0.371671,0,0.375227,0,0.193343,0,0.007486,0
0,0.518042,1,0.475608,0,0.578952,1,0.001272,0
0,0.283975,0,0.322688,0,0.145523,0,0.001172,0
0,0.705388,1,0.203938,0,0.121789,0,0.009455,0
0,0.227343,0,0.354677,0,0.171522,0,0.012005,0
0,0.601157,1,0.200248,0,0.029786,0,0.002054,0
0,0.541478,1,0.031628,0,0.002079,0,1.2e-05,0
0,0.314791,0,0.197644,0,0.025038,0,0.001955,0
0,0.296058,0,0.173391,0,0.030009,0,0.004599,0
0,0.42644,0,0.120523,0,0.006459,0,0.032323,0
0,0.848309,1,0.422605,0,0.081608,0,0.003716,0
0,0.352326,0,0.344045,0,0.302884,0,0.010039,0
0,0.000167,0,0.001747,0,0.001117,0,0.000101,0
0,0.037876,0,4.3e-05,0,0.000615,0,1.4e-05,0
0,0.000196,0,0.000997,0,0.001681,0,2e-06,0
0,0.036209,0,0.007161,0,0.002551,0,4.1e-05,0
0,0.113178,0,0.001794,0,0.002729,0,0.000193,0
0,0.040424,0,0.010267,0,0.002013,0,2e-06,0
0,0.031772,0,0.007284,0,0.002989,0,5.7e-05,0
0,0.021797,0,0.001533,0,0.004567,0,2e-06,0
0,0.022513,0,0.00252,0,0.003065,0,3e-06,0
0,0.20345,0,0.012897,0,0.004056,0,0.293773,1
0,0.202589,0,0.007762,0,0.004748,0,0.050867,1
0,0.00083,0,0.029592,0,0.009601,0,2.3e-05,0
0,0.003425,0,0.043702,0,0.001467,0,0.000536,0
0,0.001095,0,0.064347,0,0.008763,0,2.4e-05,0
0,0.476251,0,0.290661,0,0.097746,0,0.142677,1
0,0.655652,1,0.139993,0,0.017079,0,0.002284,0
0,0.48972,0,0.155983,0,0.057854,0,0.028423,0
0,0.632575,1,0.047545,0,0.017995,0,0.009637,0
0,0.649107,1,0.241159,0,0.379998,0,0.005182,0
0,0.071188,0,0.132615,0,0.026307,0,0.000178,0
0,0.072489,0,0.079709,0,0.01729,0,0.000271,0
0,0.238068,0,0.138951,0,0.052521,0,0.000271,0
0,0.48871,0,0.320511,0,0.133898,0,0.000623,0
0,0.09517,0,0.090691,0,0.008355,0,0.000175,0
0,0.427415,0,0.378029,0,0.275608,0,0.012444,0
0,0.544743,1,0.367711,0,0.277465,0,0.036921,1
0,0.645621,1,0.151606,0,0.075258,0,0.001737,0
0,0.413078,0,0.039779,0,0.008342,0,0.013615,0
0,0.561199,1,0.099195,0,0.028767,0,0.004031,0
0,0.750038,1,0.493112,0,0.181464,0,0.002776,0
0,0.485168,0,0.040935,0,0.003355,0,2e-06,0
0,0.625973,1,0.276436,0,0.127167,0,0.056026,1
0,0.359361,0,0.150336,0,0.011386,0,0.078067,1
0,0.450508,0,0.113294,0,0.037815,0,0.049457,1
0,0.68033,1,0.459877,0,0.161447,0,0.008843,0
0,0.512979,1,0.498639,0,0.351874,0,0.115608,1
0,0.583237,1,0.074715,0,0.027327,0,0.002487,0
0,0.231061,0,0.029887,0,0.006398,0,3.9e-05,0
0,0.452433,0,0.29328,0,0.084114,0,0.140104,1
0,0.220318,0,0.056383,0,0.046147,0,0.000146,0
0,0.699313,1,0.47809,0,0.406031,0,0.402402,1
0,0.517317,1,0.1889,0,0.011428,0,0.006331,0
0,0.478299,0,0.325099,0,0.034091,0,0.022253,0
0,0.218743,0,0.109023,0,0.011982,0,0.029391,0
0,0.651163,1,0.476965,0,0.14893,0,0.04149,1
0,0.466976,0,0.266621,0,0.160833,0,0.01177,0
0,0.482168,0,0.03953,0,0.090332,0,0.013984,0
0,0.48836,0,0.131232,0,0.196324,0,0.018779,0
0,0.434486,0,0.088447,0,0.030422,0,0.002598,0
0,0.349205,0,0.661625,1,0.340435,0,0.012199,0
0,0.452523,0,0.170045,0,0.020994,0,0.001507,0
0,0.731251,1,0.43389,0,0.14947,0,0.00046,0
0,0.712561,1,0.150521,0,0.041573,0,0.015402,0
0,0.42916,0,0.062216,0,0.022313,0,0.003942,0
0,0.91104,1,0.555514,1,0.602139,1,0.022664,0
0,0.582942,1,0.494378,0,0.75707,1,0.029739,0
0,0.516347,1,0.069866,0,0.025055,0,0.05931,1
0,0.496291,0,0.066266,0,0.014091,0,0.002279,0
0,0.713214,1,0.114668,0,0.075564,0,0.003288,0
0,0.690102,1,0.472903,0,0.126563,0,0.002444,0
0,0.353914,0,0.280185,0,0.078514,0,0.043325,1
0,0.613095,1,0.100893,0,0.026379,0,0.007476,0
0,0.635247,1,0.157637,0,0.211357,0,0.023626,0
0,0.326128,0,0.259304,0,0.316711,0,0.00357,0
0,0.355902,0,0.064577,0,0.030701,0,0.000189,0
0,0.710595,1,0.077145,0,0.001424,0,0.000911,0
0,0.301853,0,0.037841,0,0.07269,0,0.000283,0
0,0.510972,1,0.036385,0,0.035649,0,0.002562,0
0,0.676853,1,0.099711,0,0.017584,0,0.001667,0
0,0.341104,0,0.15028,0,0.042864,0,2.5e-05,0
0,0.490169,0,0.230352,0,0.023293,0,0.000843,0
0,0.444307,0,0.105005,0,0.043475,0,0.013783,0
0,0.718219,1,0.225434,0,0.128466,0,0.01075,0
0,0.417455,0,0.170539,0,0.045057,0,0.000267,0
0,0.600944,1,0.1321,0,0.012177,0,0.000462,0
0,0.474646,0,0.044981,0,0.078085,0,0.055827,1
0,0.402493,0,0.017536,0,0.00489,0,0.043749,1
0,0.773738,1,0.350361,0,0.33047,0,0.199003,1
0,0.735344,1,0.254906,0,0.070947,0,0.085097,1
0,0.0,0,0.109315,0,0.016115,0,0.003687,0
0,0.264247,0,0.241053,0,0.036897,0,0.000574,0
0,0.502984,1,0.108815,0,0.003696,0,0.011881,0
0,0.463228,0,0.141432,0,0.020703,0,0.047752,1
0,0.622163,1,0.354805,0,0.165633,0,0.046377,1
0,0.39251,0,0.18449,0,0.016268,0,0.031552,0
0,0.504446,1,0.332933,0,0.331196,0,0.021788,0
0,0.601797,1,0.262588,0,0.012534,0,0.052586,1
0,0.498379,0,0.197211,0,0.062327,0,0.008382,0
0,0.571936,1,0.251698,0,0.197961,0,0.005014,0
0,0.486517,0,0.228398,0,0.217646,0,0.026608,0
0,0.675742,1,0.357618,0,0.291674,0,0.031242,0
0,0.25693,0,0.152455,0,0.043333,0,0.001535,0
0,0.404981,0,0.140925,0,0.017817,0,0.003291,0
0,0.47483,0,0.114634,0,0.016415,0,0.194911,1
0,0.705757,1,0.175557,0,0.056985,0,0.038264,1
0,0.277134,0,0.139049,0,0.009161,0,0.002689,0
0,0.536002,1,0.259458,0,0.079657,0,0.018645,0
0,0.298261,0,0.241658,0,0.107298,0,0.000646,0
0,0.435228,0,0.422848,0,0.195018,0,0.046309,1
0,0.286803,0,0.379414,0,0.213431,0,0.057794,1
1,0.468549,0,0.515614,1,0.621906,1,0.058468,1
0,0.60212,1,0.15793,0,0.151057,0,0.072087,1
0,0.628283,1,0.302011,0,0.067605,0,0.072992,1
0,0.463379,0,0.207429,0,0.370836,0,0.042744,1
0,0.486997,0,0.110147,0,0.02995,0,0.064129,1
0,0.474151,0,0.203017,0,0.0645,0,0.028843,0
0,0.807783,1,0.207249,0,0.078118,0,0.005628,0
0,0.39046,0,0.261505,0,0.155487,0,0.02675,0
0,0.617075,1,0.327262,0,0.039345,0,0.000115,0
0,0.628726,1,0.311942,0,0.183246,0,0.025188,0
0,0.57051,1,0.397805,0,0.488896,0,0.108074,1
0,0.411675,0,0.4868,0,0.618557,1,0.169817,1
0,0.578072,1,0.097224,0,0.015114,0,0.003164,0
0,0.453983,0,0.257961,0,0.045043,0,0.000125,0
0,0.635029,1,0.318877,0,0.057192,0,0.031162,0
0,0.609696,1,0.341604,0,0.070033,0,0.065785,1
0,0.537282,1,0.408201,0,0.322786,0,0.019926,0
0,0.39174,0,0.178187,0,0.064679,0,0.009088,0
0,0.445348,0,0.12162,0,0.006788,0,0.061336,1
0,0.587765,1,0.333211,0,0.238461,0,0.203178,1
0,0.475968,0,0.301428,0,0.107866,0,0.002198,0
0,0.443415,0,0.32826,0,0.259789,0,0.017858,0
0,0.633038,1,0.232809,0,0.110197,0,0.052345,1
0,0.556383,1,0.239531,0,0.054827,0,0.012375,0
0,0.655657,1,0.142762,0,0.016091,0,0.000958,0
0,0.066253,0,0.356368,0,0.071643,0,1.5e-05,0
0,0.578444,1,0.388505,0,0.087791,0,0.000252,0
0,0.333891,0,0.129819,0,0.028104,0,0.142643,1
0,0.621821,1,0.306092,0,0.081595,0,0.061211,1
0,0.554618,1,0.609101,1,0.51508,1,0.410941,1
0,0.398955,0,0.551415,1,0.264478,0,0.021055,0
0,0.577794,1,0.362142,0,0.247344,0,0.098553,1
1,0.601198,1,0.604669,1,0.804347,1,0.269018,1
0,0.689966,1,0.102853,0,0.007899,0,0.028218,0
0,0.49197,0,0.235636,0,0.053325,0,0.00131,0
0,0.703145,1,0.196575,0,0.025315,0,0.211009,1
0,0.554211,1,0.37886,0,0.199813,0,0.122069,1
0,0.549907,1,0.381137,0,0.181974,0,0.003877,0
0,0.041211,0,0.001827,0,0.002686,0,1.1e-05,0
0,0.000141,0,0.00119,0,0.002376,0,5e-06,0
0,0.000184,0,0.00046,0,0.001994,0,1.4e-05,0
0,0.081531,0,0.038221,0,0.001867,0,0.00048,0
0,0.040578,0,0.000459,0,0.001412,0,5e-06,0
0,7.6e-05,0,0.013964,0,0.002782,0,0.0,0
0,0.77423,1,0.616413,1,0.640154,1,0.114849,1
0,0.897897,1,0.07066,0,0.070356,0,0.001246,0
0,0.30603,0,0.088008,0,0.137422,0,0.004939,0
0,0.140988,0,0.049999,0,0.003549,0,0.000263,0
0,0.002306,0,0.029575,0,0.006513,0,9.1e-05,0
0,0.000478,0,0.104942,0,0.036283,0,1.1e-05,0
0,0.338578,0,0.080426,0,0.153703,0,0.000336,0
0,0.508037,1,0.161126,0,0.180788,0,0.026874,0
0,0.35393,0,0.241608,0,0.213275,0,0.000638,0
0,0.004591,0,0.079689,0,0.061752,0,0.000163,0
0,0.573717,1,0.09701,0,0.014808,0,0.000519,0
0,0.005801,0,0.132957,0,0.00412,0,7.5e-05,0
0,0.39219,0,0.178722,0,0.19413,0,0.012372,0
0,0.147333,0,0.016494,0,0.015233,0,0.000258,0
0,0.426156,0,0.46699,0,0.142605,0,0.018461,0
0,0.47716,0,0.274398,0,0.098592,0,0.005501,0
0,0.328909,0,0.024864,0,0.004701,0,0.006314,0
0,0.156996,0,0.310505,0,0.067574,0,0.001866,0
0,0.549751,1,0.346196,0,0.170376,0,0.002485,0
1,0.646021,1,0.65369,1,0.828271,1,0.183598,1
0,0.617099,1,0.476215,0,0.082909,0,0.145999,1
0,0.638603,1,0.333749,0,0.084818,0,0.050542,1
0,0.163042,0,0.03108,0,0.003895,0,0.000529,0
0,0.69388,1,0.284672,0,0.07716,0,0.205555,1
0,0.352921,0,0.235562,0,0.029094,0,0.002373,0
0,0.781458,1,0.559771,1,0.095477,0,0.358268,1
0,0.583836,1,0.314161,0,0.037789,0,0.000915,0
0,0.788108,1,0.395539,0,0.089135,0,9.1e-05,0
0,0.677894,1,0.197056,0,0.149066,0,0.001121,0
0,0.653539,1,0.226335,0,0.042705,0,0.000608,0
0,0.46541,0,0.316536,0,0.067451,0,0.113311,1
0,0.928099,1,0.263387,0,0.034845,0,0.00066,0
0,0.469132,0,0.335272,0,0.289276,0,0.007702,0
0,0.73316,1,0.448355,0,0.32481,0,0.264484,1
0,0.427183,0,0.300202,0,0.272617,0,0.016199,0
0,0.631108,1,0.369173,0,0.079167,0,0.001302,0
0,0.717837,1,0.517727,1,0.344706,0,0.378684,1
0,0.378272,0,0.256843,0,0.05224,0,0.00252,0
0,0.664015,1,0.293418,0,0.039943,0,0.00019,0
0,0.684043,1,0.259918,0,0.133701,0,0.004547,0
0,0.039042,0,0.015255,0,0.003436,0,0.000104,0
0,0.000172,0,0.032221,0,0.001009,0,8e-06,0
0,0.112754,0,0.002494,0,0.002189,0,0.000533,0
0,0.19525,0,0.196999,0,0.011833,0,0.001711,0
0,0.287434,0,0.123747,0,0.011621,0,5.2e-05,0
0,0.181761,0,0.158385,0,0.199948,0,0.004453,0
0,0.200798,0,0.20807,0,0.101197,0,0.002495,0
0,0.520008,1,0.130546,0,0.027652,0,0.002321,0
0,0.487176,0,0.15174,0,0.033532,0,0.00723,0
0,0.687021,1,0.266238,0,0.09284,0,0.025604,0
0,0.198786,0,0.222167,0,0.015218,0,0.06731,1
0,0.26217,0,0.005262,0,0.003405,0,7.8e-05,0
0,0.007866,0,0.074897,0,0.005571,0,0.0,0
0,0.317206,0,0.126142,0,0.039492,0,0.005458,0
0,0.706373,1,0.192232,0,0.190104,0,0.108131,1
0,0.153443,0,0.030431,0,0.003833,0,7.7e-05,0
0,0.240686,0,0.049749,0,0.014076,0,0.002428,0
0,0.237623,0,0.27307,0,0.027523,0,0.048988,1
0,0.276643,0,0.019961,0,0.032988,0,5.5e-05,0
0,0.414749,0,0.196875,0,0.15315,0,0.000726,0
0,0.252365,0,0.163701,0,0.097777,0,0.000151,0
0,0.685667,1,0.17037,0,0.125821,0,0.003422,0
0,0.352819,0,0.005945,0,0.003645,0,0.00041,0
0,0.198398,0,0.016986,0,0.007405,0,0.000131,0
0,0.526475,1,0.110477,0,0.075731,0,0.000333,0
0,0.240941,0,0.088911,0,0.007327,0,0.002657,0
0,0.12982,0,0.092893,0,0.023775,0,0.000438,0
0,0.365778,0,0.095152,0,0.012574,0,0.004003,0
0,0.410093,0,0.132709,0,0.097221,0,0.00122,0
0,0.573743,1,0.26649,0,0.054076,0,0.000442,0
1,0.696452,1,0.52741,1,0.944265,1,0.26977,1
0,0.287062,0,0.215701,0,0.031425,0,0.000168,0
0,0.445379,0,0.328834,0,0.352329,0,0.002313,0
0,0.164204,0,0.069887,0,0.042099,0,0.000318,0
0,0.531944,1,0.100133,0,0.01231,0,0.004267,0
0,0.535636,1,0.105756,0,0.023239,0,0.040642,1
0,0.205288,0,0.023182,0,0.006288,0,0.000419,0
0,0.09095,0,0.052457,0,0.006663,0,0.001051,0
0,0.285467,0,0.04597,0,0.040974,0,0.002304,0
0,0.609574,1,0.089068,0,0.018175,0,0.004251,0
0,0.60611,1,0.262907,0,0.197258,0,0.247155,1
0,0.521237,1,0.084019,0,0.031401,0,0.000325,0
0,0.188159,0,0.19469,0,0.025763,0,0.016286,0
1,0.444756,0,0.305313,0,0.139037,0,0.033578,0
0,0.503986,1,0.079442,0,0.01319,0,0.001857,0
0,0.207984,0,0.022444,0,0.005229,0,0.000531,0
0,0.092305,0,0.045777,0,0.047786,0,0.001097,0
0,0.415824,0,0.090806,0,0.012618,0,0.000459,0
0,0.472151,0,0.290693,0,0.078068,0,0.079643,1
0,0.324986,0,0.064965,0,0.018044,0,0.00015,0
0,0.407875,0,0.110104,0,0.005504,0,3.3e-05,0
0,0.531154,1,0.205756,0,0.169209,0,0.003371,0
0,0.193883,0,0.097014,0,0.010231,0,9.2e-05,0
0,0.304181,0,0.032328,0,0.031657,0,0.011357,0
0,0.272488,0,0.038647,0,0.014652,0,0.000561,0
0,0.269985,0,0.080025,0,0.025886,0,0.001636,0
0,0.577864,1,0.045549,0,0.002011,0,0.000946,0
0,0.312154,0,0.06385,0,0.066323,0,0.000117,0
0,0.520111,1,0.132363,0,0.01719,0,0.000117,0
0,0.563633,1,0.140957,0,0.051477,0,0.004083,0
0,0.232605,0,0.158886,0,0.005289,0,0.000349,0
0,0.173525,0,0.069687,0,0.006639,0,0.000127,0
0,0.288568,0,0.162595,0,0.031476,0,0.001365,0
0,0.088643,0,0.00787,0,0.00281,0,0.000104,0
0,0.989578,1,0.20279,0,0.043418,0,0.73037,1
0,0.434945,0,0.121059,0,0.016257,0,0.002373,0
0,0.534941,1,0.125714,0,0.02462,0,0.000429,0
0,0.248464,0,0.11954,0,0.011352,0,0.000538,0
0,0.06202,0,0.0112,0,0.001767,0,7.1e-05,0
0,0.076608,0,0.131,0,0.008577,0,0.00013,0
0,0.135789,0,0.113102,0,0.020437,0,0.000661,0
0,0.425766,0,0.207092,0,0.10258,0,0.01782,0
0,0.046583,0,0.018761,0,0.003057,0,5.6e-05,0
0,0.110654,0,0.093348,0,0.007879,0,0.0005,0
0,0.02069,0,0.00142,0,0.004378,0,2e-06,0
0,0.022254,0,0.001721,0,0.001747,0,0.0001,0
0,0.020261,0,0.008184,0,0.002501,0,7e-06,0
0,0.00015,0,0.001459,0,0.00094,0,1.7e-05,0
0,0.015583,0,0.001041,0,0.001653,0,2e-06,0
0,0.017757,0,0.029501,0,0.002262,0,5e-06,0
0,0.014766,0,0.001798,0,0.00281,0,2e-06,0
0,0.05643,0,0.016402,0,0.007687,0,0.000174,0
0,0.040539,0,0.000416,0,0.001842,0,5.3e-05,0
0,0.080975,0,0.143293,0,0.071972,0,0.000333,0
0,0.025982,0,0.000416,0,0.001437,0,1e-05,0
0,0.000126,0,0.018697,0,0.004134,0,6.9e-05,0
0,0.022449,0,0.007241,0,0.005492,0,4e-06,0
0,0.025979,0,0.020601,0,0.006096,0,1.2e-05,0
0,0.025532,0,0.025218,0,0.00756,0,8e-06,0
0,0.030798,0,0.011012,0,0.002321,0,6.1e-05,0
0,0.054286,0,0.041232,0,0.008637,0,6e-05,0
0,9.7e-05,0,0.014027,0,0.002228,0,1e-06,0
0,0.038284,0,0.02086,0,0.00395,0,0.000104,0
0,0.028937,0,0.007657,0,0.006517,0,1.2e-05,0
0,0.018758,0,0.00635,0,0.004321,0,1e-05,0
0,0.022942,0,0.009728,0,0.003894,0,2.9e-05,0
0,0.028162,0,0.0146,0,0.001824,0,1.5e-05,0
0,0.017175,0,0.002043,0,0.006656,0,0.000266,0
0,0.000117,0,0.000493,0,0.004492,0,4.8e-05,0
0,0.05071,0,0.009067,0,0.002614,0,5e-05,0
0,0.115529,0,0.07813,0,0.003448,0,0.001522,0
0,0.026883,0,0.001236,0,0.001369,0,3.3e-05,0
0,0.000198,0,0.007798,0,0.010844,0,1.1e-05,0
0,0.033381,0,0.003551,0,0.014514,0,7.1e-05,0
0,0.025294,0,0.0,0,0.001609,0,2.9e-05,0
0,0.034037,0,0.039205,0,0.00452,0,1e-05,0
0,0.022354,0,0.000565,0,0.00746,0,3e-06,0
0,0.025286,0,0.012393,0,0.006744,0,6e-06,0
0,0.048501,0,0.000565,0,0.005735,0,4.3e-05,0
0,0.050341,0,0.012502,0,0.004744,0,8.2e-05,0
0,0.04112,0,0.000565,0,0.003503,0,2.1e-05,0
0,9.9e-05,0,0.024723,0,0.00967,0,1e-06,0
0,0.000188,0,0.023897,0,0.006526,0,2.2e-05,0
0,0.000209,0,0.003602,0,0.005977,0,8.1e-05,0
0,0.045368,0,0.003405,0,0.003378,0,0.000111,0
0,0.049623,0,0.0,0,0.003053,0,0.000148,0
0,0.084129,0,0.007236,0,0.00239,0,0.00051,0
0,0.047546,0,0.0,0,0.002398,0,0.000399,0
0,0.000297,0,0.012657,0,0.004956,0,0.000103,0
0,0.000155,0,0.001647,0,0.002265,0,0.000107,0
0,0.000195,0,0.00115,0,0.002369,0,0.0001,0
0,0.000173,0,0.004262,0,0.002298,0,8.8e-05,0
0,0.000242,0,0.000285,0,0.000545,0,0.000167,0
0,0.000456,0,0.007977,0,0.001331,0,0.000167,0
0,0.000126,0,0.002267,0,0.001973,0,0.000112,0
