Facility ID,State,Hospital_Type,Birthing_Center,Emergency_Services,Hospital_Ownership,Hospital_Rating,MORT_Participation,Safety_Participation,READM_Participation,PtExp_Participation,TE_Participation,Engagement_Index,Domains_Reporting,MORT_Better,MORT_Worse,Safety_Better,Safety_Worse,READM_Better,READM_Worse,Net_Performance_Score,Net_Performance_Rate,Performance_Ratio
010001,AL,Acute Care,1,1,Government,4.0,1.0,0.875,1.0,1.0,0.9166666666666666,0.9583333333333334,5,0.0,0.0,0.42857142857142855,0.0,0.0,0.0,3.0,0.12,0.12
010005,AL,Acute Care,1,1,Government,3.0,0.8571428571428571,0.875,0.8181818181818182,1.0,1.0,0.9100649350649352,5,0.0,0.16666666666666666,0.0,0.0,0.0,0.1111111111111111,-2.0,-0.09090909090909091,0.0
010006,AL,Acute Care,1,1,For-Profit,2.0,1.0,1.0,0.8181818181818182,1.0,0.8333333333333334,0.9303030303030303,5,0.0,0.2857142857142857,0.375,0.0,0.0,0.1111111111111111,0.0,0.0,0.125
010007,AL,Acute Care,0,1,Non-Profit,1.0,0.42857142857142855,0.375,0.6363636363636364,1.0,0.5833333333333334,0.6046536796536797,5,0.0,0.3333333333333333,0.0,0.0,0.0,0.0,-1.0,-0.07692307692307693,0.0
010008,AL,Acute Care,0,1,For-Profit,,0.14285714285714285,0.0,0.18181818181818182,0.0,0.5,0.16493506493506493,3,0.0,0.0,,,0.0,0.0,0.0,0.0,0.0
010011,AL,Acute Care,0,1,Non-Profit,2.0,1.0,0.875,0.8181818181818182,1.0,0.6666666666666666,0.8719696969696971,5,0.0,0.14285714285714285,0.42857142857142855,0.0,0.0,0.1111111111111111,1.0,0.043478260869565216,0.13043478260869565
010012,AL,Acute Care,1,1,For-Profit,3.0,0.5714285714285714,0.5,0.7272727272727273,1.0,0.8333333333333334,0.7264069264069264,5,0.0,0.0,0.0,0.0,0.0,0.0,0.0,0.0,0.0
010016,AL,Acute Care,0,1,Non-Profit,2.0,1.0,0.875,0.8181818181818182,1.0,0.6666666666666666,0.8719696969696971,5,0.0,0.0,0.14285714285714285,0.14285714285714285,0.0,0.1111111111111111,-1.0,-0.043478260869565216,0.043478260869565216
010018,AL,Acute Care,0,1,Non-Profit,,0.0,0.125,0.09090909090909091,0.0,0.3333333333333333,0.10984848484848483,3,,,0.0,0.0,0.0,0.0,0.0,0.0,0.0
010019,AL,Acute Care,1,1,Government,2.0,0.7142857142857143,0.875,0.6363636363636364,1.0,0.9166666666666666,0.8284632034632035,5,0.0,0.4,0.0,0.14285714285714285,0.0,0.0,-3.0,-0.15789473684210525,0.0
010021,AL,Acute Care,0,1,Government,3.0,0.42857142857142855,0.25,0.45454545454545453,1.0,0.75,0.5766233766233766,5,0.0,0.0,0.0,0.0,0.0,0.0,0.0,0.0,0.0
010022,AL,Acute Care,0,1,For-Profit,,0.0,0.125,0.2727272727272727,0.0,0.5,0.17954545454545454,3,,,0.0,0.0,0.0,0.0,0.0,0.0,0.0
010023,AL,Acute Care,1,1,Government,1.0,1.0,0.875,1.0,1.0,0.75,0.925,5,0.0,0.0,0.14285714285714285,0.14285714285714285,0.09090909090909091,0.18181818181818182,-1.0,-0.04,0.08
010024,AL,Acute Care,1,1,Non-Profit,2.0,1.0,0.75,0.9090909090909091,1.0,0.9166666666666666,0.9151515151515153,5,0.0,0.0,0.16666666666666666,0.16666666666666666,0.1,0.2,-1.0,-0.043478260869565216,0.08695652173913043
010029,AL,Acute Care,1,1,Government,3.0,1.0,1.0,1.0,1.0,0.9166666666666666,0.9833333333333334,5,0.0,0.14285714285714285,0.125,0.0,0.09090909090909091,0.18181818181818182,-1.0,-0.038461538461538464,0.07692307692307693
010033,AL,Acute Care,1,1,Government,3.0,1.0,1.0,1.0,1.0,0.9166666666666666,0.9833333333333334,5,0.0,0.14285714285714285,0.375,0.125,0.09090909090909091,0.18181818181818182,0.0,0.0,0.15384615384615385
010034,AL,Acute Care,0,1,Non-Profit,,0.0,0.0,0.18181818181818182,0.0,0.5,0.13636363636363638,2,,,,,0.0,0.0,0.0,0.0,0.0
010035,AL,Acute Care,1,1,Government,2.0,0.8571428571428571,0.875,0.6363636363636364,1.0,0.9166666666666666,0.857034632034632,5,0.0,0.16666666666666666,0.14285714285714285,0.0,0.0,0.14285714285714285,-1.0,-0.05,0.05
010036,AL,Acute Care,1,1,For-Profit,2.0,0.5714285714285714,0.375,0.6363636363636364,1.0,0.75,0.6665584415584416,5,0.0,0.0,0.0,0.0,0.0,0.14285714285714285,-1.0,-0.07142857142857142,0.0
010039,AL,Acute Care,1,1,Government,2.0,1.0,1.0,1.0,1.0,1.0,1.0,5,0.0,0.5714285714285714,0.375,0.125,0.09090909090909091,0.09090909090909091,-2.0,-0.07692307692307693,0.15384615384615385
010040,AL,Acute Care,1,1,For-Profit,1.0,1.0,0.875,0.8181818181818182,1.0,0.8333333333333334,0.9053030303030303,5,0.0,0.14285714285714285,0.14285714285714285,0.14285714285714285,0.0,0.0,-1.0,-0.043478260869565216,0.043478260869565216
010044,AL,Acute Care,0,1,Non-Profit,,0.2857142857142857,0.0,0.36363636363636365,0.0,0.6666666666666666,0.26320346320346316,3,0.0,0.0,,,0.5,0.0,2.0,0.3333333333333333,0.3333333333333333
010045,AL,Acute Care,0,1,Non-Profit,2.0,0.42857142857142855,0.25,0.45454545454545453,1.0,0.6666666666666666,0.5599567099567099,5,0.0,0.0,0.0,0.0,0.0,0.0,0.0,0.0,0.0
010046,AL,Acute Care,0,1,For-Profit,2.0,0.8571428571428571,0.625,0.6363636363636364,1.0,0.6666666666666666,0.757034632034632,5,0.0,0.0,0.2,0.0,0.0,0.14285714285714285,0.0,0.0,0.05555555555555555
010049,AL,Acute Care,1,1,For-Profit,3.0,0.5714285714285714,0.5,0.6363636363636364,1.0,0.8333333333333334,0.7082251082251083,5,0.0,0.0,0.0,0.0,0.0,0.0,0.0,0.0,0.0
010051,AL,Acute Care,0,1,Non-Profit,,0.0,0.0,0.0,0.0,0.3333333333333333,0.06666666666666667,1,,,,,,,0.0,,
010052,AL,Acute Care,0,1,For-Profit,,0.14285714285714285,0.0,0.18181818181818182,1.0,0.5,0.36493506493506495,4,0.0,0.0,,,0.0,0.0,0.0,0.0,0.0
010055,AL,Acute Care,1,1,For-Profit,2.0,1.0,1.0,0.8181818181818182,1.0,0.9166666666666666,0.946969696969697,5,0.0,0.42857142857142855,0.375,0.0,0.0,0.2222222222222222,-2.0,-0.08333333333333333,0.125
010056,AL,Acute Care,1,1,Non-Profit,3.0,1.0,1.0,0.8181818181818182,1.0,0.9166666666666666,0.946969696969697,5,0.14285714285714285,0.0,0.25,0.0,0.1111111111111111,0.0,4.0,0.16666666666666666,0.16666666666666666
010058,AL,Acute Care,1,1,Government,,0.14285714285714285,0.125,0.18181818181818182,0.0,0.6666666666666666,0.22326839826839828,4,0.0,0.0,0.0,0.0,0.0,0.0,0.0,0.0,0.0
010059,AL,Acute Care,0,1,Government,,0.14285714285714285,0.0,0.18181818181818182,0.0,0.5,0.16493506493506493,3,0.0,0.0,,,0.0,0.0,0.0,0.0,0.0
010061,AL,Acute Care,1,1,Government,3.0,0.5714285714285714,0.375,0.5454545454545454,1.0,0.8333333333333334,0.6650432900432901,5,0.0,0.0,0.0,0.0,0.0,0.0,0.0,0.0,0.0
010062,AL,Acute Care,0,1,Government,,0.14285714285714285,0.25,0.2727272727272727,0.0,0.5833333333333334,0.24978354978354975,4,0.0,0.0,0.0,0.0,0.0,0.0,0.0,0.0,0.0
010065,AL,Acute Care,1,1,Non-Profit,3.0,0.5714285714285714,0.5,0.8181818181818182,1.0,0.8333333333333334,0.7445887445887446,5,0.0,0.0,0.0,0.0,0.1111111111111111,0.0,1.0,0.058823529411764705,0.058823529411764705
010073,AL,Acute Care,0,1,Government,,0.14285714285714285,0.0,0.2727272727272727,0.0,0.6666666666666666,0.21645021645021645,3,0.0,0.0,,,0.0,0.0,0.0,0.0,0.0
010078,AL,Acute Care,1,1,Government,1.0,0.8571428571428571,0.875,0.9090909090909091,1.0,1.0,0.9282467532467532,5,0.0,0.16666666666666666,0.0,0.0,0.0,0.2,-3.0,-0.13043478260869565,0.0
010079,AL,Acute Care,1,1,Government,3.0,0.5714285714285714,0.75,0.6363636363636364,1.0,1.0,0.7915584415584416,5,0.0,0.25,0.0,0.0,0.14285714285714285,0.2857142857142857,-2.0,-0.11764705882352941,0.058823529411764705
010083,AL,Acute Care,1,1,For-Profit,4.0,0.8571428571428571,0.75,0.7272727272727273,1.0,1.0,0.8668831168831168,5,0.0,0.0,0.3333333333333333,0.0,0.25,0.0,4.0,0.2,0.2
010085,AL,Acute Care,1,1,Government,3.0,0.8571428571428571,0.875,0.6363636363636364,1.0,0.9166666666666666,0.857034632034632,5,0.0,0.0,0.2857142857142857,0.0,0.0,0.0,2.0,0.1,0.1
010086,AL,Acute Care,0,1,For-Profit,4.0,0.42857142857142855,0.125,0.45454545454545453,1.0,0.75,0.5516233766233766,5,0.0,0.0,0.0,0.0,0.0,0.0,0.0,0.0,0.0
010087,AL,Acute Care,0,1,Government,2.0,0.7142857142857143,0.75,0.6363636363636364,1.0,0.6666666666666666,0.7534632034632034,5,0.0,0.0,0.3333333333333333,0.16666666666666666,0.0,0.2857142857142857,-1.0,-0.05555555555555555,0.1111111111111111
010089,AL,Acute Care,1,1,For-Profit,3.0,0.7142857142857143,0.625,0.5454545454545454,1.0,0.8333333333333334,0.7436147186147186,5,0.0,0.0,0.2,0.0,0.0,0.16666666666666666,0.0,0.0,0.0625
010090,AL,Acute Care,1,1,Non-Profit,3.0,1.0,0.875,0.8181818181818182,1.0,0.75,0.8886363636363637,5,0.0,0.0,0.2857142857142857,0.0,0.0,0.1111111111111111,1.0,0.043478260869565216,0.08695652173913043
010091,AL,Acute Care,0,1,Government,,0.0,0.0,0.09090909090909091,0.0,0.5833333333333334,0.13484848484848486,2,,,,,0.0,0.0,0.0,0.0,0.0
010092,AL,Acute Care,1,1,Government,1.0,1.0,1.0,1.0,1.0,1.0,1.0,5,0.0,0.14285714285714285,0.375,0.0,0.0,0.2727272727272727,-1.0,-0.038461538461538464,0.11538461538461539
010095,AL,Acute Care,0,1,Government,,0.0,0.0,0.09090909090909091,0.0,0.4166666666666667,0.10151515151515152,2,,,,,0.0,0.0,0.0,0.0,0.0
010097,AL,Acute Care,0,1,For-Profit,,0.14285714285714285,0.0,0.2727272727272727,1.0,0.6666666666666666,0.41645021645021646,4,0.0,0.0,,,0.0,0.0,0.0,0.0,0.0
010099,AL,Acute Care,1,1,Government,,0.2857142857142857,0.25,0.5454545454545454,1.0,0.75,0.5662337662337662,5,0.0,0.0,0.0,0.0,0.0,0.0,0.0,0.0,0.0
010100,AL,Acute Care,1,1,Non-Profit,3.0,1.0,0.875,0.8181818181818182,1.0,0.8333333333333334,0.9053030303030303,5,0.0,0.0,0.14285714285714285,0.0,0.1111111111111111,0.0,2.0,0.08695652173913043,0.08695652173913043
010101,AL,Acute Care,0,1,Non-Profit,,0.2857142857142857,0.25,0.36363636363636365,1.0,0.5833333333333334,0.49653679653679655,5,0.0,0.0,0.0,0.0,0.0,0.25,-1.0,-0.125,0.0
010103,AL,Acute Care,0,1,Non-Profit,3.0,1.0,0.875,0.8181818181818182,1.0,0.8333333333333334,0.9053030303030303,5,0.14285714285714285,0.14285714285714285,0.2857142857142857,0.0,0.0,0.0,2.0,0.08695652173913043,0.13043478260869565
010104,AL,Acute Care,1,1,For-Profit,2.0,1.0,1.0,1.0,1.0,0.9166666666666666,0.9833333333333334,5,0.0,0.14285714285714285,0.125,0.0,0.0,0.18181818181818182,-2.0,-0.07692307692307693,0.038461538461538464
010108,AL,Acute Care,0,1,Government,3.0,0.5714285714285714,0.375,0.45454545454545453,1.0,0.75,0.6301948051948052,5,0.0,0.0,0.0,0.0,0.0,0.0,0.0,0.0,0.0
010110,AL,Acute Care,0,1,For-Profit,,0.0,0.0,0.0,0.0,0.3333333333333333,0.06666666666666667,1,,,,,,,0.0,,
010112,AL,Acute Care,0,1,Government,,0.2857142857142857,0.25,0.45454545454545453,1.0,0.75,0.548051948051948,5,0.0,0.0,0.0,0.0,0.0,0.0,0.0,0.0,0.0
010113,AL,Acute Care,1,1,Non-Profit,2.0,1.0,1.0,1.0,1.0,0.8333333333333334,0.9666666666666666,5,0.0,0.14285714285714285,0.125,0.125,0.0,0.09090909090909091,-2.0,-0.07692307692307693,0.038461538461538464
010114,AL,Acute Care,1,1,Government,2.0,0.7142857142857143,0.75,0.5454545454545454,1.0,0.8333333333333334,0.7686147186147186,5,0.0,0.0,0.16666666666666666,0.0,0.0,0.16666666666666666,0.0,0.0,0.058823529411764705
010118,AL,Acute Care,1,1,For-Profit,2.0,0.5714285714285714,0.375,0.45454545454545453,1.0,0.8333333333333334,0.6468614718614719,5,0.0,0.0,0.3333333333333333,0.0,0.0,0.2,0.0,0.0,0.08333333333333333
010120,AL,Acute Care,0,1,Government,,0.2857142857142857,0.125,0.36363636363636365,1.0,0.6666666666666666,0.4882034632034632,5,0.0,0.0,0.0,0.0,0.0,0.0,0.0,0.0,0.0
010125,AL,Acute Care,0,1,For-Profit,4.0,0.42857142857142855,0.0,0.36363636363636365,1.0,0.5,0.4584415584415584,4,0.0,0.0,,,0.0,0.0,0.0,0.0,0.0
010126,AL,Acute Care,0,1,Government,,0.2857142857142857,0.25,0.36363636363636365,1.0,0.6666666666666666,0.5132034632034632,5,0.0,0.0,0.0,0.0,0.0,0.0,0.0,0.0,0.0
010128,AL,Acute Care,0,1,For-Profit,,0.2857142857142857,0.0,0.2727272727272727,0.0,0.5833333333333334,0.22835497835497837,3,0.0,0.0,,,0.0,0.0,0.0,0.0,0.0
010129,AL,Acute Care,1,1,Non-Profit,,0.2857142857142857,0.25,0.5454545454545454,1.0,0.75,0.5662337662337662,5,0.0,0.0,0.0,0.0,0.0,0.16666666666666666,-1.0,-0.1,0.0
010130,AL,Acute Care,0,1,Non-Profit,3.0,0.5714285714285714,0.25,0.45454545454545453,1.0,0.5833333333333334,0.571861471861472,5,0.0,0.25,0.0,0.0,0.0,0.0,-1.0,-0.09090909090909091,0.0
010131,AL,Acute Care,1,1,For-Profit,2.0,0.8571428571428571,0.875,0.7272727272727273,1.0,0.75,0.8418831168831169,5,0.0,0.0,0.14285714285714285,0.14285714285714285,0.125,0.125,0.0,0.0,0.09523809523809523
010138,AL,Acute Care,0,1,Government,,0.0,0.0,0.0,0.0,0.3333333333333333,0.06666666666666667,1,,,,,,,0.0,,
010139,AL,Acute Care,1,1,For-Profit,2.0,1.0,0.875,0.7272727272727273,1.0,0.8333333333333334,0.8871212121212121,5,0.0,0.0,0.14285714285714285,0.0,0.0,0.25,-1.0,-0.045454545454545456,0.045454545454545456
010144,AL,Acute Care,1,1,For-Profit,2.0,1.0,1.0,0.8181818181818182,1.0,0.8333333333333334,0.9303030303030303,5,0.0,0.0,0.375,0.0,0.0,0.3333333333333333,0.0,0.0,0.125
010148,AL,Acute Care,0,1,For-Profit,2.0,0.42857142857142855,0.0,0.45454545454545453,1.0,0.6666666666666666,0.5099567099567099,4,0.0,0.0,,,0.0,0.0,0.0,0.0,0.0
010149,AL,Acute Care,1,1,Government,4.0,0.7142857142857143,0.875,0.5454545454545454,1.0,0.75,0.7769480519480519,5,0.0,0.0,0.2857142857142857,0.0,0.0,0.16666666666666666,1.0,0.05555555555555555,0.1111111111111111
01014F,AL,Acute Care,0,1,Government,5.0,0.7142857142857143,0.5,0.5454545454545454,1.0,0.5,0.6519480519480519,5,0.4,0.0,0.0,0.0,0.0,0.0,2.0,0.13333333333333333,0.13333333333333333
010150,AL,Acute Care,0,1,For-Profit,,0.14285714285714285,0.25,0.2727272727272727,0.0,0.6666666666666666,0.26645021645021644,4,0.0,0.0,0.0,0.0,0.0,0.0,0.0,0.0,0.0
010157,AL,Acute Care,0,1,For-Profit,,0.0,0.25,0.18181818181818182,0.0,0.5,0.18636363636363637,3,,,0.0,0.0,0.0,0.0,0.0,0.0,0.0
010158,AL,Acute Care,0,1,For-Profit,2.0,0.2857142857142857,0.375,0.5454545454545454,1.0,0.6666666666666666,0.5745670995670995,5,0.0,0.0,0.0,0.0,0.0,0.0,0.0,0.0,0.0
010164,AL,Acute Care,1,1,Government,3.0,0.42857142857142855,0.375,0.7272727272727273,1.0,0.9166666666666666,0.6895021645021645,5,0.0,0.0,0.3333333333333333,0.0,0.0,0.125,0.0,0.0,0.07142857142857142
010168,AL,Acute Care,0,1,Government,,0.0,0.25,0.36363636363636365,1.0,0.6666666666666666,0.45606060606060606,4,,,0.0,0.0,0.0,0.0,0.0,0.0,0.0
010169,AL,Acute Care,0,1,Government,,0.2857142857142857,0.25,0.36363636363636365,1.0,0.6666666666666666,0.5132034632034632,5,0.0,0.0,0.0,0.0,0.0,0.0,0.0,0.0,0.0
010173,AL,Acute Care,0,1,Non-Profit,,0.14285714285714285,0.25,0.2727272727272727,1.0,0.6666666666666666,0.46645021645021645,5,0.0,0.0,0.0,0.0,0.0,0.0,0.0,0.0,0.0
01019F,AL,Acute Care,0,1,Government,5.0,0.42857142857142855,0.125,0.36363636363636365,1.0,0.3333333333333333,0.4501082251082251,5,0.0,0.0,0.0,0.0,0.5,0.0,2.0,0.25,0.25
01021F,AL,Acute Care,0,0,Government,,0.0,0.0,0.0,0.0,0.16666666666666666,0.03333333333333333,1,,,,,,,0.0,,
010779,AL,Rural/Access,0,1,For-Profit,,0.0,0.0,0.0,0.0,0.0,0.0,0,,,,,,,0.0,,
010780,AL,Rural/Access,0,1,Government,,0.0,0.0,0.0,0.0,0.0,0.0,0,,,,,,,0.0,,
010781,AL,Rural/Access,0,1,Government,,0.0,0.0,0.0,0.0,0.0,0.0,0,,,,,,,0.0,,
011300,AL,Rural/Access,0,1,Government,,0.0,0.0,0.09090909090909091,0.0,0.25,0.06818181818181819,2,,,,,0.0,0.0,0.0,0.0,0.0
011302,AL,Rural/Access,0,1,Government,,0.0,0.0,0.09090909090909091,0.0,0.5,0.1181818181818182,2,,,,,0.0,0.0,0.0,0.0,0.0
011304,AL,Rural/Access,0,1,Non-Profit,,0.0,0.0,0.0,0.0,0.4166666666666667,0.08333333333333334,1,,,,,,,0.0,,
011305,AL,Rural/Access,0,0,Non-Profit,,0.2857142857142857,0.25,0.36363636363636365,0.0,0.75,0.32987012987012987,4,0.0,0.0,0.0,0.0,0.0,0.25,-1.0,-0.125,0.0
011306,AL,Rural/Access,0,1,Government,,0.14285714285714285,0.0,0.2727272727272727,0.0,0.5,0.1831168831168831,3,0.0,0.0,,,0.0,0.0,0.0,0.0,0.0
011307,AL,Rural/Access,0,1,Government,,0.0,0.0,0.0,0.0,0.0,0.0,0,,,,,,,0.0,,
011308,AL,Rural/Access,0,1,Government,,0.0,0.0,0.0,0.0,0.0,0.0,0,,,,,,,0.0,,
011309,AL,Rural/Access,0,1,Government,,0.0,0.0,0.0,0.0,0.0,0.0,0,,,,,,,0.0,,
013300,AL,Childrens,0,1,Non-Profit,,0.0,0.0,0.0,0.0,0.0,0.0,0,,,,,,,0.0,,
013301,AL,Childrens,0,1,Government,,0.0,0.0,0.0,0.0,0.0,0.0,0,,,,,,,0.0,,
014000,AL,Psychiatric,0,0,For-Profit,,0.0,0.0,0.0,0.0,0.0,0.0,0,,,,,,,0.0,,
014006,AL,Psychiatric,0,0,For-Profit,,0.0,0.0,0.0,0.0,0.0,0.0,0,,,,,,,0.0,,
014007,AL,Psychiatric,0,0,Government,,0.0,0.0,0.0,0.0,0.0,0.0,0,,,,,,,0.0,,
014012,AL,Psychiatric,0,1,Government,,0.0,0.0,0.0,0.0,0.0,0.0,0,,,,,,,0.0,,
014014,AL,Psychiatric,0,1,Non-Profit,,0.0,0.0,0.0,0.0,0.0,0.0,0,,,,,,,0.0,,
014015,AL,Psychiatric,0,0,For-Profit,,0.0,0.0,0.0,0.0,0.0,0.0,0,,,,,,,0.0,,
014016,AL,Psychiatric,0,0,For-Profit,,0.0,0.0,0.0,0.0,0.0,0.0,0,,,,,,,0.0,,
014017,AL,Psychiatric,0,0,Non-Profit,,0.0,0.0,0.0,0.0,0.0,0.0,0,,,,,,,0.0,,
014018,AL,Psychiatric,0,0,For-Profit,,0.0,0.0,0.0,0.0,0.0,0.0,0,,,,,,,0.0,,
020001,AK,Acute Care,1,1,Non-Profit,3.0,1.0,1.0,1.0,1.0,0.75,0.95,5,0.0,0.2857142857142857,0.25,0.0,0.09090909090909091,0.09090909090909091,0.0,0.0,0.11538461538461539
020006,AK,Acute Care,0,1,Non-Profit,3.0,0.8571428571428571,0.75,0.9090909090909091,1.0,0.9166666666666666,0.8865800865800866,5,0.0,0.3333333333333333,0.3333333333333333,0.0,0.1,0.0,1.0,0.045454545454545456,0.13636363636363635
020008,AK,Acute Care,1,1,Government,5.0,0.5714285714285714,0.375,0.8181818181818182,1.0,0.8333333333333334,0.7195887445887446,5,0.0,0.0,0.0,0.0,0.0,0.0,0.0,0.0,0.0
020012,AK,Acute Care,1,1,Non-Profit,3.0,0.7142857142857143,0.625,0.7272727272727273,1.0,1.0,0.8133116883116884,5,0.0,0.2,0.2,0.0,0.25,0.0,2.0,0.1111111111111111,0.16666666666666666
020017,AK,Acute Care,1,1,For-Profit,2.0,1.0,0.875,0.8181818181818182,1.0,0.75,0.8886363636363637,5,0.0,0.0,0.2857142857142857,0.0,0.0,0.3333333333333333,-1.0,-0.043478260869565216,0.08695652173913043
020018,AK,Acute Care,1,1,Government,,0.2857142857142857,0.125,0.2727272727272727,1.0,0.4166666666666667,0.420021645021645,5,0.0,0.0,0.0,0.0,0.0,0.0,0.0,0.0,0.0
020024,AK,Acute Care,1,1,Non-Profit,1.0,0.7142857142857143,0.5,0.8181818181818182,1.0,0.9166666666666666,0.7898268398268399,5,0.0,0.0,0.0,0.0,0.0,0.2222222222222222,-2.0,-0.1111111111111111,0.0
020026,AK,Acute Care,1,1,Government,3.0,0.8571428571428571,0.875,0.6363636363636364,1.0,0.6666666666666666,0.8070346320346321,5,0.0,0.0,0.14285714285714285,0.14285714285714285,0.0,0.0,0.0,0.0,0.05
02013F,AK,Acute Care,0,1,Government,,0.0,0.0,0.0,0.0,0.0,0.0,0,,,,,,,0.0,,
02014F,AK,Acute Care,0,1,Government,,0.0,0.0,0.0,0.0,0.0,0.0,0,,,,,,,0.0,,
021301,AK,Rural/Access,1,1,Government,,0.0,0.0,0.0,0.0,0.25,0.05,1,,,,,,,0.0,,
021302,AK,Rural/Access,0,1,Government,,0.0,0.0,0.0,0.0,0.3333333333333333,0.06666666666666667,1,,,,,,,0.0,,
021304,AK,Rural/Access,0,1,Government,,0.0,0.0,0.09090909090909091,0.0,0.16666666666666666,0.051515151515151514,2,,,,,0.0,0.0,0.0,0.0,0.0
021305,AK,Rural/Access,0,1,Government,,0.0,0.0,0.09090909090909091,0.0,0.25,0.06818181818181819,2,,,,,0.0,0.0,0.0,0.0,0.0
021306,AK,Rural/Access,0,1,Non-Profit,,0.0,0.0,0.09090909090909091,0.0,0.4166666666666667,0.10151515151515152,2,,,,,0.0,0.0,0.0,0.0,0.0
021307,AK,Rural/Access,0,1,Government,,0.0,0.0,0.0,0.0,0.16666666666666666,0.03333333333333333,1,,,,,,,0.0,,
021308,AK,Rural/Access,1,1,Government,,0.14285714285714285,0.0,0.2727272727272727,0.0,0.16666666666666666,0.11645021645021644,3,0.0,0.0,,,0.0,0.0,0.0,0.0,0.0
021309,AK,Rural/Access,0,1,Non-Profit,,0.0,0.0,0.09090909090909091,0.0,0.16666666666666666,0.051515151515151514,2,,,,,0.0,0.0,0.0,0.0,0.0
021310,AK,Rural/Access,0,1,Government,,0.0,0.0,0.0,0.0,0.16666666666666666,0.03333333333333333,1,,,,,,,0.0,,
021311,AK,Rural/Access,1,1,Non-Profit,,0.2857142857142857,0.25,0.36363636363636365,0.0,0.6666666666666666,0.31320346320346315,4,0.0,0.0,0.0,0.0,0.25,0.0,1.0,0.125,0.125
021312,AK,Rural/Access,0,1,Government,,0.14285714285714285,0.0,0.2727272727272727,0.0,0.16666666666666666,0.11645021645021644,3,0.0,0.0,,,0.0,0.0,0.0,0.0,0.0
021313,AK,Rural/Access,1,1,Non-Profit,,0.14285714285714285,0.0,0.36363636363636365,0.0,0.75,0.2512987012987013,3,0.0,0.0,,,0.0,0.0,0.0,0.0,0.0
021314,AK,Rural/Access,0,1,Government,3.0,0.42857142857142855,0.0,0.36363636363636365,0.0,0.25,0.20844155844155843,3,0.0,0.0,,,0.0,0.0,0.0,0.0,0.0
024001,AK,Psychiatric,0,1,For-Profit,,0.0,0.0,0.0,0.0,0.0,0.0,0,,,,,,,0.0,,
024002,AK,Psychiatric,0,0,Government,,0.0,0.0,0.0,0.0,0.0,0.0,0,,,,,,,0.0,,
030002,AZ,Acute Care,1,1,Non-Profit,3.0,1.0,0.875,0.9090909090909091,1.0,0.8333333333333334,0.9234848484848485,5,0.14285714285714285,0.0,0.2857142857142857,0.14285714285714285,0.1,0.1,2.0,0.08333333333333333,0.16666666666666666
030006,AZ,Acute Care,1,1,Non-Profit,2.0,1.0,1.0,1.0,1.0,0.8333333333333334,0.9666666666666666,5,0.0,0.14285714285714285,0.25,0.125,0.0,0.2727272727272727,-3.0,-0.11538461538461539,0.07692307692307693
030007,AZ,Acute Care,1,1,Non-Profit,3.0,0.8571428571428571,0.375,0.8181818181818182,1.0,1.0,0.8100649350649352,5,0.0,0.0,0.3333333333333333,0.3333333333333333,0.0,0.0,0.0,0.0,0.05555555555555555
030010,AZ,Acute Care,0,1,Non-Profit,3.0,1.0,0.75,0.7272727272727273,1.0,0.75,0.8454545454545455,5,0.0,0.0,0.0,0.0,0.125,0.125,0.0,0.0,0.047619047619047616
030011,AZ,Acute Care,1,1,Non-Profit,2.0,0.8571428571428571,0.875,0.7272727272727273,1.0,0.75,0.8418831168831169,5,0.0,0.16666666666666666,0.2857142857142857,0.0,0.0,0.0,1.0,0.047619047619047616,0.09523809523809523
030012,AZ,Acute Care,1,1,Non-Profit,2.0,1.0,0.875,1.0,1.0,1.0,0.975,5,0.0,0.14285714285714285,0.42857142857142855,0.14285714285714285,0.0,0.09090909090909091,0.0,0.0,0.12
030013,AZ,Acute Care,1,1,Non-Profit,2.0,1.0,1.0,1.0,1.0,1.0,1.0,5,0.0,0.0,0.125,0.0,0.0,0.09090909090909091,0.0,0.0,0.038461538461538464
030014,AZ,Acute Care,0,1,Non-Profit,3.0,0.8571428571428571,1.0,0.9090909090909091,1.0,0.75,0.9032467532467532,5,0.0,0.0,0.125,0.0,0.0,0.1,0.0,0.0,0.041666666666666664
030016,AZ,Acute Care,1,1,Non-Profit,2.0,0.7142857142857143,0.75,0.6363636363636364,1.0,0.8333333333333334,0.7867965367965368,5,0.0,0.0,0.16666666666666666,0.0,0.0,0.14285714285714285,0.0,0.0,0.05555555555555555
030022,AZ,Acute Care,1,0,Government,3.0,0.42857142857142855,0.75,0.2727272727272727,1.0,0.75,0.6402597402597403,5,0.0,0.0,0.5,0.0,0.0,0.0,3.0,0.25,0.25
030023,AZ,Acute Care,1,1,Non-Profit,4.0,1.0,0.875,1.0,1.0,0.8333333333333334,0.9416666666666667,5,0.0,0.0,0.42857142857142855,0.0,0.0,0.0,3.0,0.12,0.12
030024,AZ,Acute Care,1,1,Non-Profit,3.0,1.0,0.75,0.9090909090909091,1.0,0.9166666666666666,0.9151515151515153,5,0.0,0.0,0.3333333333333333,0.16666666666666666,0.0,0.0,1.0,0.043478260869565216,0.08695652173913043
030030,AZ,Acute Care,0,1,For-Profit,2.0,0.7142857142857143,0.625,0.5454545454545454,1.0,0.6666666666666666,0.7102813852813853,5,0.0,0.0,0.0,0.0,0.0,0.0,0.0,0.0,0.0
030036,AZ,Acute Care,1,1,Non-Profit,4.0,1.0,0.875,0.9090909090909091,1.0,0.9166666666666666,0.9401515151515152,5,0.0,0.0,0.5714285714285714,0.0,0.0,0.0,4.0,0.16666666666666666,0.16666666666666666
030037,AZ,Acute Care,0,1,For-Profit,,0.0,0.25,0.2727272727272727,1.0,0.6666666666666666,0.43787878787878787,4,,,0.0,0.0,0.0,0.0,0.0,0.0,0.0
030038,AZ,Acute Care,0,1,For-Profit,3.0,0.8571428571428571,0.875,0.7272727272727273,1.0,0.8333333333333334,0.8585497835497835,5,0.0,0.0,0.42857142857142855,0.0,0.0,0.125,2.0,0.09523809523809523,0.14285714285714285
030043,AZ,Acute Care,1,1,Non-Profit,2.0,0.7142857142857143,0.625,0.7272727272727273,1.0,0.9166666666666666,0.7966450216450217,5,0.0,0.0,0.2,0.0,0.0,0.125,0.0,0.0,0.05555555555555555
030055,AZ,Acute Care,1,1,Government,4.0,0.8571428571428571,0.875,0.9090909090909091,1.0,1.0,0.9282467532467532,5,0.16666666666666666,0.0,0.2857142857142857,0.0,0.0,0.0,3.0,0.13043478260869565,0.13043478260869565
030061,AZ,Acute Care,0,1,Non-Profit,3.0,1.0,0.875,0.8181818181818182,1.0,0.8333333333333334,0.9053030303030303,5,0.0,0.0,0.2857142857142857,0.14285714285714285,0.0,0.2222222222222222,-1.0,-0.043478260869565216,0.08695652173913043
030062,AZ,Acute Care,1,1,Non-Profit,4.0,0.8571428571428571,0.625,0.8181818181818182,1.0,0.9166666666666666,0.8433982683982684,5,0.0,0.0,0.0,0.0,0.0,0.0,0.0,0.0,0.0
030064,AZ,Acute Care,1,1,Non-Profit,3.0,1.0,0.875,0.9090909090909091,1.0,0.8333333333333334,0.9234848484848485,5,0.0,0.0,0.2857142857142857,0.0,0.0,0.0,2.0,0.08333333333333333,0.08333333333333333
030065,AZ,Acute Care,1,1,Non-Profit,2.0,1.0,0.875,0.7272727272727273,1.0,0.8333333333333334,0.8871212121212121,5,0.0,0.0,0.2857142857142857,0.0,0.0,0.125,1.0,0.045454545454545456,0.09090909090909091
030069,AZ,Acute Care,1,1,For-Profit,3.0,1.0,0.625,1.0,1.0,0.9166666666666666,0.9083333333333334,5,0.0,0.0,0.2,0.0,0.0,0.09090909090909091,0.0,0.0,0.043478260869565216
030071,AZ,Acute Care,1,1,Government,,0.2857142857142857,0.25,0.2727272727272727,1.0,0.3333333333333333,0.4283549783549784,5,0.0,0.0,0.0,0.0,0.0,0.0,0.0,0.0,0.0
030073,AZ,Acute Care,1,0,Non-Profit,,0.14285714285714285,0.25,0.18181818181818182,1.0,0.6666666666666666,0.44826839826839826,5,0.0,0.0,0.5,0.0,0.0,0.0,1.0,0.2,0.2
030074,AZ,Acute Care,0,1,Government,,0.0,0.0,0.0,0.0,0.0,0.0,0,,,,,,,0.0,,
030078,AZ,Acute Care,0,0,Government,,0.0,0.25,0.09090909090909091,1.0,0.25,0.3181818181818182,4,,,0.0,0.0,0.0,0.0,0.0,0.0,0.0
030083,AZ,Acute Care,0,1,For-Profit,2.0,0.7142857142857143,0.625,0.45454545454545453,1.0,0.6666666666666666,0.6920995670995671,5,0.0,0.0,0.2,0.0,0.2,0.2,1.0,0.06666666666666667,0.13333333333333333
030084,AZ,Acute Care,1,1,Government,,0.14285714285714285,0.25,0.2727272727272727,0.0,0.4166666666666667,0.21645021645021645,4,0.0,0.0,0.0,0.0,0.0,0.3333333333333333,-1.0,-0.16666666666666666,0.0
030085,AZ,Acute Care,1,1,For-Profit,2.0,1.0,1.0,0.9090909090909091,1.0,0.9166666666666666,0.9651515151515152,5,0.0,0.14285714285714285,0.5,0.0,0.0,0.0,3.0,0.12,0.16
030087,AZ,Acute Care,1,1,For-Profit,3.0,1.0,1.0,1.0,1.0,0.8333333333333334,0.9666666666666666,5,0.0,0.0,0.375,0.0,0.0,0.0,3.0,0.11538461538461539,0.11538461538461539
030088,AZ,Acute Care,0,1,Non-Profit,2.0,0.7142857142857143,0.75,0.7272727272727273,1.0,0.8333333333333334,0.804978354978355,5,0.0,0.2,0.16666666666666666,0.0,0.0,0.0,0.0,0.0,0.05263157894736842
030089,AZ,Acute Care,1,0,Government,3.0,1.0,0.875,0.9090909090909091,1.0,0.8333333333333334,0.9234848484848485,5,0.0,0.0,0.2857142857142857,0.0,0.0,0.0,2.0,0.08333333333333333,0.08333333333333333
030092,AZ,Acute Care,0,1,Non-Profit,2.0,1.0,0.875,0.8181818181818182,1.0,0.75,0.8886363636363637,5,0.0,0.0,0.2857142857142857,0.0,0.0,0.1111111111111111,1.0,0.043478260869565216,0.08695652173913043
030093,AZ,Acute Care,1,1,Non-Profit,3.0,0.8571428571428571,0.875,0.9090909090909091,1.0,0.9166666666666666,0.9115800865800866,5,0.0,0.0,0.2857142857142857,0.0,0.1,0.2,1.0,0.043478260869565216,0.13043478260869565
030094,AZ,Acute Care,1,1,For-Profit,2.0,1.0,0.875,0.8181818181818182,1.0,0.9166666666666666,0.9219696969696971,5,0.0,0.0,0.5714285714285714,0.0,0.0,0.1111111111111111,3.0,0.13043478260869565,0.17391304347826086
030101,AZ,Acute Care,0,1,For-Profit,2.0,0.8571428571428571,0.5,0.6363636363636364,1.0,0.8333333333333334,0.7653679653679654,5,0.0,0.0,0.0,0.0,0.14285714285714285,0.0,1.0,0.058823529411764705,0.058823529411764705
030103,AZ,Acute Care,0,1,Non-Profit,5.0,1.0,1.0,1.0,1.0,0.8333333333333334,0.9666666666666666,5,0.5714285714285714,0.0,0.375,0.0,0.18181818181818182,0.0,9.0,0.34615384615384615,0.34615384615384615
030105,AZ,Acute Care,0,0,Non-Profit,3.0,0.7142857142857143,0.5,0.5454545454545454,1.0,0.25,0.601948051948052,5,0.0,0.0,0.0,0.0,0.16666666666666666,0.0,1.0,0.06666666666666667,0.06666666666666667
030107,AZ,Acute Care,0,0,For-Profit,,0.0,0.25,0.2727272727272727,1.0,0.25,0.35454545454545455,4,,,0.0,0.0,0.3333333333333333,0.3333333333333333,0.0,0.0,0.2
030108,AZ,Acute Care,0,0,For-Profit,,0.0,0.25,0.2727272727272727,1.0,0.25,0.35454545454545455,4,,,0.0,0.0,0.0,0.0,0.0,0.0,0.0
030110,AZ,Acute Care,1,1,For-Profit,2.0,0.8571428571428571,0.75,0.6363636363636364,1.0,0.75,0.7987012987012987,5,0.0,0.0,0.16666666666666666,0.0,0.0,0.0,1.0,0.05263157894736842,0.05263157894736842
030111,AZ,Acute Care,0,1,Non-Profit,3.0,0.5714285714285714,0.75,0.45454545454545453,1.0,0.6666666666666666,0.6885281385281385,5,0.0,0.0,0.0,0.0,0.0,0.0,0.0,0.0,0.0
030112,AZ,Acute Care,0,0,For-Profit,,0.0,0.25,0.2727272727272727,1.0,0.25,0.35454545454545455,4,,,0.0,0.5,0.0,0.6666666666666666,-3.0,-0.6,0.0
030113,AZ,Acute Care,1,0,Government,,0.14285714285714285,0.0,0.18181818181818182,1.0,0.4166666666666667,0.3482683982683983,4,0.0,0.0,,,0.0,0.0,0.0,0.0,0.0
030114,AZ,Acute Care,0,1,For-Profit,3.0,0.7142857142857143,0.75,0.7272727272727273,1.0,0.8333333333333334,0.804978354978355,5,0.0,0.0,0.0,0.0,0.0,0.0,0.0,0.0,0.0
030115,AZ,Acute Care,1,1,Non-Profit,3.0,1.0,0.875,0.7272727272727273,1.0,0.8333333333333334,0.8871212121212121,5,0.0,0.0,0.14285714285714285,0.0,0.125,0.125,1.0,0.045454545454545456,0.09090909090909091
030117,AZ,Acute Care,1,1,For-Profit,2.0,0.5714285714285714,0.25,0.5454545454545454,1.0,0.8333333333333334,0.6400432900432901,5,0.0,0.0,0.0,0.0,0.0,0.0,0.0,0.0,0.0
030119,AZ,Acute Care,1,1,Non-Profit,5.0,0.8571428571428571,1.0,0.9090909090909091,1.0,0.9166666666666666,0.9365800865800866,5,0.0,0.0,0.125,0.0,0.0,0.0,1.0,0.041666666666666664,0.041666666666666664
030121,AZ,Acute Care,1,1,For-Profit,2.0,0.8571428571428571,1.0,0.7272727272727273,1.0,0.8333333333333334,0.8835497835497834,5,0.0,0.0,0.125,0.0,0.125,0.125,1.0,0.045454545454545456,0.09090909090909091
030122,AZ,Acute Care,1,1,Non-Profit,4.0,0.7142857142857143,0.875,0.7272727272727273,1.0,0.8333333333333334,0.829978354978355,5,0.0,0.0,0.14285714285714285,0.0,0.0,0.0,1.0,0.05,0.05
030123,AZ,Acute Care,0,1,Non-Profit,4.0,0.8571428571428571,0.875,0.7272727272727273,1.0,0.75,0.8418831168831169,5,0.16666666666666666,0.0,0.0,0.14285714285714285,0.0,0.0,0.0,0.0,0.047619047619047616
03012F,AZ,Acute Care,0,1,Government,5.0,0.7142857142857143,0.5,0.5454545454545454,1.0,0.5,0.6519480519480519,5,0.4,0.0,0.0,0.0,0.3333333333333333,0.0,4.0,0.26666666666666666,0.26666666666666666
030130,AZ,Acute Care,1,1,Non-Profit,3.0,0.5714285714285714,0.5,0.5454545454545454,1.0,0.8333333333333334,0.6900432900432901,5,0.0,0.0,0.25,0.0,0.0,0.16666666666666666,0.0,0.0,0.07142857142857142
030134,AZ,Acute Care,0,1,Non-Profit,,0.14285714285714285,0.0,0.2727272727272727,1.0,0.5833333333333334,0.39978354978354974,4,0.0,0.0,,,0.0,0.0,0.0,0.0,0.0
030136,AZ,Acute Care,0,0,For-Profit,,0.0,0.0,0.0,0.0,0.6666666666666666,0.13333333333333333,1,,,,,,,0.0,,
030138,AZ,Acute Care,0,0,For-Profit,5.0,0.0,0.375,0.45454545454545453,0.0,0.4166666666666667,0.24924242424242427,3,,,0.0,0.0,0.2,0.0,1.0,0.125,0.125
030139,AZ,Acute Care,0,1,Non-Profit,3.0,0.42857142857142855,0.25,0.45454545454545453,1.0,0.6666666666666666,0.5599567099567099,5,0.0,0.0,0.0,0.0,0.0,0.0,0.0,0.0,0.0
03013F,AZ,Acute Care,0,1,Government,4.0,0.7142857142857143,0.5,0.5454545454545454,1.0,0.4166666666666667,0.6352813852813852,5,0.4,0.0,0.0,0.25,0.0,0.0,1.0,0.06666666666666667,0.13333333333333333
030146,AZ,Acute Care,1,1,Non-Profit,4.0,0.2857142857142857,0.625,0.45454545454545453,1.0,0.6666666666666666,0.6063852813852814,5,0.0,0.0,0.2,0.0,0.0,0.0,1.0,0.08333333333333333,0.08333333333333333
030147,AZ,Acute Care,1,1,Non-Profit,2.0,0.42857142857142855,0.25,0.5454545454545454,1.0,0.6666666666666666,0.5781385281385281,5,0.0,0.0,0.0,0.0,0.0,0.16666666666666666,-1.0,-0.09090909090909091,0.0
030148,AZ,Acute Care,0,1,Non-Profit,3.0,0.42857142857142855,0.375,0.5454545454545454,1.0,0.75,0.6198051948051948,5,0.0,0.0,0.3333333333333333,0.0,0.0,0.0,1.0,0.08333333333333333,0.08333333333333333
030152,AZ,Acute Care,0,1,For-Profit,,0.0,0.0,0.0,0.0,0.08333333333333333,0.016666666666666666,1,,,,,,,0.0,,
030153,AZ,Acute Care,0,1,For-Profit,,0.0,0.0,0.0,0.0,0.16666666666666666,0.03333333333333333,1,,,,,,,0.0,,
030154,AZ,Acute Care,0,1,For-Profit,,0.0,0.0,0.0,0.0,0.16666666666666666,0.03333333333333333,1,,,,,,,0.0,,
030155,AZ,Acute Care,0,1,For-Profit,,0.0,0.0,0.0,0.0,0.0,0.0,0,,,,,,,0.0,,
03033F,AZ,Acute Care,0,1,Government,5.0,0.42857142857142855,0.0,0.36363636363636365,1.0,0.3333333333333333,0.4251082251082251,4,0.0,0.0,,,0.25,0.0,1.0,0.14285714285714285,0.14285714285714285
031300,AZ,Rural/Access,0,1,Non-Profit,,0.14285714285714285,0.0,0.18181818181818182,0.0,0.3333333333333333,0.13160173160173158,3,0.0,0.0,,,0.0,0.0,0.0,0.0,0.0
031301,AZ,Rural/Access,0,1,Non-Profit,,0.0,0.0,0.09090909090909091,0.0,0.3333333333333333,0.08484848484848484,2,,,,,0.0,0.0,0.0,0.0,0.0
031302,AZ,Rural/Access,0,1,Non-Profit,,0.0,0.0,0.18181818181818182,0.0,0.16666666666666666,0.0696969696969697,2,,,,,0.0,0.0,0.0,0.0,0.0
031304,AZ,Rural/Access,1,1,Government,,0.0,0.0,0.09090909090909091,0.0,0.6666666666666666,0.15151515151515152,2,,,,,0.0,0.0,0.0,0.0,0.0
031305,AZ,Rural/Access,0,0,Government,,0.0,0.0,0.09090909090909091,0.0,0.08333333333333333,0.03484848484848485,2,,,,,0.0,0.0,0.0,0.0,0.0
031307,AZ,Rural/Access,0,1,Government,,0.0,0.0,0.0,0.0,0.0,0.0,0,,,,,,,0.0,,
031308,AZ,Rural/Access,0,1,Government,,0.0,0.0,0.0,0.0,0.16666666666666666,0.03333333333333333,1,,,,,,,0.0,,
031309,AZ,Rural/Access,0,0,Non-Profit,,0.14285714285714285,0.0,0.18181818181818182,0.0,0.25,0.11493506493506493,3,0.0,0.0,,,0.0,0.0,0.0,0.0,0.0
031311,AZ,Rural/Access,0,1,Non-Profit,,0.14285714285714285,0.0,0.2727272727272727,1.0,0.5,0.3831168831168831,4,0.0,0.0,,,0.0,0.3333333333333333,-1.0,-0.25,0.0
031312,AZ,Rural/Access,0,1,Non-Profit,,0.0,0.0,0.09090909090909091,0.0,0.3333333333333333,0.08484848484848484,2,,,,,0.0,0.0,0.0,0.0,0.0
031313,AZ,Rural/Access,1,1,For-Profit,,0.0,0.0,0.0,0.0,0.6666666666666666,0.13333333333333333,1,,,,,,,0.0,,
031314,AZ,Rural/Access,0,1,Non-Profit,3.0,0.5714285714285714,0.0,0.8181818181818182,1.0,0.5833333333333334,0.5945887445887446,4,0.0,0.0,,,0.0,0.0,0.0,0.0,0.0
031315,AZ,Rural/Access,0,1,Non-Profit,,0.14285714285714285,0.0,0.2727272727272727,0.0,0.25,0.1331168831168831,3,0.0,0.0,,,0.0,0.0,0.0,0.0,0.0
031317,AZ,Rural/Access,0,1,Non-Profit,,0.14285714285714285,0.0,0.18181818181818182,1.0,0.16666666666666666,0.2982683982683983,4,0.0,0.0,,,0.0,0.0,0.0,0.0,0.0
031318,AZ,Rural/Access,1,0,Non-Profit,4.0,0.5714285714285714,0.125,0.5454545454545454,1.0,0.75,0.5983766233766235,5,0.0,0.0,0.0,0.0,0.0,0.0,0.0,0.0,0.0
031319,AZ,Rural/Access,1,1,Government,,0.0,0.0,0.2727272727272727,1.0,0.5833333333333334,0.3712121212121212,3,,,,,0.0,0.0,0.0,0.0,0.0
031320,AZ,Rural/Access,0,1,Government,,0.0,0.0,0.0,0.0,0.16666666666666666,0.03333333333333333,1,,,,,,,0.0,,
033302,AZ,Childrens,0,0,Non-Profit,,0.0,0.0,0.0,0.0,0.0,0.0,0,,,,,,,0.0,,
034004,AZ,Psychiatric,0,0,Non-Profit,,0.0,0.0,0.0,0.0,0.0,0.0,0,,,,,,,0.0,,
034013,AZ,Psychiatric,0,0,For-Profit,,0.0,0.0,0.0,0.0,0.0,0.0,0,,,,,,,0.0,,
034020,AZ,Psychiatric,0,0,For-Profit,,0.0,0.0,0.0,0.0,0.0,0.0,0,,,,,,,0.0,,
034021,AZ,Psychiatric,0,0,Government,,0.0,0.0,0.0,0.0,0.0,0.0,0,,,,,,,0.0,,
034022,AZ,Psychiatric,0,1,For-Profit,,0.0,0.0,0.0,0.0,0.0,0.0,0,,,,,,,0.0,,
034023,AZ,Psychiatric,0,0,Non-Profit,,0.0,0.0,0.0,0.0,0.0,0.0,0,,,,,,,0.0,,
034024,AZ,Psychiatric,0,0,For-Profit,,0.0,0.0,0.0,0.0,0.0,0.0,0,,,,,,,0.0,,
034025,AZ,Psychiatric,0,0,For-Profit,,0.0,0.0,0.0,0.0,0.0,0.0,0,,,,,,,0.0,,
034026,AZ,Psychiatric,0,0,For-Profit,,0.0,0.0,0.0,0.0,0.0,0.0,0,,,,,,,0.0,,
034027,AZ,Psychiatric,0,0,Non-Profit,,0.0,0.0,0.0,0.0,0.0,0.0,0,,,,,,,0.0,,
034028,AZ,Psychiatric,0,0,For-Profit,,0.0,0.0,0.0,0.0,0.0,0.0,0,,,,,,,0.0,,
034029,AZ,Psychiatric,0,0,For-Profit,,0.0,0.0,0.0,0.0,0.0,0.0,0,,,,,,,0.0,,
034030,AZ,Psychiatric,0,1,Non-Profit,,0.0,0.0,0.0,0.0,0.0,0.0,0,,,,,,,0.0,,
034031,AZ,Psychiatric,0,0,Non-Profit,,0.0,0.0,0.0,0.0,0.0,0.0,0,,,,,,,0.0,,
034032,AZ,Psychiatric,0,1,For-Profit,,0.0,0.0,0.0,0.0,0.0,0.0,0,,,,,,,0.0,,
034033,AZ,Psychiatric,0,0,For-Profit,,0.0,0.0,0.0,0.0,0.0,0.0,0,,,,,,,0.0,,
034034,AZ,Psychiatric,0,0,For-Profit,,0.0,0.0,0.0,0.0,0.0,0.0,0,,,,,,,0.0,,
034035,AZ,Psychiatric,0,0,For-Profit,,0.0,0.0,0.0,0.0,0.0,0.0,0,,,,,,,0.0,,
034038,AZ,Psychiatric,0,0,For-Profit,,0.0,0.0,0.0,0.0,0.0,0.0,0,,,,,,,0.0,,
034040,AZ,Psychiatric,0,0,For-Profit,,0.0,0.0,0.0,0.0,0.0,0.0,0,,,,,,,0.0,,
034041,AZ,Psychiatric,0,0,For-Profit,,0.0,0.0,0.0,0.0,0.0,0.0,0,,,,,,,0.0,,
040001,AR,Acute Care,0,1,For-Profit,3.0,0.42857142857142855,0.375,0.45454545454545453,1.0,0.8333333333333334,0.6182900432900433,5,0.0,0.0,0.0,0.0,0.0,0.0,0.0,0.0,0.0
040002,AR,Acute Care,1,1,Non-Profit,3.0,0.42857142857142855,0.25,0.5454545454545454,1.0,0.75,0.5948051948051948,5,0.0,0.0,0.0,0.0,0.0,0.0,0.0,0.0,0.0
040004,AR,Acute Care,1,1,Non-Profit,4.0,1.0,1.0,1.0,1.0,0.9166666666666666,0.9833333333333334,5,0.0,0.0,0.375,0.0,0.2727272727272727,0.0,6.0,0.23076923076923078,0.23076923076923078
040007,AR,Acute Care,0,1,Non-Profit,3.0,1.0,0.75,0.9090909090909091,1.0,0.75,0.8818181818181818,5,0.0,0.0,0.3333333333333333,0.16666666666666666,0.1,0.1,1.0,0.043478260869565216,0.13043478260869565
040010,AR,Acute Care,1,1,Non-Profit,4.0,1.0,0.875,0.7272727272727273,1.0,1.0,0.9204545454545455,5,0.0,0.0,0.14285714285714285,0.14285714285714285,0.125,0.0,1.0,0.045454545454545456,0.09090909090909091
040011,AR,Acute Care,0,1,Non-Profit,3.0,0.42857142857142855,0.0,0.45454545454545453,1.0,0.5833333333333334,0.4932900432900433,4,0.0,0.0,,,0.0,0.0,0.0,0.0,0.0
040014,AR,Acute Care,1,1,Non-Profit,3.0,0.8571428571428571,1.0,0.9090909090909091,1.0,0.9166666666666666,0.9365800865800866,5,0.0,0.0,0.125,0.0,0.0,0.1,0.0,0.0,0.041666666666666664
040016,AR,Acute Care,1,1,Government,2.0,0.8571428571428571,1.0,0.9090909090909091,1.0,1.0,0.9532467532467532,5,0.0,0.0,0.125,0.0,0.1,0.2,0.0,0.0,0.08333333333333333
040017,AR,Acute Care,1,1,Non-Profit,3.0,0.5714285714285714,0.375,0.8181818181818182,1.0,0.9166666666666666,0.7362554112554112,5,0.0,0.25,0.0,0.0,0.1111111111111111,0.0,0.0,0.0,0.0625
040018,AR,Acute Care,0,1,Non-Profit,,0.0,0.0,0.0,0.0,0.4166666666666667,0.08333333333333334,1,,,,,,,0.0,,
040019,AR,Acute Care,1,1,For-Profit,,0.14285714285714285,0.125,0.45454545454545453,1.0,0.8333333333333334,0.5111471861471861,5,0.0,0.0,0.0,0.0,0.0,0.0,0.0,0.0,0.0
040020,AR,Acute Care,1,1,Non-Profit,1.0,1.0,0.75,0.9090909090909091,1.0,1.0,0.9318181818181819,5,0.0,0.2857142857142857,0.5,0.16666666666666666,0.0,0.3,-3.0,-0.13043478260869565,0.13043478260869565
040022,AR,Acute Care,1,1,For-Profit,2.0,0.8571428571428571,0.875,0.6363636363636364,1.0,0.9166666666666666,0.857034632034632,5,0.0,0.3333333333333333,0.14285714285714285,0.0,0.14285714285714285,0.0,0.0,0.0,0.1
040026,AR,Acute Care,1,1,Non-Profit,3.0,1.0,0.875,1.0,1.0,1.0,0.975,5,0.0,0.14285714285714285,0.42857142857142855,0.0,0.0,0.0,2.0,0.08,0.12
040027,AR,Acute Care,1,1,Non-Profit,1.0,1.0,0.875,1.0,1.0,1.0,0.975,5,0.0,0.14285714285714285,0.14285714285714285,0.0,0.09090909090909091,0.09090909090909091,0.0,0.0,0.08
040029,AR,Acute Care,1,1,Non-Profit,3.0,0.8571428571428571,1.0,0.9090909090909091,1.0,1.0,0.9532467532467532,5,0.0,0.0,0.25,0.0,0.0,0.1,1.0,0.041666666666666664,0.08333333333333333
040036,AR,Acute Care,1,1,Non-Profit,1.0,1.0,0.875,0.8181818181818182,1.0,1.0,0.9386363636363637,5,0.0,0.2857142857142857,0.42857142857142855,0.14285714285714285,0.0,0.0,0.0,0.0,0.13043478260869565
040039,AR,Acute Care,1,1,Non-Profit,2.0,0.7142857142857143,0.375,0.7272727272727273,1.0,0.8333333333333334,0.7299783549783551,5,0.0,0.0,0.0,0.0,0.0,0.125,-1.0,-0.0625,0.0
040041,AR,Acute Care,1,1,For-Profit,3.0,0.7142857142857143,0.75,0.7272727272727273,1.0,0.9166666666666666,0.8216450216450217,5,0.0,0.0,0.16666666666666666,0.16666666666666666,0.0,0.0,0.0,0.0,0.05263157894736842
040050,AR,Acute Care,1,1,Non-Profit,1.0,0.42857142857142855,0.25,0.36363636363636365,1.0,0.75,0.5584415584415584,5,0.0,0.0,0.0,0.0,0.0,0.25,-1.0,-0.1111111111111111,0.0
040051,AR,Acute Care,1,1,Non-Profit,2.0,0.5714285714285714,0.25,0.5454545454545454,1.0,0.8333333333333334,0.6400432900432901,5,0.0,0.0,0.0,0.0,0.0,0.0,0.0,0.0,0.0
040055,AR,Acute Care,1,1,Non-Profit,2.0,1.0,0.75,0.9090909090909091,1.0,0.9166666666666666,0.9151515151515153,5,0.14285714285714285,0.0,0.16666666666666666,0.16666666666666666,0.0,0.0,1.0,0.043478260869565216,0.08695652173913043
040062,AR,Acute Care,1,1,Non-Profit,3.0,1.0,0.875,1.0,1.0,1.0,0.975,5,0.0,0.14285714285714285,0.2857142857142857,0.0,0.0,0.0,1.0,0.04,0.08
040067,AR,Acute Care,0,1,Government,2.0,0.42857142857142855,0.125,0.45454545454545453,1.0,0.6666666666666666,0.5349567099567099,5,0.0,0.0,0.0,0.0,0.0,0.0,0.0,0.0,0.0
040069,AR,Acute Care,1,1,Government,1.0,0.42857142857142855,0.125,0.45454545454545453,1.0,0.6666666666666666,0.5349567099567099,5,0.0,0.0,0.0,0.0,0.0,0.2,-1.0,-0.1111111111111111,0.0
040071,AR,Acute Care,1,1,Non-Profit,2.0,0.8571428571428571,0.875,0.9090909090909091,1.0,1.0,0.9282467532467532,5,0.0,0.0,0.14285714285714285,0.0,0.0,0.3,-2.0,-0.08695652173913043,0.043478260869565216
040072,AR,Acute Care,1,1,Non-Profit,4.0,0.42857142857142855,0.125,0.5454545454545454,0.0,0.6666666666666666,0.35313852813852814,4,0.0,0.0,0.0,0.0,0.0,0.0,0.0,0.0,0.0
040076,AR,Acute Care,0,1,Non-Profit,,0.14285714285714285,0.125,0.18181818181818182,0.0,0.6666666666666666,0.22326839826839828,4,0.0,0.0,0.0,0.0,0.0,0.0,0.0,0.0,0.0
040078,AR,Acute Care,1,1,For-Profit,1.0,1.0,0.875,0.8181818181818182,1.0,0.8333333333333334,0.9053030303030303,5,0.0,0.0,0.14285714285714285,0.0,0.0,0.2222222222222222,-1.0,-0.043478260869565216,0.043478260869565216
040084,AR,Acute Care,1,1,For-Profit,2.0,0.8571428571428571,0.625,0.7272727272727273,1.0,0.8333333333333334,0.8085497835497835,5,0.0,0.0,0.0,0.0,0.0,0.0,0.0,0.0,0.0
040088,AR,Acute Care,1,1,For-Profit,2.0,0.7142857142857143,0.5,0.7272727272727273,0.0,0.9166666666666666,0.5716450216450217,4,0.0,0.0,0.0,0.25,0.25,0.0,1.0,0.058823529411764705,0.11764705882352941
04009F,AR,Acute Care,0,1,Government,5.0,0.42857142857142855,0.125,0.36363636363636365,1.0,0.4166666666666667,0.46677489177489173,5,0.0,0.0,0.0,0.0,0.5,0.0,2.0,0.25,0.25
04010F,AR,Acute Care,0,1,Government,3.0,0.7142857142857143,0.375,0.45454545454545453,1.0,0.5,0.6087662337662338,5,0.2,0.0,0.0,0.0,0.0,0.4,-1.0,-0.07692307692307693,0.07692307692307693
040114,AR,Acute Care,1,1,Non-Profit,3.0,1.0,1.0,0.8181818181818182,1.0,0.9166666666666666,0.946969696969697,5,0.0,0.2857142857142857,0.375,0.0,0.1111111111111111,0.2222222222222222,0.0,0.0,0.16666666666666666
040118,AR,Acute Care,1,1,Non-Profit,2.0,1.0,0.875,1.0,1.0,1.0,0.975,5,0.0,0.0,0.2857142857142857,0.14285714285714285,0.0,0.18181818181818182,-1.0,-0.04,0.08
040119,AR,Acute Care,1,1,Non-Profit,3.0,0.8571428571428571,0.875,0.9090909090909091,1.0,0.9166666666666666,0.9115800865800866,5,0.0,0.0,0.14285714285714285,0.14285714285714285,0.0,0.0,0.0,0.0,0.043478260869565216
040132,AR,Acute Care,0,1,Non-Profit,,0.0,0.0,0.0,0.0,0.25,0.05,1,,,,,,,0.0,,
040134,AR,Acute Care,0,1,For-Profit,4.0,1.0,0.5,0.7272727272727273,1.0,0.6666666666666666,0.7787878787878788,5,0.0,0.0,0.0,0.0,0.0,0.0,0.0,0.0,0.0
040137,AR,Acute Care,0,1,Non-Profit,4.0,0.7142857142857143,0.5,0.45454545454545453,1.0,0.5833333333333334,0.6504329004329005,5,0.0,0.0,0.25,0.0,0.0,0.0,1.0,0.07142857142857142,0.07142857142857142
040147,AR,Acute Care,0,1,For-Profit,,0.0,0.25,0.2727272727272727,1.0,0.3333333333333333,0.3712121212121212,4,,,0.0,0.0,0.3333333333333333,0.3333333333333333,0.0,0.0,0.2
040153,AR,Acute Care,0,1,For-Profit,,0.2857142857142857,0.0,0.2727272727272727,0.0,0.5833333333333334,0.22835497835497837,3,0.0,0.0,,,0.0,0.0,0.0,0.0,0.0
040154,AR,Acute Care,1,1,Non-Profit,3.0,0.7142857142857143,0.5,0.7272727272727273,1.0,0.9166666666666666,0.7716450216450217,5,0.0,0.0,0.25,0.0,0.0,0.125,0.0,0.0,0.058823529411764705
040156,AR,Acute Care,0,1,Non-Profit,,0.2857142857142857,0.0,0.36363636363636365,0.0,0.75,0.2798701298701299,3,0.0,0.0,,,0.0,0.0,0.0,0.0,0.0
040161,AR,Acute Care,0,1,For-Profit,3.0,0.5714285714285714,0.25,0.5454545454545454,1.0,0.8333333333333334,0.6400432900432901,5,0.0,0.0,0.0,0.0,0.0,0.16666666666666666,-1.0,-0.08333333333333333,0.0
040164,AR,Acute Care,0,1,Non-Profit,,0.0,0.0,0.0,0.0,0.16666666666666666,0.03333333333333333,1,,,,,,,0.0,,
040779,AR,Rural/Access,0,1,Government,,0.0,0.0,0.0,0.0,0.0,0.0,0,,,,,,,0.0,,
040780,AR,Rural/Access,0,1,Government,,0.0,0.0,0.0,0.0,0.0,0.0,0,,,,,,,0.0,,
040781,AR,Rural/Access,0,1,For-Profit,,0.0,0.0,0.0,0.0,0.0,0.0,0,,,,,,,0.0,,
040782,AR,Rural/Access,0,1,Government,,0.0,0.0,0.0,0.0,0.0,0.0,0,,,,,,,0.0,,
040783,AR,Rural/Access,0,1,Non-Profit,,0.0,0.0,0.0,0.0,0.0,0.0,0,,,,,,,0.0,,
041300,AR,Rural/Access,0,1,Non-Profit,,0.2857142857142857,0.0,0.2727272727272727,0.0,0.5,0.2116883116883117,3,0.0,0.0,,,0.0,0.0,0.0,0.0,0.0
041302,AR,Rural/Access,0,1,Government,,0.14285714285714285,0.0,0.18181818181818182,0.0,0.5,0.16493506493506493,3,0.0,0.0,,,0.0,0.0,0.0,0.0,0.0
041303,AR,Rural/Access,0,1,Non-Profit,,0.0,0.0,0.09090909090909091,0.0,0.5,0.1181818181818182,2,,,,,0.0,0.0,0.0,0.0,0.0
041305,AR,Rural/Access,0,1,Non-Profit,,0.14285714285714285,0.0,0.18181818181818182,0.0,0.5,0.16493506493506493,3,0.0,0.0,,,0.0,0.0,0.0,0.0,0.0
041306,AR,Rural/Access,0,1,Non-Profit,,0.0,0.0,0.18181818181818182,0.0,0.25,0.08636363636363636,2,,,,,0.0,0.0,0.0,0.0,0.0
041307,AR,Rural/Access,0,1,Non-Profit,3.0,0.42857142857142855,0.0,0.45454545454545453,0.0,0.4166666666666667,0.25995670995670994,3,0.0,0.0,,,0.0,0.2,-1.0,-0.125,0.0
041308,AR,Rural/Access,0,1,Non-Profit,,0.0,0.0,0.09090909090909091,0.0,0.25,0.06818181818181819,2,,,,,0.0,0.0,0.0,0.0,0.0
041309,AR,Rural/Access,0,1,Non-Profit,,0.0,0.0,0.09090909090909091,0.0,0.4166666666666667,0.10151515151515152,2,,,,,0.0,0.0,0.0,0.0,0.0
041310,AR,Rural/Access,0,1,Non-Profit,,0.0,0.125,0.36363636363636365,0.0,0.6666666666666666,0.23106060606060605,3,,,0.0,0.0,0.0,0.0,0.0,0.0,0.0
041311,AR,Rural/Access,0,1,Non-Profit,,0.2857142857142857,0.0,0.36363636363636365,1.0,0.4166666666666667,0.4132034632034632,4,0.0,0.0,,,0.0,0.0,0.0,0.0,0.0
041312,AR,Rural/Access,0,1,Non-Profit,,0.2857142857142857,0.0,0.45454545454545453,0.0,0.6666666666666666,0.28138528138528135,3,0.0,0.0,,,0.0,0.2,-1.0,-0.14285714285714285,0.0
041313,AR,Rural/Access,0,1,Non-Profit,,0.14285714285714285,0.0,0.36363636363636365,0.0,0.5,0.2012987012987013,3,0.0,0.0,,,0.0,0.0,0.0,0.0,0.0
041317,AR,Rural/Access,0,1,Government,,0.0,0.0,0.09090909090909091,0.0,0.25,0.06818181818181819,2,,,,,0.0,0.0,0.0,0.0,0.0
041318,AR,Rural/Access,0,1,Non-Profit,,0.2857142857142857,0.125,0.2727272727272727,0.0,0.5833333333333334,0.25335497835497833,4,0.0,0.0,0.0,0.0,0.0,0.0,0.0,0.0,0.0
041320,AR,Rural/Access,0,1,Non-Profit,,0.0,0.0,0.0,0.0,0.25,0.05,1,,,,,,,0.0,,
041321,AR,Rural/Access,1,1,Non-Profit,,0.14285714285714285,0.0,0.2727272727272727,0.0,0.8333333333333334,0.2497835497835498,3,0.0,0.0,,,0.0,0.0,0.0,0.0,0.0
041322,AR,Rural/Access,0,1,Government,,0.2857142857142857,0.0,0.2727272727272727,0.0,0.08333333333333333,0.12835497835497836,3,0.0,0.0,,,0.0,0.3333333333333333,-1.0,-0.2,0.0
041323,AR,Rural/Access,0,1,Non-Profit,3.0,0.42857142857142855,0.125,0.36363636363636365,0.0,0.3333333333333333,0.2501082251082251,4,0.0,0.0,0.0,0.0,0.0,0.25,-1.0,-0.125,0.0
041324,AR,Rural/Access,0,1,Non-Profit,,0.14285714285714285,0.0,0.2727272727272727,0.0,0.6666666666666666,0.21645021645021645,3,0.0,0.0,,,0.0,0.0,0.0,0.0,0.0
041326,AR,Rural/Access,1,1,Non-Profit,,0.14285714285714285,0.0,0.18181818181818182,0.0,0.25,0.11493506493506493,3,0.0,0.0,,,0.0,0.0,0.0,0.0,0.0
041327,AR,Rural/Access,0,1,Non-Profit,,0.14285714285714285,0.0,0.2727272727272727,0.0,0.5,0.1831168831168831,3,0.0,0.0,,,0.0,0.0,0.0,0.0,0.0
041328,AR,Rural/Access,0,1,Non-Profit,,0.14285714285714285,0.0,0.2727272727272727,0.0,0.3333333333333333,0.14978354978354977,3,0.0,0.0,,,0.0,0.0,0.0,0.0,0.0
041329,AR,Rural/Access,0,1,Non-Profit,,0.14285714285714285,0.0,0.2727272727272727,0.0,0.5833333333333334,0.19978354978354979,3,0.0,0.0,,,0.0,0.0,0.0,0.0,0.0
041330,AR,Rural/Access,0,1,Government,3.0,0.42857142857142855,0.0,0.36363636363636365,1.0,0.3333333333333333,0.4251082251082251,4,0.0,0.0,,,0.0,0.0,0.0,0.0,0.0
041331,AR,Rural/Access,0,1,Non-Profit,,0.0,0.0,0.09090909090909091,0.0,0.16666666666666666,0.051515151515151514,2,,,,,0.0,0.0,0.0,0.0,0.0
041332,AR,Rural/Access,0,1,Non-Profit,,0.14285714285714285,0.0,0.18181818181818182,1.0,0.5,0.36493506493506495,4,0.0,0.0,,,0.0,0.0,0.0,0.0,0.0
041333,AR,Rural/Access,0,1,Government,,0.0,0.0,0.0,0.0,0.0,0.0,0,,,,,,,0.0,,
041334,AR,Rural/Access,0,1,Non-Profit,,0.0,0.0,0.0,0.0,0.0,0.0,0,,,,,,,0.0,,
043300,AR,Childrens,0,1,Non-Profit,,0.0,0.0,0.0,0.0,0.0,0.0,0,,,,,,,0.0,,
043301,AR,Childrens,0,1,Non-Profit,,0.0,0.0,0.0,0.0,0.0,0.0,0,,,,,,,0.0,,
044004,AR,Psychiatric,0,0,For-Profit,,0.0,0.0,0.0,0.0,0.0,0.0,0,,,,,,,0.0,,
044005,AR,Psychiatric,0,0,For-Profit,,0.0,0.0,0.0,0.0,0.0,0.0,0,,,,,,,0.0,,
044006,AR,Psychiatric,0,0,For-Profit,,0.0,0.0,0.0,0.0,0.0,0.0,0,,,,,,,0.0,,
044007,AR,Psychiatric,0,0,For-Profit,,0.0,0.0,0.0,0.0,0.0,0.0,0,,,,,,,0.0,,
044011,AR,Psychiatric,0,1,Government,,0.0,0.0,0.0,0.0,0.0,0.0,0,,,,,,,0.0,,
044017,AR,Psychiatric,0,0,Non-Profit,,0.0,0.0,0.0,0.0,0.0,0.0,0,,,,,,,0.0,,
044019,AR,Psychiatric,0,0,For-Profit,,0.0,0.0,0.0,0.0,0.0,0.0,0,,,,,,,0.0,,
044020,AR,Psychiatric,0,0,For-Profit,,0.0,0.0,0.0,0.0,0.0,0.0,0,,,,,,,0.0,,
044021,AR,Psychiatric,0,0,Non-Profit,,0.0,0.0,0.0,0.0,0.0,0.0,0,,,,,,,0.0,,
044022,AR,Psychiatric,0,0,For-Profit,,0.0,0.0,0.0,0.0,0.0,0.0,0,,,,,,,0.0,,
050002,CA,Acute Care,0,0,Non-Profit,1.0,0.7142857142857143,0.625,0.5454545454545454,1.0,0.6666666666666666,0.7102813852813853,5,0.0,0.0,0.0,0.0,0.0,0.0,0.0,0.0,0.0
050006,CA,Acute Care,1,1,Non-Profit,3.0,1.0,0.875,1.0,1.0,1.0,0.975,5,0.0,0.0,0.14285714285714285,0.0,0.18181818181818182,0.0,3.0,0.12,0.12
050007,CA,Acute Care,1,1,Non-Profit,5.0,1.0,0.875,1.0,1.0,1.0,0.975,5,0.14285714285714285,0.0,0.5714285714285714,0.0,0.09090909090909091,0.0,6.0,0.24,0.24
050008,CA,Acute Care,0,0,Non-Profit,3.0,0.42857142857142855,0.625,0.45454545454545453,1.0,0.5833333333333334,0.6182900432900433,5,0.0,0.0,0.0,0.0,0.0,0.0,0.0,0.0,0.0
050009,CA,Acute Care,1,1,Non-Profit,4.0,1.0,0.75,0.9090909090909091,1.0,1.0,0.9318181818181819,5,0.0,0.0,0.16666666666666666,0.0,0.1,0.1,1.0,0.043478260869565216,0.08695652173913043
050013,CA,Acute Care,0,1,Non-Profit,4.0,1.0,0.625,1.0,1.0,0.75,0.875,5,0.0,0.0,0.0,0.0,0.09090909090909091,0.0,1.0,0.043478260869565216,0.043478260869565216
050014,CA,Acute Care,1,1,Non-Profit,4.0,0.5714285714285714,0.375,0.8181818181818182,1.0,0.9166666666666666,0.7362554112554112,5,0.0,0.0,0.0,0.0,0.0,0.0,0.0,0.0,0.0
050017,CA,Acute Care,1,1,Non-Profit,4.0,1.0,1.0,0.8181818181818182,1.0,0.8333333333333334,0.9303030303030303,5,0.0,0.0,0.5,0.0,0.0,0.2222222222222222,2.0,0.08333333333333333,0.16666666666666666
050022,CA,Acute Care,1,1,For-Profit,3.0,1.0,1.0,0.8181818181818182,1.0,0.75,0.9136363636363637,5,0.2857142857142857,0.0,0.125,0.0,0.0,0.1111111111111111,2.0,0.08333333333333333,0.125
050024,CA,Acute Care,0,1,For-Profit,3.0,0.7142857142857143,0.5,0.36363636363636365,1.0,0.6666666666666666,0.6489177489177489,5,0.0,0.0,0.25,0.0,0.0,0.0,1.0,0.07692307692307693,0.07692307692307693
050025,CA,Acute Care,1,1,Non-Profit,5.0,1.0,1.0,1.0,1.0,0.9166666666666666,0.9833333333333334,5,0.5714285714285714,0.0,0.375,0.0,0.09090909090909091,0.18181818181818182,6.0,0.23076923076923078,0.3076923076923077
050026,CA,Acute Care,1,1,Government,3.0,1.0,0.875,0.8181818181818182,1.0,0.8333333333333334,0.9053030303030303,5,0.14285714285714285,0.14285714285714285,0.42857142857142855,0.0,0.0,0.1111111111111111,2.0,0.08695652173913043,0.17391304347826086
050028,CA,Acute Care,1,1,For-Profit,3.0,0.42857142857142855,0.25,0.5454545454545454,1.0,0.75,0.5948051948051948,5,0.0,0.0,0.0,0.0,0.0,0.0,0.0,0.0,0.0
050030,CA,Acute Care,0,1,Non-Profit,1.0,0.8571428571428571,0.875,0.9090909090909091,1.0,0.8333333333333334,0.89491341991342,5,0.5,0.0,0.14285714285714285,0.0,0.0,0.6,-2.0,-0.08695652173913043,0.17391304347826086
050036,CA,Acute Care,1,1,Non-Profit,2.0,0.8571428571428571,1.0,0.9090909090909091,1.0,0.75,0.9032467532467532,5,0.0,0.16666666666666666,0.125,0.0,0.0,0.1,-1.0,-0.041666666666666664,0.041666666666666664
050038,CA,Acute Care,1,1,Government,3.0,1.0,1.0,1.0,1.0,1.0,1.0,5,0.14285714285714285,0.0,0.125,0.0,0.0,0.0,2.0,0.07692307692307693,0.07692307692307693
050039,CA,Acute Care,1,1,Non-Profit,2.0,1.0,0.875,1.0,1.0,1.0,0.975,5,0.14285714285714285,0.0,0.2857142857142857,0.0,0.0,0.36363636363636365,-1.0,-0.04,0.12
050040,CA,Acute Care,1,1,Non-Profit,2.0,0.2857142857142857,0.875,0.45454545454545453,1.0,0.75,0.673051948051948,5,0.0,0.0,0.2857142857142857,0.14285714285714285,0.0,0.0,1.0,0.07142857142857142,0.14285714285714285
050042,CA,Acute Care,1,0,Non-Profit,4.0,0.5714285714285714,0.375,0.7272727272727273,1.0,0.8333333333333334,0.7014069264069265,5,0.0,0.0,0.0,0.0,0.0,0.0,0.0,0.0,0.0
050043,CA,Acute Care,0,1,Non-Profit,5.0,1.0,0.875,1.0,1.0,0.8333333333333334,0.9416666666666667,5,0.14285714285714285,0.0,0.5714285714285714,0.0,0.18181818181818182,0.0,7.0,0.28,0.28
050045,CA,Acute Care,0,1,Government,1.0,0.7142857142857143,0.625,0.7272727272727273,1.0,0.6666666666666666,0.7466450216450217,5,0.0,0.2,0.0,0.2,0.0,0.125,-3.0,-0.16666666666666666,0.0
050047,CA,Acute Care,1,1,Non-Profit,3.0,1.0,0.75,0.9090909090909091,1.0,0.9166666666666666,0.9151515151515153,5,0.14285714285714285,0.0,0.3333333333333333,0.16666666666666666,0.0,0.1,1.0,0.043478260869565216,0.13043478260869565
050054,CA,Acute Care,1,1,Government,5.0,0.42857142857142855,0.375,0.36363636363636365,1.0,0.75,0.5834415584415584,5,0.0,0.0,0.3333333333333333,0.0,0.5,0.0,3.0,0.3,0.3
050055,CA,Acute Care,0,1,Non-Profit,4.0,0.5714285714285714,0.875,0.5454545454545454,1.0,0.5833333333333334,0.7150432900432901,5,0.25,0.0,0.14285714285714285,0.0,0.0,0.0,2.0,0.11764705882352941,0.11764705882352941
050056,CA,Acute Care,1,1,Government,1.0,0.8571428571428571,1.0,0.7272727272727273,1.0,0.75,0.8668831168831168,5,0.0,0.16666666666666666,0.125,0.0,0.0,0.25,-2.0,-0.09090909090909091,0.045454545454545456
050057,CA,Acute Care,1,1,Government,3.0,1.0,0.875,1.0,1.0,1.0,0.975,5,0.0,0.14285714285714285,0.2857142857142857,0.0,0.0,0.09090909090909091,0.0,0.0,0.08
050058,CA,Acute Care,1,1,Non-Profit,3.0,1.0,0.875,0.8181818181818182,1.0,0.75,0.8886363636363637,5,0.2857142857142857,0.0,0.14285714285714285,0.0,0.0,0.1111111111111111,2.0,0.08695652173913043,0.13043478260869565
050060,CA,Acute Care,1,1,Non-Profit,1.0,1.0,0.875,0.9090909090909091,1.0,0.8333333333333334,0.9234848484848485,5,0.0,0.14285714285714285,0.0,0.0,0.0,0.4,-5.0,-0.20833333333333334,0.0
050063,CA,Acute Care,1,1,For-Profit,3.0,0.8571428571428571,0.875,0.7272727272727273,1.0,0.75,0.8418831168831169,5,0.16666666666666666,0.0,0.2857142857142857,0.0,0.0,0.375,0.0,0.0,0.14285714285714285
050067,CA,Acute Care,0,1,Government,,0.2857142857142857,0.125,0.36363636363636365,0.0,0.5833333333333334,0.2715367965367966,4,0.0,0.0,0.0,0.0,0.0,0.0,0.0,0.0,0.0
050069,CA,Acute Care,1,1,Non-Profit,4.0,1.0,0.875,0.8181818181818182,1.0,0.9166666666666666,0.9219696969696971,5,0.14285714285714285,0.0,0.2857142857142857,0.0,0.0,0.0,3.0,0.13043478260869565,0.13043478260869565
050070,CA,Acute Care,0,1,Non-Profit,5.0,0.0,0.75,0.09090909090909091,1.0,0.4166666666666667,0.4515151515151515,4,,,0.16666666666666666,0.0,0.0,0.0,1.0,0.14285714285714285,0.14285714285714285
050071,CA,Acute Care,1,1,Non-Profit,3.0,0.0,0.75,0.18181818181818182,1.0,0.5,0.48636363636363633,4,,,0.16666666666666666,0.0,0.0,0.0,1.0,0.125,0.125
050072,CA,Acute Care,1,1,Non-Profit,3.0,0.0,0.75,0.09090909090909091,1.0,0.5,0.46818181818181814,4,,,0.16666666666666666,0.0,0.0,0.0,1.0,0.14285714285714285,0.14285714285714285
050073,CA,Acute Care,1,0,Non-Profit,4.0,0.2857142857142857,0.75,0.18181818181818182,1.0,0.5,0.5435064935064935,5,0.0,0.0,0.16666666666666666,0.0,0.0,0.0,1.0,0.1,0.1
050075,CA,Acute Care,1,1,Non-Profit,2.0,0.7142857142857143,0.75,0.36363636363636365,1.0,0.5,0.6655844155844156,5,0.0,0.0,0.16666666666666666,0.0,0.0,0.0,1.0,0.06666666666666667,0.06666666666666667
050076,CA,Acute Care,1,1,Non-Profit,4.0,0.0,0.75,0.09090909090909091,1.0,0.4166666666666667,0.4515151515151515,4,,,0.3333333333333333,0.0,0.0,0.0,2.0,0.2857142857142857,0.2857142857142857
050077,CA,Acute Care,1,1,Non-Profit,3.0,1.0,0.875,1.0,1.0,0.9166666666666666,0.9583333333333334,5,0.14285714285714285,0.0,0.14285714285714285,0.0,0.09090909090909091,0.09090909090909091,2.0,0.08,0.12
050078,CA,Acute Care,0,0,Non-Profit,4.0,0.5714285714285714,0.375,0.5454545454545454,1.0,0.6666666666666666,0.6317099567099567,5,0.0,0.0,0.3333333333333333,0.0,0.0,0.0,1.0,0.07692307692307693,0.07692307692307693
050082,CA,Acute Care,1,1,Non-Profit,3.0,1.0,0.875,1.0,1.0,0.9166666666666666,0.9583333333333334,5,0.14285714285714285,0.0,0.14285714285714285,0.0,0.0,0.09090909090909091,1.0,0.04,0.08
050084,CA,Acute Care,1,1,Non-Profit,4.0,1.0,0.75,0.7272727272727273,1.0,0.9166666666666666,0.8787878787878789,5,0.0,0.0,0.16666666666666666,0.0,0.0,0.125,0.0,0.0,0.047619047619047616
050089,CA,Acute Care,1,1,Non-Profit,3.0,0.2857142857142857,0.625,0.2727272727272727,1.0,0.75,0.5866883116883117,5,0.0,0.0,0.0,0.0,0.0,0.0,0.0,0.0,0.0
050090,CA,Acute Care,0,1,Government,1.0,0.42857142857142855,0.25,0.5454545454545454,1.0,0.8333333333333334,0.6114718614718615,5,0.0,0.0,0.0,0.0,0.0,0.0,0.0,0.0,0.0
050091,CA,Acute Care,0,1,For-Profit,,0.2857142857142857,0.25,0.2727272727272727,1.0,0.5833333333333334,0.4783549783549784,5,0.0,0.0,0.0,0.0,0.0,0.0,0.0,0.0,0.0
050093,CA,Acute Care,1,1,Non-Profit,2.0,1.0,1.0,0.8181818181818182,1.0,0.9166666666666666,0.946969696969697,5,0.0,0.0,0.125,0.0,0.0,0.2222222222222222,-1.0,-0.041666666666666664,0.041666666666666664
050099,CA,Acute Care,1,1,Non-Profit,3.0,1.0,0.875,0.7272727272727273,1.0,0.9166666666666666,0.9037878787878789,5,0.0,0.0,0.14285714285714285,0.0,0.0,0.0,1.0,0.045454545454545456,0.045454545454545456
050100,CA,Acute Care,1,1,Non-Profit,4.0,1.0,1.0,1.0,1.0,0.8333333333333334,0.9666666666666666,5,0.0,0.0,0.25,0.125,0.0,0.09090909090909091,0.0,0.0,0.07692307692307693
050101,CA,Acute Care,0,1,Non-Profit,3.0,0.8571428571428571,0.75,0.8181818181818182,1.0,0.8333333333333334,0.8517316017316018,5,0.0,0.0,0.16666666666666666,0.0,0.0,0.0,1.0,0.047619047619047616,0.047619047619047616
050102,CA,Acute Care,1,1,For-Profit,2.0,0.42857142857142855,0.625,0.45454545454545453,1.0,0.75,0.6516233766233765,5,0.0,0.0,0.2,0.0,0.0,0.4,-1.0,-0.07692307692307693,0.07692307692307693
050103,CA,Acute Care,1,0,Non-Profit,3.0,0.7142857142857143,0.875,0.6363636363636364,1.0,0.75,0.7951298701298701,5,0.0,0.0,0.2857142857142857,0.0,0.0,0.0,2.0,0.10526315789473684,0.10526315789473684
050104,CA,Acute Care,1,0,Non-Profit,4.0,0.7142857142857143,0.75,0.36363636363636365,1.0,0.75,0.7155844155844157,5,0.0,0.0,0.5,0.0,0.25,0.0,4.0,0.26666666666666666,0.26666666666666666
050107,CA,Acute Care,1,1,Non-Profit,2.0,1.0,0.875,1.0,1.0,0.9166666666666666,0.9583333333333334,5,0.0,0.14285714285714285,0.14285714285714285,0.14285714285714285,0.0,0.09090909090909091,-2.0,-0.08,0.04
050108,CA,Acute Care,1,1,Non-Profit,4.0,1.0,1.0,1.0,1.0,0.75,0.95,5,0.0,0.0,0.375,0.0,0.0,0.0,3.0,0.11538461538461539,0.11538461538461539
050110,CA,Acute Care,0,1,Government,1.0,0.5714285714285714,0.5,0.6363636363636364,1.0,0.9166666666666666,0.7248917748917749,5,0.0,0.25,0.0,0.0,0.0,0.14285714285714285,-2.0,-0.13333333333333333,0.0
050112,CA,Acute Care,1,1,Non-Profit,4.0,0.8571428571428571,0.875,0.9090909090909091,1.0,0.8333333333333334,0.89491341991342,5,0.3333333333333333,0.0,0.14285714285714285,0.14285714285714285,0.1,0.1,2.0,0.08695652173913043,0.17391304347826086
050113,CA,Acute Care,0,1,Government,,0.14285714285714285,0.25,0.2727272727272727,1.0,0.5833333333333334,0.44978354978354973,5,0.0,0.0,0.0,0.0,0.0,0.0,0.0,0.0,0.0
050115,CA,Acute Care,0,1,Government,2.0,1.0,0.875,0.8181818181818182,1.0,0.9166666666666666,0.9219696969696971,5,0.0,0.0,0.14285714285714285,0.0,0.1111111111111111,0.0,2.0,0.08695652173913043,0.08695652173913043
050116,CA,Acute Care,1,1,Non-Profit,4.0,1.0,0.875,0.9090909090909091,1.0,0.6666666666666666,0.8901515151515152,5,0.2857142857142857,0.0,0.14285714285714285,0.0,0.0,0.3,0.0,0.0,0.125
050118,CA,Acute Care,0,1,Non-Profit,2.0,0.5714285714285714,0.375,0.5454545454545454,1.0,0.9166666666666666,0.6817099567099567,5,0.0,0.0,0.3333333333333333,0.0,0.0,0.0,1.0,0.07692307692307693,0.07692307692307693
050121,CA,Acute Care,1,1,Non-Profit,2.0,0.8571428571428571,0.875,0.6363636363636364,1.0,0.8333333333333334,0.8403679653679653,5,0.0,0.0,0.14285714285714285,0.0,0.0,0.0,1.0,0.05,0.05
050122,CA,Acute Care,0,1,Non-Profit,3.0,0.8571428571428571,0.75,0.7272727272727273,1.0,0.6666666666666666,0.8002164502164503,5,0.0,0.0,0.0,0.0,0.0,0.0,0.0,0.0,0.0
050124,CA,Acute Care,1,1,Non-Profit,3.0,0.7142857142857143,0.75,0.6363636363636364,1.0,0.9166666666666666,0.8034632034632034,5,0.2,0.0,0.0,0.0,0.14285714285714285,0.14285714285714285,1.0,0.05555555555555555,0.1111111111111111
050125,CA,Acute Care,0,1,Government,3.0,0.8571428571428571,0.875,0.7272727272727273,1.0,0.5833333333333334,0.8085497835497835,5,0.0,0.0,0.14285714285714285,0.0,0.0,0.25,-1.0,-0.047619047619047616,0.047619047619047616
050126,CA,Acute Care,1,1,Non-Profit,2.0,0.8571428571428571,0.875,0.7272727272727273,1.0,0.75,0.8418831168831169,5,0.16666666666666666,0.0,0.14285714285714285,0.0,0.0,0.25,0.0,0.0,0.09523809523809523
050127,CA,Acute Care,1,1,Non-Profit,5.0,0.5714285714285714,0.625,0.7272727272727273,1.0,0.9166666666666666,0.768073593073593,5,0.0,0.0,0.0,0.0,0.125,0.0,1.0,0.058823529411764705,0.058823529411764705
050128,CA,Acute Care,0,1,Government,2.0,0.8571428571428571,0.75,0.8181818181818182,1.0,0.75,0.8350649350649352,5,0.0,0.0,0.0,0.0,0.1111111111111111,0.0,1.0,0.047619047619047616,0.047619047619047616
050129,CA,Acute Care,1,1,Non-Profit,3.0,1.0,0.75,0.6363636363636364,1.0,0.75,0.8272727272727274,5,0.0,0.0,0.5,0.0,0.14285714285714285,0.0,4.0,0.2,0.2
050131,CA,Acute Care,0,0,Non-Profit,5.0,0.42857142857142855,0.375,0.6363636363636364,1.0,0.6666666666666666,0.6213203463203463,5,0.0,0.0,0.3333333333333333,0.0,0.0,0.0,1.0,0.07692307692307693,0.07692307692307693
050132,CA,Acute Care,1,1,For-Profit,4.0,0.7142857142857143,0.75,0.5454545454545454,1.0,0.6666666666666666,0.7352813852813853,5,0.4,0.0,0.16666666666666666,0.0,0.0,0.0,3.0,0.17647058823529413,0.17647058823529413
050133,CA,Acute Care,1,1,Government,2.0,1.0,0.875,1.0,1.0,0.9166666666666666,0.9583333333333334,5,0.14285714285714285,0.14285714285714285,0.2857142857142857,0.0,0.0,0.2727272727272727,-1.0,-0.04,0.12
050135,CA,Acute Care,0,1,For-Profit,4.0,0.8571428571428571,0.625,0.5454545454545454,1.0,0.5833333333333334,0.7221861471861473,5,0.3333333333333333,0.0,0.6,0.0,0.0,0.16666666666666666,4.0,0.23529411764705882,0.29411764705882354
050136,CA,Acute Care,1,0,Non-Profit,4.0,0.7142857142857143,0.375,0.6363636363636364,1.0,0.75,0.6951298701298702,5,0.0,0.0,0.0,0.0,0.0,0.0,0.0,0.0,0.0
050137,CA,Acute Care,1,0,Non-Profit,4.0,0.0,0.75,0.09090909090909091,1.0,0.5,0.46818181818181814,4,,,0.3333333333333333,0.0,0.0,0.0,2.0,0.2857142857142857,0.2857142857142857
050138,CA,Acute Care,1,0,Non-Profit,4.0,0.14285714285714285,0.75,0.09090909090909091,1.0,0.5,0.4967532467532467,5,0.0,0.0,0.16666666666666666,0.0,0.0,0.0,1.0,0.125,0.125
050139,CA,Acute Care,1,0,Non-Profit,2.0,0.0,0.875,0.09090909090909091,1.0,0.5,0.49318181818181817,4,,,0.14285714285714285,0.0,0.0,0.0,1.0,0.125,0.125
050140,CA,Acute Care,1,1,Non-Profit,3.0,0.42857142857142855,0.875,0.18181818181818182,1.0,0.5,0.5970779220779221,5,0.0,0.0,0.2857142857142857,0.0,0.0,0.0,2.0,0.16666666666666666,0.16666666666666666
050145,CA,Acute Care,1,1,Non-Profit,3.0,1.0,0.875,1.0,1.0,1.0,0.975,5,0.14285714285714285,0.0,0.14285714285714285,0.14285714285714285,0.0,0.18181818181818182,-1.0,-0.04,0.08
050149,CA,Acute Care,1,1,Non-Profit,3.0,0.5714285714285714,1.0,0.5454545454545454,1.0,0.75,0.7733766233766234,5,0.0,0.0,0.125,0.0,0.0,0.0,1.0,0.05555555555555555,0.05555555555555555
050150,CA,Acute Care,1,1,Non-Profit,3.0,0.7142857142857143,0.5,0.8181818181818182,1.0,0.9166666666666666,0.7898268398268399,5,0.0,0.0,0.25,0.0,0.0,0.0,1.0,0.05555555555555555,0.05555555555555555
050152,CA,Acute Care,0,1,Non-Profit,2.0,0.5714285714285714,0.75,0.6363636363636364,1.0,0.75,0.7415584415584415,5,0.0,0.0,0.16666666666666666,0.0,0.0,0.14285714285714285,0.0,0.0,0.058823529411764705
050158,CA,Acute Care,0,0,For-Profit,2.0,0.2857142857142857,0.375,0.2727272727272727,1.0,0.5833333333333334,0.5033549783549784,5,0.5,0.0,0.3333333333333333,0.0,0.0,0.0,2.0,0.25,0.25
050159,CA,Acute Care,1,1,Government,2.0,0.5714285714285714,0.875,0.8181818181818182,1.0,0.75,0.8029220779220779,5,0.0,0.0,0.0,0.0,0.0,0.0,0.0,0.0,0.0
05015F,CA,Acute Care,0,1,Government,,0.0,0.0,0.0,0.0,0.0,0.0,0,,,,,,,0.0,,
050167,CA,Acute Care,1,1,Government,2.0,0.7142857142857143,0.75,0.45454545454545453,1.0,0.8333333333333334,0.7504329004329005,5,0.0,0.0,0.16666666666666666,0.0,0.0,0.0,1.0,0.0625,0.0625
050168,CA,Acute Care,1,1,Non-Profit,4.0,1.0,0.875,1.0,1.0,1.0,0.975,5,0.0,0.0,0.42857142857142855,0.0,0.0,0.0,3.0,0.12,0.12
050169,CA,Acute Care,1,1,Non-Profit,3.0,1.0,1.0,1.0,1.0,0.9166666666666666,0.9833333333333334,5,0.0,0.0,0.0,0.0,0.0,0.09090909090909091,-1.0,-0.038461538461538464,0.0
050174,CA,Acute Care,1,1,Non-Profit,2.0,1.0,0.875,1.0,1.0,1.0,0.975,5,0.0,0.0,0.14285714285714285,0.0,0.0,0.18181818181818182,-1.0,-0.04,0.04
050179,CA,Acute Care,1,1,For-Profit,2.0,0.8571428571428571,0.75,0.8181818181818182,1.0,0.9166666666666666,0.8683982683982684,5,0.0,0.0,0.16666666666666666,0.0,0.0,0.2222222222222222,-1.0,-0.047619047619047616,0.047619047619047616
050180,CA,Acute Care,1,1,Non-Profit,3.0,0.8571428571428571,1.0,0.9090909090909091,1.0,0.8333333333333334,0.91991341991342,5,0.3333333333333333,0.16666666666666666,0.125,0.0,0.0,0.1,1.0,0.041666666666666664,0.125
050191,CA,Acute Care,1,1,Non-Profit,4.0,0.8571428571428571,0.75,0.5454545454545454,1.0,0.75,0.7805194805194805,5,0.0,0.0,0.16666666666666666,0.0,0.0,0.16666666666666666,0.0,0.0,0.05555555555555555
050192,CA,Acute Care,1,0,Non-Profit,,0.0,0.125,0.09090909090909091,1.0,0.6666666666666666,0.37651515151515147,4,,,0.0,0.0,0.0,0.0,0.0,0.0,0.0
050194,CA,Acute Care,1,1,For-Profit,1.0,0.5714285714285714,0.25,0.5454545454545454,1.0,0.8333333333333334,0.6400432900432901,5,0.0,0.0,0.0,0.0,0.0,0.3333333333333333,-2.0,-0.16666666666666666,0.0
050195,CA,Acute Care,1,1,Government,3.0,1.0,0.875,1.0,1.0,0.75,0.925,5,0.0,0.0,0.2857142857142857,0.0,0.09090909090909091,0.2727272727272727,0.0,0.0,0.12
050197,CA,Acute Care,1,1,Non-Profit,5.0,0.8571428571428571,0.75,0.7272727272727273,1.0,0.75,0.8168831168831169,5,0.16666666666666666,0.0,0.16666666666666666,0.0,0.625,0.125,6.0,0.3,0.35
050204,CA,Acute Care,0,1,For-Profit,3.0,0.8571428571428571,0.875,0.6363636363636364,1.0,0.75,0.8237012987012987,5,0.0,0.0,0.14285714285714285,0.0,0.14285714285714285,0.0,2.0,0.1,0.1
05020F,CA,Acute Care,0,1,Government,,0.0,0.0,0.0,0.0,0.0,0.0,0,,,,,,,0.0,,
050211,CA,Acute Care,0,1,Government,3.0,0.5714285714285714,0.625,0.36363636363636365,1.0,0.5833333333333334,0.6286796536796537,5,0.0,0.0,0.0,0.0,0.0,0.0,0.0,0.0,0.0
050222,CA,Acute Care,1,1,For-Profit,4.0,1.0,1.0,1.0,1.0,0.75,0.95,5,0.14285714285714285,0.0,0.25,0.0,0.0,0.09090909090909091,2.0,0.07692307692307693,0.11538461538461539
050224,CA,Acute Care,1,1,Non-Profit,5.0,1.0,0.875,0.9090909090909091,1.0,1.0,0.9568181818181818,5,0.14285714285714285,0.0,0.2857142857142857,0.0,0.1,0.0,4.0,0.16666666666666666,0.16666666666666666
050226,CA,Acute Care,1,1,Non-Profit,3.0,0.8571428571428571,0.625,0.5454545454545454,1.0,0.75,0.7555194805194805,5,0.16666666666666666,0.0,0.0,0.0,0.0,0.3333333333333333,-1.0,-0.058823529411764705,0.058823529411764705
050228,CA,Acute Care,1,1,Government,1.0,0.8571428571428571,0.875,0.8181818181818182,1.0,0.8333333333333334,0.8767316017316018,5,0.16666666666666666,0.16666666666666666,0.42857142857142855,0.0,0.0,0.3333333333333333,0.0,0.0,0.18181818181818182
05022F,CA,Acute Care,0,1,Government,,0.0,0.0,0.0,0.0,0.0,0.0,0,,,,,,,0.0,,
050230,CA,Acute Care,0,1,For-Profit,3.0,0.5714285714285714,0.5,0.45454545454545453,1.0,0.6666666666666666,0.6385281385281385,5,0.0,0.0,0.25,0.0,0.0,0.2,0.0,0.0,0.07692307692307693
050231,CA,Acute Care,1,1,Non-Profit,3.0,1.0,0.875,1.0,1.0,0.8333333333333334,0.9416666666666667,5,0.0,0.0,0.42857142857142855,0.0,0.09090909090909091,0.09090909090909091,3.0,0.12,0.16
050232,CA,Acute Care,1,1,Non-Profit,5.0,1.0,0.75,0.8181818181818182,1.0,1.0,0.9136363636363637,5,0.0,0.0,0.3333333333333333,0.0,0.1111111111111111,0.0,3.0,0.13636363636363635,0.13636363636363635
050234,CA,Acute Care,0,1,For-Profit,5.0,0.42857142857142855,0.5,0.5454545454545454,1.0,0.6666666666666666,0.6281385281385281,5,0.0,0.0,0.0,0.0,0.0,0.0,0.0,0.0,0.0
050235,CA,Acute Care,1,1,Non-Profit,3.0,1.0,1.0,1.0,1.0,0.8333333333333334,0.9666666666666666,5,0.14285714285714285,0.0,0.375,0.0,0.09090909090909091,0.2727272727272727,2.0,0.07692307692307693,0.19230769230769232
050236,CA,Acute Care,0,1,Non-Profit,2.0,0.8571428571428571,0.875,0.7272727272727273,1.0,0.8333333333333334,0.8585497835497835,5,0.16666666666666666,0.0,0.14285714285714285,0.0,0.0,0.25,0.0,0.0,0.09523809523809523
050238,CA,Acute Care,1,1,Non-Profit,3.0,0.8571428571428571,0.875,0.7272727272727273,1.0,0.75,0.8418831168831169,5,0.0,0.0,0.0,0.0,0.0,0.125,-1.0,-0.047619047619047616,0.0
050239,CA,Acute Care,1,1,Non-Profit,4.0,1.0,0.875,0.8181818181818182,1.0,0.9166666666666666,0.9219696969696971,5,0.2857142857142857,0.0,0.7142857142857143,0.0,0.0,0.1111111111111111,6.0,0.2608695652173913,0.30434782608695654
050242,CA,Acute Care,1,1,Non-Profit,5.0,1.0,0.875,1.0,1.0,0.8333333333333334,0.9416666666666667,5,0.14285714285714285,0.0,0.14285714285714285,0.0,0.09090909090909091,0.09090909090909091,2.0,0.08,0.12
050243,CA,Acute Care,1,1,For-Profit,2.0,1.0,0.75,0.8181818181818182,1.0,0.75,0.8636363636363636,5,0.0,0.0,0.3333333333333333,0.0,0.0,0.2222222222222222,0.0,0.0,0.09090909090909091
050245,CA,Acute Care,1,1,Government,2.0,0.42857142857142855,0.875,0.5454545454545454,1.0,0.8333333333333334,0.7364718614718615,5,0.0,0.0,0.14285714285714285,0.0,0.0,0.0,1.0,0.0625,0.0625
050248,CA,Acute Care,1,1,Government,3.0,0.7142857142857143,0.75,0.5454545454545454,1.0,0.8333333333333334,0.7686147186147186,5,0.0,0.0,0.16666666666666666,0.0,0.0,0.0,1.0,0.058823529411764705,0.058823529411764705
050254,CA,Acute Care,1,1,Non-Profit,3.0,0.7142857142857143,0.625,0.8181818181818182,1.0,1.0,0.8314935064935065,5,0.0,0.0,0.0,0.0,0.1111111111111111,0.0,1.0,0.05263157894736842,0.05263157894736842
050257,CA,Acute Care,0,0,For-Profit,,0.2857142857142857,0.25,0.2727272727272727,0.0,0.25,0.2116883116883117,4,0.0,0.0,0.0,0.0,0.3333333333333333,0.0,1.0,0.14285714285714285,0.14285714285714285
05025F,CA,Acute Care,0,1,Government,4.0,0.5714285714285714,0.375,0.5454545454545454,1.0,0.4166666666666667,0.5817099567099567,5,0.0,0.0,0.0,0.0,0.3333333333333333,0.0,2.0,0.15384615384615385,0.15384615384615385
050261,CA,Acute Care,1,1,Non-Profit,2.0,0.7142857142857143,0.75,0.9090909090909091,1.0,0.75,0.8246753246753247,5,0.0,0.2,0.16666666666666666,0.16666666666666666,0.0,0.0,-1.0,-0.047619047619047616,0.047619047619047616
050262,CA,Acute Care,1,1,Government,4.0,1.0,0.75,0.9090909090909091,1.0,0.75,0.8818181818181818,5,0.2857142857142857,0.0,0.5,0.0,0.0,0.2,3.0,0.13043478260869565,0.21739130434782608
050272,CA,Acute Care,1,1,Non-Profit,3.0,0.7142857142857143,0.75,0.6363636363636364,1.0,0.75,0.7701298701298701,5,0.0,0.2,0.16666666666666666,0.0,0.14285714285714285,0.0,1.0,0.05555555555555555,0.1111111111111111
050276,CA,Acute Care,1,1,Government,3.0,0.5714285714285714,0.625,0.5454545454545454,1.0,0.75,0.6983766233766234,5,0.0,0.0,0.0,0.0,0.0,0.0,0.0,0.0,0.0
050278,CA,Acute Care,1,1,Non-Profit,4.0,0.8571428571428571,1.0,0.9090909090909091,1.0,0.75,0.9032467532467532,5,0.0,0.0,0.25,0.0,0.0,0.0,2.0,0.08333333333333333,0.08333333333333333
050279,CA,Acute Care,1,1,Government,,0.2857142857142857,0.25,0.2727272727272727,1.0,0.75,0.5116883116883117,5,0.0,0.0,0.0,0.0,0.0,0.3333333333333333,-1.0,-0.14285714285714285,0.0
05027F,CA,Acute Care,0,1,Government,3.0,0.7142857142857143,0.5,0.5454545454545454,1.0,0.5,0.6519480519480519,5,0.4,0.0,0.0,0.0,0.0,0.0,2.0,0.13333333333333333,0.13333333333333333
050280,CA,Acute Care,1,1,Non-Profit,2.0,1.0,0.875,1.0,1.0,0.9166666666666666,0.9583333333333334,5,0.0,0.14285714285714285,0.2857142857142857,0.14285714285714285,0.18181818181818182,0.18181818181818182,0.0,0.0,0.16
050281,CA,Acute Care,0,0,For-Profit,3.0,0.42857142857142855,0.625,0.2727272727272727,1.0,0.5833333333333334,0.581926406926407,5,0.0,0.0,0.0,0.0,0.0,0.3333333333333333,-1.0,-0.09090909090909091,0.0
050283,CA,Acute Care,1,1,Non-Profit,4.0,1.0,0.875,0.8181818181818182,1.0,0.9166666666666666,0.9219696969696971,5,0.0,0.0,0.14285714285714285,0.0,0.1111111111111111,0.0,2.0,0.08695652173913043,0.08695652173913043
050289,CA,Acute Care,0,1,Non-Profit,1.0,0.8571428571428571,0.5,0.6363636363636364,1.0,0.6666666666666666,0.732034632034632,5,0.0,0.0,0.0,0.0,0.0,0.2857142857142857,-2.0,-0.11764705882352941,0.0
050290,CA,Acute Care,1,1,Non-Profit,4.0,1.0,0.875,1.0,1.0,0.6666666666666666,0.9083333333333334,5,0.42857142857142855,0.0,0.2857142857142857,0.0,0.09090909090909091,0.09090909090909091,5.0,0.2,0.24
050291,CA,Acute Care,1,1,Non-Profit,4.0,0.8571428571428571,0.875,0.9090909090909091,1.0,0.9166666666666666,0.9115800865800866,5,0.0,0.0,0.2857142857142857,0.0,0.1,0.1,2.0,0.08695652173913043,0.13043478260869565
050292,CA,Acute Care,1,1,Government,3.0,0.7142857142857143,0.875,0.5454545454545454,1.0,0.8333333333333334,0.7936147186147187,5,0.0,0.0,0.5714285714285714,0.0,0.0,0.16666666666666666,3.0,0.16666666666666666,0.2222222222222222
050295,CA,Acute Care,1,1,Non-Profit,3.0,0.8571428571428571,0.875,0.5454545454545454,1.0,0.8333333333333334,0.8221861471861471,5,0.0,0.0,0.2857142857142857,0.0,0.0,0.16666666666666666,1.0,0.05263157894736842,0.10526315789473684
050298,CA,Acute Care,1,1,For-Profit,1.0,0.2857142857142857,0.375,0.36363636363636365,1.0,0.6666666666666666,0.5382034632034631,5,0.0,0.5,0.0,0.3333333333333333,0.0,0.0,-2.0,-0.2222222222222222,0.0
050300,CA,Acute Care,1,1,Non-Profit,1.0,0.8571428571428571,0.875,0.7272727272727273,1.0,0.75,0.8418831168831169,5,0.0,0.0,0.14285714285714285,0.0,0.0,0.25,-1.0,-0.047619047619047616,0.047619047619047616
050301,CA,Acute Care,1,1,Non-Profit,4.0,0.7142857142857143,0.625,0.8181818181818182,1.0,0.9166666666666666,0.8148268398268399,5,0.0,0.0,0.0,0.0,0.1111111111111111,0.1111111111111111,0.0,0.0,0.05263157894736842
050305,CA,Acute Care,1,1,Non-Profit,3.0,0.8571428571428571,0.75,0.8181818181818182,1.0,0.8333333333333334,0.8517316017316018,5,0.0,0.0,0.16666666666666666,0.0,0.1111111111111111,0.0,2.0,0.09523809523809523,0.09523809523809523
050308,CA,Acute Care,1,1,Government,4.0,1.0,1.0,1.0,1.0,0.9166666666666666,0.9833333333333334,5,0.2857142857142857,0.0,0.25,0.0,0.09090909090909091,0.0,5.0,0.19230769230769232,0.19230769230769232
050309,CA,Acute Care,1,1,Non-Profit,3.0,0.8571428571428571,1.0,0.9090909090909091,1.0,0.75,0.9032467532467532,5,0.0,0.0,0.25,0.125,0.2,0.0,3.0,0.125,0.16666666666666666
05030F,CA,Acute Care,0,1,Government,4.0,0.7142857142857143,0.375,0.36363636363636365,1.0,0.4166666666666667,0.5739177489177489,5,0.4,0.0,0.0,0.0,0.0,0.0,2.0,0.16666666666666666,0.16666666666666666
050313,CA,Acute Care,1,1,Non-Profit,4.0,0.5714285714285714,0.625,0.5454545454545454,1.0,1.0,0.7483766233766234,5,0.0,0.0,0.0,0.0,0.16666666666666666,0.0,1.0,0.06666666666666667,0.06666666666666667
050315,CA,Acute Care,1,1,Government,2.0,0.5714285714285714,1.0,0.7272727272727273,1.0,0.75,0.8097402597402598,5,0.0,0.0,0.125,0.0,0.0,0.0,1.0,0.05,0.05
05031F,CA,Acute Care,0,1,Government,5.0,0.7142857142857143,0.5,0.5454545454545454,1.0,0.5,0.6519480519480519,5,0.4,0.0,0.0,0.0,0.0,0.0,2.0,0.13333333333333333,0.13333333333333333
050320,CA,Acute Care,1,1,Government,1.0,0.8571428571428571,0.75,0.8181818181818182,1.0,0.8333333333333334,0.8517316017316018,5,0.0,0.0,0.0,0.3333333333333333,0.0,0.1111111111111111,-3.0,-0.14285714285714285,0.0
050324,CA,Acute Care,1,1,For-Profit,5.0,1.0,1.0,0.8181818181818182,1.0,0.75,0.9136363636363637,5,0.42857142857142855,0.0,0.25,0.125,0.1111111111111111,0.0,5.0,0.20833333333333334,0.25
050327,CA,Acute Care,0,1,Non-Profit,3.0,1.0,0.875,0.9090909090909091,1.0,0.75,0.9068181818181819,5,0.0,0.0,0.7142857142857143,0.0,0.1,0.1,5.0,0.20833333333333334,0.25
050329,CA,Acute Care,1,1,For-Profit,3.0,0.8571428571428571,0.625,0.5454545454545454,1.0,0.8333333333333334,0.7721861471861472,5,0.0,0.0,0.2,0.0,0.0,0.16666666666666666,0.0,0.0,0.058823529411764705
050334,CA,Acute Care,1,1,Non-Profit,4.0,1.0,0.75,0.9090909090909091,1.0,0.8333333333333334,0.8984848484848484,5,0.14285714285714285,0.0,0.16666666666666666,0.0,0.1,0.0,3.0,0.13043478260869565,0.13043478260869565
050335,CA,Acute Care,1,0,Non-Profit,3.0,0.8571428571428571,0.625,0.9090909090909091,1.0,1.0,0.8782467532467532,5,0.0,0.0,0.0,0.0,0.1,0.1,0.0,0.0,0.047619047619047616
050336,CA,Acute Care,1,1,Non-Profit,3.0,0.8571428571428571,0.75,0.5454545454545454,1.0,0.8333333333333334,0.7971861471861472,5,0.0,0.0,0.3333333333333333,0.0,0.16666666666666666,0.0,3.0,0.16666666666666666,0.16666666666666666
050342,CA,Acute Care,1,1,Government,2.0,0.5714285714285714,0.375,0.7272727272727273,1.0,0.75,0.6847402597402598,5,0.0,0.0,0.0,0.0,0.0,0.0,0.0,0.0,0.0
050348,CA,Acute Care,1,1,Government,4.0,1.0,1.0,1.0,1.0,0.9166666666666666,0.9833333333333334,5,0.14285714285714285,0.0,0.625,0.0,0.18181818181818182,0.0,8.0,0.3076923076923077,0.3076923076923077
050350,CA,Acute Care,0,1,Non-Profit,2.0,0.7142857142857143,0.625,0.45454545454545453,0.0,0.5833333333333334,0.4754329004329005,4,0.0,0.0,0.0,0.2,0.0,0.2,-2.0,-0.13333333333333333,0.0
050351,CA,Acute Care,1,1,Non-Profit,4.0,1.0,1.0,1.0,1.0,0.9166666666666666,0.9833333333333334,5,0.2857142857142857,0.0,0.25,0.0,0.18181818181818182,0.09090909090909091,5.0,0.19230769230769232,0.23076923076923078
050352,CA,Acute Care,1,1,Non-Profit,4.0,0.2857142857142857,0.375,0.45454545454545453,1.0,0.8333333333333334,0.5897186147186148,5,0.0,0.0,0.0,0.0,0.2,0.0,1.0,0.1,0.1
050353,CA,Acute Care,1,0,Non-Profit,4.0,0.8571428571428571,1.0,0.7272727272727273,1.0,0.9166666666666666,0.9002164502164502,5,0.16666666666666666,0.0,0.25,0.0,0.0,0.125,2.0,0.09090909090909091,0.13636363636363635
050357,CA,Acute Care,0,1,Non-Profit,5.0,0.2857142857142857,0.375,0.45454545454545453,1.0,0.5833333333333334,0.5397186147186147,5,0.0,0.0,0.0,0.0,0.2,0.2,0.0,0.0,0.1
050360,CA,Acute Care,1,1,Government,4.0,1.0,0.875,1.0,1.0,1.0,0.975,5,0.2857142857142857,0.0,0.14285714285714285,0.0,0.18181818181818182,0.0,5.0,0.2,0.2
050367,CA,Acute Care,1,1,Non-Profit,3.0,1.0,0.875,1.0,1.0,0.8333333333333334,0.9416666666666667,5,0.0,0.0,0.2857142857142857,0.0,0.0,0.0,2.0,0.08,0.08
050373,CA,Acute Care,1,1,Government,2.0,0.8571428571428571,0.75,0.6363636363636364,1.0,0.75,0.7987012987012987,5,0.0,0.0,0.5,0.0,0.0,0.0,3.0,0.15789473684210525,0.15789473684210525
050376,CA,Acute Care,1,1,Government,1.0,0.8571428571428571,0.75,0.7272727272727273,1.0,0.8333333333333334,0.8335497835497835,5,0.0,0.0,0.16666666666666666,0.3333333333333333,0.0,0.0,-1.0,-0.05,0.05
050378,CA,Acute Care,0,1,For-Profit,1.0,0.0,0.5,0.09090909090909091,1.0,0.5,0.41818181818181815,4,,,0.0,0.25,0.0,0.0,-1.0,-0.2,0.0
050380,CA,Acute Care,1,1,For-Profit,2.0,1.0,1.0,0.8181818181818182,1.0,0.8333333333333334,0.9303030303030303,5,0.0,0.0,0.125,0.0,0.0,0.3333333333333333,-2.0,-0.08333333333333333,0.041666666666666664
050382,CA,Acute Care,1,1,For-Profit,1.0,1.0,0.875,0.8181818181818182,1.0,0.8333333333333334,0.9053030303030303,5,0.0,0.14285714285714285,0.2857142857142857,0.0,0.0,0.2222222222222222,-1.0,-0.043478260869565216,0.08695652173913043
050390,CA,Acute Care,1,1,For-Profit,1.0,0.5714285714285714,0.75,0.45454545454545453,1.0,0.5833333333333334,0.6718614718614719,5,0.0,0.0,0.16666666666666666,0.0,0.0,0.0,1.0,0.06666666666666667,0.06666666666666667
050393,CA,Acute Care,0,1,Non-Profit,3.0,0.5714285714285714,0.875,0.6363636363636364,1.0,0.6666666666666666,0.7498917748917748,5,0.0,0.0,0.14285714285714285,0.0,0.14285714285714285,0.0,2.0,0.1111111111111111,0.1111111111111111
050394,CA,Acute Care,1,1,Non-Profit,4.0,1.0,0.875,1.0,1.0,0.9166666666666666,0.9583333333333334,5,0.0,0.0,0.14285714285714285,0.0,0.0,0.0,1.0,0.04,0.04
050396,CA,Acute Care,1,1,Non-Profit,5.0,1.0,1.0,1.0,1.0,1.0,1.0,5,0.14285714285714285,0.0,0.25,0.0,0.18181818181818182,0.0,5.0,0.19230769230769232,0.19230769230769232
05039F,CA,Acute Care,0,1,Government,,0.0,0.0,0.0,0.0,0.0,0.0,0,,,,,,,0.0,,
050407,CA,Acute Care,0,1,Non-Profit,3.0,0.42857142857142855,0.25,0.7272727272727273,1.0,0.6666666666666666,0.6145021645021644,5,0.0,0.0,0.0,0.0,0.0,0.0,0.0,0.0,0.0
050411,CA,Acute Care,1,0,Non-Profit,4.0,0.0,0.75,0.18181818181818182,1.0,0.5,0.48636363636363633,4,,,0.16666666666666666,0.0,0.0,0.0,1.0,0.125,0.125
050414,CA,Acute Care,1,1,Non-Profit,4.0,0.7142857142857143,0.875,0.6363636363636364,1.0,0.75,0.7951298701298701,5,0.0,0.0,0.14285714285714285,0.0,0.0,0.0,1.0,0.05263157894736842,0.05263157894736842
050417,CA,Acute Care,1,1,Government,2.0,0.7142857142857143,0.5,0.8181818181818182,1.0,0.6666666666666666,0.7398268398268398,5,0.0,0.2,0.0,0.0,0.0,0.1111111111111111,-2.0,-0.1111111111111111,0.0
05041F,CA,Acute Care,0,1,Government,,0.0,0.0,0.0,0.0,0.0,0.0,0,,,,,,,0.0,,
050424,CA,Acute Care,0,0,Non-Profit,5.0,0.5714285714285714,0.875,0.5454545454545454,1.0,0.5833333333333334,0.7150432900432901,5,0.0,0.0,0.14285714285714285,0.0,0.0,0.16666666666666666,0.0,0.0,0.058823529411764705
050425,CA,Acute Care,0,1,Non-Profit,3.0,0.42857142857142855,0.75,0.2727272727272727,1.0,0.4166666666666667,0.5735930735930735,5,0.0,0.0,0.16666666666666666,0.0,0.0,0.0,1.0,0.08333333333333333,0.08333333333333333
050426,CA,Acute Care,0,1,For-Profit,2.0,0.8571428571428571,0.625,0.45454545454545453,1.0,0.5833333333333334,0.7040043290043291,5,0.0,0.0,0.2,0.0,0.0,0.4,-1.0,-0.0625,0.0625
050438,CA,Acute Care,1,1,Non-Profit,2.0,1.0,1.0,0.8181818181818182,1.0,0.8333333333333334,0.9303030303030303,5,0.14285714285714285,0.0,0.0,0.125,0.0,0.2222222222222222,-2.0,-0.08333333333333333,0.041666666666666664
050441,CA,Acute Care,0,1,Non-Profit,5.0,1.0,1.0,1.0,1.0,0.9166666666666666,0.9833333333333334,5,0.42857142857142855,0.0,0.125,0.0,0.18181818181818182,0.18181818181818182,4.0,0.15384615384615385,0.23076923076923078
050444,CA,Acute Care,1,1,Non-Profit,2.0,0.8571428571428571,0.75,0.8181818181818182,1.0,0.75,0.8350649350649352,5,0.0,0.16666666666666666,0.3333333333333333,0.0,0.0,0.1111111111111111,0.0,0.0,0.09523809523809523
050454,CA,Acute Care,1,1,Non-Profit,5.0,1.0,1.0,1.0,1.0,0.9166666666666666,0.9833333333333334,5,0.5714285714285714,0.0,0.375,0.0,0.09090909090909091,0.09090909090909091,7.0,0.2692307692307692,0.3076923076923077
050455,CA,Acute Care,1,1,Non-Profit,1.0,0.8571428571428571,0.75,0.8181818181818182,1.0,1.0,0.8850649350649352,5,0.0,0.3333333333333333,0.16666666666666666,0.0,0.0,0.0,-1.0,-0.047619047619047616,0.047619047619047616
050457,CA,Acute Care,0,1,Non-Profit,4.0,0.8571428571428571,0.75,0.9090909090909091,1.0,0.75,0.8532467532467531,5,0.3333333333333333,0.0,0.16666666666666666,0.0,0.1,0.0,4.0,0.18181818181818182,0.18181818181818182
050464,CA,Acute Care,1,1,For-Profit,1.0,1.0,0.75,0.7272727272727273,1.0,0.8333333333333334,0.8621212121212121,5,0.0,0.14285714285714285,0.5,0.0,0.0,0.375,-1.0,-0.047619047619047616,0.14285714285714285
050468,CA,Acute Care,0,1,For-Profit,1.0,0.5714285714285714,0.625,0.36363636363636365,1.0,0.6666666666666666,0.6453463203463203,5,0.0,0.0,0.2,0.2,0.0,0.25,-1.0,-0.07692307692307693,0.07692307692307693
050471,CA,Acute Care,1,0,For-Profit,2.0,1.0,0.875,0.8181818181818182,1.0,0.8333333333333334,0.9053030303030303,5,0.0,0.0,0.14285714285714285,0.0,0.0,0.3333333333333333,-2.0,-0.08695652173913043,0.043478260869565216
050481,CA,Acute Care,0,1,For-Profit,2.0,1.0,0.875,0.7272727272727273,1.0,0.6666666666666666,0.8537878787878789,5,0.14285714285714285,0.0,0.14285714285714285,0.0,0.0,0.5,-2.0,-0.09090909090909091,0.09090909090909091
050485,CA,Acute Care,0,0,Non-Profit,2.0,1.0,1.0,1.0,1.0,0.8333333333333334,0.9666666666666666,5,0.0,0.0,0.25,0.0,0.0,0.0,2.0,0.07692307692307693,0.07692307692307693
050488,CA,Acute Care,1,1,Non-Profit,4.0,0.8571428571428571,0.875,0.6363636363636364,1.0,0.6666666666666666,0.8070346320346321,5,0.0,0.0,0.14285714285714285,0.0,0.0,0.0,1.0,0.05,0.05
050492,CA,Acute Care,1,1,Non-Profit,2.0,0.8571428571428571,0.875,0.9090909090909091,1.0,0.8333333333333334,0.89491341991342,5,0.0,0.16666666666666666,0.14285714285714285,0.0,0.1,0.1,0.0,0.0,0.08695652173913043
050496,CA,Acute Care,0,1,Non-Profit,4.0,1.0,0.875,1.0,1.0,0.75,0.925,5,0.14285714285714285,0.0,0.14285714285714285,0.2857142857142857,0.18181818181818182,0.0,2.0,0.08,0.16
050498,CA,Acute Care,0,1,Non-Profit,4.0,0.8571428571428571,0.625,0.8181818181818182,1.0,0.8333333333333334,0.8267316017316018,5,0.0,0.0,0.2,0.0,0.0,0.1111111111111111,0.0,0.0,0.05
050503,CA,Acute Care,1,1,Non-Profit,5.0,0.8571428571428571,0.875,0.7272727272727273,1.0,0.9166666666666666,0.8752164502164502,5,0.3333333333333333,0.0,0.14285714285714285,0.0,0.5,0.125,6.0,0.2857142857142857,0.3333333333333333
050506,CA,Acute Care,1,1,For-Profit,3.0,0.7142857142857143,0.875,0.6363636363636364,1.0,0.6666666666666666,0.7784632034632034,5,0.0,0.0,0.14285714285714285,0.0,0.0,0.0,1.0,0.05263157894736842,0.05263157894736842
050510,CA,Acute Care,0,1,Non-Profit,4.0,0.0,0.625,0.09090909090909091,1.0,0.3333333333333333,0.40984848484848485,4,,,0.0,0.0,0.0,0.0,0.0,0.0,0.0
050512,CA,Acute Care,0,1,Non-Profit,4.0,0.0,0.75,0.09090909090909091,1.0,0.4166666666666667,0.4515151515151515,4,,,0.0,0.0,0.0,0.0,0.0,0.0,0.0
050515,CA,Acute Care,1,1,Non-Profit,4.0,0.14285714285714285,0.75,0.18181818181818182,1.0,0.5,0.514935064935065,5,0.0,0.0,0.3333333333333333,0.16666666666666666,0.0,0.0,1.0,0.1111111111111111,0.2222222222222222
050516,CA,Acute Care,1,1,Non-Profit,3.0,1.0,0.875,1.0,1.0,0.8333333333333334,0.9416666666666667,5,0.0,0.0,0.5714285714285714,0.0,0.0,0.09090909090909091,3.0,0.12,0.16
050517,CA,Acute Care,1,1,Non-Profit,1.0,0.2857142857142857,0.625,0.5454545454545454,1.0,0.5833333333333334,0.6079004329004329,5,0.0,0.0,0.2,0.0,0.0,0.16666666666666666,0.0,0.0,0.07692307692307693
050523,CA,Acute Care,1,1,Non-Profit,3.0,0.8571428571428571,0.75,0.6363636363636364,1.0,0.8333333333333334,0.8153679653679653,5,0.0,0.0,0.0,0.0,0.0,0.0,0.0,0.0,0.0
050526,CA,Acute Care,0,1,For-Profit,,0.2857142857142857,0.25,0.2727272727272727,1.0,0.5833333333333334,0.4783549783549784,5,0.0,0.0,0.0,0.0,0.0,0.0,0.0,0.0,0.0
050528,CA,Acute Care,1,1,Non-Profit,,0.2857142857142857,0.25,0.36363636363636365,1.0,0.8333333333333334,0.5465367965367965,5,0.0,0.0,0.0,0.0,0.25,0.0,1.0,0.125,0.125
050534,CA,Acute Care,1,1,For-Profit,3.0,0.5714285714285714,0.5,0.45454545454545453,1.0,0.8333333333333334,0.6718614718614719,5,0.0,0.0,0.25,0.0,0.0,0.0,1.0,0.07692307692307693,0.07692307692307693
050537,CA,Acute Care,1,1,Non-Profit,4.0,0.5714285714285714,0.25,0.7272727272727273,1.0,0.9166666666666666,0.6930735930735931,5,0.0,0.0,0.5,0.0,0.0,0.0,1.0,0.07142857142857142,0.07142857142857142
050541,CA,Acute Care,1,1,Non-Profit,4.0,0.14285714285714285,0.75,0.09090909090909091,1.0,0.4166666666666667,0.48008658008658,5,0.0,0.0,0.3333333333333333,0.0,0.0,0.0,2.0,0.25,0.25
050543,CA,Acute Care,0,0,For-Profit,,0.0,0.125,0.0,0.0,0.25,0.075,2,,,1.0,0.0,,,1.0,1.0,1.0
050546,CA,Acute Care,0,0,Government,,0.0,0.0,0.0,0.0,0.0,0.0,0,,,,,,,0.0,,
050549,CA,Acute Care,1,1,For-Profit,4.0,1.0,1.0,0.8181818181818182,1.0,0.75,0.9136363636363637,5,0.2857142857142857,0.0,0.25,0.0,0.0,0.3333333333333333,1.0,0.041666666666666664,0.16666666666666666
050551,CA,Acute Care,0,1,For-Profit,3.0,0.8571428571428571,0.75,0.6363636363636364,1.0,0.8333333333333334,0.8153679653679653,5,0.0,0.0,0.0,0.0,0.0,0.0,0.0,0.0,0.0
050557,CA,Acute Care,1,1,Non-Profit,2.0,1.0,0.875,1.0,1.0,0.8333333333333334,0.9416666666666667,5,0.0,0.14285714285714285,0.2857142857142857,0.14285714285714285,0.0,0.18181818181818182,-2.0,-0.08,0.08
050561,CA,Acute Care,1,0,Non-Profit,3.0,0.0,0.75,0.09090909090909091,1.0,0.5,0.46818181818181814,4,,,0.3333333333333333,0.0,0.0,0.0,2.0,0.2857142857142857,0.2857142857142857
050567,CA,Acute Care,1,1,Non-Profit,4.0,1.0,0.875,1.0,1.0,1.0,0.975,5,0.0,0.0,0.42857142857142855,0.0,0.18181818181818182,0.0,5.0,0.2,0.2
050570,CA,Acute Care,1,1,For-Profit,2.0,1.0,1.0,0.7272727272727273,1.0,0.75,0.8954545454545455,5,0.0,0.0,0.125,0.0,0.0,0.125,0.0,0.0,0.043478260869565216
050573,CA,Acute Care,1,1,For-Profit,4.0,1.0,1.0,1.0,1.0,0.9166666666666666,0.9833333333333334,5,0.14285714285714285,0.0,0.375,0.0,0.2727272727272727,0.0,7.0,0.2692307692307692,0.2692307692307692
050580,CA,Acute Care,0,0,For-Profit,3.0,0.42857142857142855,0.375,0.36363636363636365,1.0,0.5833333333333334,0.5501082251082251,5,0.3333333333333333,0.0,0.0,0.0,0.0,0.0,1.0,0.1,0.1
050581,CA,Acute Care,0,1,For-Profit,2.0,0.8571428571428571,0.75,0.6363636363636364,1.0,0.6666666666666666,0.782034632034632,5,0.0,0.0,0.3333333333333333,0.0,0.0,0.2857142857142857,0.0,0.0,0.10526315789473684
050586,CA,Acute Care,0,1,For-Profit,2.0,0.42857142857142855,0.25,0.2727272727272727,1.0,0.6666666666666666,0.5235930735930736,5,0.0,0.0,0.5,0.0,0.0,0.0,1.0,0.125,0.125
050588,CA,Acute Care,0,1,For-Profit,1.0,0.2857142857142857,0.5,0.45454545454545453,1.0,0.8333333333333334,0.6147186147186148,5,0.0,0.0,0.0,0.0,0.0,0.2,-1.0,-0.09090909090909091,0.0
050589,CA,Acute Care,0,0,For-Profit,2.0,0.42857142857142855,0.375,0.45454545454545453,1.0,0.6666666666666666,0.5849567099567099,5,0.0,0.0,0.0,0.0,0.0,0.2,-1.0,-0.09090909090909091,0.0
050590,CA,Acute Care,1,1,Non-Profit,3.0,0.7142857142857143,0.625,0.5454545454545454,1.0,0.8333333333333334,0.7436147186147186,5,0.0,0.0,0.2,0.0,0.0,0.16666666666666666,0.0,0.0,0.0625
050597,CA,Acute Care,0,0,Non-Profit,3.0,0.7142857142857143,0.75,0.5454545454545454,1.0,0.6666666666666666,0.7352813852813853,5,0.0,0.0,0.16666666666666666,0.0,0.0,0.0,1.0,0.058823529411764705,0.058823529411764705
050599,CA,Acute Care,1,1,Government,3.0,1.0,1.0,1.0,1.0,0.9166666666666666,0.9833333333333334,5,0.42857142857142855,0.0,0.0,0.25,0.0,0.0,1.0,0.038461538461538464,0.11538461538461539
050603,CA,Acute Care,1,1,Non-Profit,4.0,1.0,0.75,0.6363636363636364,1.0,0.8333333333333334,0.843939393939394,5,0.0,0.0,0.16666666666666666,0.0,0.0,0.0,1.0,0.05,0.05
050604,CA,Acute Care,1,1,Non-Profit,4.0,0.14285714285714285,0.75,0.18181818181818182,1.0,0.5,0.514935064935065,5,0.0,0.0,0.16666666666666666,0.0,0.0,0.0,1.0,0.1111111111111111,0.1111111111111111
050608,CA,Acute Care,1,1,For-Profit,,0.2857142857142857,0.25,0.45454545454545453,1.0,0.8333333333333334,0.5647186147186147,5,0.0,0.0,0.0,0.0,0.0,0.0,0.0,0.0,0.0
050609,CA,Acute Care,1,1,Non-Profit,4.0,0.0,0.875,0.09090909090909091,1.0,0.5,0.49318181818181817,4,,,0.2857142857142857,0.0,0.0,0.0,2.0,0.25,0.25
050624,CA,Acute Care,1,0,Non-Profit,2.0,0.8571428571428571,0.875,0.8181818181818182,1.0,0.9166666666666666,0.8933982683982684,5,0.0,0.0,0.14285714285714285,0.0,0.0,0.2222222222222222,-1.0,-0.045454545454545456,0.045454545454545456
050625,CA,Acute Care,1,1,Non-Profit,5.0,1.0,1.0,1.0,1.0,0.9166666666666666,0.9833333333333334,5,0.8571428571428571,0.0,0.375,0.0,0.18181818181818182,0.2727272727272727,8.0,0.3076923076923077,0.4230769230769231
050633,CA,Acute Care,1,1,For-Profit,2.0,0.5714285714285714,0.5,0.6363636363636364,1.0,0.8333333333333334,0.7082251082251083,5,0.0,0.0,0.25,0.0,0.0,0.14285714285714285,0.0,0.0,0.06666666666666667
050636,CA,Acute Care,0,1,Government,4.0,0.5714285714285714,0.625,0.5454545454545454,1.0,0.8333333333333334,0.7150432900432901,5,0.0,0.0,0.2,0.0,0.0,0.0,1.0,0.06666666666666667,0.06666666666666667
050641,CA,Acute Care,1,1,For-Profit,,0.2857142857142857,0.25,0.2727272727272727,1.0,0.6666666666666666,0.49502164502164503,5,0.0,0.0,0.0,0.0,0.0,0.0,0.0,0.0,0.0
050663,CA,Acute Care,0,1,For-Profit,2.0,0.42857142857142855,0.625,0.45454545454545453,1.0,0.5833333333333334,0.6182900432900433,5,0.6666666666666666,0.0,0.2,0.2,0.0,0.2,1.0,0.07692307692307693,0.23076923076923078
050668,CA,Acute Care,0,0,Government,,0.14285714285714285,0.125,0.18181818181818182,0.0,0.25,0.13993506493506494,4,0.0,0.0,1.0,0.0,0.0,0.5,0.0,0.0,0.25
050674,CA,Acute Care,1,1,Non-Profit,3.0,0.5714285714285714,0.75,0.2727272727272727,1.0,0.5,0.6188311688311688,5,0.0,0.0,0.16666666666666666,0.0,0.0,0.0,1.0,0.07692307692307693,0.07692307692307693
050677,CA,Acute Care,1,0,Non-Profit,3.0,0.0,0.75,0.09090909090909091,1.0,0.5,0.46818181818181814,4,,,0.16666666666666666,0.16666666666666666,0.0,0.0,0.0,0.0,0.14285714285714285
050678,CA,Acute Care,1,1,For-Profit,3.0,1.0,0.875,0.8181818181818182,1.0,0.75,0.8886363636363637,5,0.14285714285714285,0.0,0.0,0.0,0.0,0.0,1.0,0.043478260869565216,0.043478260869565216
050684,CA,Acute Care,0,1,For-Profit,,0.2857142857142857,0.25,0.18181818181818182,1.0,0.5,0.44350649350649346,5,0.0,0.0,0.0,0.0,0.0,0.5,-1.0,-0.16666666666666666,0.0
050686,CA,Acute Care,1,1,Non-Profit,5.0,0.0,0.75,0.09090909090909091,1.0,0.5,0.46818181818181814,4,,,0.16666666666666666,0.16666666666666666,0.0,0.0,0.0,0.0,0.14285714285714285
050689,CA,Acute Care,1,1,For-Profit,3.0,0.7142857142857143,0.5,0.7272727272727273,1.0,0.8333333333333334,0.7549783549783551,5,0.0,0.0,0.0,0.0,0.0,0.125,-1.0,-0.058823529411764705,0.0
050690,CA,Acute Care,1,1,Non-Profit,4.0,0.0,0.75,0.09090909090909091,1.0,0.5,0.46818181818181814,4,,,0.16666666666666666,0.0,0.0,0.0,1.0,0.14285714285714285,0.14285714285714285
050696,CA,Acute Care,0,0,Non-Profit,4.0,0.7142857142857143,1.0,0.9090909090909091,1.0,0.6666666666666666,0.8580086580086581,5,0.0,0.0,0.125,0.125,0.1,0.1,0.0,0.0,0.08695652173913043
050697,CA,Acute Care,0,0,For-Profit,,0.0,0.125,0.0,0.0,0.16666666666666666,0.05833333333333333,2,,,0.0,0.0,,,0.0,0.0,0.0
050701,CA,Acute Care,1,1,For-Profit,3.0,0.8571428571428571,0.875,0.5454545454545454,1.0,0.75,0.8055194805194805,5,0.0,0.0,0.2857142857142857,0.0,0.0,0.16666666666666666,1.0,0.05263157894736842,0.10526315789473684
050704,CA,Acute Care,0,0,Non-Profit,1.0,0.5714285714285714,0.75,0.45454545454545453,1.0,0.6666666666666666,0.6885281385281385,5,0.0,0.0,0.0,0.3333333333333333,0.0,0.2,-3.0,-0.2,0.0
050708,CA,Acute Care,0,0,For-Profit,,0.0,0.25,0.2727272727272727,1.0,0.25,0.35454545454545455,4,,,0.0,0.0,0.3333333333333333,0.0,1.0,0.2,0.2
050709,CA,Acute Care,1,1,For-Profit,3.0,0.8571428571428571,0.75,0.7272727272727273,1.0,0.9166666666666666,0.8502164502164502,5,0.0,0.0,0.16666666666666666,0.0,0.0,0.0,1.0,0.05,0.05
050710,CA,Acute Care,1,1,Non-Profit,4.0,0.0,0.75,0.09090909090909091,1.0,0.5,0.46818181818181814,4,,,0.16666666666666666,0.0,0.0,0.0,1.0,0.14285714285714285,0.14285714285714285
050714,CA,Acute Care,1,0,Non-Profit,,0.0,0.125,0.36363636363636365,1.0,0.4166666666666667,0.3810606060606061,4,,,0.0,0.0,0.0,0.0,0.0,0.0,0.0
050717,CA,Acute Care,0,0,Government,3.0,0.0,0.5,0.09090909090909091,1.0,0.25,0.36818181818181817,4,,,0.0,0.25,0.0,0.0,-1.0,-0.2,0.0
050723,CA,Acute Care,1,0,Non-Profit,2.0,0.0,0.75,0.09090909090909091,1.0,0.5,0.46818181818181814,4,,,0.0,0.0,0.0,0.0,0.0,0.0,0.0
050726,CA,Acute Care,0,0,Non-Profit,,0.0,0.25,0.36363636363636365,0.0,0.3333333333333333,0.1893939393939394,3,,,0.0,0.0,0.0,0.0,0.0,0.0,0.0
050735,CA,Acute Care,1,1,For-Profit,2.0,0.2857142857142857,0.5,0.45454545454545453,1.0,0.75,0.5980519480519481,5,0.0,0.0,0.25,0.0,0.0,0.2,0.0,0.0,0.09090909090909091
050736,CA,Acute Care,0,0,For-Profit,1.0,0.2857142857142857,0.5,0.36363636363636365,1.0,0.6666666666666666,0.5632034632034632,5,0.0,0.0,0.0,0.25,0.0,0.0,-1.0,-0.1,0.0
050737,CA,Acute Care,1,1,For-Profit,1.0,0.8571428571428571,0.75,0.7272727272727273,1.0,0.75,0.8168831168831169,5,0.0,0.16666666666666666,0.16666666666666666,0.0,0.0,0.375,-3.0,-0.15,0.05
050738,CA,Acute Care,0,0,Non-Profit,2.0,0.42857142857142855,0.5,0.2727272727272727,1.0,0.5833333333333334,0.5569264069264069,5,0.0,0.0,0.0,0.0,0.0,0.0,0.0,0.0,0.0
050739,CA,Acute Care,0,0,For-Profit,2.0,0.8571428571428571,0.75,0.45454545454545453,1.0,0.75,0.7623376623376623,5,0.3333333333333333,0.0,0.3333333333333333,0.0,0.0,0.4,2.0,0.11764705882352941,0.23529411764705882
050740,CA,Acute Care,0,1,For-Profit,4.0,0.5714285714285714,0.75,0.5454545454545454,1.0,0.6666666666666666,0.7067099567099567,5,0.25,0.0,0.16666666666666666,0.0,0.0,0.3333333333333333,0.0,0.0,0.125
050744,CA,Acute Care,0,0,For-Profit,,0.14285714285714285,0.25,0.18181818181818182,1.0,0.4166666666666667,0.39826839826839827,5,0.0,0.0,0.5,0.0,0.0,0.0,1.0,0.2,0.2
050745,CA,Acute Care,0,0,For-Profit,1.0,0.14285714285714285,0.375,0.36363636363636365,1.0,0.4166666666666667,0.4596320346320346,5,0.0,0.0,0.0,0.0,0.0,0.25,-1.0,-0.125,0.0
050746,CA,Acute Care,1,1,For-Profit,2.0,0.7142857142857143,0.625,0.2727272727272727,1.0,0.5833333333333334,0.6390692640692641,5,0.0,0.0,0.0,0.0,0.0,0.0,0.0,0.0,0.0
050747,CA,Acute Care,1,1,For-Profit,,0.14285714285714285,0.25,0.18181818181818182,1.0,0.5,0.414935064935065,5,0.0,0.0,0.0,0.0,0.0,0.0,0.0,0.0,0.0
050748,CA,Acute Care,1,1,Non-Profit,4.0,0.0,0.75,0.09090909090909091,1.0,0.5,0.46818181818181814,4,,,0.3333333333333333,0.0,0.0,0.0,2.0,0.2857142857142857,0.2857142857142857
050755,CA,Acute Care,0,1,Non-Profit,2.0,0.7142857142857143,0.625,0.5454545454545454,1.0,0.5833333333333334,0.6936147186147187,5,0.4,0.0,0.2,0.0,0.0,0.5,0.0,0.0,0.1875
050758,CA,Acute Care,0,1,Non-Profit,3.0,0.2857142857142857,0.375,0.36363636363636365,1.0,0.75,0.5548701298701298,5,0.5,0.0,0.3333333333333333,0.0,0.0,0.0,2.0,0.2222222222222222,0.2222222222222222
050760,CA,Acute Care,1,1,Non-Profit,3.0,0.2857142857142857,0.75,0.18181818181818182,1.0,0.5,0.5435064935064935,5,0.0,0.0,0.3333333333333333,0.0,0.0,0.0,2.0,0.2,0.2
050761,CA,Acute Care,1,1,Non-Profit,3.0,1.0,1.0,0.9090909090909091,1.0,0.75,0.9318181818181819,5,0.0,0.0,0.0,0.0,0.0,0.3,-3.0,-0.12,0.0
050763,CA,Acute Care,0,0,For-Profit,2.0,0.42857142857142855,0.375,0.45454545454545453,0.0,0.3333333333333333,0.3182900432900433,4,0.3333333333333333,0.0,0.0,0.0,0.0,0.6,-2.0,-0.18181818181818182,0.09090909090909091
050764,CA,Acute Care,0,1,For-Profit,1.0,1.0,0.75,0.8181818181818182,1.0,0.5833333333333334,0.8303030303030303,5,0.0,0.0,0.16666666666666666,0.0,0.0,0.1111111111111111,0.0,0.0,0.045454545454545456
050765,CA,Acute Care,1,1,Non-Profit,4.0,0.0,0.75,0.09090909090909091,1.0,0.5,0.46818181818181814,4,,,0.0,0.0,0.0,0.0,0.0,0.0,0.0
050766,CA,Acute Care,0,0,For-Profit,,0.0,0.25,0.2727272727272727,0.0,0.25,0.15454545454545454,3,,,0.0,0.0,0.0,0.0,0.0,0.0,0.0
050767,CA,Acute Care,1,1,Non-Profit,4.0,0.0,0.75,0.09090909090909091,1.0,0.5,0.46818181818181814,4,,,0.16666666666666666,0.0,0.0,0.0,1.0,0.14285714285714285,0.14285714285714285
050769,CA,Acute Care,0,0,For-Profit,,0.14285714285714285,0.25,0.2727272727272727,1.0,0.25,0.3831168831168831,5,0.0,0.0,0.0,0.0,0.3333333333333333,0.0,1.0,0.16666666666666666,0.16666666666666666
050770,CA,Acute Care,1,1,Non-Profit,2.0,1.0,0.75,0.6363636363636364,1.0,0.6666666666666666,0.8106060606060606,5,0.0,0.0,0.16666666666666666,0.0,0.0,0.42857142857142855,-2.0,-0.1,0.05
050771,CA,Acute Care,0,1,For-Profit,1.0,0.2857142857142857,0.375,0.2727272727272727,1.0,0.6666666666666666,0.520021645021645,5,0.0,0.0,0.0,0.0,0.0,0.3333333333333333,-1.0,-0.125,0.0
050772,CA,Acute Care,1,1,Non-Profit,4.0,0.14285714285714285,0.75,0.09090909090909091,1.0,0.5,0.4967532467532467,5,0.0,0.0,0.5,0.0,0.0,0.0,3.0,0.375,0.375
050775,CA,Acute Care,0,1,For-Profit,3.0,1.0,0.875,0.7272727272727273,1.0,0.5833333333333334,0.8371212121212122,5,0.0,0.0,0.14285714285714285,0.0,0.125,0.0,2.0,0.09090909090909091,0.09090909090909091
050776,CA,Acute Care,0,1,For-Profit,2.0,0.42857142857142855,0.5,0.45454545454545453,1.0,0.6666666666666666,0.6099567099567099,5,0.0,0.0,0.0,0.0,0.0,0.0,0.0,0.0,0.0
050777,CA,Acute Care,1,1,Non-Profit,2.0,0.0,0.75,0.18181818181818182,1.0,0.5,0.48636363636363633,4,,,0.16666666666666666,0.0,0.0,0.0,1.0,0.125,0.125
050778,CA,Acute Care,1,0,Non-Profit,3.0,0.0,0.5,0.0,1.0,0.5833333333333334,0.4166666666666667,3,,,0.5,0.0,,,2.0,0.5,0.5
050779,CA,Acute Care,1,1,Non-Profit,3.0,0.2857142857142857,0.75,0.36363636363636365,1.0,0.75,0.6298701298701299,5,0.0,0.0,0.16666666666666666,0.0,0.0,0.25,0.0,0.0,0.08333333333333333
050780,CA,Acute Care,0,0,For-Profit,,0.2857142857142857,0.25,0.36363636363636365,1.0,0.5,0.4798701298701299,5,0.0,0.0,0.5,0.0,0.0,0.0,1.0,0.125,0.125
050782,CA,Acute Care,0,0,Non-Profit,3.0,0.2857142857142857,0.5,0.5454545454545454,1.0,0.3333333333333333,0.5329004329004329,5,0.0,0.0,0.0,0.0,0.16666666666666666,0.0,1.0,0.08333333333333333,0.08333333333333333
050783,CA,Acute Care,0,1,For-Profit,4.0,0.42857142857142855,0.125,0.36363636363636365,0.0,0.5,0.28344155844155844,4,0.0,0.0,0.0,0.0,0.0,0.0,0.0,0.0,0.0
050784,CA,Acute Care,1,1,Non-Profit,,0.2857142857142857,0.25,0.36363636363636365,1.0,0.6666666666666666,0.5132034632034632,5,0.0,0.0,0.0,0.0,0.0,0.0,0.0,0.0,0.0
050785,CA,Acute Care,0,0,For-Profit,,0.0,0.25,0.18181818181818182,1.0,0.16666666666666666,0.3196969696969697,4,,,0.0,0.0,0.0,0.0,0.0,0.0,0.0
050854,CA,Acute Care,0,0,For-Profit,,0.0,0.0,0.0,0.0,0.0,0.0,0,,,,,,,0.0,,
050855,CA,Acute Care,1,1,Non-Profit,,0.0,0.125,0.0,0.0,0.16666666666666666,0.05833333333333333,2,,,0.0,0.0,,,0.0,0.0,0.0
05114F,CA,Acute Care,0,1,Government,5.0,0.7142857142857143,0.5,0.5454545454545454,1.0,0.5,0.6519480519480519,5,0.4,0.0,0.0,0.0,0.0,0.16666666666666666,1.0,0.06666666666666667,0.13333333333333333
05127F,CA,Acute Care,0,1,Government,4.0,0.7142857142857143,0.5,0.5454545454545454,1.0,0.5,0.6519480519480519,5,0.0,0.0,0.0,0.0,0.16666666666666666,0.0,1.0,0.06666666666666667,0.06666666666666667
05128F,CA,Acute Care,0,1,Government,3.0,0.7142857142857143,0.5,0.5454545454545454,1.0,0.5,0.6519480519480519,5,0.4,0.0,0.0,0.0,0.0,0.5,-1.0,-0.06666666666666667,0.13333333333333333
051300,CA,Rural/Access,0,1,Government,,0.14285714285714285,0.0,0.18181818181818182,0.0,0.25,0.11493506493506493,3,0.0,0.0,,,0.0,0.0,0.0,0.0,0.0
051301,CA,Rural/Access,0,1,Non-Profit,,0.2857142857142857,0.125,0.36363636363636365,1.0,0.5,0.45487012987012987,5,0.0,0.0,0.0,0.0,0.0,0.0,0.0,0.0,0.0
051302,CA,Rural/Access,0,1,Government,,0.0,0.0,0.0,0.0,0.16666666666666666,0.03333333333333333,1,,,,,,,0.0,,
051303,CA,Rural/Access,0,1,Government,,0.0,0.125,0.18181818181818182,0.0,0.5,0.16136363636363638,3,,,0.0,0.0,0.0,0.0,0.0,0.0,0.0
051304,CA,Rural/Access,0,1,Government,,0.2857142857142857,0.0,0.2727272727272727,0.0,0.4166666666666667,0.195021645021645,3,0.0,0.0,,,0.0,0.0,0.0,0.0,0.0
051305,CA,Rural/Access,0,1,Government,,0.14285714285714285,0.0,0.18181818181818182,0.0,0.25,0.11493506493506493,3,0.0,0.0,,,0.0,0.0,0.0,0.0,0.0
051306,CA,Rural/Access,0,1,For-Profit,,0.14285714285714285,0.125,0.18181818181818182,0.0,0.16666666666666666,0.12326839826839826,4,0.0,0.0,0.0,0.0,0.0,0.0,0.0,0.0,0.0
051307,CA,Rural/Access,0,1,Non-Profit,,0.0,0.0,0.0,0.0,0.16666666666666666,0.03333333333333333,1,,,,,,,0.0,,
051308,CA,Rural/Access,0,1,Government,,0.0,0.0,0.0,0.0,0.0,0.0,0,,,,,,,0.0,,
051309,CA,Rural/Access,0,1,Government,,0.0,0.0,0.0,0.0,0.08333333333333333,0.016666666666666666,1,,,,,,,0.0,,
05130F,CA,Acute Care,0,1,Government,4.0,0.7142857142857143,0.5,0.5454545454545454,1.0,0.5,0.6519480519480519,5,0.4,0.0,0.0,0.0,0.0,0.16666666666666666,1.0,0.06666666666666667,0.13333333333333333
051310,CA,Rural/Access,0,0,Non-Profit,5.0,0.42857142857142855,0.375,0.6363636363636364,1.0,0.5833333333333334,0.6046536796536797,5,0.0,0.0,0.0,0.0,0.14285714285714285,0.14285714285714285,0.0,0.0,0.07692307692307693
051311,CA,Rural/Access,0,1,Non-Profit,,0.14285714285714285,0.0,0.2727272727272727,0.0,0.4166666666666667,0.16645021645021646,3,0.0,0.0,,,0.0,0.0,0.0,0.0,0.0
051312,CA,Rural/Access,0,1,Government,,0.0,0.0,0.09090909090909091,0.0,0.3333333333333333,0.08484848484848484,2,,,,,0.0,0.0,0.0,0.0,0.0
051314,CA,Rural/Access,0,1,Government,,0.2857142857142857,0.0,0.36363636363636365,0.0,0.4166666666666667,0.21320346320346323,3,0.0,0.0,,,0.0,0.0,0.0,0.0,0.0
051315,CA,Rural/Access,0,1,Government,,0.0,0.0,0.18181818181818182,0.0,0.3333333333333333,0.10303030303030303,2,,,,,0.0,0.0,0.0,0.0,0.0
051316,CA,Rural/Access,1,1,Non-Profit,1.0,0.5714285714285714,0.375,0.6363636363636364,1.0,0.5,0.6165584415584415,5,0.0,0.25,0.0,0.0,0.0,0.0,-1.0,-0.07142857142857142,0.0
051317,CA,Rural/Access,1,1,Non-Profit,1.0,0.5714285714285714,0.125,0.5454545454545454,1.0,0.75,0.5983766233766235,5,0.0,0.0,0.0,0.0,0.0,0.0,0.0,0.0,0.0
051318,CA,Rural/Access,0,1,Non-Profit,,0.2857142857142857,0.125,0.45454545454545453,1.0,0.5,0.47305194805194806,5,0.0,0.0,0.0,0.0,0.0,0.0,0.0,0.0,0.0
051319,CA,Rural/Access,1,1,Non-Profit,3.0,0.5714285714285714,0.0,0.45454545454545453,1.0,0.8333333333333334,0.571861471861472,4,0.0,0.0,,,0.2,0.0,1.0,0.1111111111111111,0.1111111111111111
051320,CA,Rural/Access,1,1,Non-Profit,3.0,0.42857142857142855,0.0,0.45454545454545453,1.0,0.6666666666666666,0.5099567099567099,4,0.0,0.0,,,0.0,0.0,0.0,0.0,0.0
051321,CA,Rural/Access,0,1,Non-Profit,,0.14285714285714285,0.0,0.2727272727272727,0.0,0.25,0.1331168831168831,3,0.0,0.0,,,0.0,0.0,0.0,0.0,0.0
051323,CA,Rural/Access,0,1,Non-Profit,,0.0,0.0,0.09090909090909091,0.0,0.3333333333333333,0.08484848484848484,2,,,,,0.0,0.0,0.0,0.0,0.0
051324,CA,Rural/Access,1,1,Government,,0.2857142857142857,0.0,0.2727272727272727,0.0,0.75,0.2616883116883117,3,0.0,0.0,,,0.3333333333333333,0.3333333333333333,0.0,0.0,0.2
051325,CA,Rural/Access,0,1,Non-Profit,1.0,0.5714285714285714,0.125,0.7272727272727273,1.0,0.6666666666666666,0.618073593073593,5,0.0,0.25,0.0,0.0,0.0,0.0,-1.0,-0.07692307692307693,0.0
051326,CA,Rural/Access,0,1,Government,,0.0,0.0,0.18181818181818182,0.0,0.5833333333333334,0.15303030303030302,2,,,,,0.0,0.0,0.0,0.0,0.0
051327,CA,Rural/Access,0,1,Government,,0.0,0.0,0.09090909090909091,0.0,0.25,0.06818181818181819,2,,,,,0.0,0.0,0.0,0.0,0.0
051328,CA,Rural/Access,1,1,Government,,0.2857142857142857,0.25,0.7272727272727273,1.0,0.8333333333333334,0.6192640692640693,5,0.0,0.0,0.0,0.0,0.0,0.0,0.0,0.0,0.0
051329,CA,Rural/Access,1,1,Non-Profit,5.0,0.42857142857142855,0.125,0.5454545454545454,1.0,0.8333333333333334,0.5864718614718615,5,0.0,0.0,0.0,0.0,0.16666666666666666,0.0,1.0,0.1,0.1
051330,CA,Rural/Access,0,1,Government,,0.2857142857142857,0.0,0.2727272727272727,0.0,0.16666666666666666,0.145021645021645,3,0.0,0.0,,,0.0,0.0,0.0,0.0,0.0
051331,CA,Rural/Access,0,1,Non-Profit,,0.14285714285714285,0.0,0.18181818181818182,0.0,0.5833333333333334,0.1816017316017316,3,0.0,0.0,,,0.0,0.0,0.0,0.0,0.0
051332,CA,Rural/Access,0,0,Non-Profit,3.0,0.5714285714285714,0.125,0.8181818181818182,1.0,0.6666666666666666,0.6362554112554112,5,0.0,0.0,0.0,0.0,0.0,0.0,0.0,0.0,0.0
051333,CA,Rural/Access,0,1,Non-Profit,,0.0,0.0,0.36363636363636365,0.0,0.4166666666666667,0.15606060606060607,2,,,,,0.0,0.0,0.0,0.0,0.0
051334,CA,Rural/Access,0,1,Non-Profit,,0.0,0.0,0.09090909090909091,0.0,0.3333333333333333,0.08484848484848484,2,,,,,0.0,0.0,0.0,0.0,0.0
051335,CA,Rural/Access,0,1,Government,,0.0,0.0,0.0,0.0,0.25,0.05,1,,,,,,,0.0,,
051336,CA,Rural/Access,0,1,Non-Profit,,0.0,0.0,0.09090909090909091,0.0,0.5833333333333334,0.13484848484848486,2,,,,,0.0,0.0,0.0,0.0,0.0
051337,CA,Rural/Access,0,1,Government,,0.0,0.0,0.18181818181818182,0.0,0.16666666666666666,0.0696969696969697,2,,,,,0.0,0.0,0.0,0.0,0.0
051338,CA,Rural/Access,0,1,Government,,0.0,0.0,0.0,0.0,0.0,0.0,0,,,,,,,0.0,,
051339,CA,Rural/Access,0,0,Government,,0.0,0.0,0.0,0.0,0.0,0.0,0,,,,,,,0.0,,
053300,CA,Childrens,0,1,Non-Profit,,0.0,0.0,0.0,0.0,0.0,0.0,0,,,,,,,0.0,,
053301,CA,Childrens,0,1,Non-Profit,,0.0,0.0,0.0,0.0,0.0,0.0,0,,,,,,,0.0,,
053302,CA,Childrens,0,1,Non-Profit,,0.0,0.0,0.0,0.0,0.0,0.0,0,,,,,,,0.0,,
053303,CA,Childrens,0,0,Non-Profit,,0.0,0.0,0.0,0.0,0.0,0.0,0,,,,,,,0.0,,
053304,CA,Childrens,0,0,Non-Profit,,0.0,0.0,0.0,0.0,0.0,0.0,0,,,,,,,0.0,,
053305,CA,Childrens,0,0,Non-Profit,,0.0,0.0,0.0,0.0,0.0,0.0,0,,,,,,,0.0,,
053306,CA,Childrens,0,1,Non-Profit,,0.0,0.0,0.0,0.0,0.0,0.0,0,,,,,,,0.0,,
053308,CA,Childrens,0,0,For-Profit,,0.0,0.0,0.0,0.0,0.0,0.0,0,,,,,,,0.0,,
053309,CA,Childrens,0,0,Non-Profit,,0.0,0.0,0.0,0.0,0.0,0.0,0,,,,,,,0.0,,
053311,CA,Childrens,0,0,Non-Profit,,0.0,0.0,0.0,0.0,0.0,0.0,0,,,,,,,0.0,,
054009,CA,Psychiatric,0,1,Government,,0.0,0.0,0.0,0.0,0.0,0.0,0,,,,,,,0.0,,
054028,CA,Psychiatric,0,0,For-Profit,,0.0,0.0,0.0,0.0,0.0,0.0,0,,,,,,,0.0,,
054032,CA,Psychiatric,0,0,For-Profit,,0.0,0.0,0.0,0.0,0.0,0.0,0,,,,,,,0.0,,
054053,CA,Psychiatric,0,1,For-Profit,,0.0,0.0,0.0,0.0,0.0,0.0,0,,,,,,,0.0,,
054055,CA,Psychiatric,0,0,For-Profit,,0.0,0.0,0.0,0.0,0.0,0.0,0,,,,,,,0.0,,
054069,CA,Psychiatric,0,1,Non-Profit,,0.0,0.0,0.0,0.0,0.0,0.0,0,,,,,,,0.0,,
054074,CA,Psychiatric,0,0,Non-Profit,,0.0,0.0,0.0,0.0,0.0,0.0,0,,,,,,,0.0,,
054075,CA,Psychiatric,0,0,Non-Profit,,0.0,0.0,0.0,0.0,0.0,0.0,0,,,,,,,0.0,,
054077,CA,Psychiatric,0,0,For-Profit,,0.0,0.0,0.0,0.0,0.0,0.0,0,,,,,,,0.0,,
054078,CA,Psychiatric,0,0,For-Profit,,0.0,0.0,0.0,0.0,0.0,0.0,0,,,,,,,0.0,,
054087,CA,Psychiatric,0,0,For-Profit,,0.0,0.0,0.0,0.0,0.0,0.0,0,,,,,,,0.0,,
054089,CA,Psychiatric,0,0,Non-Profit,,0.0,0.0,0.0,0.0,0.0,0.0,0,,,,,,,0.0,,
054095,CA,Psychiatric,0,0,For-Profit,,0.0,0.0,0.0,0.0,0.0,0.0,0,,,,,,,0.0,,
054096,CA,Psychiatric,0,0,Non-Profit,,0.0,0.0,0.0,0.0,0.0,0.0,0,,,,,,,0.0,,
054104,CA,Psychiatric,0,1,For-Profit,,0.0,0.0,0.0,0.0,0.0,0.0,0,,,,,,,0.0,,
054110,CA,Psychiatric,0,0,For-Profit,,0.0,0.0,0.0,0.0,0.0,0.0,0,,,,,,,0.0,,
054111,CA,Psychiatric,0,0,For-Profit,,0.0,0.0,0.0,0.0,0.0,0.0,0,,,,,,,0.0,,
054122,CA,Psychiatric,0,0,Government,,0.0,0.0,0.0,0.0,0.0,0.0,0,,,,,,,0.0,,
054123,CA,Psychiatric,0,0,Non-Profit,,0.0,0.0,0.0,0.0,0.0,0.0,0,,,,,,,0.0,,
054124,CA,Psychiatric,0,1,Government,,0.0,0.0,0.0,0.0,0.0,0.0,0,,,,,,,0.0,,
054125,CA,Psychiatric,0,0,Government,,0.0,0.0,0.0,0.0,0.0,0.0,0,,,,,,,0.0,,
054130,CA,Psychiatric,0,0,For-Profit,,0.0,0.0,0.0,0.0,0.0,0.0,0,,,,,,,0.0,,
054131,CA,Psychiatric,0,1,Non-Profit,,0.0,0.0,0.0,0.0,0.0,0.0,0,,,,,,,0.0,,
054133,CA,Psychiatric,0,1,Government,,0.0,0.0,0.0,0.0,0.0,0.0,0,,,,,,,0.0,,
054144,CA,Psychiatric,0,0,Government,,0.0,0.0,0.0,0.0,0.0,0.0,0,,,,,,,0.0,,
054145,CA,Psychiatric,0,0,Non-Profit,,0.0,0.0,0.0,0.0,0.0,0.0,0,,,,,,,0.0,,
054146,CA,Psychiatric,0,0,For-Profit,,0.0,0.0,0.0,0.0,0.0,0.0,0,,,,,,,0.0,,
054147,CA,Psychiatric,0,0,Non-Profit,,0.0,0.0,0.0,0.0,0.0,0.0,0,,,,,,,0.0,,
054148,CA,Psychiatric,0,0,Non-Profit,,0.0,0.0,0.0,0.0,0.0,0.0,0,,,,,,,0.0,,
054149,CA,Psychiatric,0,0,For-Profit,,0.0,0.0,0.0,0.0,0.0,0.0,0,,,,,,,0.0,,
054150,CA,Psychiatric,0,1,For-Profit,,0.0,0.0,0.0,0.0,0.0,0.0,0,,,,,,,0.0,,
054151,CA,Psychiatric,0,0,For-Profit,,0.0,0.0,0.0,0.0,0.0,0.0,0,,,,,,,0.0,,
054152,CA,Psychiatric,0,0,For-Profit,,0.0,0.0,0.0,0.0,0.0,0.0,0,,,,,,,0.0,,
054153,CA,Psychiatric,0,0,For-Profit,,0.0,0.0,0.0,0.0,0.0,0.0,0,,,,,,,0.0,,
054154,CA,Psychiatric,0,0,For-Profit,,0.0,0.0,0.0,0.0,0.0,0.0,0,,,,,,,0.0,,
054155,CA,Psychiatric,0,0,For-Profit,,0.0,0.0,0.0,0.0,0.0,0.0,0,,,,,,,0.0,,
054157,CA,Psychiatric,0,0,Non-Profit,,0.0,0.0,0.0,0.0,0.0,0.0,0,,,,,,,0.0,,
054158,CA,Psychiatric,0,0,For-Profit,,0.0,0.0,0.0,0.0,0.0,0.0,0,,,,,,,0.0,,
054159,CA,Psychiatric,0,0,For-Profit,,0.0,0.0,0.0,0.0,0.0,0.0,0,,,,,,,0.0,,
054160,CA,Psychiatric,0,0,For-Profit,,0.0,0.0,0.0,0.0,0.0,0.0,0,,,,,,,0.0,,
060001,CO,Acute Care,1,1,Non-Profit,4.0,1.0,0.875,1.0,1.0,0.9166666666666666,0.9583333333333334,5,0.0,0.0,0.2857142857142857,0.14285714285714285,0.0,0.0,1.0,0.04,0.08
060003,CO,Acute Care,1,1,Non-Profit,4.0,0.7142857142857143,0.375,0.5454545454545454,1.0,0.8333333333333334,0.6936147186147187,5,0.0,0.0,0.3333333333333333,0.0,0.0,0.16666666666666666,0.0,0.0,0.07142857142857142
060004,CO,Acute Care,1,1,Non-Profit,3.0,0.2857142857142857,0.5,0.45454545454545453,1.0,0.9166666666666666,0.6313852813852814,5,0.0,0.0,0.25,0.0,0.0,0.0,1.0,0.09090909090909091,0.09090909090909091
060006,CO,Acute Care,1,1,Non-Profit,3.0,0.7142857142857143,0.25,0.8181818181818182,1.0,1.0,0.7564935064935066,5,0.0,0.0,0.0,0.0,0.1111111111111111,0.0,1.0,0.0625,0.0625
060008,CO,Acute Care,1,1,Non-Profit,1.0,0.2857142857142857,0.375,0.6363636363636364,1.0,0.8333333333333334,0.6260822510822511,5,0.0,0.0,0.0,0.0,0.0,0.14285714285714285,-1.0,-0.08333333333333333,0.0
060009,CO,Acute Care,1,1,Non-Profit,4.0,0.8571428571428571,0.75,0.8181818181818182,1.0,0.9166666666666666,0.8683982683982684,5,0.0,0.0,0.3333333333333333,0.0,0.1111111111111111,0.0,3.0,0.14285714285714285,0.14285714285714285
060010,CO,Acute Care,1,1,Non-Profit,5.0,0.8571428571428571,0.875,0.9090909090909091,1.0,0.8333333333333334,0.89491341991342,5,0.16666666666666666,0.0,0.5714285714285714,0.0,0.2,0.0,7.0,0.30434782608695654,0.30434782608695654
060011,CO,Acute Care,1,1,Government,3.0,0.5714285714285714,0.75,0.7272727272727273,1.0,0.75,0.7597402597402597,5,0.0,0.0,0.16666666666666666,0.0,0.0,0.0,1.0,0.05555555555555555,0.05555555555555555
060012,CO,Acute Care,0,0,Non-Profit,3.0,0.14285714285714285,0.5,0.6363636363636364,1.0,0.75,0.6058441558441559,5,0.0,0.0,0.0,0.0,0.0,0.0,0.0,0.0,0.0
060013,CO,Acute Care,1,1,Non-Profit,5.0,0.8571428571428571,0.625,0.8181818181818182,1.0,0.9166666666666666,0.8433982683982684,5,0.0,0.0,0.2,0.0,0.1111111111111111,0.0,2.0,0.1,0.1
060014,CO,Acute Care,1,1,Government,3.0,0.42857142857142855,0.875,0.6363636363636364,1.0,0.75,0.737987012987013,5,0.0,0.0,0.2857142857142857,0.0,0.0,0.14285714285714285,1.0,0.058823529411764705,0.11764705882352941
060015,CO,Acute Care,0,1,Non-Profit,4.0,1.0,0.75,0.7272727272727273,1.0,0.75,0.8454545454545455,5,0.0,0.0,0.6666666666666666,0.16666666666666666,0.125,0.125,3.0,0.14285714285714285,0.23809523809523808
060020,CO,Acute Care,1,1,Non-Profit,2.0,1.0,0.875,0.8181818181818182,1.0,0.9166666666666666,0.9219696969696971,5,0.0,0.0,0.2857142857142857,0.0,0.1111111111111111,0.1111111111111111,2.0,0.08695652173913043,0.13043478260869565
060022,CO,Acute Care,1,1,Government,4.0,1.0,1.0,1.0,1.0,1.0,1.0,5,0.0,0.0,0.375,0.125,0.09090909090909091,0.0,3.0,0.11538461538461539,0.15384615384615385
060023,CO,Acute Care,1,1,Non-Profit,4.0,1.0,0.875,1.0,1.0,1.0,0.975,5,0.0,0.0,0.14285714285714285,0.0,0.2727272727272727,0.0,4.0,0.16,0.16
060024,CO,Acute Care,1,1,Government,5.0,1.0,1.0,1.0,1.0,1.0,1.0,5,0.14285714285714285,0.0,0.375,0.0,0.09090909090909091,0.0,5.0,0.19230769230769232,0.19230769230769232
060027,CO,Acute Care,1,1,Non-Profit,4.0,1.0,0.875,0.8181818181818182,1.0,0.9166666666666666,0.9219696969696971,5,0.0,0.0,0.14285714285714285,0.0,0.0,0.0,1.0,0.043478260869565216,0.043478260869565216
060028,CO,Acute Care,1,1,Non-Profit,5.0,0.8571428571428571,0.875,0.8181818181818182,1.0,0.9166666666666666,0.8933982683982684,5,0.0,0.0,0.42857142857142855,0.0,0.0,0.0,3.0,0.13636363636363635,0.13636363636363635
060030,CO,Acute Care,0,1,Non-Profit,4.0,0.5714285714285714,0.375,0.6363636363636364,1.0,0.8333333333333334,0.6832251082251083,5,0.0,0.0,0.0,0.0,0.0,0.0,0.0,0.0,0.0
060031,CO,Acute Care,1,1,Non-Profit,4.0,1.0,1.0,1.0,1.0,0.9166666666666666,0.9833333333333334,5,0.0,0.0,0.5,0.0,0.2727272727272727,0.09090909090909091,6.0,0.23076923076923078,0.2692307692307692
060032,CO,Acute Care,1,1,For-Profit,3.0,0.8571428571428571,0.875,0.6363636363636364,1.0,0.8333333333333334,0.8403679653679653,5,0.0,0.0,0.14285714285714285,0.0,0.0,0.0,1.0,0.05,0.05
060034,CO,Acute Care,1,1,For-Profit,4.0,1.0,1.0,1.0,1.0,0.75,0.95,5,0.2857142857142857,0.0,0.625,0.0,0.0,0.09090909090909091,6.0,0.23076923076923078,0.2692307692307692
06003F,CO,Acute Care,0,1,Government,,0.0,0.0,0.0,0.0,0.0,0.0,0,,,,,,,0.0,,
060044,CO,Acute Care,1,1,Non-Profit,,0.2857142857142857,0.25,0.45454545454545453,1.0,0.75,0.548051948051948,5,0.0,0.0,0.0,0.0,0.0,0.0,0.0,0.0,0.0
060049,CO,Acute Care,1,1,Non-Profit,,0.14285714285714285,0.25,0.6363636363636364,1.0,0.8333333333333334,0.5725108225108225,5,0.0,0.0,0.0,0.0,0.0,0.0,0.0,0.0,0.0
060054,CO,Acute Care,1,1,Non-Profit,4.0,0.42857142857142855,0.5,0.7272727272727273,1.0,0.8333333333333334,0.6978354978354979,5,0.0,0.0,0.0,0.0,0.125,0.125,0.0,0.0,0.06666666666666667
06005F,CO,Acute Care,0,1,Government,5.0,0.7142857142857143,0.5,0.5454545454545454,1.0,0.5,0.6519480519480519,5,0.4,0.0,0.0,0.0,0.3333333333333333,0.0,4.0,0.26666666666666666,0.26666666666666666
060064,CO,Acute Care,0,1,Non-Profit,4.0,1.0,0.875,0.8181818181818182,1.0,0.75,0.8886363636363637,5,0.0,0.0,0.2857142857142857,0.0,0.1111111111111111,0.0,3.0,0.13043478260869565,0.13043478260869565
060065,CO,Acute Care,1,1,Non-Profit,2.0,0.7142857142857143,0.75,0.5454545454545454,1.0,0.9166666666666666,0.7852813852813852,5,0.0,0.0,0.16666666666666666,0.0,0.0,0.0,1.0,0.058823529411764705,0.058823529411764705
060071,CO,Acute Care,1,1,Government,3.0,0.2857142857142857,0.375,0.7272727272727273,1.0,0.75,0.6275974025974026,5,0.0,0.0,0.0,0.0,0.0,0.0,0.0,0.0,0.0
060075,CO,Acute Care,1,1,Non-Profit,5.0,0.5714285714285714,0.375,0.9090909090909091,1.0,0.9166666666666666,0.7544372294372294,5,0.0,0.0,0.0,0.0,0.1,0.0,1.0,0.058823529411764705,0.058823529411764705
060076,CO,Acute Care,1,1,Non-Profit,,0.2857142857142857,0.125,0.6363636363636364,1.0,0.75,0.5594155844155845,5,0.0,0.0,0.0,0.0,0.0,0.0,0.0,0.0,0.0
06007F,CO,Acute Care,0,1,Government,5.0,0.42857142857142855,0.25,0.45454545454545453,1.0,0.4166666666666667,0.5099567099567099,5,0.0,0.0,0.0,0.0,0.2,0.0,1.0,0.1,0.1
060096,CO,Acute Care,1,1,Non-Profit,5.0,0.42857142857142855,0.375,0.7272727272727273,1.0,0.8333333333333334,0.6728354978354979,5,0.0,0.0,0.0,0.0,0.0,0.0,0.0,0.0,0.0
060100,CO,Acute Care,1,1,For-Profit,3.0,1.0,0.875,0.8181818181818182,1.0,0.9166666666666666,0.9219696969696971,5,0.0,0.0,0.14285714285714285,0.14285714285714285,0.2222222222222222,0.1111111111111111,1.0,0.043478260869565216,0.13043478260869565
060103,CO,Acute Care,1,0,Non-Profit,4.0,0.2857142857142857,0.5,0.6363636363636364,1.0,0.75,0.6344155844155844,5,0.0,0.0,0.25,0.0,0.2857142857142857,0.0,3.0,0.23076923076923078,0.23076923076923078
060104,CO,Acute Care,1,1,Non-Profit,4.0,0.7142857142857143,0.75,0.6363636363636364,1.0,0.9166666666666666,0.8034632034632034,5,0.0,0.0,0.16666666666666666,0.0,0.2857142857142857,0.0,3.0,0.16666666666666666,0.16666666666666666
060107,CO,Acute Care,0,1,Non-Profit,,0.0,0.0,0.2727272727272727,0.0,0.4166666666666667,0.13787878787878788,2,,,,,0.0,0.0,0.0,0.0,0.0
060112,CO,Acute Care,1,1,Non-Profit,3.0,0.8571428571428571,1.0,0.9090909090909091,1.0,0.9166666666666666,0.9365800865800866,5,0.0,0.0,0.25,0.125,0.0,0.0,1.0,0.041666666666666664,0.08333333333333333
060113,CO,Acute Care,1,1,Non-Profit,4.0,0.8571428571428571,0.875,0.7272727272727273,1.0,0.8333333333333334,0.8585497835497835,5,0.0,0.0,0.2857142857142857,0.0,0.0,0.125,1.0,0.047619047619047616,0.09523809523809523
060114,CO,Acute Care,1,1,Non-Profit,4.0,0.8571428571428571,1.0,0.9090909090909091,1.0,0.9166666666666666,0.9365800865800866,5,0.0,0.0,0.25,0.0,0.2,0.0,4.0,0.16666666666666666,0.16666666666666666
060116,CO,Acute Care,1,1,Non-Profit,4.0,0.8571428571428571,0.75,0.7272727272727273,1.0,0.8333333333333334,0.8335497835497835,5,0.0,0.0,0.16666666666666666,0.16666666666666666,0.0,0.0,0.0,0.0,0.05
060117,CO,Acute Care,0,1,For-Profit,,0.0,0.25,0.2727272727272727,1.0,0.5833333333333334,0.4212121212121212,4,,,0.0,0.0,0.0,0.0,0.0,0.0,0.0
060118,CO,Acute Care,1,1,Non-Profit,,0.0,0.25,0.18181818181818182,1.0,0.8333333333333334,0.453030303030303,4,,,0.0,0.0,0.0,0.0,0.0,0.0,0.0
060119,CO,Acute Care,1,1,Non-Profit,4.0,1.0,0.875,1.0,1.0,0.9166666666666666,0.9583333333333334,5,0.0,0.0,0.14285714285714285,0.0,0.09090909090909091,0.0,2.0,0.08,0.08
060124,CO,Acute Care,0,1,For-Profit,,0.0,0.25,0.2727272727272727,1.0,0.25,0.35454545454545455,4,,,0.0,0.0,0.0,0.0,0.0,0.0,0.0
060125,CO,Acute Care,0,1,Non-Profit,4.0,0.7142857142857143,0.625,0.5454545454545454,1.0,0.8333333333333334,0.7436147186147186,5,0.0,0.0,0.2,0.0,0.0,0.0,1.0,0.0625,0.0625
060126,CO,Acute Care,1,1,Non-Profit,,0.0,0.25,0.2727272727272727,1.0,0.75,0.4545454545454545,4,,,0.0,0.0,0.0,0.0,0.0,0.0,0.0
060128,CO,Acute Care,1,1,Non-Profit,5.0,0.7142857142857143,0.625,0.6363636363636364,1.0,0.8333333333333334,0.7617965367965368,5,0.0,0.0,0.2,0.0,0.14285714285714285,0.0,2.0,0.11764705882352941,0.11764705882352941
060129,CO,Acute Care,0,1,For-Profit,5.0,0.0,0.375,0.2727272727272727,0.0,0.5,0.22954545454545455,3,,,0.0,0.0,0.0,0.0,0.0,0.0,0.0
060130,CO,Acute Care,0,1,Non-Profit,,0.14285714285714285,0.25,0.36363636363636365,0.0,0.5,0.2512987012987013,4,0.0,0.0,0.0,0.0,0.25,0.0,1.0,0.14285714285714285,0.14285714285714285
060131,CO,Acute Care,1,1,Non-Profit,3.0,0.7142857142857143,0.625,0.8181818181818182,1.0,0.8333333333333334,0.7981601731601733,5,0.0,0.0,0.2,0.0,0.0,0.1111111111111111,0.0,0.0,0.05263157894736842
060132,CO,Acute Care,1,1,Non-Profit,5.0,0.8571428571428571,0.75,0.7272727272727273,1.0,0.8333333333333334,0.8335497835497835,5,0.3333333333333333,0.0,0.16666666666666666,0.0,0.0,0.0,3.0,0.15,0.15
060133,CO,Acute Care,0,1,Non-Profit,,0.0,0.0,0.0,0.0,0.08333333333333333,0.016666666666666666,1,,,,,,,0.0,,
061300,CO,Rural/Access,0,1,Government,,0.0,0.0,0.0,0.0,0.16666666666666666,0.03333333333333333,1,,,,,,,0.0,,
061301,CO,Rural/Access,0,1,For-Profit,5.0,0.42857142857142855,0.0,0.36363636363636365,1.0,0.4166666666666667,0.4417748917748917,4,0.0,0.0,,,0.0,0.0,0.0,0.0,0.0
061302,CO,Rural/Access,0,1,Non-Profit,,0.0,0.125,0.09090909090909091,0.0,0.4166666666666667,0.12651515151515152,3,,,0.0,0.0,0.0,0.0,0.0,0.0,0.0
061303,CO,Rural/Access,1,1,Non-Profit,,0.14285714285714285,0.0,0.2727272727272727,0.0,0.6666666666666666,0.21645021645021645,3,0.0,0.0,,,0.3333333333333333,0.0,1.0,0.25,0.25
061304,CO,Rural/Access,0,1,Government,,0.0,0.125,0.09090909090909091,0.0,0.16666666666666666,0.07651515151515151,3,,,0.0,0.0,0.0,0.0,0.0,0.0,0.0
061305,CO,Rural/Access,0,1,Government,,0.0,0.0,0.09090909090909091,0.0,0.4166666666666667,0.10151515151515152,2,,,,,0.0,0.0,0.0,0.0,0.0
061306,CO,Rural/Access,0,1,Non-Profit,,0.0,0.0,0.09090909090909091,0.0,0.0,0.01818181818181818,1,,,,,0.0,0.0,0.0,0.0,0.0
061307,CO,Rural/Access,0,1,Government,,0.0,0.125,0.0,0.0,0.0,0.025,1,,,0.0,0.0,,,0.0,0.0,0.0
061308,CO,Rural/Access,0,0,Non-Profit,,0.0,0.0,0.09090909090909091,0.0,0.5,0.1181818181818182,2,,,,,0.0,0.0,0.0,0.0,0.0
061309,CO,Rural/Access,1,1,Government,,0.0,0.125,0.36363636363636365,0.0,0.6666666666666666,0.23106060606060605,3,,,0.0,0.0,0.0,0.0,0.0,0.0,0.0
061310,CO,Rural/Access,0,1,Government,,0.0,0.0,0.2727272727272727,0.0,0.3333333333333333,0.12121212121212119,2,,,,,0.0,0.0,0.0,0.0,0.0
061311,CO,Rural/Access,0,1,Government,,0.14285714285714285,0.0,0.18181818181818182,0.0,0.6666666666666666,0.19826839826839826,3,0.0,0.0,,,0.0,0.0,0.0,0.0,0.0
061312,CO,Rural/Access,0,1,Government,,0.14285714285714285,0.0,0.2727272727272727,0.0,0.3333333333333333,0.14978354978354977,3,0.0,0.0,,,0.0,0.0,0.0,0.0,0.0
061313,CO,Rural/Access,0,1,Government,,0.0,0.0,0.09090909090909091,0.0,0.4166666666666667,0.10151515151515152,2,,,,,0.0,0.0,0.0,0.0,0.0
061314,CO,Rural/Access,0,1,Government,,0.2857142857142857,0.125,0.5454545454545454,0.0,0.5,0.2912337662337662,4,0.0,0.0,0.0,0.0,0.0,0.0,0.0,0.0,0.0
061315,CO,Rural/Access,0,1,Government,,0.0,0.0,0.09090909090909091,0.0,0.25,0.06818181818181819,2,,,,,0.0,0.0,0.0,0.0,0.0
061316,CO,Rural/Access,0,1,Government,,0.0,0.125,0.18181818181818182,0.0,0.4166666666666667,0.1446969696969697,3,,,0.0,0.0,0.0,0.0,0.0,0.0,0.0
061317,CO,Rural/Access,0,1,Government,,0.0,0.125,0.09090909090909091,1.0,0.5833333333333334,0.35984848484848486,4,,,0.0,0.0,0.0,0.0,0.0,0.0,0.0
061318,CO,Rural/Access,0,1,Government,,0.0,0.125,0.2727272727272727,0.0,0.3333333333333333,0.14621212121212118,3,,,0.0,0.0,0.0,0.0,0.0,0.0,0.0
061319,CO,Rural/Access,0,1,Government,,0.0,0.0,0.0,0.0,0.08333333333333333,0.016666666666666666,1,,,,,,,0.0,,
061320,CO,Rural/Access,0,1,Government,,0.0,0.0,0.2727272727272727,0.0,0.3333333333333333,0.12121212121212119,2,,,,,0.0,0.0,0.0,0.0,0.0
061321,CO,Rural/Access,0,1,Non-Profit,,0.14285714285714285,0.0,0.18181818181818182,0.0,0.5,0.16493506493506493,3,0.0,0.0,,,0.0,0.0,0.0,0.0,0.0
061322,CO,Rural/Access,0,1,Government,,0.2857142857142857,0.125,0.6363636363636364,1.0,0.3333333333333333,0.47608225108225116,5,0.0,0.0,0.0,0.0,0.0,0.0,0.0,0.0,0.0
061323,CO,Rural/Access,0,1,Government,,0.0,0.0,0.18181818181818182,0.0,0.08333333333333333,0.053030303030303025,2,,,,,0.0,0.0,0.0,0.0,0.0
061324,CO,Rural/Access,1,1,Government,,0.0,0.0,0.36363636363636365,1.0,0.5,0.37272727272727274,3,,,,,0.0,0.0,0.0,0.0,0.0
061325,CO,Rural/Access,0,1,Government,,0.14285714285714285,0.125,0.2727272727272727,1.0,0.4166666666666667,0.39145021645021644,5,0.0,0.0,0.0,0.0,0.0,0.0,0.0,0.0,0.0
061326,CO,Rural/Access,0,1,Non-Profit,,0.14285714285714285,0.0,0.2727272727272727,0.0,0.5,0.1831168831168831,3,0.0,0.0,,,0.0,0.0,0.0,0.0,0.0
061327,CO,Rural/Access,1,1,Non-Profit,,0.2857142857142857,0.125,0.45454545454545453,1.0,0.6666666666666666,0.5063852813852814,5,0.0,0.0,0.0,0.0,0.2,0.0,1.0,0.125,0.125
061328,CO,Rural/Access,0,1,Government,,0.0,0.0,0.18181818181818182,0.0,0.4166666666666667,0.1196969696969697,2,,,,,0.0,0.0,0.0,0.0,0.0
061336,CO,Rural/Access,0,1,Non-Profit,,0.0,0.0,0.0,0.0,0.16666666666666666,0.03333333333333333,1,,,,,,,0.0,,
061343,CO,Rural/Access,0,1,Government,,0.0,0.0,0.0,0.0,0.16666666666666666,0.03333333333333333,1,,,,,,,0.0,,
061344,CO,Rural/Access,1,1,Non-Profit,3.0,0.42857142857142855,0.125,0.5454545454545454,1.0,0.8333333333333334,0.5864718614718615,5,0.0,0.0,0.0,0.0,0.16666666666666666,0.0,1.0,0.1,0.1
063301,CO,Childrens,0,1,Non-Profit,,0.0,0.0,0.0,0.0,0.0,0.0,0,,,,,,,0.0,,
063303,CO,Childrens,0,1,Non-Profit,,0.0,0.0,0.0,0.0,0.0,0.0,0,,,,,,,0.0,,
064001,CO,Psychiatric,0,1,Government,,0.0,0.0,0.0,0.0,0.0,0.0,0,,,,,,,0.0,,
064003,CO,Psychiatric,0,0,Non-Profit,,0.0,0.0,0.0,0.0,0.0,0.0,0,,,,,,,0.0,,
064007,CO,Psychiatric,0,0,Government,,0.0,0.0,0.0,0.0,0.0,0.0,0,,,,,,,0.0,,
064009,CO,Psychiatric,0,1,For-Profit,,0.0,0.0,0.0,0.0,0.0,0.0,0,,,,,,,0.0,,
064024,CO,Psychiatric,0,0,For-Profit,,0.0,0.0,0.0,0.0,0.0,0.0,0,,,,,,,0.0,,
064026,CO,Psychiatric,0,1,For-Profit,,0.0,0.0,0.0,0.0,0.0,0.0,0,,,,,,,0.0,,
064028,CO,Psychiatric,0,0,For-Profit,,0.0,0.0,0.0,0.0,0.0,0.0,0,,,,,,,0.0,,
064029,CO,Psychiatric,0,0,For-Profit,,0.0,0.0,0.0,0.0,0.0,0.0,0,,,,,,,0.0,,
064030,CO,Psychiatric,0,0,For-Profit,,0.0,0.0,0.0,0.0,0.0,0.0,0,,,,,,,0.0,,
070002,CT,Acute Care,1,1,Non-Profit,2.0,1.0,1.0,1.0,1.0,0.8333333333333334,0.9666666666666666,5,0.0,0.14285714285714285,0.375,0.0,0.09090909090909091,0.18181818181818182,1.0,0.038461538461538464,0.15384615384615385
070003,CT,Acute Care,1,1,Non-Profit,3.0,0.5714285714285714,0.375,0.8181818181818182,1.0,0.8333333333333334,0.7195887445887446,5,0.0,0.0,0.0,0.0,0.0,0.1111111111111111,-1.0,-0.0625,0.0
070004,CT,Acute Care,1,1,For-Profit,5.0,0.5714285714285714,0.375,0.6363636363636364,1.0,0.75,0.6665584415584416,5,0.0,0.0,0.0,0.0,0.0,0.0,0.0,0.0,0.0
070005,CT,Acute Care,1,1,For-Profit,3.0,1.0,0.75,0.7272727272727273,1.0,0.9166666666666666,0.8787878787878789,5,0.14285714285714285,0.0,0.3333333333333333,0.0,0.0,0.0,3.0,0.14285714285714285,0.14285714285714285
070006,CT,Acute Care,1,1,Non-Profit,4.0,1.0,1.0,1.0,1.0,1.0,1.0,5,0.0,0.0,0.25,0.0,0.0,0.0,2.0,0.07692307692307693,0.07692307692307693
070007,CT,Acute Care,1,1,Non-Profit,3.0,0.8571428571428571,0.875,0.9090909090909091,1.0,1.0,0.9282467532467532,5,0.0,0.0,0.2857142857142857,0.0,0.0,0.2,0.0,0.0,0.08695652173913043
070008,CT,Acute Care,0,1,Non-Profit,3.0,0.42857142857142855,0.25,0.7272727272727273,1.0,0.75,0.6311688311688312,5,0.0,0.0,0.0,0.0,0.0,0.0,0.0,0.0,0.0
070010,CT,Acute Care,1,1,Non-Profit,3.0,1.0,1.0,1.0,1.0,0.9166666666666666,0.9833333333333334,5,0.14285714285714285,0.0,0.25,0.0,0.09090909090909091,0.09090909090909091,3.0,0.11538461538461539,0.15384615384615385
070011,CT,Acute Care,1,1,Non-Profit,3.0,0.5714285714285714,0.75,0.7272727272727273,1.0,0.9166666666666666,0.793073593073593,5,0.0,0.0,0.16666666666666666,0.0,0.0,0.125,0.0,0.0,0.05555555555555555
070012,CT,Acute Care,0,1,For-Profit,,0.0,0.0,0.09090909090909091,0.0,0.5833333333333334,0.13484848484848486,2,,,,,0.0,0.0,0.0,0.0,0.0
070016,CT,Acute Care,1,1,Non-Profit,3.0,0.8571428571428571,0.75,0.8181818181818182,1.0,0.9166666666666666,0.8683982683982684,5,0.0,0.0,0.16666666666666666,0.0,0.2222222222222222,0.0,3.0,0.14285714285714285,0.14285714285714285
070017,CT,Acute Care,1,1,Non-Profit,4.0,0.8571428571428571,0.875,0.6363636363636364,1.0,0.8333333333333334,0.8403679653679653,5,0.0,0.0,0.2857142857142857,0.0,0.0,0.0,2.0,0.1,0.1
070018,CT,Acute Care,1,1,Non-Profit,4.0,0.8571428571428571,0.875,0.9090909090909091,1.0,0.8333333333333334,0.89491341991342,5,0.3333333333333333,0.0,0.2857142857142857,0.0,0.1,0.2,3.0,0.13043478260869565,0.21739130434782608
070020,CT,Acute Care,1,1,Non-Profit,3.0,0.7142857142857143,0.875,0.6363636363636364,1.0,0.9166666666666666,0.8284632034632035,5,0.0,0.0,0.14285714285714285,0.0,0.0,0.14285714285714285,0.0,0.0,0.05263157894736842
070021,CT,Acute Care,0,1,Non-Profit,3.0,0.5714285714285714,0.375,0.8181818181818182,1.0,0.8333333333333334,0.7195887445887446,5,0.0,0.0,0.0,0.0,0.0,0.0,0.0,0.0,0.0
070022,CT,Acute Care,1,1,Non-Profit,3.0,1.0,1.0,1.0,1.0,0.8333333333333334,0.9666666666666666,5,0.42857142857142855,0.0,0.25,0.0,0.09090909090909091,0.2727272727272727,3.0,0.11538461538461539,0.23076923076923078
070024,CT,Acute Care,1,1,Non-Profit,4.0,0.8571428571428571,0.875,0.8181818181818182,1.0,1.0,0.9100649350649352,5,0.0,0.0,0.42857142857142855,0.0,0.0,0.1111111111111111,2.0,0.09090909090909091,0.13636363636363635
070025,CT,Acute Care,1,1,Non-Profit,4.0,1.0,1.0,1.0,1.0,0.8333333333333334,0.9666666666666666,5,0.0,0.0,0.625,0.0,0.0,0.18181818181818182,3.0,0.11538461538461539,0.19230769230769232
070027,CT,Acute Care,1,1,For-Profit,3.0,0.5714285714285714,0.875,0.6363636363636364,1.0,0.75,0.7665584415584416,5,0.0,0.0,0.14285714285714285,0.0,0.0,0.0,1.0,0.05555555555555555,0.05555555555555555
070028,CT,Acute Care,1,1,Non-Profit,3.0,1.0,0.875,1.0,1.0,0.8333333333333334,0.9416666666666667,5,0.0,0.0,0.2857142857142857,0.0,0.0,0.0,2.0,0.08,0.08
070029,CT,Acute Care,1,1,Non-Profit,2.0,0.5714285714285714,0.625,0.7272727272727273,1.0,0.9166666666666666,0.768073593073593,5,0.0,0.0,0.0,0.0,0.0,0.0,0.0,0.0,0.0
070031,CT,Acute Care,1,1,Non-Profit,4.0,0.7142857142857143,0.875,0.8181818181818182,1.0,0.9166666666666666,0.8648268398268399,5,0.0,0.0,0.14285714285714285,0.0,0.0,0.2222222222222222,-1.0,-0.047619047619047616,0.047619047619047616
070033,CT,Acute Care,1,1,Non-Profit,3.0,1.0,1.0,1.0,1.0,0.9166666666666666,0.9833333333333334,5,0.0,0.0,0.25,0.0,0.0,0.2727272727272727,-1.0,-0.038461538461538464,0.07692307692307693
070034,CT,Acute Care,1,1,Non-Profit,3.0,0.8571428571428571,0.75,0.8181818181818182,1.0,0.9166666666666666,0.8683982683982684,5,0.16666666666666666,0.0,0.3333333333333333,0.0,0.0,0.2222222222222222,1.0,0.047619047619047616,0.14285714285714285
070035,CT,Acute Care,1,1,Non-Profit,2.0,0.8571428571428571,0.875,0.7272727272727273,1.0,1.0,0.8918831168831168,5,0.0,0.0,0.42857142857142855,0.0,0.0,0.125,2.0,0.09523809523809523,0.14285714285714285
070036,CT,Acute Care,1,1,Government,3.0,0.8571428571428571,0.75,0.8181818181818182,1.0,0.8333333333333334,0.8517316017316018,5,0.16666666666666666,0.0,0.16666666666666666,0.0,0.0,0.1111111111111111,1.0,0.047619047619047616,0.09523809523809523
070038,CT,Acute Care,0,0,Non-Profit,,0.0,0.0,0.0,0.0,0.0,0.0,0,,,,,,,0.0,,
07003F,CT,Acute Care,0,1,Government,3.0,0.7142857142857143,0.375,0.45454545454545453,1.0,0.5,0.6087662337662338,5,0.2,0.0,0.0,0.3333333333333333,0.2,0.2,0.0,0.0,0.15384615384615385
073300,CT,Childrens,0,1,Non-Profit,,0.0,0.0,0.0,0.0,0.0,0.0,0,,,,,,,0.0,,
074003,CT,Psychiatric,0,0,Government,,0.0,0.0,0.0,0.0,0.0,0.0,0,,,,,,,0.0,,
074008,CT,Psychiatric,0,0,Non-Profit,,0.0,0.0,0.0,0.0,0.0,0.0,0,,,,,,,0.0,,
074011,CT,Psychiatric,0,0,Government,,0.0,0.0,0.0,0.0,0.0,0.0,0,,,,,,,0.0,,
074012,CT,Psychiatric,0,0,Government,,0.0,0.0,0.0,0.0,0.0,0.0,0,,,,,,,0.0,,
074014,CT,Psychiatric,0,0,Government,,0.0,0.0,0.0,0.0,0.0,0.0,0,,,,,,,0.0,,
074015,CT,Psychiatric,0,0,Government,,0.0,0.0,0.0,0.0,0.0,0.0,0,,,,,,,0.0,,
074016,CT,Psychiatric,0,0,Non-Profit,,0.0,0.0,0.0,0.0,0.0,0.0,0,,,,,,,0.0,,
074017,CT,Psychiatric,0,0,Non-Profit,,0.0,0.0,0.0,0.0,0.0,0.0,0,,,,,,,0.0,,
080001,DE,Acute Care,1,1,Non-Profit,4.0,1.0,1.0,1.0,1.0,1.0,1.0,5,0.2857142857142857,0.0,0.25,0.0,0.18181818181818182,0.0,6.0,0.23076923076923078,0.23076923076923078
080003,DE,Acute Care,1,1,Non-Profit,3.0,0.7142857142857143,0.5,0.5454545454545454,1.0,0.75,0.701948051948052,5,0.0,0.0,0.25,0.0,0.0,0.0,1.0,0.06666666666666667,0.06666666666666667
080004,DE,Acute Care,1,1,Non-Profit,2.0,1.0,0.875,1.0,1.0,0.9166666666666666,0.9583333333333334,5,0.0,0.0,0.42857142857142855,0.14285714285714285,0.0,0.2727272727272727,-1.0,-0.04,0.12
080006,DE,Acute Care,1,1,Non-Profit,5.0,0.7142857142857143,0.625,0.8181818181818182,1.0,0.9166666666666666,0.8148268398268399,5,0.0,0.0,0.0,0.0,0.0,0.0,0.0,0.0,0.0
080007,DE,Acute Care,1,1,Non-Profit,3.0,1.0,0.75,0.9090909090909091,1.0,1.0,0.9318181818181819,5,0.0,0.0,0.3333333333333333,0.16666666666666666,0.1,0.0,2.0,0.08695652173913043,0.13043478260869565
080009,DE,Acute Care,1,1,Non-Profit,3.0,0.7142857142857143,0.75,0.8181818181818182,1.0,0.9166666666666666,0.8398268398268399,5,0.0,0.0,0.16666666666666666,0.0,0.1111111111111111,0.0,2.0,0.1,0.1
08002F,DE,Acute Care,0,1,Government,4.0,0.42857142857142855,0.125,0.36363636363636365,1.0,0.4166666666666667,0.46677489177489173,5,0.3333333333333333,0.0,0.0,0.0,0.0,0.0,1.0,0.125,0.125
083300,DE,Childrens,0,1,Non-Profit,,0.0,0.0,0.0,0.0,0.0,0.0,0,,,,,,,0.0,,
084001,DE,Psychiatric,0,0,Government,,0.0,0.0,0.0,0.0,0.0,0.0,0,,,,,,,0.0,,
084002,DE,Psychiatric,0,1,For-Profit,,0.0,0.0,0.0,0.0,0.0,0.0,0,,,,,,,0.0,,
084003,DE,Psychiatric,0,0,For-Profit,,0.0,0.0,0.0,0.0,0.0,0.0,0,,,,,,,0.0,,
084004,DE,Psychiatric,0,0,For-Profit,,0.0,0.0,0.0,0.0,0.0,0.0,0,,,,,,,0.0,,
084005,DE,Psychiatric,0,0,For-Profit,,0.0,0.0,0.0,0.0,0.0,0.0,0,,,,,,,0.0,,
090001,DC,Acute Care,1,1,For-Profit,1.0,1.0,0.875,0.8181818181818182,1.0,0.8333333333333334,0.9053030303030303,5,0.0,0.0,0.14285714285714285,0.14285714285714285,0.0,0.0,0.0,0.0,0.043478260869565216
090003,DC,Acute Care,1,0,Non-Profit,1.0,0.8571428571428571,0.75,0.5454545454545454,1.0,0.75,0.7805194805194805,5,0.16666666666666666,0.0,0.0,0.16666666666666666,0.0,0.3333333333333333,-2.0,-0.1111111111111111,0.05555555555555555
090004,DC,Acute Care,1,1,For-Profit,3.0,0.8571428571428571,0.875,0.8181818181818182,1.0,0.8333333333333334,0.8767316017316018,5,0.0,0.0,0.2857142857142857,0.14285714285714285,0.1111111111111111,0.2222222222222222,0.0,0.0,0.13636363636363635
090005,DC,Acute Care,1,1,Non-Profit,3.0,0.8571428571428571,1.0,0.8181818181818182,1.0,0.9166666666666666,0.9183982683982684,5,0.16666666666666666,0.0,0.125,0.125,0.0,0.0,1.0,0.043478260869565216,0.08695652173913043
090008,DC,Acute Care,0,1,For-Profit,2.0,0.42857142857142855,0.5,0.45454545454545453,0.0,0.6666666666666666,0.40995670995670996,4,0.0,0.0,0.0,0.0,0.0,0.2,-1.0,-0.08333333333333333,0.0
090011,DC,Acute Care,1,1,Non-Profit,3.0,1.0,1.0,1.0,1.0,0.8333333333333334,0.9666666666666666,5,0.42857142857142855,0.0,0.5,0.0,0.09090909090909091,0.09090909090909091,7.0,0.2692307692307692,0.3076923076923077
09002F,DC,Acute Care,0,1,Government,3.0,0.7142857142857143,0.5,0.5454545454545454,1.0,0.4166666666666667,0.6352813852813852,5,0.6,0.0,0.0,0.25,0.16666666666666666,0.16666666666666666,2.0,0.13333333333333333,0.26666666666666666
093300,DC,Childrens,0,1,Non-Profit,,0.0,0.0,0.0,0.0,0.0,0.0,0,,,,,,,0.0,,
094001,DC,Psychiatric,0,0,Government,,0.0,0.0,0.0,0.0,0.0,0.0,0,,,,,,,0.0,,
094004,DC,Psychiatric,0,0,Non-Profit,,0.0,0.0,0.0,0.0,0.0,0.0,0,,,,,,,0.0,,
100001,FL,Acute Care,1,1,Non-Profit,3.0,1.0,0.875,0.9090909090909091,1.0,0.9166666666666666,0.9401515151515152,5,0.0,0.0,0.14285714285714285,0.0,0.0,0.0,1.0,0.041666666666666664,0.041666666666666664
100002,FL,Acute Care,1,1,Non-Profit,2.0,1.0,1.0,0.8181818181818182,1.0,0.9166666666666666,0.946969696969697,5,0.0,0.0,0.125,0.0,0.0,0.0,1.0,0.041666666666666664,0.041666666666666664
100006,FL,Acute Care,1,1,Non-Profit,3.0,1.0,1.0,1.0,1.0,0.8333333333333334,0.9666666666666666,5,0.14285714285714285,0.0,0.375,0.0,0.0,0.36363636363636365,0.0,0.0,0.15384615384615385
100007,FL,Acute Care,1,1,Non-Profit,3.0,1.0,1.0,1.0,1.0,1.0,1.0,5,0.7142857142857143,0.0,0.75,0.0,0.0,0.6363636363636364,4.0,0.15384615384615385,0.4230769230769231
100008,FL,Acute Care,1,1,Non-Profit,4.0,1.0,0.875,0.9090909090909091,1.0,0.9166666666666666,0.9401515151515152,5,0.2857142857142857,0.0,0.42857142857142855,0.14285714285714285,0.0,0.2,2.0,0.08333333333333333,0.20833333333333334
100012,FL,Acute Care,1,1,Government,4.0,1.0,0.875,1.0,1.0,1.0,0.975,5,0.14285714285714285,0.0,0.5714285714285714,0.0,0.09090909090909091,0.18181818181818182,4.0,0.16,0.24
100014,FL,Acute Care,0,1,Non-Profit,4.0,0.8571428571428571,0.75,0.8181818181818182,1.0,0.6666666666666666,0.8183982683982685,5,0.0,0.0,0.0,0.0,0.1111111111111111,0.0,1.0,0.047619047619047616,0.047619047619047616
100017,FL,Acute Care,1,1,Government,2.0,1.0,1.0,1.0,1.0,0.75,0.95,5,0.0,0.14285714285714285,0.375,0.125,0.0,0.09090909090909091,0.0,0.0,0.11538461538461539
100018,FL,Acute Care,1,1,Non-Profit,3.0,1.0,1.0,1.0,1.0,0.9166666666666666,0.9833333333333334,5,0.0,0.14285714285714285,0.25,0.0,0.0,0.18181818181818182,-1.0,-0.038461538461538464,0.07692307692307693
100019,FL,Acute Care,1,1,Non-Profit,3.0,1.0,1.0,0.8181818181818182,1.0,0.75,0.9136363636363637,5,0.0,0.0,0.25,0.0,0.2222222222222222,0.1111111111111111,3.0,0.125,0.16666666666666666
100022,FL,Acute Care,1,1,Government,1.0,0.8571428571428571,0.875,0.8181818181818182,1.0,0.9166666666666666,0.8933982683982684,5,0.0,0.5,0.5714285714285714,0.14285714285714285,0.0,0.2222222222222222,-2.0,-0.09090909090909091,0.18181818181818182
100023,FL,Acute Care,1,1,Government,2.0,1.0,0.875,0.8181818181818182,1.0,0.75,0.8886363636363637,5,0.0,0.0,0.14285714285714285,0.0,0.0,0.1111111111111111,0.0,0.0,0.043478260869565216
100025,FL,Acute Care,1,1,Non-Profit,3.0,1.0,1.0,1.0,1.0,0.9166666666666666,0.9833333333333334,5,0.0,0.0,0.375,0.0,0.0,0.09090909090909091,2.0,0.07692307692307693,0.11538461538461539
100026,FL,Acute Care,0,1,Non-Profit,3.0,1.0,0.75,0.8181818181818182,1.0,0.5833333333333334,0.8303030303030303,5,0.0,0.0,0.16666666666666666,0.16666666666666666,0.0,0.0,0.0,0.0,0.045454545454545456
100028,FL,Acute Care,1,1,Government,1.0,0.8571428571428571,0.875,0.7272727272727273,1.0,0.8333333333333334,0.8585497835497835,5,0.0,0.0,0.0,0.0,0.125,0.0,1.0,0.047619047619047616,0.047619047619047616
100029,FL,Acute Care,0,1,For-Profit,1.0,0.8571428571428571,0.75,0.7272727272727273,1.0,0.8333333333333334,0.8335497835497835,5,0.0,0.0,0.3333333333333333,0.16666666666666666,0.0,0.125,0.0,0.0,0.1
100030,FL,Acute Care,0,1,Government,3.0,0.7142857142857143,0.75,0.7272727272727273,1.0,0.6666666666666666,0.7716450216450217,5,0.0,0.0,0.16666666666666666,0.0,0.0,0.125,0.0,0.0,0.05263157894736842
100032,FL,Acute Care,1,1,Non-Profit,2.0,0.8571428571428571,0.875,0.7272727272727273,1.0,0.75,0.8418831168831169,5,0.0,0.0,0.42857142857142855,0.0,0.0,0.0,3.0,0.14285714285714285,0.14285714285714285
100034,FL,Acute Care,1,1,Non-Profit,3.0,1.0,0.875,1.0,1.0,0.8333333333333334,0.9416666666666667,5,0.0,0.0,0.2857142857142857,0.2857142857142857,0.0,0.18181818181818182,-2.0,-0.08,0.08
100035,FL,Acute Care,1,1,For-Profit,2.0,1.0,1.0,0.8181818181818182,1.0,0.8333333333333334,0.9303030303030303,5,0.0,0.14285714285714285,0.25,0.0,0.0,0.1111111111111111,0.0,0.0,0.08333333333333333
100038,FL,Acute Care,1,1,Government,3.0,1.0,0.875,1.0,1.0,0.8333333333333334,0.9416666666666667,5,0.0,0.0,0.2857142857142857,0.0,0.0,0.18181818181818182,0.0,0.0,0.08
100039,FL,Acute Care,1,1,Government,3.0,1.0,0.875,0.9090909090909091,1.0,0.8333333333333334,0.9234848484848485,5,0.14285714285714285,0.0,0.5714285714285714,0.0,0.0,0.1,4.0,0.16666666666666666,0.20833333333333334
100040,FL,Acute Care,0,1,Non-Profit,2.0,1.0,1.0,0.8181818181818182,1.0,0.75,0.9136363636363637,5,0.0,0.0,0.125,0.0,0.1111111111111111,0.1111111111111111,1.0,0.041666666666666664,0.08333333333333333
100043,FL,Acute Care,0,1,Non-Profit,4.0,0.5714285714285714,0.5,0.5454545454545454,1.0,0.5833333333333334,0.6400432900432901,5,0.0,0.0,0.0,0.0,0.16666666666666666,0.0,1.0,0.07142857142857142,0.07142857142857142
100044,FL,Acute Care,1,1,Non-Profit,2.0,1.0,0.875,1.0,1.0,0.9166666666666666,0.9583333333333334,5,0.0,0.0,0.2857142857142857,0.0,0.0,0.18181818181818182,0.0,0.0,0.08
100045,FL,Acute Care,0,1,Non-Profit,4.0,0.8571428571428571,0.75,0.6363636363636364,1.0,0.6666666666666666,0.782034632034632,5,0.0,0.0,0.16666666666666666,0.0,0.0,0.0,1.0,0.05263157894736842,0.05263157894736842
100046,FL,Acute Care,1,1,Non-Profit,5.0,0.8571428571428571,0.75,0.7272727272727273,1.0,0.8333333333333334,0.8335497835497835,5,0.16666666666666666,0.0,0.16666666666666666,0.0,0.125,0.0,3.0,0.15,0.15
100047,FL,Acute Care,0,1,For-Profit,2.0,0.7142857142857143,0.375,0.5454545454545454,1.0,0.5833333333333334,0.6436147186147186,5,0.0,0.0,0.0,0.0,0.0,0.16666666666666666,-1.0,-0.07142857142857142,0.0
100049,FL,Acute Care,0,1,For-Profit,2.0,0.8571428571428571,0.625,0.7272727272727273,1.0,0.6666666666666666,0.7752164502164501,5,0.0,0.0,0.2,0.0,0.125,0.125,1.0,0.05263157894736842,0.10526315789473684
100050,FL,Acute Care,0,1,Non-Profit,4.0,0.42857142857142855,0.5,0.36363636363636365,1.0,0.5833333333333334,0.5751082251082251,5,0.0,0.0,0.0,0.0,0.0,0.0,0.0,0.0,0.0
100051,FL,Acute Care,1,1,Government,3.0,0.8571428571428571,0.875,0.9090909090909091,1.0,0.75,0.8782467532467532,5,0.0,0.0,0.2857142857142857,0.0,0.0,0.2,0.0,0.0,0.08695652173913043
100052,FL,Acute Care,1,1,Non-Profit,2.0,1.0,0.75,0.9090909090909091,1.0,0.8333333333333334,0.8984848484848484,5,0.0,0.2857142857142857,0.6666666666666666,0.0,0.1,0.2,1.0,0.043478260869565216,0.21739130434782608
100053,FL,Acute Care,0,1,For-Profit,3.0,0.5714285714285714,0.875,0.36363636363636365,1.0,0.6666666666666666,0.6953463203463203,5,0.0,0.0,0.14285714285714285,0.0,0.0,0.25,0.0,0.0,0.06666666666666667
100054,FL,Acute Care,0,1,For-Profit,4.0,0.42857142857142855,0.375,0.6363636363636364,1.0,0.75,0.637987012987013,5,0.3333333333333333,0.0,0.3333333333333333,0.0,0.0,0.0,2.0,0.15384615384615385,0.15384615384615385
100055,FL,Acute Care,0,1,Non-Profit,3.0,0.8571428571428571,0.625,0.7272727272727273,1.0,0.6666666666666666,0.7752164502164501,5,0.0,0.0,0.0,0.0,0.0,0.125,-1.0,-0.05263157894736842,0.0
100057,FL,Acute Care,1,0,Non-Profit,4.0,1.0,0.875,0.8181818181818182,1.0,0.9166666666666666,0.9219696969696971,5,0.14285714285714285,0.0,0.14285714285714285,0.0,0.0,0.0,2.0,0.08695652173913043,0.08695652173913043
100062,FL,Acute Care,1,1,Government,4.0,1.0,0.75,0.8181818181818182,1.0,0.75,0.8636363636363636,5,0.0,0.0,0.6666666666666666,0.0,0.1111111111111111,0.0,5.0,0.22727272727272727,0.22727272727272727
100063,FL,Acute Care,0,1,Non-Profit,3.0,0.7142857142857143,0.75,0.6363636363636364,1.0,0.5833333333333334,0.7367965367965368,5,0.0,0.0,0.6666666666666666,0.0,0.0,0.0,4.0,0.2222222222222222,0.2222222222222222
100067,FL,Acute Care,0,1,Non-Profit,3.0,0.8571428571428571,0.75,0.8181818181818182,1.0,0.75,0.8350649350649352,5,0.0,0.0,0.16666666666666666,0.0,0.0,0.1111111111111111,0.0,0.0,0.047619047619047616
100068,FL,Acute Care,1,1,Non-Profit,4.0,1.0,0.875,0.8181818181818182,1.0,0.9166666666666666,0.9219696969696971,5,0.5714285714285714,0.0,0.14285714285714285,0.0,0.1111111111111111,0.1111111111111111,5.0,0.21739130434782608,0.2608695652173913
100069,FL,Acute Care,0,1,Non-Profit,3.0,0.5714285714285714,0.875,0.6363636363636364,1.0,0.6666666666666666,0.7498917748917748,5,0.0,0.0,0.14285714285714285,0.0,0.0,0.0,1.0,0.05555555555555555,0.05555555555555555
100071,FL,Acute Care,1,1,Non-Profit,1.0,0.8571428571428571,0.625,0.6363636363636364,1.0,0.75,0.7737012987012987,5,0.0,0.3333333333333333,0.2,0.0,0.0,0.42857142857142855,-4.0,-0.2222222222222222,0.05555555555555555
100072,FL,Acute Care,1,1,Non-Profit,5.0,0.8571428571428571,0.75,0.6363636363636364,1.0,0.8333333333333334,0.8153679653679653,5,0.3333333333333333,0.0,0.16666666666666666,0.0,0.0,0.0,3.0,0.15789473684210525,0.15789473684210525
100073,FL,Acute Care,0,1,Non-Profit,4.0,1.0,0.875,1.0,1.0,0.8333333333333334,0.9416666666666667,5,0.0,0.0,0.5714285714285714,0.0,0.0,0.0,4.0,0.16,0.16
100075,FL,Acute Care,1,1,Non-Profit,4.0,1.0,0.875,0.9090909090909091,1.0,0.9166666666666666,0.9401515151515152,5,0.14285714285714285,0.0,0.42857142857142855,0.0,0.0,0.1,3.0,0.125,0.16666666666666666
100077,FL,Acute Care,1,1,For-Profit,1.0,1.0,0.875,0.8181818181818182,1.0,0.75,0.8886363636363637,5,0.0,0.0,0.2857142857142857,0.0,0.0,0.3333333333333333,-1.0,-0.043478260869565216,0.08695652173913043
100080,FL,Acute Care,0,1,For-Profit,2.0,1.0,0.875,0.8181818181818182,1.0,0.6666666666666666,0.8719696969696971,5,0.14285714285714285,0.0,0.2857142857142857,0.0,0.0,0.3333333333333333,0.0,0.0,0.13043478260869565
100084,FL,Acute Care,1,1,Non-Profit,3.0,1.0,0.875,0.8181818181818182,1.0,0.8333333333333334,0.9053030303030303,5,0.14285714285714285,0.0,0.14285714285714285,0.0,0.0,0.1111111111111111,1.0,0.043478260869565216,0.08695652173913043
100086,FL,Acute Care,0,1,Government,2.0,0.8571428571428571,0.875,0.9090909090909091,1.0,0.6666666666666666,0.8615800865800866,5,0.0,0.0,0.2857142857142857,0.0,0.0,0.3,-1.0,-0.043478260869565216,0.08695652173913043
100087,FL,Acute Care,1,1,Government,5.0,1.0,1.0,1.0,1.0,0.9166666666666666,0.9833333333333334,5,0.7142857142857143,0.0,0.5,0.0,0.18181818181818182,0.09090909090909091,10.0,0.38461538461538464,0.4230769230769231
100088,FL,Acute Care,1,1,Non-Profit,4.0,1.0,1.0,1.0,1.0,1.0,1.0,5,0.42857142857142855,0.0,0.25,0.0,0.09090909090909091,0.09090909090909091,5.0,0.19230769230769232,0.23076923076923078
100090,FL,Acute Care,1,1,Non-Profit,2.0,1.0,0.875,0.8181818181818182,1.0,1.0,0.9386363636363637,5,0.0,0.0,0.14285714285714285,0.0,0.0,0.1111111111111111,0.0,0.0,0.043478260869565216
100092,FL,Acute Care,1,1,Non-Profit,5.0,1.0,0.75,0.7272727272727273,1.0,0.8333333333333334,0.8621212121212121,5,0.0,0.0,0.3333333333333333,0.0,0.0,0.0,2.0,0.09523809523809523,0.09523809523809523
100093,FL,Acute Care,1,1,Non-Profit,4.0,1.0,0.875,1.0,1.0,0.9166666666666666,0.9583333333333334,5,0.0,0.0,0.42857142857142855,0.0,0.09090909090909091,0.0,4.0,0.16,0.16
100099,FL,Acute Care,0,1,For-Profit,3.0,0.7142857142857143,0.375,0.5454545454545454,1.0,0.6666666666666666,0.6602813852813852,5,0.0,0.0,0.3333333333333333,0.0,0.0,0.16666666666666666,0.0,0.0,0.07142857142857142
10009F,FL,Acute Care,0,1,Government,3.0,0.7142857142857143,0.5,0.5454545454545454,1.0,0.5,0.6519480519480519,5,0.2,0.0,0.0,0.0,0.0,0.5,-2.0,-0.13333333333333333,0.06666666666666667
100105,FL,Acute Care,1,1,Non-Profit,4.0,1.0,0.875,1.0,1.0,0.8333333333333334,0.9416666666666667,5,0.0,0.0,0.14285714285714285,0.0,0.18181818181818182,0.0,3.0,0.12,0.12
100107,FL,Acute Care,0,1,For-Profit,2.0,0.42857142857142855,0.25,0.45454545454545453,1.0,0.6666666666666666,0.5599567099567099,5,0.0,0.0,0.0,0.0,0.0,0.0,0.0,0.0,0.0
100109,FL,Acute Care,1,1,Non-Profit,3.0,0.8571428571428571,0.75,0.9090909090909091,1.0,0.8333333333333334,0.86991341991342,5,0.0,0.0,0.3333333333333333,0.0,0.0,0.1,1.0,0.045454545454545456,0.09090909090909091
100110,FL,Acute Care,1,1,For-Profit,1.0,1.0,0.875,0.6363636363636364,1.0,0.6666666666666666,0.8356060606060606,5,0.0,0.0,0.42857142857142855,0.0,0.0,0.5714285714285714,-1.0,-0.047619047619047616,0.14285714285714285
100113,FL,Acute Care,1,1,Non-Profit,4.0,1.0,1.0,1.0,1.0,0.9166666666666666,0.9833333333333334,5,0.2857142857142857,0.0,0.5,0.125,0.09090909090909091,0.18181818181818182,4.0,0.15384615384615385,0.2692307692307692
100117,FL,Acute Care,1,1,Non-Profit,3.0,0.8571428571428571,1.0,0.7272727272727273,1.0,0.8333333333333334,0.8835497835497834,5,0.0,0.0,0.125,0.0,0.125,0.0,2.0,0.09090909090909091,0.09090909090909091
100118,FL,Acute Care,0,1,Non-Profit,3.0,0.8571428571428571,0.875,0.7272727272727273,1.0,0.8333333333333334,0.8585497835497835,5,0.16666666666666666,0.0,0.14285714285714285,0.0,0.125,0.125,2.0,0.09523809523809523,0.14285714285714285
100121,FL,Acute Care,0,1,For-Profit,2.0,0.5714285714285714,0.5,0.45454545454545453,1.0,0.5833333333333334,0.6218614718614719,5,0.0,0.0,0.0,0.0,0.0,0.2,-1.0,-0.07692307692307693,0.0
100122,FL,Acute Care,1,1,Non-Profit,3.0,0.8571428571428571,0.75,0.8181818181818182,1.0,0.8333333333333334,0.8517316017316018,5,0.0,0.0,0.16666666666666666,0.0,0.1111111111111111,0.0,2.0,0.09523809523809523,0.09523809523809523
100124,FL,Acute Care,1,1,For-Profit,4.0,0.7142857142857143,0.75,0.6363636363636364,1.0,0.8333333333333334,0.7867965367965368,5,0.0,0.0,0.0,0.0,0.0,0.0,0.0,0.0,0.0
100125,FL,Acute Care,1,1,Non-Profit,4.0,0.5714285714285714,0.5,0.5454545454545454,1.0,0.8333333333333334,0.6900432900432901,5,0.0,0.0,0.25,0.0,0.0,0.0,1.0,0.07142857142857142,0.07142857142857142
100126,FL,Acute Care,0,1,For-Profit,3.0,0.8571428571428571,0.625,0.6363636363636364,1.0,0.5833333333333334,0.7403679653679653,5,0.0,0.0,0.2,0.0,0.0,0.14285714285714285,0.0,0.0,0.05555555555555555
100127,FL,Acute Care,1,1,Non-Profit,4.0,1.0,1.0,1.0,1.0,0.75,0.95,5,0.0,0.0,0.25,0.0,0.09090909090909091,0.09090909090909091,2.0,0.07692307692307693,0.11538461538461539
100128,FL,Acute Care,1,1,Non-Profit,2.0,1.0,1.0,1.0,1.0,0.8333333333333334,0.9666666666666666,5,0.2857142857142857,0.0,0.25,0.25,0.0,0.36363636363636365,-2.0,-0.07692307692307693,0.15384615384615385
100130,FL,Acute Care,0,1,Government,,0.0,0.25,0.18181818181818182,0.0,0.5833333333333334,0.20303030303030303,3,,,0.0,0.0,0.0,0.0,0.0,0.0,0.0
100131,FL,Acute Care,0,1,Non-Profit,3.0,0.8571428571428571,0.875,0.7272727272727273,1.0,0.6666666666666666,0.8252164502164503,5,0.16666666666666666,0.0,0.2857142857142857,0.0,0.0,0.375,0.0,0.0,0.14285714285714285
100132,FL,Acute Care,1,1,Non-Profit,4.0,0.7142857142857143,0.75,0.8181818181818182,1.0,0.8333333333333334,0.8231601731601732,5,0.0,0.0,0.16666666666666666,0.0,0.0,0.0,1.0,0.05,0.05
100134,FL,Acute Care,0,1,Non-Profit,,0.2857142857142857,0.0,0.45454545454545453,0.0,0.6666666666666666,0.28138528138528135,3,0.0,0.0,,,0.0,0.0,0.0,0.0,0.0
100135,FL,Acute Care,1,1,Non-Profit,2.0,1.0,1.0,1.0,1.0,0.8333333333333334,0.9666666666666666,5,0.0,0.14285714285714285,0.25,0.0,0.18181818181818182,0.09090909090909091,2.0,0.07692307692307693,0.15384615384615385
100137,FL,Acute Care,1,1,For-Profit,2.0,0.8571428571428571,0.875,0.7272727272727273,1.0,0.75,0.8418831168831169,5,0.0,0.0,0.14285714285714285,0.0,0.0,0.125,0.0,0.0,0.047619047619047616
10013F,FL,Acute Care,0,1,Government,,0.0,0.0,0.0,0.0,0.0,0.0,0,,,,,,,0.0,,
100140,FL,Acute Care,0,1,Non-Profit,5.0,0.7142857142857143,0.375,0.5454545454545454,1.0,0.8333333333333334,0.6936147186147187,5,0.0,0.0,0.3333333333333333,0.0,0.16666666666666666,0.0,2.0,0.14285714285714285,0.14285714285714285
100142,FL,Acute Care,1,1,Government,1.0,0.5714285714285714,0.375,0.8181818181818182,1.0,0.9166666666666666,0.7362554112554112,5,0.0,0.25,0.0,0.0,0.0,0.1111111111111111,-2.0,-0.125,0.0
100150,FL,Acute Care,1,1,For-Profit,4.0,0.5714285714285714,0.625,0.6363636363636364,1.0,0.9166666666666666,0.7498917748917748,5,0.0,0.0,0.0,0.0,0.0,0.0,0.0,0.0,0.0
100151,FL,Acute Care,0,1,Non-Profit,5.0,1.0,1.0,1.0,1.0,0.8333333333333334,0.9666666666666666,5,0.5714285714285714,0.0,0.5,0.0,0.18181818181818182,0.0,10.0,0.38461538461538464,0.38461538461538464
100154,FL,Acute Care,1,1,Non-Profit,4.0,1.0,0.875,0.7272727272727273,1.0,0.9166666666666666,0.9037878787878789,5,0.0,0.0,0.5714285714285714,0.0,0.125,0.25,3.0,0.13636363636363635,0.22727272727272727
100156,FL,Acute Care,0,1,For-Profit,2.0,0.8571428571428571,0.75,0.6363636363636364,1.0,0.75,0.7987012987012987,5,0.0,0.0,0.16666666666666666,0.0,0.14285714285714285,0.14285714285714285,1.0,0.05263157894736842,0.10526315789473684
100157,FL,Acute Care,1,1,Non-Profit,1.0,1.0,1.0,1.0,1.0,0.8333333333333334,0.9666666666666666,5,0.14285714285714285,0.2857142857142857,0.25,0.0,0.0,0.2727272727272727,-2.0,-0.07692307692307693,0.11538461538461539
10015F,FL,Acute Care,0,1,Government,,0.42857142857142855,0.125,0.36363636363636365,0.0,0.0,0.18344155844155846,3,0.3333333333333333,0.0,0.0,0.0,0.0,0.0,1.0,0.125,0.125
100161,FL,Acute Care,0,1,For-Profit,2.0,1.0,0.875,0.7272727272727273,1.0,0.6666666666666666,0.8537878787878789,5,0.14285714285714285,0.0,0.14285714285714285,0.0,0.0,0.25,0.0,0.0,0.09090909090909091
100166,FL,Acute Care,0,1,For-Profit,4.0,0.8571428571428571,0.875,0.7272727272727273,1.0,0.6666666666666666,0.8252164502164503,5,0.0,0.0,0.14285714285714285,0.0,0.125,0.125,1.0,0.047619047619047616,0.09523809523809523
100167,FL,Acute Care,1,1,Non-Profit,1.0,0.8571428571428571,1.0,0.6363636363636364,1.0,0.75,0.8487012987012987,5,0.16666666666666666,0.0,0.25,0.0,0.0,0.7142857142857143,-2.0,-0.09523809523809523,0.14285714285714285
100168,FL,Acute Care,1,1,Non-Profit,3.0,1.0,1.0,1.0,1.0,0.9166666666666666,0.9833333333333334,5,0.0,0.0,0.625,0.0,0.09090909090909091,0.18181818181818182,4.0,0.15384615384615385,0.23076923076923078
100173,FL,Acute Care,1,1,Non-Profit,3.0,1.0,1.0,0.8181818181818182,1.0,0.8333333333333334,0.9303030303030303,5,0.14285714285714285,0.0,0.125,0.125,0.1111111111111111,0.0,2.0,0.08333333333333333,0.125
100175,FL,Acute Care,0,1,Non-Profit,2.0,0.42857142857142855,0.25,0.45454545454545453,1.0,0.75,0.5766233766233766,5,0.0,0.0,0.0,0.0,0.0,0.0,0.0,0.0,0.0
100176,FL,Acute Care,0,1,For-Profit,1.0,1.0,0.875,0.8181818181818182,1.0,0.6666666666666666,0.8719696969696971,5,0.0,0.0,0.14285714285714285,0.0,0.0,0.1111111111111111,0.0,0.0,0.043478260869565216
100177,FL,Acute Care,0,1,Non-Profit,4.0,0.8571428571428571,0.875,0.7272727272727273,1.0,0.8333333333333334,0.8585497835497835,5,0.0,0.0,0.14285714285714285,0.0,0.125,0.0,2.0,0.09523809523809523,0.09523809523809523
100179,FL,Acute Care,1,1,For-Profit,2.0,1.0,0.875,0.8181818181818182,1.0,0.75,0.8886363636363637,5,0.14285714285714285,0.0,0.5714285714285714,0.0,0.0,0.2222222222222222,3.0,0.13043478260869565,0.21739130434782608
100180,FL,Acute Care,1,1,For-Profit,2.0,0.42857142857142855,0.625,0.45454545454545453,1.0,0.75,0.6516233766233765,5,0.0,0.0,0.2,0.0,0.0,0.2,0.0,0.0,0.07692307692307693
100181,FL,Acute Care,0,1,For-Profit,,0.14285714285714285,0.5,0.18181818181818182,0.0,0.5833333333333334,0.2816017316017316,4,1.0,0.0,0.25,0.0,0.0,0.5,1.0,0.14285714285714285,0.2857142857142857
100183,FL,Acute Care,0,1,For-Profit,3.0,0.42857142857142855,0.25,0.45454545454545453,1.0,0.5833333333333334,0.5432900432900433,5,0.0,0.0,0.5,0.0,0.0,0.2,0.0,0.0,0.1
100187,FL,Acute Care,1,1,For-Profit,2.0,0.8571428571428571,0.875,0.6363636363636364,1.0,0.6666666666666666,0.8070346320346321,5,0.0,0.0,0.14285714285714285,0.0,0.0,0.0,1.0,0.05,0.05
100189,FL,Acute Care,1,1,For-Profit,1.0,0.8571428571428571,0.875,0.5454545454545454,1.0,0.75,0.8055194805194805,5,0.0,0.0,0.14285714285714285,0.0,0.0,0.3333333333333333,-1.0,-0.05263157894736842,0.05263157894736842
100191,FL,Acute Care,1,1,For-Profit,2.0,0.8571428571428571,1.0,0.7272727272727273,1.0,0.75,0.8668831168831168,5,0.0,0.0,0.125,0.0,0.0,0.125,0.0,0.0,0.045454545454545456
100200,FL,Acute Care,0,0,Government,2.0,0.5714285714285714,0.875,0.5454545454545454,1.0,0.6666666666666666,0.7317099567099568,5,0.0,0.0,0.14285714285714285,0.0,0.0,0.16666666666666666,0.0,0.0,0.058823529411764705
100204,FL,Acute Care,1,1,For-Profit,2.0,1.0,1.0,0.8181818181818182,1.0,0.8333333333333334,0.9303030303030303,5,0.2857142857142857,0.0,0.375,0.0,0.1111111111111111,0.1111111111111111,5.0,0.20833333333333334,0.25
100206,FL,Acute Care,0,1,For-Profit,4.0,0.7142857142857143,0.375,0.5454545454545454,1.0,0.75,0.676948051948052,5,0.0,0.0,0.3333333333333333,0.0,0.0,0.16666666666666666,0.0,0.0,0.07142857142857142
100209,FL,Acute Care,1,1,For-Profit,3.0,0.8571428571428571,0.875,0.6363636363636364,1.0,0.75,0.8237012987012987,5,0.16666666666666666,0.0,0.2857142857142857,0.0,0.0,0.14285714285714285,2.0,0.1,0.15
100211,FL,Acute Care,0,0,For-Profit,4.0,0.7142857142857143,0.375,0.5454545454545454,1.0,0.6666666666666666,0.6602813852813852,5,0.0,0.0,0.3333333333333333,0.0,0.0,0.0,1.0,0.07142857142857142,0.07142857142857142
100212,FL,Acute Care,0,1,For-Profit,1.0,1.0,0.875,0.8181818181818182,1.0,0.75,0.8886363636363637,5,0.0,0.2857142857142857,0.5714285714285714,0.14285714285714285,0.0,0.2222222222222222,-1.0,-0.043478260869565216,0.17391304347826086
100213,FL,Acute Care,0,1,For-Profit,2.0,1.0,0.875,0.8181818181818182,1.0,0.6666666666666666,0.8719696969696971,5,0.0,0.0,0.42857142857142855,0.0,0.0,0.2222222222222222,1.0,0.043478260869565216,0.13043478260869565
100217,FL,Acute Care,0,1,Non-Profit,3.0,0.8571428571428571,0.75,0.7272727272727273,1.0,0.6666666666666666,0.8002164502164503,5,0.16666666666666666,0.0,0.16666666666666666,0.0,0.0,0.0,2.0,0.1,0.1
10021F,FL,Acute Care,0,1,Government,,0.0,0.0,0.0,0.0,0.0,0.0,0,,,,,,,0.0,,
100220,FL,Acute Care,0,1,Government,4.0,0.8571428571428571,1.0,0.9090909090909091,1.0,0.75,0.9032467532467532,5,0.16666666666666666,0.0,0.375,0.0,0.0,0.1,3.0,0.125,0.16666666666666666
100223,FL,Acute Care,1,1,For-Profit,3.0,1.0,0.875,0.8181818181818182,1.0,0.9166666666666666,0.9219696969696971,5,0.14285714285714285,0.0,0.2857142857142857,0.0,0.0,0.1111111111111111,2.0,0.08695652173913043,0.13043478260869565
100224,FL,Acute Care,0,1,For-Profit,1.0,0.5714285714285714,0.75,0.5454545454545454,1.0,0.5,0.6733766233766234,5,0.0,0.0,0.16666666666666666,0.0,0.0,0.6666666666666666,-3.0,-0.1875,0.0625
100226,FL,Acute Care,1,1,Non-Profit,3.0,1.0,0.875,0.8181818181818182,1.0,0.75,0.8886363636363637,5,0.0,0.0,0.2857142857142857,0.0,0.0,0.0,2.0,0.08695652173913043,0.08695652173913043
100228,FL,Acute Care,0,0,For-Profit,2.0,1.0,0.75,0.7272727272727273,1.0,0.6666666666666666,0.8287878787878789,5,0.14285714285714285,0.14285714285714285,0.5,0.0,0.0,0.125,2.0,0.09523809523809523,0.19047619047619047
100230,FL,Acute Care,0,1,Government,3.0,0.5714285714285714,0.75,0.45454545454545453,1.0,0.6666666666666666,0.6885281385281385,5,0.0,0.0,0.16666666666666666,0.0,0.0,0.2,0.0,0.0,0.06666666666666667
100231,FL,Acute Care,1,1,For-Profit,3.0,1.0,1.0,0.8181818181818182,1.0,0.8333333333333334,0.9303030303030303,5,0.0,0.14285714285714285,0.375,0.0,0.0,0.1111111111111111,1.0,0.041666666666666664,0.125
100232,FL,Acute Care,0,1,For-Profit,1.0,0.8571428571428571,0.75,0.7272727272727273,1.0,0.75,0.8168831168831169,5,0.0,0.0,0.16666666666666666,0.0,0.0,0.0,1.0,0.05,0.05
100236,FL,Acute Care,0,1,For-Profit,2.0,1.0,0.875,0.7272727272727273,1.0,0.5833333333333334,0.8371212121212122,5,0.14285714285714285,0.0,0.14285714285714285,0.0,0.0,0.25,0.0,0.0,0.09090909090909091
100238,FL,Acute Care,0,1,For-Profit,1.0,1.0,0.75,0.8181818181818182,1.0,0.6666666666666666,0.846969696969697,5,0.14285714285714285,0.0,0.3333333333333333,0.0,0.0,0.1111111111111111,2.0,0.09090909090909091,0.13636363636363635
100242,FL,Acute Care,1,1,For-Profit,3.0,0.8571428571428571,0.875,0.7272727272727273,1.0,0.9166666666666666,0.8752164502164502,5,0.0,0.0,0.2857142857142857,0.0,0.0,0.0,2.0,0.09523809523809523,0.09523809523809523
100243,FL,Acute Care,1,1,For-Profit,2.0,1.0,1.0,0.8181818181818182,1.0,0.75,0.9136363636363637,5,0.0,0.0,0.125,0.0,0.0,0.3333333333333333,-2.0,-0.08333333333333333,0.041666666666666664
100244,FL,Acute Care,1,1,Government,4.0,0.8571428571428571,0.875,0.6363636363636364,1.0,0.8333333333333334,0.8403679653679653,5,0.0,0.0,0.2857142857142857,0.0,0.0,0.2857142857142857,0.0,0.0,0.1
100246,FL,Acute Care,1,1,For-Profit,1.0,1.0,0.75,0.6363636363636364,1.0,0.75,0.8272727272727274,5,0.0,0.0,0.3333333333333333,0.0,0.0,0.42857142857142855,-1.0,-0.05,0.1
100248,FL,Acute Care,0,1,For-Profit,1.0,1.0,0.75,0.7272727272727273,1.0,0.6666666666666666,0.8287878787878789,5,0.0,0.0,0.3333333333333333,0.0,0.0,0.375,-1.0,-0.047619047619047616,0.09523809523809523
100249,FL,Acute Care,0,0,Non-Profit,2.0,0.8571428571428571,0.75,0.7272727272727273,1.0,0.6666666666666666,0.8002164502164503,5,0.0,0.0,0.0,0.0,0.0,0.0,0.0,0.0,0.0
100252,FL,Acute Care,0,0,For-Profit,3.0,0.7142857142857143,0.375,0.5454545454545454,1.0,0.75,0.676948051948052,5,0.0,0.0,0.3333333333333333,0.0,0.0,0.0,1.0,0.07142857142857142,0.07142857142857142
100253,FL,Acute Care,1,1,Non-Profit,4.0,1.0,1.0,1.0,1.0,0.8333333333333334,0.9666666666666666,5,0.14285714285714285,0.0,0.5,0.0,0.0,0.18181818181818182,3.0,0.11538461538461539,0.19230769230769232
100254,FL,Acute Care,1,1,For-Profit,2.0,1.0,1.0,0.8181818181818182,1.0,0.8333333333333334,0.9303030303030303,5,0.0,0.0,0.375,0.0,0.0,0.1111111111111111,2.0,0.08333333333333333,0.125
100256,FL,Acute Care,0,1,For-Profit,2.0,1.0,0.875,0.7272727272727273,1.0,0.5833333333333334,0.8371212121212122,5,0.14285714285714285,0.0,0.14285714285714285,0.0,0.0,0.0,2.0,0.09090909090909091,0.09090909090909091
100258,FL,Acute Care,0,1,For-Profit,1.0,1.0,0.875,0.8181818181818182,1.0,0.6666666666666666,0.8719696969696971,5,0.5714285714285714,0.0,0.2857142857142857,0.14285714285714285,0.0,0.1111111111111111,4.0,0.17391304347826086,0.2608695652173913
100259,FL,Acute Care,0,1,For-Profit,3.0,0.8571428571428571,0.625,0.7272727272727273,1.0,0.6666666666666666,0.7752164502164501,5,0.16666666666666666,0.0,0.2,0.0,0.0,0.0,2.0,0.10526315789473684,0.10526315789473684
100260,FL,Acute Care,1,1,For-Profit,1.0,0.8571428571428571,0.875,0.6363636363636364,1.0,0.75,0.8237012987012987,5,0.0,0.0,0.14285714285714285,0.0,0.0,0.8571428571428571,-5.0,-0.25,0.05
100264,FL,Acute Care,1,1,For-Profit,2.0,1.0,0.875,0.8181818181818182,1.0,0.75,0.8886363636363637,5,0.14285714285714285,0.0,0.2857142857142857,0.0,0.0,0.2222222222222222,1.0,0.043478260869565216,0.13043478260869565
100265,FL,Acute Care,1,1,Non-Profit,4.0,0.8571428571428571,0.875,0.8181818181818182,1.0,0.8333333333333334,0.8767316017316018,5,0.0,0.0,0.2857142857142857,0.0,0.0,0.0,2.0,0.09090909090909091,0.09090909090909091
100266,FL,Acute Care,0,1,Non-Profit,4.0,0.5714285714285714,0.5,0.6363636363636364,1.0,0.75,0.6915584415584416,5,0.5,0.0,0.0,0.0,0.0,0.0,2.0,0.13333333333333333,0.13333333333333333
100267,FL,Acute Care,0,1,For-Profit,3.0,0.7142857142857143,0.375,0.7272727272727273,1.0,0.5833333333333334,0.6799783549783551,5,0.0,0.0,0.3333333333333333,0.0,0.0,0.0,1.0,0.0625,0.0625
100268,FL,Acute Care,1,1,For-Profit,2.0,0.5714285714285714,0.75,0.6363636363636364,1.0,0.75,0.7415584415584415,5,0.0,0.0,0.16666666666666666,0.0,0.0,0.0,1.0,0.058823529411764705,0.058823529411764705
100269,FL,Acute Care,1,1,For-Profit,2.0,0.8571428571428571,0.875,0.5454545454545454,1.0,0.75,0.8055194805194805,5,0.0,0.0,0.14285714285714285,0.0,0.0,0.3333333333333333,-1.0,-0.05263157894736842,0.05263157894736842
100275,FL,Acute Care,1,1,For-Profit,1.0,0.8571428571428571,1.0,0.7272727272727273,1.0,0.75,0.8668831168831168,5,0.0,0.0,0.25,0.0,0.0,0.25,0.0,0.0,0.09090909090909091
100276,FL,Acute Care,1,1,Government,3.0,0.8571428571428571,0.875,0.6363636363636364,1.0,0.75,0.8237012987012987,5,0.0,0.0,0.2857142857142857,0.0,0.0,0.14285714285714285,1.0,0.05,0.1
100277,FL,Acute Care,0,0,Non-Profit,,0.0,0.0,0.0,0.0,0.16666666666666666,0.03333333333333333,1,,,,,,,0.0,,
100281,FL,Acute Care,1,1,Government,3.0,0.8571428571428571,1.0,0.9090909090909091,1.0,0.75,0.9032467532467532,5,0.16666666666666666,0.0,0.25,0.125,0.0,0.2,0.0,0.0,0.125
100284,FL,Acute Care,0,1,For-Profit,1.0,0.42857142857142855,0.5,0.36363636363636365,1.0,0.6666666666666666,0.5917748917748917,5,0.0,0.0,0.25,0.0,0.0,0.5,-1.0,-0.09090909090909091,0.09090909090909091
100285,FL,Acute Care,1,1,Government,5.0,0.42857142857142855,0.875,0.45454545454545453,1.0,0.75,0.7016233766233766,5,0.0,0.0,0.14285714285714285,0.0,0.0,0.0,1.0,0.06666666666666667,0.06666666666666667
100286,FL,Acute Care,0,1,For-Profit,1.0,1.0,0.875,0.8181818181818182,1.0,0.8333333333333334,0.9053030303030303,5,0.0,0.0,0.14285714285714285,0.0,0.0,0.4444444444444444,-3.0,-0.13043478260869565,0.043478260869565216
100287,FL,Acute Care,1,1,For-Profit,1.0,0.8571428571428571,1.0,0.7272727272727273,1.0,0.9166666666666666,0.9002164502164502,5,0.0,0.16666666666666666,0.125,0.0,0.0,0.125,-1.0,-0.045454545454545456,0.045454545454545456
100288,FL,Acute Care,1,1,For-Profit,1.0,0.5714285714285714,0.875,0.45454545454545453,1.0,0.6666666666666666,0.7135281385281386,5,0.0,0.0,0.2857142857142857,0.0,0.0,0.4,0.0,0.0,0.125
100289,FL,Acute Care,0,1,Non-Profit,4.0,1.0,1.0,1.0,1.0,0.8333333333333334,0.9666666666666666,5,0.5714285714285714,0.0,0.375,0.0,0.0,0.18181818181818182,5.0,0.19230769230769232,0.2692307692307692
100290,FL,Acute Care,0,1,Non-Profit,2.0,0.8571428571428571,0.875,0.7272727272727273,1.0,0.6666666666666666,0.8252164502164503,5,0.0,0.0,0.14285714285714285,0.0,0.125,0.25,0.0,0.0,0.09523809523809523
100291,FL,Acute Care,0,1,Non-Profit,2.0,0.8571428571428571,0.5,0.6363636363636364,1.0,0.75,0.7487012987012986,5,0.0,0.0,0.25,0.0,0.0,0.0,1.0,0.058823529411764705,0.058823529411764705
100292,FL,Acute Care,1,1,Non-Profit,4.0,0.7142857142857143,0.625,0.8181818181818182,1.0,0.8333333333333334,0.7981601731601733,5,0.0,0.2,0.2,0.0,0.0,0.0,0.0,0.0,0.05263157894736842
100296,FL,Acute Care,0,1,Non-Profit,5.0,0.5714285714285714,0.375,0.5454545454545454,1.0,0.75,0.6483766233766234,5,0.25,0.0,0.3333333333333333,0.0,0.0,0.16666666666666666,1.0,0.07692307692307693,0.15384615384615385
100298,FL,Acute Care,0,0,Government,,0.0,0.0,0.0,0.0,0.0,0.0,0,,,,,,,0.0,,
100299,FL,Acute Care,1,1,For-Profit,4.0,0.8571428571428571,0.875,0.7272727272727273,1.0,0.75,0.8418831168831169,5,0.0,0.0,0.14285714285714285,0.0,0.125,0.125,1.0,0.047619047619047616,0.09523809523809523
100302,FL,Acute Care,0,1,For-Profit,1.0,0.7142857142857143,0.25,0.5454545454545454,1.0,0.6666666666666666,0.6352813852813852,5,0.0,0.0,0.0,0.0,0.0,0.16666666666666666,-1.0,-0.07692307692307693,0.0
100307,FL,Acute Care,1,1,Non-Profit,4.0,0.8571428571428571,0.875,0.9090909090909091,1.0,0.75,0.8782467532467532,5,0.0,0.0,0.14285714285714285,0.0,0.0,0.0,1.0,0.043478260869565216,0.043478260869565216
100313,FL,Acute Care,0,1,Non-Profit,,0.2857142857142857,0.125,0.36363636363636365,0.0,0.6666666666666666,0.2882034632034632,4,0.0,0.0,0.0,0.0,0.25,0.0,1.0,0.14285714285714285,0.14285714285714285
100314,FL,Acute Care,1,1,Non-Profit,5.0,0.5714285714285714,0.875,0.5454545454545454,1.0,0.8333333333333334,0.7650432900432901,5,0.25,0.0,0.14285714285714285,0.0,0.0,0.0,2.0,0.11764705882352941,0.11764705882352941
100315,FL,Acute Care,1,1,Non-Profit,5.0,0.8571428571428571,0.875,0.6363636363636364,1.0,0.75,0.8237012987012987,5,0.0,0.0,0.14285714285714285,0.0,0.2857142857142857,0.0,3.0,0.15,0.15
100316,FL,Acute Care,0,1,For-Profit,4.0,0.7142857142857143,0.75,0.7272727272727273,1.0,0.6666666666666666,0.7716450216450217,5,0.0,0.0,0.16666666666666666,0.0,0.0,0.0,1.0,0.05263157894736842,0.05263157894736842
100319,FL,Acute Care,1,1,Non-Profit,4.0,0.8571428571428571,0.875,0.7272727272727273,1.0,0.9166666666666666,0.8752164502164502,5,0.16666666666666666,0.0,0.14285714285714285,0.0,0.0,0.0,2.0,0.09523809523809523,0.09523809523809523
100320,FL,Acute Care,0,1,For-Profit,3.0,0.7142857142857143,0.25,0.45454545454545453,1.0,0.75,0.6337662337662338,5,0.0,0.0,0.5,0.0,0.0,0.0,1.0,0.08333333333333333,0.08333333333333333
100321,FL,Acute Care,1,1,Non-Profit,3.0,0.8571428571428571,0.875,0.7272727272727273,1.0,0.8333333333333334,0.8585497835497835,5,0.0,0.0,0.14285714285714285,0.0,0.0,0.125,0.0,0.0,0.047619047619047616
100329,FL,Acute Care,1,1,For-Profit,4.0,0.5714285714285714,0.625,0.5454545454545454,1.0,0.6666666666666666,0.6817099567099567,5,0.0,0.0,0.4,0.0,0.0,0.0,2.0,0.13333333333333333,0.13333333333333333
100330,FL,Acute Care,0,1,Government,,0.2857142857142857,0.25,0.2727272727272727,1.0,0.5833333333333334,0.4783549783549784,5,0.0,0.0,0.0,0.0,0.0,0.0,0.0,0.0,0.0
100350,FL,Acute Care,1,1,For-Profit,,0.2857142857142857,0.25,0.2727272727272727,1.0,0.75,0.5116883116883117,5,0.0,0.0,0.5,0.0,0.0,0.0,1.0,0.14285714285714285,0.14285714285714285
100359,FL,Acute Care,1,1,Government,4.0,0.8571428571428571,0.875,0.7272727272727273,1.0,0.75,0.8418831168831169,5,0.0,0.0,0.0,0.0,0.25,0.0,2.0,0.09523809523809523,0.09523809523809523
100360,FL,Acute Care,1,1,For-Profit,4.0,0.0,0.75,0.18181818181818182,1.0,0.6666666666666666,0.5196969696969698,4,,,0.16666666666666666,0.0,0.0,0.0,1.0,0.125,0.125
100361,FL,Acute Care,0,1,Non-Profit,,0.14285714285714285,0.25,0.18181818181818182,1.0,0.5,0.414935064935065,5,0.0,0.0,0.0,0.0,0.0,0.0,0.0,0.0,0.0
100362,FL,Acute Care,0,1,For-Profit,,0.0,0.25,0.09090909090909091,0.0,0.4166666666666667,0.15151515151515152,3,,,0.5,0.0,0.0,0.0,1.0,0.3333333333333333,0.3333333333333333
100363,FL,Acute Care,0,1,Non-Profit,,0.0,0.125,0.0,0.0,0.16666666666666666,0.05833333333333333,2,,,1.0,0.0,,,1.0,1.0,1.0
100364,FL,Acute Care,0,1,Non-Profit,,0.0,0.0,0.0,0.0,0.0,0.0,0,,,,,,,0.0,,
100365,FL,Acute Care,0,1,For-Profit,,0.0,0.0,0.0,0.0,0.0,0.0,0,,,,,,,0.0,,
10057F,FL,Acute Care,0,1,Government,3.0,0.7142857142857143,0.5,0.5454545454545454,1.0,0.5,0.6519480519480519,5,0.4,0.0,0.0,0.0,0.0,0.5,-1.0,-0.06666666666666667,0.13333333333333333
10063F,FL,Acute Care,0,1,Government,4.0,0.7142857142857143,0.5,0.5454545454545454,1.0,0.5,0.6519480519480519,5,0.6,0.0,0.25,0.0,0.0,0.3333333333333333,2.0,0.13333333333333333,0.26666666666666666
10064F,FL,Acute Care,0,1,Government,4.0,0.7142857142857143,0.5,0.5454545454545454,1.0,0.5,0.6519480519480519,5,0.4,0.0,0.0,0.25,0.0,0.0,1.0,0.06666666666666667,0.13333333333333333
10065F,FL,Acute Care,0,1,Government,3.0,0.7142857142857143,0.5,0.5454545454545454,1.0,0.4166666666666667,0.6352813852813852,5,0.2,0.0,0.0,0.25,0.0,0.0,0.0,0.0,0.06666666666666667
10099F,FL,Acute Care,0,1,Government,5.0,0.7142857142857143,0.5,0.5454545454545454,1.0,0.5833333333333334,0.6686147186147187,5,0.4,0.0,0.0,0.0,0.16666666666666666,0.16666666666666666,2.0,0.13333333333333333,0.2
101300,FL,Rural/Access,0,1,Non-Profit,,0.0,0.125,0.0,0.0,0.4166666666666667,0.10833333333333335,2,,,0.0,0.0,,,0.0,0.0,0.0
101303,FL,Rural/Access,0,1,For-Profit,,0.0,0.0,0.0,0.0,0.3333333333333333,0.06666666666666667,1,,,,,,,0.0,,
101304,FL,Rural/Access,0,1,Non-Profit,,0.14285714285714285,0.0,0.18181818181818182,0.0,0.5,0.16493506493506493,3,0.0,0.0,,,0.0,0.0,0.0,0.0,0.0
101305,FL,Rural/Access,0,1,Government,,0.0,0.0,0.0,0.0,0.0,0.0,0,,,,,,,0.0,,
101307,FL,Rural/Access,0,0,Government,,0.14285714285714285,0.0,0.45454545454545453,0.0,0.4166666666666667,0.20281385281385284,3,0.0,1.0,,,0.0,0.0,-1.0,-0.16666666666666666,0.0
101308,FL,Rural/Access,0,1,Non-Profit,1.0,0.42857142857142855,0.0,0.45454545454545453,0.0,0.3333333333333333,0.24329004329004328,3,0.0,0.3333333333333333,,,0.0,0.4,-3.0,-0.375,0.0
101309,FL,Rural/Access,0,1,Non-Profit,,0.2857142857142857,0.0,0.2727272727272727,0.0,0.3333333333333333,0.17835497835497835,3,0.0,0.0,,,0.0,0.0,0.0,0.0,0.0
101311,FL,Rural/Access,0,1,Government,,0.0,0.0,0.09090909090909091,0.0,0.3333333333333333,0.08484848484848484,2,,,,,0.0,0.0,0.0,0.0,0.0
101312,FL,Rural/Access,0,1,Non-Profit,,0.0,0.0,0.2727272727272727,0.0,0.4166666666666667,0.13787878787878788,2,,,,,0.0,0.0,0.0,0.0,0.0
101313,FL,Rural/Access,0,1,Non-Profit,,0.14285714285714285,0.0,0.6363636363636364,0.0,0.75,0.30584415584415586,3,0.0,0.0,,,0.0,0.0,0.0,0.0,0.0
101314,FL,Rural/Access,0,1,Non-Profit,,0.0,0.0,0.0,0.0,0.0,0.0,0,,,,,,,0.0,,
101315,FL,Rural/Access,0,1,Non-Profit,,0.0,0.0,0.0,0.0,0.0,0.0,0,,,,,,,0.0,,
103300,FL,Childrens,0,1,Non-Profit,,0.0,0.0,0.0,0.0,0.0,0.0,0,,,,,,,0.0,,
103301,FL,Childrens,0,1,Non-Profit,,0.0,0.0,0.0,0.0,0.0,0.0,0,,,,,,,0.0,,
103304,FL,Childrens,0,1,Non-Profit,,0.0,0.0,0.0,0.0,0.0,0.0,0,,,,,,,0.0,,
104000,FL,Psychiatric,0,0,Government,,0.0,0.0,0.0,0.0,0.0,0.0,0,,,,,,,0.0,,
104001,FL,Psychiatric,0,1,Government,,0.0,0.0,0.0,0.0,0.0,0.0,0,,,,,,,0.0,,
104007,FL,Psychiatric,0,0,Government,,0.0,0.0,0.0,0.0,0.0,0.0,0,,,,,,,0.0,,
104016,FL,Psychiatric,0,0,For-Profit,,0.0,0.0,0.0,0.0,0.0,0.0,0,,,,,,,0.0,,
104017,FL,Psychiatric,0,0,For-Profit,,0.0,0.0,0.0,0.0,0.0,0.0,0,,,,,,,0.0,,
104018,FL,Psychiatric,0,0,For-Profit,,0.0,0.0,0.0,0.0,0.0,0.0,0,,,,,,,0.0,,
104024,FL,Psychiatric,0,0,Non-Profit,,0.0,0.0,0.0,0.0,0.0,0.0,0,,,,,,,0.0,,
104026,FL,Psychiatric,0,0,For-Profit,,0.0,0.0,0.0,0.0,0.0,0.0,0,,,,,,,0.0,,
104040,FL,Psychiatric,0,0,Non-Profit,,0.0,0.0,0.0,0.0,0.0,0.0,0,,,,,,,0.0,,
104049,FL,Psychiatric,0,0,For-Profit,,0.0,0.0,0.0,0.0,0.0,0.0,0,,,,,,,0.0,,
104057,FL,Psychiatric,0,0,Non-Profit,,0.0,0.0,0.0,0.0,0.0,0.0,0,,,,,,,0.0,,
104059,FL,Psychiatric,0,0,Non-Profit,,0.0,0.0,0.0,0.0,0.0,0.0,0,,,,,,,0.0,,
104063,FL,Psychiatric,0,0,For-Profit,,0.0,0.0,0.0,0.0,0.0,0.0,0,,,,,,,0.0,,
104067,FL,Psychiatric,0,0,Non-Profit,,0.0,0.0,0.0,0.0,0.0,0.0,0,,,,,,,0.0,,
104069,FL,Psychiatric,0,0,For-Profit,,0.0,0.0,0.0,0.0,0.0,0.0,0,,,,,,,0.0,,
104070,FL,Psychiatric,0,1,For-Profit,,0.0,0.0,0.0,0.0,0.0,0.0,0,,,,,,,0.0,,
104071,FL,Psychiatric,0,0,For-Profit,,0.0,0.0,0.0,0.0,0.0,0.0,0,,,,,,,0.0,,
104072,FL,Psychiatric,0,0,For-Profit,,0.0,0.0,0.0,0.0,0.0,0.0,0,,,,,,,0.0,,
104073,FL,Psychiatric,0,0,For-Profit,,0.0,0.0,0.0,0.0,0.0,0.0,0,,,,,,,0.0,,
104074,FL,Psychiatric,0,0,For-Profit,,0.0,0.0,0.0,0.0,0.0,0.0,0,,,,,,,0.0,,
104075,FL,Psychiatric,0,0,For-Profit,,0.0,0.0,0.0,0.0,0.0,0.0,0,,,,,,,0.0,,
104076,FL,Psychiatric,0,0,Non-Profit,,0.0,0.0,0.0,0.0,0.0,0.0,0,,,,,,,0.0,,
104078,FL,Psychiatric,0,0,For-Profit,,0.0,0.0,0.0,0.0,0.0,0.0,0,,,,,,,0.0,,
104079,FL,Psychiatric,0,0,For-Profit,,0.0,0.0,0.0,0.0,0.0,0.0,0,,,,,,,0.0,,
104080,FL,Psychiatric,0,0,Non-Profit,,0.0,0.0,0.0,0.0,0.0,0.0,0,,,,,,,0.0,,
104081,FL,Psychiatric,0,0,Non-Profit,,0.0,0.0,0.0,0.0,0.0,0.0,0,,,,,,,0.0,,
104082,FL,Psychiatric,0,0,For-Profit,,0.0,0.0,0.0,0.0,0.0,0.0,0,,,,,,,0.0,,
104084,FL,Psychiatric,0,0,Non-Profit,,0.0,0.0,0.0,0.0,0.0,0.0,0,,,,,,,0.0,,
104085,FL,Psychiatric,0,0,Non-Profit,,0.0,0.0,0.0,0.0,0.0,0.0,0,,,,,,,0.0,,
110001,GA,Acute Care,1,0,Non-Profit,2.0,1.0,0.75,0.9090909090909091,1.0,0.9166666666666666,0.9151515151515153,5,0.0,0.14285714285714285,0.3333333333333333,0.0,0.0,0.0,1.0,0.043478260869565216,0.08695652173913043
110002,GA,Acute Care,1,1,Non-Profit,2.0,0.7142857142857143,0.5,0.6363636363636364,1.0,0.8333333333333334,0.7367965367965368,5,0.0,0.4,0.0,0.0,0.0,0.14285714285714285,-3.0,-0.1875,0.0
110003,GA,Acute Care,0,1,Non-Profit,3.0,0.7142857142857143,0.75,0.6363636363636364,1.0,1.0,0.82012987012987,5,0.0,0.2,0.16666666666666666,0.0,0.0,0.0,0.0,0.0,0.05555555555555555
110005,GA,Acute Care,1,1,Non-Profit,4.0,0.8571428571428571,1.0,0.9090909090909091,1.0,1.0,0.9532467532467532,5,0.0,0.0,0.125,0.0,0.0,0.0,1.0,0.041666666666666664,0.041666666666666664
110006,GA,Acute Care,1,1,Non-Profit,1.0,0.8571428571428571,0.875,0.7272727272727273,1.0,0.8333333333333334,0.8585497835497835,5,0.0,0.0,0.14285714285714285,0.42857142857142855,0.0,0.0,-2.0,-0.09523809523809523,0.047619047619047616
110007,GA,Acute Care,1,1,Government,2.0,1.0,0.875,1.0,1.0,0.9166666666666666,0.9583333333333334,5,0.0,0.14285714285714285,0.42857142857142855,0.14285714285714285,0.0,0.18181818181818182,-1.0,-0.04,0.12
110008,GA,Acute Care,1,1,Non-Profit,4.0,0.8571428571428571,1.0,0.9090909090909091,1.0,1.0,0.9532467532467532,5,0.3333333333333333,0.0,0.125,0.0,0.0,0.0,3.0,0.125,0.125
110010,GA,Acute Care,0,1,Non-Profit,4.0,1.0,1.0,1.0,1.0,0.8333333333333334,0.9666666666666666,5,0.42857142857142855,0.0,0.125,0.125,0.0,0.0,3.0,0.11538461538461539,0.15384615384615385
110011,GA,Acute Care,1,0,Government,3.0,0.8571428571428571,0.75,0.8181818181818182,1.0,0.9166666666666666,0.8683982683982684,5,0.0,0.0,0.16666666666666666,0.16666666666666666,0.0,0.2222222222222222,-2.0,-0.09523809523809523,0.047619047619047616
110015,GA,Acute Care,1,1,Government,2.0,0.7142857142857143,0.375,0.8181818181818182,1.0,0.8333333333333334,0.7481601731601732,5,0.0,0.0,0.3333333333333333,0.0,0.0,0.3333333333333333,-2.0,-0.11764705882352941,0.058823529411764705
110016,GA,Acute Care,1,1,Non-Profit,2.0,0.7142857142857143,0.75,0.8181818181818182,1.0,0.8333333333333334,0.8231601731601732,5,0.0,0.0,0.16666666666666666,0.16666666666666666,0.0,0.0,0.0,0.0,0.05
110018,GA,Acute Care,1,1,Non-Profit,3.0,0.7142857142857143,0.875,0.6363636363636364,1.0,1.0,0.8451298701298701,5,0.0,0.0,0.14285714285714285,0.0,0.0,0.0,1.0,0.05263157894736842,0.05263157894736842
110023,GA,Acute Care,1,0,Non-Profit,3.0,0.8571428571428571,0.75,0.7272727272727273,1.0,0.8333333333333334,0.8335497835497835,5,0.0,0.0,0.16666666666666666,0.3333333333333333,0.0,0.0,-1.0,-0.05,0.05
110024,GA,Acute Care,1,1,Non-Profit,2.0,0.7142857142857143,0.875,0.7272727272727273,1.0,0.8333333333333334,0.829978354978355,5,0.0,0.2,0.0,0.0,0.0,0.125,-2.0,-0.1,0.0
110025,GA,Acute Care,0,0,Government,1.0,0.8571428571428571,1.0,0.9090909090909091,1.0,1.0,0.9532467532467532,5,0.0,0.0,0.125,0.25,0.0,0.1,-2.0,-0.08333333333333333,0.041666666666666664
110027,GA,Acute Care,1,1,Non-Profit,3.0,0.5714285714285714,0.25,0.5454545454545454,1.0,0.9166666666666666,0.6567099567099567,5,0.0,0.0,0.0,0.0,0.0,0.16666666666666666,-1.0,-0.08333333333333333,0.0
110028,GA,Acute Care,1,1,Government,2.0,1.0,1.0,0.8181818181818182,1.0,0.9166666666666666,0.946969696969697,5,0.0,0.14285714285714285,0.375,0.0,0.1111111111111111,0.1111111111111111,2.0,0.08333333333333333,0.16666666666666666
110029,GA,Acute Care,1,1,Government,2.0,1.0,1.0,1.0,1.0,1.0,1.0,5,0.0,0.0,0.25,0.0,0.09090909090909091,0.09090909090909091,2.0,0.07692307692307693,0.11538461538461539
110030,GA,Acute Care,1,1,Non-Profit,2.0,0.8571428571428571,0.875,0.7272727272727273,1.0,0.8333333333333334,0.8585497835497835,5,0.0,0.0,0.14285714285714285,0.0,0.0,0.25,-1.0,-0.047619047619047616,0.047619047619047616
110031,GA,Acute Care,1,1,For-Profit,2.0,0.7142857142857143,0.875,0.6363636363636364,1.0,0.8333333333333334,0.8117965367965368,5,0.0,0.2,0.14285714285714285,0.0,0.0,0.14285714285714285,-1.0,-0.05263157894736842,0.05263157894736842
110032,GA,Acute Care,0,1,Government,2.0,0.42857142857142855,0.25,0.45454545454545453,1.0,0.6666666666666666,0.5599567099567099,5,0.0,0.0,0.0,0.0,0.0,0.0,0.0,0.0,0.0
110034,GA,Acute Care,1,1,Non-Profit,1.0,1.0,0.875,0.9090909090909091,1.0,0.8333333333333334,0.9234848484848485,5,0.0,0.14285714285714285,0.14285714285714285,0.2857142857142857,0.0,0.1,-3.0,-0.125,0.041666666666666664
110035,GA,Acute Care,1,1,Government,4.0,1.0,1.0,1.0,1.0,0.9166666666666666,0.9833333333333334,5,0.2857142857142857,0.0,0.375,0.0,0.09090909090909091,0.0,6.0,0.23076923076923078,0.23076923076923078
110036,GA,Acute Care,1,1,Non-Profit,1.0,1.0,1.0,0.8181818181818182,1.0,0.8333333333333334,0.9303030303030303,5,0.0,0.0,0.5,0.0,0.0,0.2222222222222222,2.0,0.08333333333333333,0.16666666666666666
110038,GA,Acute Care,1,1,Non-Profit,3.0,0.8571428571428571,0.875,0.9090909090909091,1.0,0.9166666666666666,0.9115800865800866,5,0.0,0.0,0.14285714285714285,0.0,0.0,0.1,0.0,0.0,0.043478260869565216
110041,GA,Acute Care,1,1,Government,3.0,0.42857142857142855,0.25,0.5454545454545454,1.0,0.75,0.5948051948051948,5,0.0,0.0,0.0,0.0,0.0,0.0,0.0,0.0,0.0
110042,GA,Acute Care,0,0,Non-Profit,4.0,0.8571428571428571,0.75,0.6363636363636364,1.0,0.8333333333333334,0.8153679653679653,5,0.16666666666666666,0.0,0.16666666666666666,0.0,0.0,0.14285714285714285,1.0,0.05263157894736842,0.10526315789473684
110043,GA,Acute Care,0,1,Non-Profit,2.0,1.0,0.875,1.0,1.0,0.8333333333333334,0.9416666666666667,5,0.0,0.14285714285714285,0.14285714285714285,0.14285714285714285,0.0,0.09090909090909091,-2.0,-0.08,0.04
110044,GA,Acute Care,1,1,Government,1.0,0.42857142857142855,0.375,0.7272727272727273,1.0,0.8333333333333334,0.6728354978354979,5,0.0,0.0,0.3333333333333333,0.3333333333333333,0.0,0.0,0.0,0.0,0.07142857142857142
110045,GA,Acute Care,0,1,For-Profit,,0.2857142857142857,0.125,0.36363636363636365,1.0,0.75,0.5048701298701299,5,0.0,0.0,0.0,0.0,0.25,0.0,1.0,0.14285714285714285,0.14285714285714285
110046,GA,Acute Care,1,1,For-Profit,3.0,0.7142857142857143,0.25,0.5454545454545454,1.0,0.9166666666666666,0.6852813852813853,5,0.0,0.0,0.5,0.0,0.0,0.0,1.0,0.07692307692307693,0.07692307692307693
110050,GA,Acute Care,0,0,Non-Profit,5.0,0.42857142857142855,0.0,0.45454545454545453,0.0,0.6666666666666666,0.30995670995670993,3,0.0,0.0,,,0.2,0.0,1.0,0.125,0.125
110051,GA,Acute Care,1,0,Government,4.0,0.42857142857142855,0.625,0.6363636363636364,1.0,0.9166666666666666,0.7213203463203464,5,0.0,0.0,0.0,0.0,0.0,0.14285714285714285,-1.0,-0.06666666666666667,0.0
110054,GA,Acute Care,1,0,Government,1.0,0.8571428571428571,1.0,0.7272727272727273,1.0,0.9166666666666666,0.9002164502164502,5,0.0,0.0,0.125,0.0,0.0,0.125,0.0,0.0,0.045454545454545456
110064,GA,Acute Care,1,1,Non-Profit,1.0,0.8571428571428571,0.875,0.8181818181818182,1.0,0.75,0.8600649350649352,5,0.0,0.3333333333333333,0.14285714285714285,0.0,0.0,0.1111111111111111,-2.0,-0.09090909090909091,0.045454545454545456
110069,GA,Acute Care,1,1,Non-Profit,2.0,0.8571428571428571,0.875,0.9090909090909091,1.0,0.8333333333333334,0.89491341991342,5,0.0,0.0,0.0,0.0,0.0,0.1,-1.0,-0.043478260869565216,0.0
110071,GA,Acute Care,0,1,Government,,0.14285714285714285,0.0,0.18181818181818182,0.0,0.5833333333333334,0.1816017316017316,3,0.0,0.0,,,0.0,0.0,0.0,0.0,0.0
110073,GA,Acute Care,0,1,Government,,0.14285714285714285,0.125,0.36363636363636365,1.0,0.6666666666666666,0.4596320346320346,5,0.0,0.0,0.0,0.0,0.0,0.0,0.0,0.0,0.0
110074,GA,Acute Care,1,0,Non-Profit,4.0,1.0,0.875,0.9090909090909091,1.0,1.0,0.9568181818181818,5,0.0,0.0,0.42857142857142855,0.14285714285714285,0.2,0.1,3.0,0.125,0.20833333333333334
110075,GA,Acute Care,1,1,For-Profit,3.0,0.8571428571428571,0.875,0.7272727272727273,1.0,0.8333333333333334,0.8585497835497835,5,0.0,0.0,0.14285714285714285,0.0,0.0,0.0,1.0,0.047619047619047616,0.047619047619047616
110076,GA,Acute Care,1,0,Non-Profit,1.0,0.8571428571428571,1.0,0.9090909090909091,1.0,0.9166666666666666,0.9365800865800866,5,0.0,0.0,0.25,0.0,0.0,0.1,1.0,0.041666666666666664,0.08333333333333333
110078,GA,Acute Care,1,1,Non-Profit,2.0,1.0,1.0,1.0,1.0,0.8333333333333334,0.9666666666666666,5,0.0,0.0,0.25,0.0,0.09090909090909091,0.09090909090909091,2.0,0.07692307692307693,0.11538461538461539
110079,GA,Acute Care,1,1,Non-Profit,2.0,0.8571428571428571,0.875,0.7272727272727273,1.0,0.8333333333333334,0.8585497835497835,5,0.0,0.16666666666666666,0.42857142857142855,0.14285714285714285,0.0,0.125,0.0,0.0,0.14285714285714285
110082,GA,Acute Care,0,1,Non-Profit,2.0,1.0,0.875,1.0,1.0,0.8333333333333334,0.9416666666666667,5,0.0,0.0,0.2857142857142857,0.0,0.0,0.0,2.0,0.08,0.08
110083,GA,Acute Care,1,0,Government,4.0,1.0,1.0,1.0,1.0,0.9166666666666666,0.9833333333333334,5,0.2857142857142857,0.0,0.25,0.0,0.0,0.0,4.0,0.15384615384615385,0.15384615384615385
110086,GA,Acute Care,0,0,Government,,0.14285714285714285,0.0,0.2727272727272727,0.0,0.5833333333333334,0.19978354978354979,3,0.0,0.0,,,0.0,0.0,0.0,0.0,0.0
110087,GA,Acute Care,1,1,Government,3.0,1.0,1.0,1.0,1.0,0.9166666666666666,0.9833333333333334,5,0.0,0.0,0.125,0.0,0.0,0.09090909090909091,0.0,0.0,0.038461538461538464
110089,GA,Acute Care,1,1,Government,2.0,0.7142857142857143,0.5,0.7272727272727273,1.0,0.9166666666666666,0.7716450216450217,5,0.0,0.2,0.25,0.0,0.0,0.25,-2.0,-0.11764705882352941,0.058823529411764705
110091,GA,Acute Care,1,0,For-Profit,2.0,0.8571428571428571,0.875,0.6363636363636364,1.0,0.9166666666666666,0.857034632034632,5,0.16666666666666666,0.0,0.14285714285714285,0.14285714285714285,0.0,0.14285714285714285,0.0,0.0,0.1
110092,GA,Acute Care,0,1,Government,,0.14285714285714285,0.25,0.36363636363636365,1.0,0.5833333333333334,0.46796536796536803,5,0.0,0.0,0.0,0.0,0.0,0.0,0.0,0.0,0.0
110095,GA,Acute Care,1,0,Government,2.0,0.8571428571428571,0.75,0.8181818181818182,1.0,1.0,0.8850649350649352,5,0.0,0.0,0.0,0.0,0.0,0.1111111111111111,-1.0,-0.047619047619047616,0.0
110100,GA,Acute Care,0,1,Government,,0.0,0.0,0.09090909090909091,0.0,0.5833333333333334,0.13484848484848486,2,,,,,0.0,0.0,0.0,0.0,0.0
110101,GA,Acute Care,0,0,For-Profit,,0.0,0.125,0.2727272727272727,0.0,0.4166666666666667,0.1628787878787879,3,,,0.0,0.0,0.0,0.0,0.0,0.0,0.0
110104,GA,Acute Care,1,1,For-Profit,4.0,0.5714285714285714,0.375,0.5454545454545454,1.0,0.8333333333333334,0.6650432900432901,5,0.0,0.0,0.0,0.0,0.0,0.16666666666666666,-1.0,-0.07692307692307693,0.0
110105,GA,Acute Care,1,0,Government,2.0,0.7142857142857143,0.875,0.7272727272727273,1.0,0.8333333333333334,0.829978354978355,5,0.0,0.0,0.2857142857142857,0.0,0.0,0.25,0.0,0.0,0.1
110107,GA,Acute Care,1,1,Government,2.0,1.0,1.0,1.0,1.0,0.9166666666666666,0.9833333333333334,5,0.0,0.0,0.375,0.0,0.0,0.2727272727272727,0.0,0.0,0.11538461538461539
110109,GA,Acute Care,0,1,Government,4.0,0.42857142857142855,0.125,0.45454545454545453,1.0,0.6666666666666666,0.5349567099567099,5,0.0,0.0,0.0,0.0,0.2,0.0,1.0,0.1111111111111111,0.1111111111111111
110111,GA,Acute Care,0,1,Government,,0.14285714285714285,0.25,0.36363636363636365,1.0,0.6666666666666666,0.48463203463203464,5,0.0,0.0,0.0,0.0,0.0,0.25,-1.0,-0.14285714285714285,0.0
110113,GA,Acute Care,0,0,For-Profit,,0.0,0.125,0.18181818181818182,0.0,0.5,0.16136363636363638,3,,,0.0,0.0,0.0,0.0,0.0,0.0,0.0
110121,GA,Acute Care,1,0,Non-Profit,,0.0,0.125,0.2727272727272727,0.0,0.75,0.22954545454545455,3,,,0.0,0.0,0.0,0.0,0.0,0.0,0.0
110122,GA,Acute Care,1,1,Government,2.0,1.0,0.875,0.9090909090909091,1.0,0.9166666666666666,0.9401515151515152,5,0.0,0.2857142857142857,0.2857142857142857,0.0,0.0,0.2,-2.0,-0.08333333333333333,0.08333333333333333
110124,GA,Acute Care,1,1,Government,3.0,0.42857142857142855,0.375,0.7272727272727273,1.0,0.9166666666666666,0.6895021645021645,5,0.0,0.0,0.0,0.0,0.0,0.0,0.0,0.0,0.0
110125,GA,Acute Care,1,1,For-Profit,4.0,0.8571428571428571,0.75,0.6363636363636364,1.0,0.8333333333333334,0.8153679653679653,5,0.0,0.0,0.5,0.0,0.0,0.0,3.0,0.15789473684210525,0.15789473684210525
110128,GA,Acute Care,0,1,For-Profit,5.0,0.7142857142857143,0.375,0.8181818181818182,1.0,0.9166666666666666,0.7648268398268399,5,0.0,0.0,0.0,0.0,0.0,0.0,0.0,0.0,0.0
110129,GA,Acute Care,1,0,Non-Profit,3.0,1.0,0.875,1.0,1.0,0.9166666666666666,0.9583333333333334,5,0.0,0.0,0.14285714285714285,0.0,0.09090909090909091,0.0,2.0,0.08,0.08
110132,GA,Acute Care,1,1,Government,,0.2857142857142857,0.25,0.36363636363636365,0.0,0.75,0.32987012987012987,4,0.0,0.0,0.0,0.0,0.0,0.0,0.0,0.0,0.0
110142,GA,Acute Care,0,1,Government,,0.14285714285714285,0.125,0.2727272727272727,1.0,0.6666666666666666,0.4414502164502164,5,0.0,0.0,0.0,0.0,0.0,0.0,0.0,0.0,0.0
110143,GA,Acute Care,1,0,Non-Profit,2.0,0.8571428571428571,1.0,0.9090909090909091,1.0,0.9166666666666666,0.9365800865800866,5,0.0,0.0,0.125,0.0,0.0,0.0,1.0,0.041666666666666664,0.041666666666666664
110146,GA,Acute Care,0,1,Government,,0.2857142857142857,0.25,0.6363636363636364,1.0,0.9166666666666666,0.6177489177489177,5,0.0,0.0,0.0,0.0,0.0,0.0,0.0,0.0,0.0
110150,GA,Acute Care,1,1,For-Profit,1.0,0.5714285714285714,0.25,0.5454545454545454,1.0,0.8333333333333334,0.6400432900432901,5,0.0,0.0,0.0,0.0,0.0,0.0,0.0,0.0,0.0
110161,GA,Acute Care,1,1,Non-Profit,3.0,0.8571428571428571,1.0,0.9090909090909091,1.0,1.0,0.9532467532467532,5,0.0,0.0,0.125,0.125,0.0,0.2,-2.0,-0.08333333333333333,0.041666666666666664
110164,GA,Acute Care,1,1,Non-Profit,3.0,1.0,0.875,0.7272727272727273,1.0,0.8333333333333334,0.8871212121212121,5,0.0,0.0,0.14285714285714285,0.0,0.0,0.25,-1.0,-0.045454545454545456,0.045454545454545456
110165,GA,Acute Care,0,1,Non-Profit,1.0,0.42857142857142855,0.75,0.36363636363636365,1.0,0.8333333333333334,0.6751082251082251,5,0.0,0.3333333333333333,0.16666666666666666,0.0,0.0,0.25,-1.0,-0.07692307692307693,0.07692307692307693
110168,GA,Acute Care,0,0,For-Profit,4.0,1.0,0.875,0.8181818181818182,1.0,0.75,0.8886363636363637,5,0.2857142857142857,0.0,0.14285714285714285,0.0,0.0,0.0,3.0,0.13043478260869565,0.13043478260869565
110177,GA,Acute Care,1,1,For-Profit,2.0,0.8571428571428571,1.0,0.7272727272727273,1.0,0.9166666666666666,0.9002164502164502,5,0.0,0.0,0.5,0.0,0.0,0.125,3.0,0.13636363636363635,0.18181818181818182
110184,GA,Acute Care,1,1,Non-Profit,3.0,0.7142857142857143,0.75,0.6363636363636364,1.0,0.9166666666666666,0.8034632034632034,5,0.0,0.0,0.0,0.0,0.14285714285714285,0.0,1.0,0.05555555555555555,0.05555555555555555
110190,GA,Acute Care,0,0,Non-Profit,,0.0,0.0,0.0,0.0,0.16666666666666666,0.03333333333333333,1,,,,,,,0.0,,
110191,GA,Acute Care,1,0,Government,2.0,0.8571428571428571,1.0,0.7272727272727273,1.0,0.8333333333333334,0.8835497835497834,5,0.0,0.0,0.25,0.0,0.0,0.125,1.0,0.045454545454545456,0.09090909090909091
110192,GA,Acute Care,1,1,For-Profit,1.0,0.8571428571428571,0.75,0.6363636363636364,1.0,0.8333333333333334,0.8153679653679653,5,0.0,0.0,0.16666666666666666,0.0,0.0,0.14285714285714285,0.0,0.0,0.05263157894736842
110194,GA,Acute Care,0,0,Non-Profit,,0.14285714285714285,0.125,0.2727272727272727,0.0,0.6666666666666666,0.24145021645021644,4,0.0,0.0,0.0,0.0,0.0,0.0,0.0,0.0,0.0
110198,GA,Acute Care,1,0,For-Profit,2.0,0.8571428571428571,0.75,0.6363636363636364,1.0,0.8333333333333334,0.8153679653679653,5,0.0,0.0,0.3333333333333333,0.16666666666666666,0.0,0.14285714285714285,0.0,0.0,0.10526315789473684
110200,GA,Acute Care,0,0,For-Profit,5.0,0.7142857142857143,0.75,0.6363636363636364,1.0,0.6666666666666666,0.7534632034632034,5,0.0,0.0,0.3333333333333333,0.0,0.0,0.0,2.0,0.1111111111111111,0.1111111111111111
110201,GA,Acute Care,0,1,For-Profit,,0.2857142857142857,0.25,0.45454545454545453,1.0,0.6666666666666666,0.5313852813852813,5,0.0,0.0,0.0,0.0,0.0,0.0,0.0,0.0,0.0
110209,GA,Acute Care,0,0,For-Profit,,0.0,0.125,0.09090909090909091,0.0,0.16666666666666666,0.07651515151515151,3,,,0.0,0.0,0.0,0.0,0.0,0.0,0.0
110215,GA,Acute Care,1,1,Non-Profit,3.0,0.8571428571428571,1.0,0.9090909090909091,1.0,0.9166666666666666,0.9365800865800866,5,0.0,0.0,0.375,0.0,0.0,0.1,2.0,0.08333333333333333,0.125
110225,GA,Acute Care,1,0,Non-Profit,4.0,0.5714285714285714,0.5,0.5454545454545454,1.0,0.8333333333333334,0.6900432900432901,5,0.0,0.0,0.25,0.0,0.0,0.0,1.0,0.07142857142857142,0.07142857142857142
110226,GA,Acute Care,0,1,Government,2.0,0.2857142857142857,0.625,0.45454545454545453,1.0,0.75,0.6230519480519481,5,0.0,0.0,0.2,0.0,0.0,0.0,1.0,0.08333333333333333,0.08333333333333333
110229,GA,Acute Care,1,1,Non-Profit,2.0,0.8571428571428571,0.875,0.9090909090909091,1.0,0.9166666666666666,0.9115800865800866,5,0.0,0.0,0.14285714285714285,0.0,0.0,0.1,0.0,0.0,0.043478260869565216
110230,GA,Acute Care,1,1,For-Profit,3.0,0.8571428571428571,0.875,0.7272727272727273,1.0,0.9166666666666666,0.8752164502164502,5,0.16666666666666666,0.0,0.14285714285714285,0.0,0.0,0.125,1.0,0.047619047619047616,0.09523809523809523
110233,GA,Acute Care,0,0,For-Profit,4.0,0.0,0.5,0.45454545454545453,1.0,0.4166666666666667,0.47424242424242424,4,,,0.0,0.0,0.0,0.0,0.0,0.0,0.0
110234,GA,Acute Care,0,1,Government,,0.0,0.0,0.0,0.0,0.5,0.1,1,,,,,,,0.0,,
110236,GA,Acute Care,0,1,Non-Profit,,0.2857142857142857,0.0,0.36363636363636365,0.0,0.8333333333333334,0.29653679653679654,3,0.0,0.0,,,0.0,0.0,0.0,0.0,0.0
110237,GA,Acute Care,0,1,Non-Profit,5.0,0.42857142857142855,0.125,0.36363636363636365,1.0,0.5833333333333334,0.5001082251082252,5,0.0,0.0,0.0,0.0,0.0,0.0,0.0,0.0,0.0
110252,GA,Acute Care,1,1,Non-Profit,3.0,0.5714285714285714,0.625,0.5454545454545454,1.0,0.75,0.6983766233766234,5,0.0,0.0,0.0,0.0,0.0,0.0,0.0,0.0,0.0
11029F,GA,Acute Care,0,1,Government,3.0,0.7142857142857143,0.5,0.5454545454545454,1.0,0.5,0.6519480519480519,5,0.4,0.0,0.0,0.0,0.3333333333333333,0.0,4.0,0.26666666666666666,0.26666666666666666
11030F,GA,Acute Care,0,1,Government,3.0,0.7142857142857143,0.5,0.5454545454545454,1.0,0.4166666666666667,0.6352813852813852,5,0.4,0.0,0.0,0.0,0.0,0.16666666666666666,1.0,0.06666666666666667,0.13333333333333333
11031F,GA,Acute Care,0,1,Government,,0.2857142857142857,0.0,0.2727272727272727,0.0,0.25,0.1616883116883117,3,0.0,0.0,,,0.0,0.0,0.0,0.0,0.0
11032F,GA,Acute Care,0,1,Government,,0.0,0.0,0.0,0.0,0.0,0.0,0,,,,,,,0.0,,
11033F,GA,Acute Care,0,1,Government,,0.0,0.0,0.0,0.0,0.0,0.0,0,,,,,,,0.0,,
11035F,GA,Acute Care,0,1,Government,,0.0,0.0,0.0,0.0,0.0,0.0,0,,,,,,,0.0,,
110779,GA,Rural/Access,0,1,Government,,0.0,0.0,0.0,0.0,0.0,0.0,0,,,,,,,0.0,,
110780,GA,Rural/Access,0,1,For-Profit,,0.0,0.0,0.0,0.0,0.0,0.0,0,,,,,,,0.0,,
110781,GA,Rural/Access,0,1,Non-Profit,,0.0,0.0,0.0,0.0,0.0,0.0,0,,,,,,,0.0,,
111302,GA,Rural/Access,0,1,Government,,0.0,0.125,0.09090909090909091,0.0,0.3333333333333333,0.10984848484848483,3,,,0.0,0.0,0.0,0.0,0.0,0.0,0.0
111303,GA,Rural/Access,0,1,Government,,0.0,0.0,0.0,0.0,0.3333333333333333,0.06666666666666667,1,,,,,,,0.0,,
111304,GA,Rural/Access,0,1,Government,,0.0,0.125,0.2727272727272727,1.0,0.5833333333333334,0.3962121212121212,4,,,0.0,0.0,0.0,0.0,0.0,0.0,0.0
111305,GA,Rural/Access,0,1,Government,,0.14285714285714285,0.125,0.18181818181818182,0.0,0.5833333333333334,0.2066017316017316,4,0.0,0.0,0.0,0.0,0.5,0.0,1.0,0.25,0.25
111306,GA,Rural/Access,0,1,Government,,0.14285714285714285,0.0,0.5454545454545454,0.0,0.75,0.2876623376623376,3,0.0,0.0,,,0.0,0.0,0.0,0.0,0.0
111308,GA,Rural/Access,0,1,Government,,0.0,0.0,0.0,0.0,0.3333333333333333,0.06666666666666667,1,,,,,,,0.0,,
111310,GA,Rural/Access,0,1,Non-Profit,3.0,0.42857142857142855,0.125,0.36363636363636365,1.0,0.5833333333333334,0.5001082251082252,5,0.0,0.0,0.0,0.0,0.0,0.0,0.0,0.0,0.0
111311,GA,Rural/Access,0,1,For-Profit,,0.0,0.0,0.0,0.0,0.25,0.05,1,,,,,,,0.0,,
111312,GA,Rural/Access,0,1,For-Profit,,0.0,0.0,0.18181818181818182,0.0,0.5833333333333334,0.15303030303030302,2,,,,,0.0,0.0,0.0,0.0,0.0
111313,GA,Rural/Access,0,1,Government,,0.14285714285714285,0.0,0.36363636363636365,0.0,0.5,0.2012987012987013,3,0.0,0.0,,,0.0,0.0,0.0,0.0,0.0
111314,GA,Rural/Access,0,1,Non-Profit,,0.0,0.0,0.09090909090909091,0.0,0.16666666666666666,0.051515151515151514,2,,,,,0.0,0.0,0.0,0.0,0.0
111316,GA,Rural/Access,0,0,Non-Profit,,0.0,0.0,0.0,0.0,0.3333333333333333,0.06666666666666667,1,,,,,,,0.0,,
111318,GA,Rural/Access,0,1,Government,,0.0,0.125,0.09090909090909091,0.0,0.4166666666666667,0.12651515151515152,3,,,0.0,1.0,0.0,0.0,-1.0,-0.5,0.0
111319,GA,Rural/Access,0,0,Government,,0.0,0.125,0.0,0.0,0.3333333333333333,0.09166666666666666,2,,,0.0,0.0,,,0.0,0.0,0.0
111320,GA,Rural/Access,0,0,Government,,0.14285714285714285,0.125,0.2727272727272727,0.0,0.5833333333333334,0.22478354978354975,4,0.0,0.0,0.0,0.0,0.0,0.3333333333333333,-1.0,-0.2,0.0
111323,GA,Rural/Access,0,1,For-Profit,,0.0,0.125,0.2727272727272727,1.0,0.5,0.3795454545454545,4,,,0.0,0.0,0.0,0.0,0.0,0.0,0.0
111324,GA,Rural/Access,0,1,Government,,0.14285714285714285,0.0,0.2727272727272727,0.0,0.4166666666666667,0.16645021645021646,3,0.0,0.0,,,0.0,0.0,0.0,0.0,0.0
111325,GA,Rural/Access,0,1,Government,,0.0,0.0,0.09090909090909091,0.0,0.3333333333333333,0.08484848484848484,2,,,,,0.0,0.0,0.0,0.0,0.0
111326,GA,Rural/Access,0,1,Government,,0.0,0.0,0.0,0.0,0.5,0.1,1,,,,,,,0.0,,
111327,GA,Rural/Access,0,0,Non-Profit,,0.14285714285714285,0.0,0.2727272727272727,1.0,0.4166666666666667,0.36645021645021647,4,0.0,0.0,,,0.0,0.0,0.0,0.0,0.0
111328,GA,Rural/Access,0,1,Non-Profit,,0.0,0.0,0.0,0.0,0.4166666666666667,0.08333333333333334,1,,,,,,,0.0,,
111329,GA,Rural/Access,0,1,For-Profit,3.0,0.5714285714285714,0.25,0.5454545454545454,1.0,0.6666666666666666,0.6067099567099568,5,0.0,0.0,0.0,0.0,0.0,0.0,0.0,0.0,0.0
111330,GA,Rural/Access,0,1,Non-Profit,,0.0,0.125,0.09090909090909091,0.0,0.5,0.1431818181818182,3,,,0.0,0.0,0.0,0.0,0.0,0.0,0.0
111331,GA,Rural/Access,0,1,Government,,0.0,0.125,0.0,0.0,0.3333333333333333,0.09166666666666666,2,,,0.0,0.0,,,0.0,0.0,0.0
111332,GA,Rural/Access,0,1,Government,,0.0,0.0,0.0,0.0,0.25,0.05,1,,,,,,,0.0,,
111333,GA,Rural/Access,0,1,Government,,0.14285714285714285,0.125,0.2727272727272727,0.0,0.6666666666666666,0.24145021645021644,4,0.0,0.0,0.0,0.0,0.0,0.0,0.0,0.0,0.0
111334,GA,Rural/Access,0,1,For-Profit,,0.0,0.0,0.18181818181818182,0.0,0.5833333333333334,0.15303030303030302,2,,,,,0.0,0.0,0.0,0.0,0.0
111335,GA,Rural/Access,0,1,Government,,0.14285714285714285,0.0,0.2727272727272727,0.0,0.5833333333333334,0.19978354978354979,3,0.0,0.0,,,0.0,0.0,0.0,0.0,0.0
111336,GA,Rural/Access,0,1,For-Profit,,0.0,0.0,0.09090909090909091,0.0,0.5,0.1181818181818182,2,,,,,0.0,0.0,0.0,0.0,0.0
111337,GA,Rural/Access,0,0,Government,,0.14285714285714285,0.125,0.2727272727272727,1.0,0.4166666666666667,0.39145021645021644,5,0.0,0.0,0.0,0.0,0.0,0.0,0.0,0.0,0.0
113300,GA,Childrens,0,1,Non-Profit,,0.0,0.0,0.0,0.0,0.0,0.0,0,,,,,,,0.0,,
113301,GA,Childrens,0,1,Non-Profit,,0.0,0.0,0.0,0.0,0.0,0.0,0,,,,,,,0.0,,
114004,GA,Psychiatric,0,0,For-Profit,,0.0,0.0,0.0,0.0,0.0,0.0,0,,,,,,,0.0,,
114008,GA,Psychiatric,0,0,For-Profit,,0.0,0.0,0.0,0.0,0.0,0.0,0,,,,,,,0.0,,
114010,GA,Psychiatric,0,1,For-Profit,,0.0,0.0,0.0,0.0,0.0,0.0,0,,,,,,,0.0,,
114012,GA,Psychiatric,0,0,For-Profit,,0.0,0.0,0.0,0.0,0.0,0.0,0,,,,,,,0.0,,
114013,GA,Psychiatric,0,0,Government,,0.0,0.0,0.0,0.0,0.0,0.0,0,,,,,,,0.0,,
114016,GA,Psychiatric,0,0,Government,,0.0,0.0,0.0,0.0,0.0,0.0,0,,,,,,,0.0,,
114019,GA,Psychiatric,0,0,Government,,0.0,0.0,0.0,0.0,0.0,0.0,0,,,,,,,0.0,,
114028,GA,Psychiatric,0,1,Government,,0.0,0.0,0.0,0.0,0.0,0.0,0,,,,,,,0.0,,
114029,GA,Psychiatric,0,0,Government,,0.0,0.0,0.0,0.0,0.0,0.0,0,,,,,,,0.0,,
114032,GA,Psychiatric,0,0,Government,,0.0,0.0,0.0,0.0,0.0,0.0,0,,,,,,,0.0,,
114035,GA,Psychiatric,0,0,For-Profit,,0.0,0.0,0.0,0.0,0.0,0.0,0,,,,,,,0.0,,
114036,GA,Psychiatric,0,0,For-Profit,,0.0,0.0,0.0,0.0,0.0,0.0,0,,,,,,,0.0,,
114037,GA,Psychiatric,0,0,For-Profit,,0.0,0.0,0.0,0.0,0.0,0.0,0,,,,,,,0.0,,
120001,HI,Acute Care,1,1,Non-Profit,3.0,1.0,1.0,1.0,1.0,0.9166666666666666,0.9833333333333334,5,0.14285714285714285,0.0,0.375,0.125,0.09090909090909091,0.09090909090909091,3.0,0.11538461538461539,0.19230769230769232
120002,HI,Acute Care,1,0,Government,3.0,0.8571428571428571,0.75,0.8181818181818182,1.0,0.9166666666666666,0.8683982683982684,5,0.0,0.0,0.16666666666666666,0.0,0.0,0.0,1.0,0.047619047619047616,0.047619047619047616
120005,HI,Acute Care,1,1,Government,2.0,0.8571428571428571,0.75,0.8181818181818182,1.0,0.9166666666666666,0.8683982683982684,5,0.0,0.0,0.3333333333333333,0.16666666666666666,0.0,0.2222222222222222,-1.0,-0.047619047619047616,0.09523809523809523
120006,HI,Acute Care,1,1,Non-Profit,5.0,0.7142857142857143,0.875,0.9090909090909091,1.0,0.8333333333333334,0.8663419913419913,5,0.0,0.0,0.14285714285714285,0.0,0.0,0.0,1.0,0.045454545454545456,0.045454545454545456
120007,HI,Acute Care,0,1,Non-Profit,4.0,0.7142857142857143,0.875,0.5454545454545454,1.0,0.75,0.7769480519480519,5,0.2,0.0,0.0,0.0,0.0,0.16666666666666666,0.0,0.0,0.05555555555555555
120011,HI,Acute Care,1,1,Non-Profit,3.0,0.14285714285714285,0.75,0.45454545454545453,1.0,0.5,0.5694805194805195,5,0.0,0.0,0.16666666666666666,0.0,0.0,0.0,1.0,0.08333333333333333,0.08333333333333333
120014,HI,Acute Care,1,1,Government,2.0,0.42857142857142855,0.5,0.6363636363636364,1.0,0.9166666666666666,0.6963203463203463,5,0.0,0.3333333333333333,0.25,0.0,0.0,0.14285714285714285,-1.0,-0.07142857142857142,0.07142857142857142
120019,HI,Acute Care,1,1,Government,2.0,0.5714285714285714,0.625,0.7272727272727273,1.0,0.75,0.7347402597402597,5,0.0,0.0,0.2,0.0,0.0,0.0,1.0,0.058823529411764705,0.058823529411764705
12001F,HI,Acute Care,0,1,Government,,0.0,0.0,0.0,0.0,0.0,0.0,0,,,,,,,0.0,,
120022,HI,Acute Care,0,1,For-Profit,4.0,1.0,0.875,1.0,1.0,0.75,0.925,5,0.0,0.0,0.14285714285714285,0.0,0.09090909090909091,0.0,2.0,0.08,0.08
120026,HI,Acute Care,0,1,For-Profit,4.0,0.7142857142857143,0.75,0.7272727272727273,1.0,0.75,0.7883116883116884,5,0.2,0.2,0.16666666666666666,0.0,0.0,0.25,-1.0,-0.05263157894736842,0.10526315789473684
120028,HI,Acute Care,1,1,Non-Profit,2.0,0.42857142857142855,0.25,0.6363636363636364,1.0,0.8333333333333334,0.6296536796536797,5,0.0,0.0,0.0,0.0,0.14285714285714285,0.0,1.0,0.08333333333333333,0.08333333333333333
121300,HI,Rural/Access,1,1,Government,,0.0,0.125,0.18181818181818182,0.0,0.75,0.21136363636363636,3,,,0.0,0.0,0.0,0.0,0.0,0.0,0.0
121301,HI,Rural/Access,0,1,Government,,0.0,0.0,0.0,0.0,0.25,0.05,1,,,,,,,0.0,,
121302,HI,Rural/Access,0,1,Government,,0.0,0.0,0.0,0.0,0.3333333333333333,0.06666666666666667,1,,,,,,,0.0,,
121303,HI,Rural/Access,0,1,Non-Profit,,0.0,0.0,0.0,0.0,0.5,0.1,1,,,,,,,0.0,,
121304,HI,Rural/Access,0,1,Non-Profit,,0.0,0.0,0.0,0.0,0.16666666666666666,0.03333333333333333,1,,,,,,,0.0,,
121305,HI,Rural/Access,0,1,Non-Profit,,0.0,0.0,0.0,0.0,0.16666666666666666,0.03333333333333333,1,,,,,,,0.0,,
121306,HI,Rural/Access,0,1,Government,,0.0,0.0,0.0,0.0,0.3333333333333333,0.06666666666666667,1,,,,,,,0.0,,
121307,HI,Rural/Access,0,1,Government,,0.0,0.0,0.0,0.0,0.25,0.05,1,,,,,,,0.0,,
121308,HI,Rural/Access,0,1,Non-Profit,,0.0,0.0,0.0,0.0,0.25,0.05,1,,,,,,,0.0,,
123300,HI,Childrens,0,1,Non-Profit,,0.0,0.0,0.0,0.0,0.0,0.0,0,,,,,,,0.0,,
123301,HI,Childrens,0,0,Non-Profit,,0.0,0.0,0.0,0.0,0.0,0.0,0,,,,,,,0.0,,
124001,HI,Psychiatric,0,0,Non-Profit,,0.0,0.0,0.0,0.0,0.0,0.0,0,,,,,,,0.0,,
130002,ID,Acute Care,1,1,Non-Profit,5.0,0.8571428571428571,0.75,0.6363636363636364,1.0,1.0,0.8487012987012987,5,0.0,0.0,0.16666666666666666,0.0,0.14285714285714285,0.0,2.0,0.10526315789473684,0.10526315789473684
130003,ID,Acute Care,1,1,Non-Profit,2.0,0.8571428571428571,0.375,0.8181818181818182,1.0,0.9166666666666666,0.7933982683982684,5,0.0,0.0,0.0,0.0,0.1111111111111111,0.1111111111111111,0.0,0.0,0.05555555555555555
130006,ID,Acute Care,1,1,Non-Profit,4.0,1.0,1.0,1.0,1.0,1.0,1.0,5,0.0,0.0,0.375,0.0,0.36363636363636365,0.09090909090909091,6.0,0.23076923076923078,0.2692307692307692
130007,ID,Acute Care,1,1,Non-Profit,3.0,1.0,1.0,1.0,1.0,0.8333333333333334,0.9666666666666666,5,0.0,0.2857142857142857,0.375,0.0,0.09090909090909091,0.0,2.0,0.07692307692307693,0.15384615384615385
130013,ID,Acute Care,1,1,Non-Profit,4.0,0.8571428571428571,0.875,0.9090909090909091,1.0,0.9166666666666666,0.9115800865800866,5,0.0,0.0,0.0,0.0,0.1,0.0,1.0,0.043478260869565216,0.043478260869565216
130014,ID,Acute Care,0,1,For-Profit,5.0,0.5714285714285714,0.25,0.45454545454545453,1.0,0.75,0.6051948051948053,5,0.0,0.0,0.5,0.0,0.2,0.0,2.0,0.18181818181818182,0.18181818181818182
130018,ID,Acute Care,1,1,For-Profit,3.0,1.0,0.875,1.0,1.0,0.9166666666666666,0.9583333333333334,5,0.0,0.0,0.14285714285714285,0.0,0.18181818181818182,0.0,3.0,0.12,0.12
130025,ID,Acute Care,0,1,Government,,0.14285714285714285,0.25,0.36363636363636365,1.0,0.8333333333333334,0.517965367965368,5,0.0,0.0,0.5,0.0,0.0,0.0,1.0,0.14285714285714285,0.14285714285714285
130028,ID,Acute Care,1,1,For-Profit,3.0,1.0,0.875,1.0,1.0,0.9166666666666666,0.9583333333333334,5,0.0,0.0,0.2857142857142857,0.0,0.0,0.0,2.0,0.08,0.08
13003F,ID,Acute Care,0,1,Government,5.0,0.5714285714285714,0.5,0.45454545454545453,1.0,0.4166666666666667,0.5885281385281386,5,0.25,0.0,0.0,0.0,0.2,0.0,2.0,0.15384615384615385,0.15384615384615385
130049,ID,Acute Care,1,1,Government,4.0,1.0,0.875,1.0,1.0,1.0,0.975,5,0.14285714285714285,0.14285714285714285,0.42857142857142855,0.14285714285714285,0.2727272727272727,0.0,5.0,0.2,0.28
130063,ID,Acute Care,0,0,For-Profit,,0.0,0.125,0.18181818181818182,1.0,0.25,0.3113636363636364,4,,,0.0,0.0,0.5,0.0,1.0,0.3333333333333333,0.3333333333333333
130065,ID,Acute Care,1,1,For-Profit,3.0,0.0,0.625,0.5454545454545454,1.0,0.6666666666666666,0.5674242424242424,4,,,0.0,0.0,0.0,0.3333333333333333,-2.0,-0.18181818181818182,0.0
130066,ID,Acute Care,0,0,For-Profit,,0.0,0.25,0.36363636363636365,1.0,0.5833333333333334,0.43939393939393945,4,,,0.0,0.0,0.25,0.0,1.0,0.16666666666666666,0.16666666666666666
130071,ID,Acute Care,1,1,Non-Profit,4.0,0.7142857142857143,0.625,0.7272727272727273,1.0,0.9166666666666666,0.7966450216450217,5,0.0,0.2,0.2,0.0,0.0,0.0,0.0,0.0,0.05555555555555555
130073,ID,Acute Care,1,0,Non-Profit,,0.0,0.0,0.0,0.0,0.25,0.05,1,,,,,,,0.0,,
130074,ID,Acute Care,0,1,For-Profit,5.0,0.5714285714285714,0.625,0.45454545454545453,1.0,0.6666666666666666,0.6635281385281385,5,0.0,0.0,0.0,0.0,0.2,0.0,1.0,0.07142857142857142,0.07142857142857142
130779,ID,Rural/Access,0,1,Government,,0.0,0.0,0.0,0.0,0.0,0.0,0,,,,,,,0.0,,
131301,ID,Rural/Access,0,1,Non-Profit,,0.0,0.0,0.18181818181818182,0.0,0.3333333333333333,0.10303030303030303,2,,,,,0.0,0.0,0.0,0.0,0.0
131302,ID,Rural/Access,0,0,Non-Profit,,0.14285714285714285,0.0,0.18181818181818182,0.0,0.5,0.16493506493506493,3,0.0,0.0,,,0.5,0.0,1.0,0.3333333333333333,0.3333333333333333
131303,ID,Rural/Access,0,1,Government,,0.14285714285714285,0.0,0.18181818181818182,0.0,0.4166666666666667,0.14826839826839827,3,0.0,0.0,,,0.0,0.0,0.0,0.0,0.0
131304,ID,Rural/Access,0,1,Government,,0.0,0.0,0.0,0.0,0.16666666666666666,0.03333333333333333,1,,,,,,,0.0,,
131305,ID,Rural/Access,0,1,Government,,0.2857142857142857,0.125,0.5454545454545454,0.0,0.16666666666666666,0.22456709956709955,4,0.0,0.0,0.0,0.0,0.0,0.0,0.0,0.0,0.0
131307,ID,Rural/Access,0,1,Government,,0.0,0.0,0.18181818181818182,0.0,0.4166666666666667,0.1196969696969697,2,,,,,0.0,0.0,0.0,0.0,0.0
131309,ID,Rural/Access,0,1,Government,,0.0,0.0,0.09090909090909091,0.0,0.3333333333333333,0.08484848484848484,2,,,,,0.0,0.0,0.0,0.0,0.0
131310,ID,Rural/Access,0,1,Non-Profit,,0.0,0.0,0.09090909090909091,0.0,0.4166666666666667,0.10151515151515152,2,,,,,0.0,0.0,0.0,0.0,0.0
131311,ID,Rural/Access,1,1,Non-Profit,,0.14285714285714285,0.0,0.36363636363636365,0.0,0.5,0.2012987012987013,3,0.0,0.0,,,0.0,0.0,0.0,0.0,0.0
131312,ID,Rural/Access,1,1,For-Profit,,0.0,0.0,0.36363636363636365,0.0,0.5,0.17272727272727273,2,,,,,0.0,0.0,0.0,0.0,0.0
131313,ID,Rural/Access,0,1,Non-Profit,,0.0,0.0,0.09090909090909091,0.0,0.25,0.06818181818181819,2,,,,,0.0,0.0,0.0,0.0,0.0
131314,ID,Rural/Access,0,1,Government,,0.14285714285714285,0.0,0.36363636363636365,0.0,0.25,0.15129870129870132,3,0.0,0.0,,,0.0,0.0,0.0,0.0,0.0
131315,ID,Rural/Access,0,1,Non-Profit,4.0,0.42857142857142855,0.0,0.36363636363636365,0.0,0.5833333333333334,0.27510822510822514,3,0.0,0.0,,,0.0,0.0,0.0,0.0,0.0
131316,ID,Rural/Access,1,1,Government,,0.14285714285714285,0.0,0.2727272727272727,0.0,0.25,0.1331168831168831,3,0.0,0.0,,,0.0,0.0,0.0,0.0,0.0
131317,ID,Rural/Access,0,1,Government,,0.0,0.0,0.09090909090909091,0.0,0.3333333333333333,0.08484848484848484,2,,,,,0.0,0.0,0.0,0.0,0.0
131318,ID,Rural/Access,0,1,Government,,0.0,0.0,0.09090909090909091,0.0,0.4166666666666667,0.10151515151515152,2,,,,,0.0,0.0,0.0,0.0,0.0
131319,ID,Rural/Access,0,1,Government,,0.0,0.0,0.2727272727272727,0.0,0.3333333333333333,0.12121212121212119,2,,,,,0.0,0.0,0.0,0.0,0.0
131320,ID,Rural/Access,0,1,Non-Profit,3.0,0.5714285714285714,0.0,0.36363636363636365,0.0,0.3333333333333333,0.25367965367965367,3,0.0,0.0,,,0.25,0.0,1.0,0.125,0.125
131321,ID,Rural/Access,0,1,Non-Profit,,0.14285714285714285,0.0,0.18181818181818182,0.0,0.3333333333333333,0.13160173160173158,3,0.0,0.0,,,0.0,0.0,0.0,0.0,0.0
131322,ID,Rural/Access,0,1,Non-Profit,,0.2857142857142857,0.0,0.45454545454545453,1.0,0.5,0.44805194805194803,4,0.0,0.0,,,0.0,0.0,0.0,0.0,0.0
131323,ID,Rural/Access,1,1,Non-Profit,,0.2857142857142857,0.25,0.7272727272727273,1.0,0.6666666666666666,0.585930735930736,5,0.0,0.0,0.0,0.0,0.0,0.0,0.0,0.0,0.0
131324,ID,Rural/Access,0,1,Government,,0.0,0.0,0.0,0.0,0.3333333333333333,0.06666666666666667,1,,,,,,,0.0,,
131325,ID,Rural/Access,0,1,Non-Profit,,0.2857142857142857,0.25,0.6363636363636364,1.0,0.4166666666666667,0.5177489177489177,5,0.0,0.0,0.0,0.0,0.0,0.0,0.0,0.0,0.0
131326,ID,Rural/Access,1,1,Non-Profit,,0.2857142857142857,0.0,0.36363636363636365,1.0,0.75,0.4798701298701299,4,0.0,0.0,,,0.25,0.0,1.0,0.16666666666666666,0.16666666666666666
131327,ID,Rural/Access,0,1,Non-Profit,3.0,0.42857142857142855,0.125,0.7272727272727273,1.0,0.9166666666666666,0.6395021645021645,5,0.0,0.0,0.0,0.0,0.125,0.0,1.0,0.08333333333333333,0.08333333333333333
131328,ID,Rural/Access,0,1,Non-Profit,1.0,0.2857142857142857,0.375,0.45454545454545453,1.0,0.5833333333333334,0.5397186147186147,5,0.0,0.0,0.0,0.0,0.2,0.0,1.0,0.1,0.1
134002,ID,Psychiatric,0,0,For-Profit,,0.0,0.0,0.0,0.0,0.0,0.0,0,,,,,,,0.0,,
134009,ID,Psychiatric,0,0,Non-Profit,,0.0,0.0,0.0,0.0,0.0,0.0,0,,,,,,,0.0,,
134010,ID,Psychiatric,0,0,Government,,0.0,0.0,0.0,0.0,0.0,0.0,0,,,,,,,0.0,,
134017,ID,Psychiatric,0,0,For-Profit,,0.0,0.0,0.0,0.0,0.0,0.0,0,,,,,,,0.0,,
140001,IL,Acute Care,1,1,Non-Profit,2.0,0.42857142857142855,0.5,0.6363636363636364,1.0,0.9166666666666666,0.6963203463203463,5,0.0,0.0,0.0,0.0,0.0,0.0,0.0,0.0,0.0
140002,IL,Acute Care,1,1,Non-Profit,4.0,0.7142857142857143,0.875,0.9090909090909091,1.0,1.0,0.8996753246753247,5,0.0,0.0,0.0,0.0,0.0,0.1,-1.0,-0.045454545454545456,0.0
140007,IL,Acute Care,1,1,Non-Profit,1.0,1.0,0.875,1.0,1.0,0.9166666666666666,0.9583333333333334,5,0.0,0.0,0.14285714285714285,0.0,0.0,0.2727272727272727,-2.0,-0.08,0.04
140008,IL,Acute Care,0,1,Non-Profit,2.0,0.8571428571428571,0.75,0.7272727272727273,1.0,0.75,0.8168831168831169,5,0.0,0.0,0.16666666666666666,0.0,0.0,0.375,-2.0,-0.1,0.05
140010,IL,Acute Care,1,1,Non-Profit,5.0,1.0,1.0,1.0,1.0,1.0,1.0,5,0.7142857142857143,0.0,0.5,0.0,0.18181818181818182,0.18181818181818182,9.0,0.34615384615384615,0.4230769230769231
140011,IL,Acute Care,0,1,Non-Profit,2.0,0.8571428571428571,0.75,0.6363636363636364,1.0,0.9166666666666666,0.8320346320346321,5,0.0,0.16666666666666666,0.16666666666666666,0.0,0.0,0.2857142857142857,-2.0,-0.10526315789473684,0.05263157894736842
140012,IL,Acute Care,1,1,Non-Profit,2.0,0.5714285714285714,0.25,0.6363636363636364,1.0,0.9166666666666666,0.6748917748917749,5,0.0,0.0,0.0,0.0,0.0,0.0,0.0,0.0,0.0
140013,IL,Acute Care,0,1,Non-Profit,3.0,0.7142857142857143,0.375,0.45454545454545453,1.0,0.6666666666666666,0.6420995670995671,5,0.0,0.0,0.0,0.0,0.2,0.0,1.0,0.07692307692307693,0.07692307692307693
140015,IL,Acute Care,1,1,Non-Profit,4.0,1.0,0.875,1.0,1.0,0.9166666666666666,0.9583333333333334,5,0.0,0.0,0.14285714285714285,0.0,0.09090909090909091,0.0,2.0,0.08,0.08
140018,IL,Acute Care,1,1,Non-Profit,1.0,0.8571428571428571,0.75,0.6363636363636364,1.0,0.6666666666666666,0.782034632034632,5,0.0,0.0,0.16666666666666666,0.16666666666666666,0.0,0.0,0.0,0.0,0.05263157894736842
140029,IL,Acute Care,1,1,Non-Profit,3.0,1.0,1.0,1.0,1.0,1.0,1.0,5,0.0,0.0,0.0,0.0,0.0,0.0,0.0,0.0,0.0
140030,IL,Acute Care,1,1,Non-Profit,5.0,1.0,0.875,0.9090909090909091,1.0,0.9166666666666666,0.9401515151515152,5,0.2857142857142857,0.0,0.2857142857142857,0.0,0.0,0.0,4.0,0.16666666666666666,0.16666666666666666
140032,IL,Acute Care,1,1,Non-Profit,3.0,0.7142857142857143,0.375,0.5454545454545454,1.0,1.0,0.726948051948052,5,0.0,0.0,0.3333333333333333,0.0,0.0,0.16666666666666666,0.0,0.0,0.07142857142857142
140034,IL,Acute Care,0,1,Non-Profit,2.0,0.5714285714285714,0.25,0.5454545454545454,1.0,0.8333333333333334,0.6400432900432901,5,0.0,0.0,0.0,0.0,0.0,0.16666666666666666,-1.0,-0.08333333333333333,0.0
14003F,IL,Acute Care,0,1,Government,5.0,0.7142857142857143,0.5,0.5454545454545454,1.0,0.3333333333333333,0.6186147186147186,5,0.6,0.0,0.0,0.0,0.0,0.0,3.0,0.2,0.2
140043,IL,Acute Care,1,1,Government,2.0,0.7142857142857143,0.625,0.9090909090909091,1.0,0.8333333333333334,0.8163419913419914,5,0.0,0.2,0.0,0.0,0.0,0.0,-1.0,-0.05,0.0
140046,IL,Acute Care,1,1,Non-Profit,3.0,0.8571428571428571,0.75,0.9090909090909091,1.0,0.8333333333333334,0.86991341991342,5,0.0,0.0,0.16666666666666666,0.0,0.0,0.1,0.0,0.0,0.045454545454545456
140048,IL,Acute Care,1,1,Non-Profit,2.0,0.8571428571428571,0.75,0.8181818181818182,1.0,1.0,0.8850649350649352,5,0.16666666666666666,0.0,0.16666666666666666,0.16666666666666666,0.0,0.3333333333333333,-2.0,-0.09523809523809523,0.09523809523809523
140049,IL,Acute Care,1,0,Non-Profit,1.0,0.7142857142857143,0.625,0.5454545454545454,1.0,0.75,0.726948051948052,5,0.0,0.0,0.0,0.2,0.0,0.16666666666666666,-2.0,-0.125,0.0
14004F,IL,Acute Care,0,0,Government,,0.2857142857142857,0.0,0.36363636363636365,0.0,0.25,0.17987012987012987,3,0.0,0.0,,,0.0,0.0,0.0,0.0,0.0
140052,IL,Acute Care,0,0,Non-Profit,3.0,0.7142857142857143,0.25,0.7272727272727273,1.0,0.75,0.6883116883116883,5,0.0,0.0,0.0,0.0,0.125,0.0,1.0,0.06666666666666667,0.06666666666666667
140053,IL,Acute Care,1,1,Non-Profit,3.0,1.0,0.75,0.9090909090909091,1.0,0.8333333333333334,0.8984848484848484,5,0.0,0.0,0.3333333333333333,0.16666666666666666,0.0,0.2,-1.0,-0.043478260869565216,0.08695652173913043
140054,IL,Acute Care,1,1,For-Profit,3.0,0.8571428571428571,0.75,0.8181818181818182,1.0,0.9166666666666666,0.8683982683982684,5,0.0,0.0,0.16666666666666666,0.0,0.0,0.0,1.0,0.047619047619047616,0.047619047619047616
140059,IL,Acute Care,0,1,Government,2.0,0.42857142857142855,0.25,0.6363636363636364,1.0,0.75,0.612987012987013,5,0.0,0.0,0.0,0.0,0.0,0.0,0.0,0.0,0.0
140062,IL,Acute Care,1,1,Non-Profit,3.0,1.0,0.875,1.0,1.0,0.9166666666666666,0.9583333333333334,5,0.2857142857142857,0.0,0.2857142857142857,0.14285714285714285,0.0,0.0,3.0,0.12,0.16
140063,IL,Acute Care,0,1,Non-Profit,4.0,0.7142857142857143,0.625,0.7272727272727273,1.0,0.8333333333333334,0.7799783549783551,5,0.4,0.0,0.2,0.0,0.0,0.125,2.0,0.1111111111111111,0.16666666666666666
140064,IL,Acute Care,1,1,Non-Profit,2.0,0.7142857142857143,0.375,0.6363636363636364,1.0,0.9166666666666666,0.7284632034632035,5,0.0,0.0,0.0,0.0,0.0,0.0,0.0,0.0,0.0
140065,IL,Acute Care,0,1,Non-Profit,5.0,0.8571428571428571,0.875,0.6363636363636364,1.0,0.8333333333333334,0.8403679653679653,5,0.0,0.0,0.14285714285714285,0.0,0.42857142857142855,0.0,4.0,0.2,0.2
140067,IL,Acute Care,1,1,Non-Profit,2.0,1.0,1.0,1.0,1.0,1.0,1.0,5,0.0,0.14285714285714285,0.25,0.25,0.0,0.18181818181818182,-3.0,-0.11538461538461539,0.07692307692307693
140068,IL,Acute Care,1,1,Non-Profit,1.0,0.42857142857142855,0.25,0.36363636363636365,1.0,0.5833333333333334,0.5251082251082251,5,0.0,0.0,0.5,0.0,0.0,0.0,1.0,0.1111111111111111,0.1111111111111111
140077,IL,Acute Care,0,1,Non-Profit,,0.0,0.125,0.0,0.0,0.4166666666666667,0.10833333333333335,2,,,0.0,0.0,,,0.0,0.0,0.0
14007F,IL,Acute Care,0,1,Government,2.0,0.7142857142857143,0.5,0.5454545454545454,1.0,0.5,0.6519480519480519,5,0.6,0.0,0.0,0.25,0.0,0.5,-1.0,-0.06666666666666667,0.2
140080,IL,Acute Care,0,1,Non-Profit,2.0,0.8571428571428571,0.75,0.8181818181818182,1.0,0.75,0.8350649350649352,5,0.0,0.0,0.3333333333333333,0.0,0.0,0.2222222222222222,0.0,0.0,0.09523809523809523
140082,IL,Acute Care,0,1,For-Profit,1.0,0.8571428571428571,0.75,0.9090909090909091,1.0,0.6666666666666666,0.8365800865800865,5,0.0,0.0,0.0,0.16666666666666666,0.0,0.0,-1.0,-0.045454545454545456,0.0
140083,IL,Acute Care,0,1,Non-Profit,,0.0,0.25,0.09090909090909091,0.0,0.5,0.16818181818181818,3,,,0.0,0.0,0.0,0.0,0.0,0.0,0.0
140084,IL,Acute Care,0,1,For-Profit,2.0,0.7142857142857143,0.625,0.6363636363636364,1.0,0.75,0.7451298701298701,5,0.0,0.0,0.0,0.0,0.0,0.2857142857142857,-2.0,-0.11764705882352941,0.0
140088,IL,Acute Care,1,1,Non-Profit,4.0,1.0,0.875,0.9090909090909091,1.0,0.9166666666666666,0.9401515151515152,5,0.2857142857142857,0.0,0.5714285714285714,0.0,0.0,0.3,3.0,0.125,0.25
140089,IL,Acute Care,1,1,Government,3.0,0.42857142857142855,0.125,0.5454545454545454,1.0,0.9166666666666666,0.6031385281385281,5,0.0,0.0,0.0,0.0,0.16666666666666666,0.0,1.0,0.1,0.1
14008F,IL,Acute Care,0,1,Government,3.0,0.42857142857142855,0.125,0.36363636363636365,1.0,0.3333333333333333,0.4501082251082251,5,0.0,0.0,0.0,0.0,0.0,0.25,-1.0,-0.125,0.0
140091,IL,Acute Care,1,1,Non-Profit,3.0,1.0,0.875,1.0,1.0,0.9166666666666666,0.9583333333333334,5,0.0,0.0,0.2857142857142857,0.0,0.0,0.18181818181818182,0.0,0.0,0.08
140093,IL,Acute Care,1,1,Non-Profit,2.0,0.7142857142857143,0.375,0.7272727272727273,1.0,0.6666666666666666,0.6966450216450217,5,0.0,0.0,0.0,0.0,0.0,0.0,0.0,0.0,0.0
140095,IL,Acute Care,1,1,Non-Profit,1.0,0.14285714285714285,0.5,0.2727272727272727,1.0,0.6666666666666666,0.5164502164502165,5,0.0,0.0,0.25,0.0,0.0,0.0,1.0,0.125,0.125
140100,IL,Acute Care,0,1,For-Profit,4.0,0.0,0.375,0.45454545454545453,0.0,0.5833333333333334,0.2825757575757576,3,,,0.0,0.0,0.0,0.0,0.0,0.0,0.0
140101,IL,Acute Care,1,1,Non-Profit,3.0,0.7142857142857143,0.625,0.7272727272727273,1.0,1.0,0.8133116883116884,5,0.0,0.0,0.0,0.0,0.0,0.0,0.0,0.0,0.0
140103,IL,Acute Care,0,1,Non-Profit,1.0,0.42857142857142855,0.5,0.36363636363636365,0.0,0.6666666666666666,0.3917748917748917,4,0.0,0.0,0.25,0.0,0.0,0.5,-1.0,-0.09090909090909091,0.09090909090909091
140110,IL,Acute Care,1,1,Non-Profit,4.0,0.5714285714285714,0.5,0.7272727272727273,1.0,0.9166666666666666,0.743073593073593,5,0.0,0.25,0.0,0.0,0.125,0.0,0.0,0.0,0.0625
140113,IL,Acute Care,0,1,Non-Profit,3.0,0.8571428571428571,0.5,0.7272727272727273,1.0,0.6666666666666666,0.7502164502164501,5,0.0,0.0,0.0,0.0,0.125,0.0,1.0,0.05555555555555555,0.05555555555555555
140114,IL,Acute Care,1,1,Non-Profit,2.0,0.8571428571428571,0.875,0.9090909090909091,1.0,1.0,0.9282467532467532,5,0.0,0.0,0.14285714285714285,0.0,0.0,0.1,0.0,0.0,0.043478260869565216
140115,IL,Acute Care,0,1,Non-Profit,,0.14285714285714285,0.25,0.45454545454545453,1.0,0.6666666666666666,0.5028138528138528,5,0.0,0.0,0.0,0.0,0.0,0.2,-1.0,-0.125,0.0
140116,IL,Acute Care,1,1,Non-Profit,5.0,1.0,0.875,1.0,1.0,1.0,0.975,5,0.42857142857142855,0.0,0.14285714285714285,0.0,0.0,0.09090909090909091,3.0,0.12,0.16
140117,IL,Acute Care,1,1,Non-Profit,4.0,1.0,0.875,0.8181818181818182,1.0,0.8333333333333334,0.9053030303030303,5,0.14285714285714285,0.0,0.2857142857142857,0.0,0.0,0.0,3.0,0.13043478260869565,0.13043478260869565
140119,IL,Acute Care,1,1,Non-Profit,5.0,1.0,1.0,1.0,1.0,0.9166666666666666,0.9833333333333334,5,0.7142857142857143,0.0,0.5,0.0,0.09090909090909091,0.18181818181818182,8.0,0.3076923076923077,0.38461538461538464
140120,IL,Acute Care,0,1,Non-Profit,2.0,0.7142857142857143,0.25,0.5454545454545454,1.0,0.75,0.6519480519480519,5,0.0,0.0,0.0,0.0,0.0,0.0,0.0,0.0,0.0
140122,IL,Acute Care,1,1,Non-Profit,4.0,1.0,0.875,0.7272727272727273,1.0,1.0,0.9204545454545455,5,0.14285714285714285,0.0,0.14285714285714285,0.0,0.0,0.125,1.0,0.045454545454545456,0.09090909090909091
140124,IL,Acute Care,1,1,Government,3.0,0.5714285714285714,0.875,0.7272727272727273,1.0,0.8333333333333334,0.8014069264069263,5,0.25,0.0,0.2857142857142857,0.0,0.0,0.125,2.0,0.10526315789473684,0.15789473684210525
140125,IL,Acute Care,0,1,Non-Profit,1.0,0.42857142857142855,0.375,0.5454545454545454,1.0,0.6666666666666666,0.6031385281385281,5,0.0,0.0,0.0,0.0,0.0,0.0,0.0,0.0,0.0
140127,IL,Acute Care,1,1,Non-Profit,3.0,0.8571428571428571,0.875,0.7272727272727273,1.0,0.8333333333333334,0.8585497835497835,5,0.0,0.0,0.14285714285714285,0.0,0.0,0.0,1.0,0.047619047619047616,0.047619047619047616
140130,IL,Acute Care,1,1,Non-Profit,5.0,0.8571428571428571,1.0,0.9090909090909091,1.0,0.9166666666666666,0.9365800865800866,5,0.5,0.0,0.125,0.0,0.1,0.2,3.0,0.125,0.20833333333333334
140133,IL,Acute Care,0,1,Non-Profit,1.0,0.5714285714285714,0.25,0.45454545454545453,1.0,0.6666666666666666,0.5885281385281386,5,0.0,0.0,0.0,0.0,0.0,0.2,-1.0,-0.09090909090909091,0.0
140135,IL,Acute Care,1,1,Non-Profit,3.0,0.8571428571428571,0.875,0.9090909090909091,1.0,0.9166666666666666,0.9115800865800866,5,0.16666666666666666,0.0,0.14285714285714285,0.0,0.0,0.1,1.0,0.043478260869565216,0.08695652173913043
140137,IL,Acute Care,0,1,Non-Profit,,0.2857142857142857,0.125,0.36363636363636365,0.0,0.5833333333333334,0.2715367965367966,4,0.0,0.0,0.0,0.0,0.0,0.25,-1.0,-0.14285714285714285,0.0
140145,IL,Acute Care,1,1,Non-Profit,4.0,0.42857142857142855,0.25,0.45454545454545453,1.0,0.8333333333333334,0.5932900432900433,5,0.3333333333333333,0.0,0.0,0.0,0.0,0.0,1.0,0.1,0.1
140148,IL,Acute Care,1,1,Non-Profit,2.0,1.0,1.0,1.0,1.0,0.8333333333333334,0.9666666666666666,5,0.0,0.0,0.375,0.25,0.09090909090909091,0.18181818181818182,0.0,0.0,0.15384615384615385
140150,IL,Acute Care,1,1,Government,2.0,0.8571428571428571,1.0,0.8181818181818182,1.0,0.8333333333333334,0.9017316017316018,5,0.0,0.0,0.125,0.125,0.0,0.1111111111111111,-1.0,-0.043478260869565216,0.043478260869565216
140155,IL,Acute Care,1,1,Non-Profit,4.0,0.8571428571428571,0.625,0.9090909090909091,1.0,0.8333333333333334,0.84491341991342,5,0.0,0.0,0.2,0.0,0.1,0.0,2.0,0.09523809523809523,0.09523809523809523
140158,IL,Acute Care,0,1,Non-Profit,1.0,0.42857142857142855,0.25,0.45454545454545453,1.0,0.5,0.5266233766233765,5,0.0,0.0,0.0,0.0,0.0,0.2,-1.0,-0.1,0.0
140160,IL,Acute Care,1,1,Non-Profit,3.0,0.7142857142857143,0.75,0.8181818181818182,1.0,0.8333333333333334,0.8231601731601732,5,0.0,0.0,0.0,0.0,0.0,0.0,0.0,0.0,0.0
140161,IL,Acute Care,0,0,Non-Profit,3.0,0.5714285714285714,0.375,0.6363636363636364,1.0,0.8333333333333334,0.6832251082251083,5,0.0,0.0,0.0,0.0,0.0,0.0,0.0,0.0,0.0
140162,IL,Acute Care,1,1,Non-Profit,1.0,1.0,0.875,0.7272727272727273,1.0,0.8333333333333334,0.8871212121212121,5,0.0,0.0,0.14285714285714285,0.0,0.0,0.125,0.0,0.0,0.045454545454545456
140164,IL,Acute Care,1,1,Non-Profit,2.0,1.0,0.875,1.0,1.0,0.75,0.925,5,0.0,0.0,0.2857142857142857,0.0,0.0,0.18181818181818182,0.0,0.0,0.08
140166,IL,Acute Care,0,1,Non-Profit,1.0,0.8571428571428571,0.375,0.7272727272727273,1.0,1.0,0.7918831168831169,5,0.0,0.0,0.0,0.3333333333333333,0.0,0.125,-2.0,-0.11764705882352941,0.0
140172,IL,Acute Care,1,1,Non-Profit,2.0,0.8571428571428571,0.875,0.9090909090909091,1.0,0.9166666666666666,0.9115800865800866,5,0.16666666666666666,0.0,0.0,0.0,0.0,0.2,-1.0,-0.043478260869565216,0.043478260869565216
140174,IL,Acute Care,1,1,Non-Profit,3.0,1.0,0.625,0.9090909090909091,1.0,0.75,0.8568181818181818,5,0.0,0.0,0.0,0.0,0.0,0.0,0.0,0.0,0.0
140177,IL,Acute Care,0,1,Non-Profit,,0.2857142857142857,0.25,0.2727272727272727,0.0,0.5,0.2616883116883117,4,0.0,0.0,0.5,0.0,0.0,0.3333333333333333,0.0,0.0,0.14285714285714285
140179,IL,Acute Care,1,1,Non-Profit,2.0,0.8571428571428571,0.875,0.9090909090909091,1.0,0.9166666666666666,0.9115800865800866,5,0.5,0.0,0.14285714285714285,0.0,0.0,0.4,0.0,0.0,0.17391304347826086
140180,IL,Acute Care,1,1,Non-Profit,3.0,0.8571428571428571,0.625,0.7272727272727273,1.0,0.75,0.7918831168831169,5,0.0,0.0,0.2,0.0,0.0,0.25,-1.0,-0.05263157894736842,0.05263157894736842
140181,IL,Acute Care,0,1,Non-Profit,1.0,0.14285714285714285,0.375,0.2727272727272727,0.0,0.5,0.2581168831168831,4,0.0,0.0,0.0,0.0,0.0,0.3333333333333333,-1.0,-0.14285714285714285,0.0
140182,IL,Acute Care,1,1,Non-Profit,3.0,0.8571428571428571,0.875,0.8181818181818182,1.0,0.8333333333333334,0.8767316017316018,5,0.16666666666666666,0.0,0.14285714285714285,0.0,0.0,0.1111111111111111,1.0,0.045454545454545456,0.09090909090909091
140184,IL,Acute Care,0,1,For-Profit,2.0,0.7142857142857143,0.375,0.7272727272727273,1.0,0.8333333333333334,0.7299783549783551,5,0.0,0.0,0.0,0.0,0.0,0.0,0.0,0.0,0.0
140185,IL,Acute Care,1,1,Non-Profit,4.0,1.0,0.875,0.8181818181818182,1.0,0.9166666666666666,0.9219696969696971,5,0.0,0.0,0.2857142857142857,0.0,0.0,0.0,2.0,0.08695652173913043,0.08695652173913043
140186,IL,Acute Care,1,1,Non-Profit,4.0,1.0,0.75,0.9090909090909091,1.0,1.0,0.9318181818181819,5,0.0,0.0,0.16666666666666666,0.0,0.1,0.0,2.0,0.08695652173913043,0.08695652173913043
140187,IL,Acute Care,1,1,Non-Profit,4.0,1.0,0.875,1.0,1.0,1.0,0.975,5,0.0,0.0,0.5714285714285714,0.0,0.09090909090909091,0.09090909090909091,4.0,0.16,0.2
140189,IL,Acute Care,1,1,Non-Profit,2.0,0.8571428571428571,0.875,0.9090909090909091,1.0,1.0,0.9282467532467532,5,0.0,0.0,0.0,0.14285714285714285,0.0,0.2,-3.0,-0.13043478260869565,0.0
140191,IL,Acute Care,1,1,For-Profit,1.0,0.8571428571428571,0.875,0.8181818181818182,1.0,0.9166666666666666,0.8933982683982684,5,0.16666666666666666,0.0,0.14285714285714285,0.0,0.0,0.2222222222222222,0.0,0.0,0.09090909090909091
140197,IL,Acute Care,0,1,Non-Profit,,0.0,0.0,0.09090909090909091,0.0,0.4166666666666667,0.10151515151515152,2,,,,,0.0,0.0,0.0,0.0,0.0
140200,IL,Acute Care,1,1,For-Profit,4.0,1.0,1.0,1.0,1.0,0.9166666666666666,0.9833333333333334,5,0.14285714285714285,0.0,0.375,0.0,0.0,0.09090909090909091,3.0,0.11538461538461539,0.15384615384615385
140202,IL,Acute Care,1,1,Non-Profit,4.0,1.0,0.875,0.8181818181818182,1.0,1.0,0.9386363636363637,5,0.14285714285714285,0.14285714285714285,0.42857142857142855,0.0,0.0,0.1111111111111111,2.0,0.08695652173913043,0.17391304347826086
140206,IL,Acute Care,1,1,Non-Profit,1.0,0.42857142857142855,0.625,0.45454545454545453,1.0,0.75,0.6516233766233765,5,0.0,0.0,0.0,0.0,0.0,0.2,-1.0,-0.07692307692307693,0.0
140208,IL,Acute Care,1,1,Non-Profit,3.0,1.0,1.0,1.0,1.0,1.0,1.0,5,0.42857142857142855,0.0,0.375,0.25,0.0,0.09090909090909091,3.0,0.11538461538461539,0.23076923076923078
140209,IL,Acute Care,1,1,Non-Profit,1.0,1.0,0.75,0.7272727272727273,1.0,0.9166666666666666,0.8787878787878789,5,0.0,0.0,0.16666666666666666,0.0,0.0,0.125,0.0,0.0,0.047619047619047616
140210,IL,Acute Care,0,1,Non-Profit,3.0,0.42857142857142855,0.125,0.5454545454545454,0.0,0.75,0.3698051948051948,4,0.0,0.0,0.0,0.0,0.0,0.0,0.0,0.0,0.0
140211,IL,Acute Care,1,1,Non-Profit,5.0,0.8571428571428571,0.875,0.9090909090909091,1.0,1.0,0.9282467532467532,5,0.16666666666666666,0.0,0.14285714285714285,0.0,0.0,0.1,1.0,0.043478260869565216,0.08695652173913043
140213,IL,Acute Care,1,1,Non-Profit,4.0,1.0,1.0,0.8181818181818182,1.0,1.0,0.9636363636363636,5,0.0,0.0,0.125,0.0,0.0,0.2222222222222222,-1.0,-0.041666666666666664,0.041666666666666664
140217,IL,Acute Care,0,1,Non-Profit,2.0,0.7142857142857143,0.5,0.7272727272727273,1.0,0.6666666666666666,0.7216450216450216,5,0.0,0.0,0.0,0.0,0.125,0.125,0.0,0.0,0.058823529411764705
140223,IL,Acute Care,1,1,Non-Profit,4.0,1.0,1.0,1.0,1.0,0.9166666666666666,0.9833333333333334,5,0.5714285714285714,0.0,0.125,0.125,0.0,0.09090909090909091,3.0,0.11538461538461539,0.19230769230769232
140224,IL,Acute Care,1,1,Non-Profit,4.0,0.7142857142857143,0.875,0.7272727272727273,1.0,0.75,0.8133116883116884,5,0.0,0.0,0.2857142857142857,0.0,0.0,0.0,2.0,0.1,0.1
140228,IL,Acute Care,1,1,Non-Profit,3.0,1.0,0.875,0.9090909090909091,1.0,0.9166666666666666,0.9401515151515152,5,0.0,0.14285714285714285,0.42857142857142855,0.0,0.1,0.1,2.0,0.08333333333333333,0.16666666666666666
140231,IL,Acute Care,1,1,Non-Profit,4.0,1.0,1.0,1.0,1.0,0.9166666666666666,0.9833333333333334,5,0.14285714285714285,0.0,0.25,0.0,0.0,0.09090909090909091,2.0,0.07692307692307693,0.11538461538461539
140233,IL,Acute Care,1,1,Non-Profit,2.0,1.0,0.875,1.0,1.0,0.8333333333333334,0.9416666666666667,5,0.0,0.0,0.2857142857142857,0.0,0.0,0.0,2.0,0.08,0.08
140239,IL,Acute Care,1,1,Non-Profit,2.0,1.0,0.75,0.9090909090909091,1.0,0.8333333333333334,0.8984848484848484,5,0.0,0.14285714285714285,0.0,0.16666666666666666,0.0,0.0,-2.0,-0.08695652173913043,0.0
140242,IL,Acute Care,1,1,Non-Profit,5.0,1.0,1.0,1.0,1.0,0.9166666666666666,0.9833333333333334,5,0.14285714285714285,0.0,0.375,0.0,0.0,0.09090909090909091,3.0,0.11538461538461539,0.15384615384615385
140251,IL,Acute Care,0,1,For-Profit,1.0,0.7142857142857143,0.625,0.5454545454545454,1.0,0.6666666666666666,0.7102813852813853,5,0.0,0.0,0.2,0.0,0.0,0.16666666666666666,0.0,0.0,0.0625
140252,IL,Acute Care,1,1,Non-Profit,4.0,1.0,1.0,1.0,1.0,1.0,1.0,5,0.0,0.0,0.375,0.0,0.18181818181818182,0.18181818181818182,3.0,0.11538461538461539,0.19230769230769232
140258,IL,Acute Care,1,1,Non-Profit,4.0,1.0,1.0,1.0,1.0,0.8333333333333334,0.9666666666666666,5,0.14285714285714285,0.0,0.125,0.0,0.09090909090909091,0.09090909090909091,2.0,0.07692307692307693,0.11538461538461539
140275,IL,Acute Care,1,1,Government,2.0,0.5714285714285714,0.625,0.8181818181818182,1.0,0.8333333333333334,0.7695887445887446,5,0.0,0.0,0.0,0.0,0.0,0.0,0.0,0.0,0.0
140276,IL,Acute Care,1,1,Non-Profit,3.0,1.0,1.0,1.0,1.0,0.9166666666666666,0.9833333333333334,5,0.14285714285714285,0.0,0.25,0.0,0.0,0.2727272727272727,0.0,0.0,0.11538461538461539
140280,IL,Acute Care,1,1,Non-Profit,2.0,1.0,1.0,1.0,1.0,0.75,0.95,5,0.0,0.14285714285714285,0.125,0.0,0.0,0.0,0.0,0.0,0.038461538461538464
140281,IL,Acute Care,1,1,Non-Profit,5.0,1.0,1.0,1.0,1.0,0.9166666666666666,0.9833333333333334,5,0.5714285714285714,0.0,0.5,0.0,0.09090909090909091,0.36363636363636365,5.0,0.19230769230769232,0.34615384615384615
140286,IL,Acute Care,1,1,Non-Profit,4.0,0.8571428571428571,0.75,0.8181818181818182,1.0,0.9166666666666666,0.8683982683982684,5,0.16666666666666666,0.0,0.16666666666666666,0.16666666666666666,0.0,0.0,1.0,0.047619047619047616,0.09523809523809523
140288,IL,Acute Care,1,1,Non-Profit,4.0,1.0,1.0,0.8181818181818182,1.0,1.0,0.9636363636363636,5,0.14285714285714285,0.0,0.125,0.125,0.0,0.1111111111111111,0.0,0.0,0.08333333333333333
140289,IL,Acute Care,1,1,Non-Profit,4.0,0.7142857142857143,0.875,0.8181818181818182,1.0,0.9166666666666666,0.8648268398268399,5,0.0,0.2,0.2857142857142857,0.0,0.0,0.0,1.0,0.047619047619047616,0.09523809523809523
140290,IL,Acute Care,1,1,Non-Profit,4.0,0.8571428571428571,1.0,0.9090909090909091,1.0,0.9166666666666666,0.9365800865800866,5,0.3333333333333333,0.0,0.125,0.0,0.0,0.1,2.0,0.08333333333333333,0.125
140291,IL,Acute Care,1,1,Non-Profit,4.0,1.0,1.0,0.8181818181818182,1.0,0.9166666666666666,0.946969696969697,5,0.2857142857142857,0.0,0.25,0.0,0.0,0.1111111111111111,3.0,0.125,0.16666666666666666
140292,IL,Acute Care,0,1,Non-Profit,2.0,0.7142857142857143,0.625,0.5454545454545454,1.0,0.75,0.726948051948052,5,0.0,0.0,0.2,0.0,0.0,0.0,1.0,0.0625,0.0625
140294,IL,Acute Care,0,1,For-Profit,,0.2857142857142857,0.25,0.45454545454545453,1.0,0.6666666666666666,0.5313852813852813,5,0.0,0.0,0.0,0.0,0.0,0.0,0.0,0.0,0.0
140300,IL,Acute Care,0,1,Government,,0.0,0.125,0.09090909090909091,0.0,0.6666666666666666,0.1765151515151515,3,,,0.0,0.0,0.0,0.0,0.0,0.0,0.0
140304,IL,Acute Care,1,1,Non-Profit,4.0,0.7142857142857143,0.625,0.7272727272727273,1.0,0.9166666666666666,0.7966450216450217,5,0.0,0.0,0.2,0.0,0.125,0.0,2.0,0.1111111111111111,0.1111111111111111
140308,IL,Acute Care,0,1,Non-Profit,,0.0,0.0,0.0,0.0,0.25,0.05,1,,,,,,,0.0,,
14034F,IL,Acute Care,0,1,Government,4.0,0.42857142857142855,0.125,0.36363636363636365,1.0,0.4166666666666667,0.46677489177489173,5,0.6666666666666666,0.0,0.0,0.0,0.0,0.0,2.0,0.25,0.25
141300,IL,Rural/Access,0,1,Government,,0.14285714285714285,0.0,0.18181818181818182,0.0,0.16666666666666666,0.09826839826839825,3,0.0,0.0,,,0.0,0.0,0.0,0.0,0.0
141301,IL,Rural/Access,0,1,Non-Profit,,0.0,0.0,0.2727272727272727,0.0,0.5833333333333334,0.1712121212121212,2,,,,,0.0,0.0,0.0,0.0,0.0
141302,IL,Rural/Access,0,1,Non-Profit,,0.0,0.125,0.18181818181818182,1.0,0.16666666666666666,0.29469696969696973,4,,,0.0,0.0,0.0,0.0,0.0,0.0,0.0
141303,IL,Rural/Access,0,1,Government,,0.0,0.0,0.18181818181818182,0.0,0.16666666666666666,0.0696969696969697,2,,,,,0.0,0.0,0.0,0.0,0.0
141304,IL,Rural/Access,0,1,Non-Profit,,0.0,0.0,0.18181818181818182,0.0,0.3333333333333333,0.10303030303030303,2,,,,,0.0,0.0,0.0,0.0,0.0
141305,IL,Rural/Access,0,1,Non-Profit,,0.2857142857142857,0.125,0.36363636363636365,1.0,0.4166666666666667,0.43820346320346315,5,0.0,0.0,0.0,0.0,0.0,0.0,0.0,0.0,0.0
141306,IL,Rural/Access,0,1,Non-Profit,,0.0,0.0,0.09090909090909091,0.0,0.16666666666666666,0.051515151515151514,2,,,,,0.0,0.0,0.0,0.0,0.0
141307,IL,Rural/Access,0,1,Government,,0.14285714285714285,0.0,0.18181818181818182,0.0,0.5,0.16493506493506493,3,0.0,0.0,,,0.0,0.0,0.0,0.0,0.0
141308,IL,Rural/Access,0,1,Government,,0.0,0.0,0.0,0.0,0.3333333333333333,0.06666666666666667,1,,,,,,,0.0,,
141309,IL,Rural/Access,0,1,Non-Profit,,0.0,0.0,0.18181818181818182,0.0,0.5833333333333334,0.15303030303030302,2,,,,,0.0,0.0,0.0,0.0,0.0
141310,IL,Rural/Access,0,1,Non-Profit,,0.2857142857142857,0.125,0.45454545454545453,1.0,0.4166666666666667,0.45638528138528134,5,0.0,0.5,0.0,0.0,0.0,0.0,-1.0,-0.125,0.0
141311,IL,Rural/Access,0,1,Non-Profit,3.0,0.42857142857142855,0.0,0.5454545454545454,0.0,0.75,0.3448051948051948,3,0.0,0.0,,,0.16666666666666666,0.0,1.0,0.1111111111111111,0.1111111111111111
141312,IL,Rural/Access,0,1,Non-Profit,,0.14285714285714285,0.0,0.2727272727272727,0.0,0.25,0.1331168831168831,3,0.0,0.0,,,0.0,0.0,0.0,0.0,0.0
141313,IL,Rural/Access,0,1,Government,,0.0,0.0,0.18181818181818182,0.0,0.5,0.13636363636363638,2,,,,,0.0,0.0,0.0,0.0,0.0
141315,IL,Rural/Access,0,1,Non-Profit,4.0,0.42857142857142855,0.0,0.45454545454545453,1.0,0.4166666666666667,0.4599567099567099,4,0.0,0.0,,,0.0,0.0,0.0,0.0,0.0
141316,IL,Rural/Access,0,1,Non-Profit,,0.14285714285714285,0.0,0.2727272727272727,1.0,0.25,0.3331168831168831,4,0.0,0.0,,,0.0,0.0,0.0,0.0,0.0
141317,IL,Rural/Access,1,1,Non-Profit,4.0,0.42857142857142855,0.25,0.6363636363636364,1.0,0.5833333333333334,0.5796536796536798,5,0.0,0.0,0.0,0.0,0.14285714285714285,0.0,1.0,0.08333333333333333,0.08333333333333333
141318,IL,Rural/Access,0,1,Non-Profit,,0.2857142857142857,0.0,0.36363636363636365,0.0,0.75,0.2798701298701299,3,0.0,0.0,,,0.0,0.0,0.0,0.0,0.0
141319,IL,Rural/Access,0,1,Government,,0.14285714285714285,0.0,0.2727272727272727,1.0,0.3333333333333333,0.34978354978354975,4,0.0,0.0,,,0.0,0.0,0.0,0.0,0.0
141320,IL,Rural/Access,0,1,Non-Profit,2.0,0.42857142857142855,0.0,0.45454545454545453,1.0,0.6666666666666666,0.5099567099567099,4,0.0,0.0,,,0.0,0.0,0.0,0.0,0.0
141321,IL,Rural/Access,0,1,Government,,0.2857142857142857,0.0,0.18181818181818182,0.0,0.3333333333333333,0.16017316017316016,3,0.0,0.0,,,0.0,0.0,0.0,0.0,0.0
141322,IL,Rural/Access,0,1,Non-Profit,2.0,0.42857142857142855,0.125,0.5454545454545454,1.0,0.5,0.5198051948051947,5,0.0,0.0,0.0,0.0,0.0,0.0,0.0,0.0,0.0
141323,IL,Rural/Access,0,1,Government,,0.2857142857142857,0.0,0.36363636363636365,0.0,0.4166666666666667,0.21320346320346323,3,0.0,0.0,,,0.0,0.0,0.0,0.0,0.0
141324,IL,Rural/Access,0,1,Non-Profit,2.0,0.42857142857142855,0.25,0.45454545454545453,0.0,0.3333333333333333,0.29329004329004327,4,0.0,0.3333333333333333,0.0,0.0,0.0,0.0,-1.0,-0.1,0.0
141325,IL,Rural/Access,0,1,Non-Profit,5.0,0.42857142857142855,0.0,0.45454545454545453,0.0,0.5833333333333334,0.29329004329004327,3,0.0,0.0,,,0.0,0.0,0.0,0.0,0.0
141326,IL,Rural/Access,0,1,Government,3.0,0.42857142857142855,0.0,0.45454545454545453,0.0,0.5833333333333334,0.29329004329004327,3,0.0,0.0,,,0.0,0.0,0.0,0.0,0.0
141327,IL,Rural/Access,0,1,Government,,0.0,0.0,0.0,0.0,0.0,0.0,0,,,,,,,0.0,,
141328,IL,Rural/Access,0,1,Non-Profit,2.0,0.42857142857142855,0.0,0.36363636363636365,0.0,0.3333333333333333,0.2251082251082251,3,0.0,0.0,,,0.0,0.0,0.0,0.0,0.0
141329,IL,Rural/Access,0,1,Government,,0.0,0.0,0.0,0.0,0.25,0.05,1,,,,,,,0.0,,
141330,IL,Rural/Access,0,1,Non-Profit,,0.0,0.0,0.2727272727272727,0.0,0.4166666666666667,0.13787878787878788,2,,,,,0.0,0.0,0.0,0.0,0.0
141331,IL,Rural/Access,0,1,Non-Profit,,0.14285714285714285,0.0,0.2727272727272727,0.0,0.25,0.1331168831168831,3,0.0,0.0,,,0.0,0.0,0.0,0.0,0.0
141332,IL,Rural/Access,0,1,Non-Profit,,0.14285714285714285,0.0,0.2727272727272727,0.0,0.3333333333333333,0.14978354978354977,3,0.0,0.0,,,0.0,0.0,0.0,0.0,0.0
141333,IL,Rural/Access,0,1,Government,,0.0,0.0,0.0,0.0,0.16666666666666666,0.03333333333333333,1,,,,,,,0.0,,
141334,IL,Rural/Access,0,1,Non-Profit,,0.14285714285714285,0.0,0.36363636363636365,0.0,0.6666666666666666,0.2346320346320346,3,0.0,0.0,,,0.0,0.0,0.0,0.0,0.0
141335,IL,Rural/Access,0,1,Non-Profit,,0.0,0.0,0.18181818181818182,0.0,0.6666666666666666,0.16969696969696968,2,,,,,0.0,0.0,0.0,0.0,0.0
141336,IL,Rural/Access,0,1,Non-Profit,2.0,0.42857142857142855,0.25,0.5454545454545454,1.0,0.5,0.5448051948051947,5,0.0,0.0,0.0,0.0,0.0,0.0,0.0,0.0,0.0
141337,IL,Rural/Access,0,1,Non-Profit,,0.2857142857142857,0.0,0.5454545454545454,1.0,0.6666666666666666,0.4995670995670995,4,0.0,0.0,,,0.0,0.0,0.0,0.0,0.0
141338,IL,Rural/Access,0,1,Government,,0.14285714285714285,0.0,0.2727272727272727,0.0,0.5,0.1831168831168831,3,0.0,0.0,,,0.0,0.0,0.0,0.0,0.0
141339,IL,Rural/Access,0,1,Non-Profit,4.0,0.42857142857142855,0.125,0.5454545454545454,0.0,0.5,0.3198051948051948,4,0.0,0.0,0.0,0.0,0.0,0.0,0.0,0.0,0.0
141340,IL,Rural/Access,0,1,Non-Profit,,0.14285714285714285,0.0,0.45454545454545453,0.0,0.6666666666666666,0.25281385281385277,3,0.0,0.0,,,0.0,0.0,0.0,0.0,0.0
141341,IL,Rural/Access,0,1,Non-Profit,,0.2857142857142857,0.0,0.2727272727272727,0.0,0.3333333333333333,0.17835497835497835,3,0.0,0.0,,,0.0,0.0,0.0,0.0,0.0
141342,IL,Rural/Access,0,1,For-Profit,,0.14285714285714285,0.0,0.2727272727272727,0.0,0.6666666666666666,0.21645021645021645,3,0.0,0.0,,,0.0,0.0,0.0,0.0,0.0
141343,IL,Rural/Access,1,1,Government,5.0,0.42857142857142855,0.0,0.36363636363636365,1.0,0.6666666666666666,0.49177489177489175,4,0.0,0.0,,,0.0,0.0,0.0,0.0,0.0
141344,IL,Rural/Access,0,1,Non-Profit,,0.14285714285714285,0.0,0.18181818181818182,0.0,0.16666666666666666,0.09826839826839825,3,0.0,0.0,,,0.5,0.0,1.0,0.3333333333333333,0.3333333333333333
141345,IL,Rural/Access,0,1,Government,4.0,0.42857142857142855,0.125,0.5454545454545454,0.0,0.5833333333333334,0.3364718614718615,4,0.0,0.0,0.0,0.0,0.16666666666666666,0.0,1.0,0.1,0.1
141346,IL,Rural/Access,0,1,Non-Profit,,0.2857142857142857,0.0,0.36363636363636365,0.0,0.25,0.17987012987012987,3,0.0,0.0,,,0.25,0.0,1.0,0.16666666666666666,0.16666666666666666
141347,IL,Rural/Access,0,1,Non-Profit,,0.2857142857142857,0.125,0.2727272727272727,0.0,0.3333333333333333,0.20335497835497834,4,0.0,0.0,0.0,0.0,0.3333333333333333,0.0,1.0,0.16666666666666666,0.16666666666666666
141348,IL,Rural/Access,0,1,For-Profit,,0.2857142857142857,0.25,0.36363636363636365,1.0,0.6666666666666666,0.5132034632034632,5,0.5,0.0,0.0,0.0,0.0,0.0,1.0,0.125,0.125
141349,IL,Rural/Access,0,1,Government,,0.2857142857142857,0.125,0.36363636363636365,0.0,0.3333333333333333,0.22153679653679653,4,0.0,0.0,0.0,0.0,0.0,0.0,0.0,0.0,0.0
141350,IL,Rural/Access,1,1,Non-Profit,3.0,0.42857142857142855,0.125,0.7272727272727273,1.0,0.75,0.6061688311688311,5,0.0,0.0,0.0,0.0,0.0,0.0,0.0,0.0,0.0
141351,IL,Rural/Access,0,1,Government,4.0,0.42857142857142855,0.0,0.5454545454545454,1.0,0.5,0.49480519480519475,4,0.0,0.0,,,0.0,0.0,0.0,0.0,0.0
141352,IL,Rural/Access,0,1,Non-Profit,,0.0,0.0,0.18181818181818182,0.0,0.4166666666666667,0.1196969696969697,2,,,,,0.0,0.0,0.0,0.0,0.0
141353,IL,Rural/Access,0,1,Non-Profit,,0.0,0.0,0.0,0.0,0.16666666666666666,0.03333333333333333,1,,,,,,,0.0,,
141354,IL,Rural/Access,0,1,Non-Profit,,0.0,0.0,0.0,0.0,0.0,0.0,0,,,,,,,0.0,,
141355,IL,Rural/Access,1,1,Non-Profit,,0.0,0.0,0.0,0.0,0.0,0.0,0,,,,,,,0.0,,
143300,IL,Childrens,0,1,Non-Profit,,0.0,0.0,0.0,0.0,0.0,0.0,0,,,,,,,0.0,,
143301,IL,Childrens,0,0,Non-Profit,,0.0,0.0,0.0,0.0,0.0,0.0,0,,,,,,,0.0,,
143302,IL,Childrens,0,0,Non-Profit,,0.0,0.0,0.0,0.0,0.0,0.0,0,,,,,,,0.0,,
144009,IL,Psychiatric,0,0,For-Profit,,0.0,0.0,0.0,0.0,0.0,0.0,0,,,,,,,0.0,,
144010,IL,Psychiatric,0,0,Government,,0.0,0.0,0.0,0.0,0.0,0.0,0,,,,,,,0.0,,
144016,IL,Psychiatric,0,0,Government,,0.0,0.0,0.0,0.0,0.0,0.0,0,,,,,,,0.0,,
144021,IL,Psychiatric,0,0,Government,,0.0,0.0,0.0,0.0,0.0,0.0,0,,,,,,,0.0,,
144026,IL,Psychiatric,0,1,For-Profit,,0.0,0.0,0.0,0.0,0.0,0.0,0,,,,,,,0.0,,
144028,IL,Psychiatric,0,0,Government,,0.0,0.0,0.0,0.0,0.0,0.0,0,,,,,,,0.0,,
144029,IL,Psychiatric,0,0,Non-Profit,,0.0,0.0,0.0,0.0,0.0,0.0,0,,,,,,,0.0,,
144031,IL,Psychiatric,0,0,Non-Profit,,0.0,0.0,0.0,0.0,0.0,0.0,0,,,,,,,0.0,,
144034,IL,Psychiatric,0,0,For-Profit,,0.0,0.0,0.0,0.0,0.0,0.0,0,,,,,,,0.0,,
144035,IL,Psychiatric,0,0,Non-Profit,,0.0,0.0,0.0,0.0,0.0,0.0,0,,,,,,,0.0,,
144037,IL,Psychiatric,0,1,Government,,0.0,0.0,0.0,0.0,0.0,0.0,0,,,,,,,0.0,,
144038,IL,Psychiatric,0,0,Government,,0.0,0.0,0.0,0.0,0.0,0.0,0,,,,,,,0.0,,
144039,IL,Psychiatric,0,0,For-Profit,,0.0,0.0,0.0,0.0,0.0,0.0,0,,,,,,,0.0,,
144040,IL,Psychiatric,0,0,For-Profit,,0.0,0.0,0.0,0.0,0.0,0.0,0,,,,,,,0.0,,
144041,IL,Psychiatric,0,1,For-Profit,,0.0,0.0,0.0,0.0,0.0,0.0,0,,,,,,,0.0,,
144042,IL,Psychiatric,0,0,For-Profit,,0.0,0.0,0.0,0.0,0.0,0.0,0,,,,,,,0.0,,
144043,IL,Psychiatric,0,1,For-Profit,,0.0,0.0,0.0,0.0,0.0,0.0,0,,,,,,,0.0,,
150001,IN,Acute Care,1,1,Government,5.0,0.5714285714285714,0.375,0.6363636363636364,1.0,0.9166666666666666,0.6998917748917749,5,0.0,0.0,0.3333333333333333,0.0,0.14285714285714285,0.0,2.0,0.14285714285714285,0.14285714285714285
150002,IN,Acute Care,1,1,Non-Profit,1.0,0.8571428571428571,0.875,0.8181818181818182,1.0,0.9166666666666666,0.8933982683982684,5,0.0,0.0,0.2857142857142857,0.0,0.0,0.3333333333333333,-1.0,-0.045454545454545456,0.09090909090909091
150005,IN,Acute Care,1,1,Government,5.0,0.7142857142857143,0.875,0.9090909090909091,1.0,1.0,0.8996753246753247,5,0.0,0.0,0.0,0.0,0.0,0.0,0.0,0.0,0.0
150006,IN,Acute Care,1,1,Non-Profit,3.0,0.8571428571428571,0.375,0.8181818181818182,1.0,0.8333333333333334,0.7767316017316018,5,0.0,0.0,0.0,0.0,0.0,0.1111111111111111,-1.0,-0.05555555555555555,0.0
150007,IN,Acute Care,1,1,Non-Profit,4.0,0.8571428571428571,0.75,0.9090909090909091,1.0,0.9166666666666666,0.8865800865800866,5,0.0,0.16666666666666666,0.16666666666666666,0.0,0.1,0.0,1.0,0.045454545454545456,0.09090909090909091
150008,IN,Acute Care,1,1,Non-Profit,3.0,0.7142857142857143,0.75,0.7272727272727273,1.0,0.75,0.7883116883116884,5,0.0,0.0,0.16666666666666666,0.16666666666666666,0.0,0.0,0.0,0.0,0.05263157894736842
150009,IN,Acute Care,1,1,Non-Profit,3.0,0.8571428571428571,0.75,0.6363636363636364,1.0,0.8333333333333334,0.8153679653679653,5,0.0,0.0,0.16666666666666666,0.16666666666666666,0.0,0.0,0.0,0.0,0.05263157894736842
150010,IN,Acute Care,1,1,Non-Profit,3.0,0.7142857142857143,0.625,0.8181818181818182,1.0,0.8333333333333334,0.7981601731601733,5,0.0,0.2,0.2,0.0,0.0,0.0,0.0,0.0,0.05263157894736842
150011,IN,Acute Care,1,1,Non-Profit,2.0,0.7142857142857143,0.25,0.7272727272727273,1.0,1.0,0.7383116883116883,5,0.0,0.0,0.0,0.0,0.125,0.0,1.0,0.06666666666666667,0.06666666666666667
150012,IN,Acute Care,1,1,Non-Profit,2.0,1.0,1.0,1.0,1.0,0.9166666666666666,0.9833333333333334,5,0.0,0.14285714285714285,0.25,0.0,0.0,0.0,1.0,0.038461538461538464,0.07692307692307693
150015,IN,Acute Care,1,1,Non-Profit,3.0,0.8571428571428571,0.875,0.9090909090909091,1.0,0.9166666666666666,0.9115800865800866,5,0.0,0.0,0.14285714285714285,0.0,0.0,0.1,0.0,0.0,0.043478260869565216
150017,IN,Acute Care,1,1,For-Profit,2.0,1.0,0.75,0.7272727272727273,1.0,0.9166666666666666,0.8787878787878789,5,0.0,0.14285714285714285,0.6666666666666666,0.0,0.0,0.0,3.0,0.14285714285714285,0.19047619047619047
150018,IN,Acute Care,1,1,Government,4.0,1.0,1.0,1.0,1.0,0.9166666666666666,0.9833333333333334,5,0.0,0.0,0.125,0.0,0.0,0.09090909090909091,0.0,0.0,0.038461538461538464
150021,IN,Acute Care,1,1,Non-Profit,3.0,1.0,0.875,0.9090909090909091,1.0,0.9166666666666666,0.9401515151515152,5,0.0,0.14285714285714285,0.2857142857142857,0.0,0.1,0.2,0.0,0.0,0.125
150022,IN,Acute Care,0,1,Non-Profit,4.0,0.5714285714285714,0.25,0.5454545454545454,1.0,0.8333333333333334,0.6400432900432901,5,0.0,0.0,0.0,0.0,0.0,0.0,0.0,0.0,0.0
150023,IN,Acute Care,1,1,Non-Profit,3.0,1.0,1.0,1.0,1.0,1.0,1.0,5,0.0,0.0,0.25,0.0,0.18181818181818182,0.18181818181818182,2.0,0.07692307692307693,0.15384615384615385
150024,IN,Acute Care,1,1,Government,3.0,0.8571428571428571,0.75,0.7272727272727273,1.0,0.8333333333333334,0.8335497835497835,5,0.0,0.0,0.3333333333333333,0.16666666666666666,0.0,0.0,1.0,0.05,0.1
150026,IN,Acute Care,1,1,Non-Profit,2.0,0.7142857142857143,0.625,0.8181818181818182,1.0,0.9166666666666666,0.8148268398268399,5,0.0,0.2,0.2,0.2,0.0,0.0,-1.0,-0.05263157894736842,0.05263157894736842
150030,IN,Acute Care,1,1,Government,4.0,0.5714285714285714,0.375,0.6363636363636364,1.0,0.8333333333333334,0.6832251082251083,5,0.0,0.0,0.0,0.0,0.0,0.0,0.0,0.0,0.0
150034,IN,Acute Care,1,1,Non-Profit,3.0,1.0,1.0,0.8181818181818182,1.0,1.0,0.9636363636363636,5,0.0,0.0,0.25,0.0,0.0,0.0,2.0,0.08333333333333333,0.08333333333333333
150035,IN,Acute Care,1,1,For-Profit,2.0,1.0,0.875,1.0,1.0,1.0,0.975,5,0.0,0.14285714285714285,0.14285714285714285,0.0,0.0,0.18181818181818182,-2.0,-0.08,0.04
150037,IN,Acute Care,1,1,Government,4.0,0.5714285714285714,0.375,0.8181818181818182,1.0,0.9166666666666666,0.7362554112554112,5,0.0,0.0,0.3333333333333333,0.0,0.0,0.0,1.0,0.0625,0.0625
15003F,IN,Acute Care,0,1,Government,5.0,0.7142857142857143,0.5,0.5454545454545454,1.0,0.5,0.6519480519480519,5,0.4,0.0,0.0,0.0,0.16666666666666666,0.0,3.0,0.2,0.2
150042,IN,Acute Care,1,1,Non-Profit,3.0,0.7142857142857143,0.75,0.9090909090909091,1.0,0.9166666666666666,0.8580086580086581,5,0.0,0.2,0.0,0.0,0.0,0.0,-1.0,-0.047619047619047616,0.0
150044,IN,Acute Care,1,1,Non-Profit,3.0,1.0,0.875,0.8181818181818182,1.0,1.0,0.9386363636363637,5,0.0,0.0,0.14285714285714285,0.0,0.0,0.0,1.0,0.043478260869565216,0.043478260869565216
150045,IN,Acute Care,0,1,Non-Profit,4.0,0.42857142857142855,0.25,0.45454545454545453,1.0,0.8333333333333334,0.5932900432900433,5,0.0,0.0,0.0,0.0,0.0,0.0,0.0,0.0,0.0
150046,IN,Acute Care,1,1,For-Profit,3.0,1.0,0.625,1.0,1.0,0.75,0.875,5,0.0,0.0,0.2,0.0,0.0,0.0,1.0,0.043478260869565216,0.043478260869565216
150047,IN,Acute Care,0,1,For-Profit,,0.14285714285714285,0.25,0.2727272727272727,1.0,0.75,0.48311688311688317,5,0.0,0.0,0.0,0.0,0.0,0.0,0.0,0.0,0.0
150048,IN,Acute Care,1,1,Non-Profit,3.0,1.0,0.875,1.0,1.0,1.0,0.975,5,0.0,0.0,0.14285714285714285,0.0,0.0,0.09090909090909091,0.0,0.0,0.04
15004F,IN,Acute Care,0,1,Government,5.0,0.42857142857142855,0.0,0.36363636363636365,1.0,0.3333333333333333,0.4251082251082251,4,0.0,0.0,,,0.75,0.0,3.0,0.42857142857142855,0.42857142857142855
150051,IN,Acute Care,1,1,Non-Profit,3.0,1.0,1.0,1.0,1.0,0.9166666666666666,0.9833333333333334,5,0.0,0.0,0.125,0.25,0.18181818181818182,0.0,1.0,0.038461538461538464,0.11538461538461539
150056,IN,Acute Care,1,1,Non-Profit,2.0,1.0,1.0,1.0,1.0,0.9166666666666666,0.9833333333333334,5,0.0,0.0,0.375,0.0,0.0,0.09090909090909091,2.0,0.07692307692307693,0.11538461538461539
150057,IN,Acute Care,1,1,Non-Profit,5.0,0.42857142857142855,0.625,0.7272727272727273,1.0,0.9166666666666666,0.7395021645021644,5,0.0,0.0,0.2,0.0,0.0,0.0,1.0,0.0625,0.0625
150058,IN,Acute Care,1,1,Non-Profit,3.0,1.0,1.0,1.0,1.0,0.9166666666666666,0.9833333333333334,5,0.0,0.14285714285714285,0.375,0.125,0.0,0.0,1.0,0.038461538461538464,0.11538461538461539
150059,IN,Acute Care,1,1,Government,3.0,0.7142857142857143,0.625,0.8181818181818182,1.0,0.9166666666666666,0.8148268398268399,5,0.0,0.0,0.0,0.0,0.1111111111111111,0.0,1.0,0.05263157894736842,0.05263157894736842
150061,IN,Acute Care,1,1,Government,3.0,0.5714285714285714,0.25,0.7272727272727273,1.0,0.8333333333333334,0.6764069264069265,5,0.0,0.0,0.0,0.0,0.125,0.0,1.0,0.07142857142857142,0.07142857142857142
150065,IN,Acute Care,1,1,Government,5.0,0.5714285714285714,0.5,0.8181818181818182,1.0,0.9166666666666666,0.7612554112554112,5,0.0,0.0,0.0,0.0,0.1111111111111111,0.0,1.0,0.058823529411764705,0.058823529411764705
150069,IN,Acute Care,1,1,Non-Profit,2.0,0.5714285714285714,0.5,0.7272727272727273,1.0,0.9166666666666666,0.743073593073593,5,0.0,0.0,0.0,0.0,0.0,0.0,0.0,0.0,0.0
150072,IN,Acute Care,1,1,Government,4.0,0.42857142857142855,0.25,0.7272727272727273,1.0,0.8333333333333334,0.6478354978354979,5,0.0,0.0,0.0,0.0,0.0,0.0,0.0,0.0,0.0
150074,IN,Acute Care,1,1,Non-Profit,3.0,1.0,0.875,1.0,1.0,1.0,0.975,5,0.0,0.2857142857142857,0.2857142857142857,0.0,0.0,0.09090909090909091,-1.0,-0.04,0.08
150075,IN,Acute Care,1,1,For-Profit,3.0,0.42857142857142855,0.125,0.5454545454545454,1.0,0.75,0.5698051948051948,5,0.0,0.0,0.0,0.0,0.0,0.0,0.0,0.0,0.0
150076,IN,Acute Care,0,1,Non-Profit,3.0,0.7142857142857143,0.25,0.7272727272727273,1.0,0.8333333333333334,0.704978354978355,5,0.0,0.0,0.0,0.0,0.25,0.0,2.0,0.13333333333333333,0.13333333333333333
150082,IN,Acute Care,0,1,Non-Profit,2.0,1.0,0.875,1.0,1.0,0.9166666666666666,0.9583333333333334,5,0.0,0.2857142857142857,0.5714285714285714,0.0,0.0,0.09090909090909091,1.0,0.04,0.16
150084,IN,Acute Care,1,1,Non-Profit,3.0,1.0,1.0,1.0,1.0,0.75,0.95,5,0.0,0.14285714285714285,0.375,0.0,0.0,0.09090909090909091,1.0,0.038461538461538464,0.11538461538461539
150086,IN,Acute Care,0,1,Government,5.0,0.7142857142857143,0.625,0.6363636363636364,1.0,0.9166666666666666,0.7784632034632034,5,0.0,0.0,0.0,0.0,0.14285714285714285,0.0,1.0,0.058823529411764705,0.058823529411764705
150088,IN,Acute Care,1,1,Non-Profit,2.0,0.5714285714285714,0.75,0.8181818181818182,1.0,0.75,0.7779220779220779,5,0.0,0.0,0.0,0.0,0.0,0.2222222222222222,-2.0,-0.10526315789473684,0.0
150089,IN,Acute Care,1,1,Non-Profit,3.0,1.0,0.875,1.0,1.0,0.9166666666666666,0.9583333333333334,5,0.14285714285714285,0.0,0.14285714285714285,0.14285714285714285,0.0,0.09090909090909091,0.0,0.0,0.08
150090,IN,Acute Care,1,1,Non-Profit,2.0,0.8571428571428571,0.875,0.6363636363636364,1.0,0.8333333333333334,0.8403679653679653,5,0.0,0.0,0.14285714285714285,0.14285714285714285,0.0,0.14285714285714285,-1.0,-0.05,0.05
150091,IN,Acute Care,1,1,Non-Profit,4.0,0.42857142857142855,0.25,0.5454545454545454,1.0,0.75,0.5948051948051948,5,0.0,0.0,0.0,0.0,0.0,0.16666666666666666,-1.0,-0.09090909090909091,0.0
150097,IN,Acute Care,1,1,Government,3.0,0.5714285714285714,0.25,0.7272727272727273,1.0,0.9166666666666666,0.6930735930735931,5,0.0,0.0,0.0,0.0,0.0,0.0,0.0,0.0,0.0
150100,IN,Acute Care,1,1,Non-Profit,3.0,1.0,0.875,1.0,1.0,0.8333333333333334,0.9416666666666667,5,0.0,0.0,0.42857142857142855,0.0,0.0,0.09090909090909091,2.0,0.08,0.12
150101,IN,Acute Care,1,1,Non-Profit,,0.2857142857142857,0.25,0.36363636363636365,1.0,0.8333333333333334,0.5465367965367965,5,0.0,0.0,0.0,0.0,0.25,0.0,1.0,0.125,0.125
150102,IN,Acute Care,1,1,For-Profit,3.0,0.42857142857142855,0.0,0.45454545454545453,0.0,0.6666666666666666,0.30995670995670993,3,0.0,0.0,,,0.0,0.0,0.0,0.0,0.0
150104,IN,Acute Care,1,1,Government,3.0,0.7142857142857143,0.25,0.8181818181818182,1.0,0.8333333333333334,0.7231601731601732,5,0.0,0.0,0.0,0.0,0.0,0.0,0.0,0.0,0.0
150109,IN,Acute Care,1,1,Non-Profit,3.0,1.0,0.875,1.0,1.0,0.9166666666666666,0.9583333333333334,5,0.0,0.14285714285714285,0.14285714285714285,0.0,0.18181818181818182,0.0,2.0,0.08,0.12
150112,IN,Acute Care,1,1,Government,4.0,1.0,0.875,1.0,1.0,0.9166666666666666,0.9583333333333334,5,0.0,0.0,0.0,0.14285714285714285,0.09090909090909091,0.0,0.0,0.0,0.04
150113,IN,Acute Care,1,1,Non-Profit,4.0,0.7142857142857143,0.75,0.8181818181818182,1.0,0.9166666666666666,0.8398268398268399,5,0.0,0.0,0.16666666666666666,0.0,0.1111111111111111,0.0,2.0,0.1,0.1
150115,IN,Acute Care,1,1,Non-Profit,4.0,0.7142857142857143,0.5,0.9090909090909091,1.0,0.9166666666666666,0.8080086580086581,5,0.0,0.2,0.25,0.0,0.0,0.1,-1.0,-0.05263157894736842,0.05263157894736842
150125,IN,Acute Care,1,1,Non-Profit,3.0,1.0,1.0,1.0,1.0,1.0,1.0,5,0.14285714285714285,0.0,0.125,0.0,0.0,0.09090909090909091,1.0,0.038461538461538464,0.07692307692307693
150126,IN,Acute Care,1,1,Non-Profit,3.0,1.0,0.875,0.8181818181818182,1.0,0.9166666666666666,0.9219696969696971,5,0.0,0.0,0.14285714285714285,0.0,0.1111111111111111,0.1111111111111111,1.0,0.043478260869565216,0.08695652173913043
150128,IN,Acute Care,1,1,Non-Profit,3.0,0.8571428571428571,1.0,0.7272727272727273,1.0,0.9166666666666666,0.9002164502164502,5,0.0,0.16666666666666666,0.125,0.0,0.0,0.125,-1.0,-0.045454545454545456,0.045454545454545456
150133,IN,Acute Care,1,1,For-Profit,3.0,0.7142857142857143,0.375,0.7272727272727273,1.0,0.9166666666666666,0.7466450216450217,5,0.0,0.0,0.0,0.0,0.0,0.0,0.0,0.0,0.0
150146,IN,Acute Care,1,1,Non-Profit,4.0,0.42857142857142855,0.25,0.45454545454545453,1.0,0.75,0.5766233766233766,5,0.0,0.0,0.0,0.0,0.0,0.0,0.0,0.0,0.0
150149,IN,Acute Care,1,1,For-Profit,5.0,0.0,0.5,0.18181818181818182,1.0,0.5,0.43636363636363634,4,,,0.5,0.0,0.0,0.0,2.0,0.3333333333333333,0.3333333333333333
150150,IN,Acute Care,1,1,For-Profit,3.0,0.2857142857142857,0.75,0.5454545454545454,1.0,0.8333333333333334,0.6829004329004329,5,0.0,0.0,0.16666666666666666,0.0,0.16666666666666666,0.0,2.0,0.14285714285714285,0.14285714285714285
150153,IN,Acute Care,0,1,For-Profit,5.0,0.5714285714285714,0.5,0.45454545454545453,1.0,0.4166666666666667,0.5885281385281386,5,0.0,0.0,0.25,0.0,0.2,0.0,2.0,0.15384615384615385,0.15384615384615385
150157,IN,Acute Care,1,1,Non-Profit,3.0,0.5714285714285714,0.625,0.5454545454545454,1.0,0.6666666666666666,0.6817099567099567,5,0.0,0.0,0.0,0.0,0.0,0.16666666666666666,-1.0,-0.06666666666666667,0.0
150158,IN,Acute Care,1,1,For-Profit,4.0,0.8571428571428571,0.875,0.9090909090909091,1.0,0.9166666666666666,0.9115800865800866,5,0.0,0.0,0.14285714285714285,0.14285714285714285,0.1,0.0,1.0,0.043478260869565216,0.08695652173913043
150160,IN,Acute Care,0,0,For-Profit,,0.0,0.25,0.2727272727272727,1.0,0.3333333333333333,0.3712121212121212,4,,,0.5,0.0,0.3333333333333333,0.0,2.0,0.4,0.4
150161,IN,Acute Care,1,1,Non-Profit,4.0,0.7142857142857143,1.0,0.8181818181818182,1.0,0.8333333333333334,0.8731601731601731,5,0.0,0.0,0.375,0.0,0.1111111111111111,0.0,4.0,0.18181818181818182,0.18181818181818182
150162,IN,Acute Care,1,1,Non-Profit,3.0,1.0,1.0,1.0,1.0,1.0,1.0,5,0.0,0.0,0.25,0.0,0.09090909090909091,0.0,3.0,0.11538461538461539,0.11538461538461539
150165,IN,Acute Care,0,1,Non-Profit,3.0,0.7142857142857143,0.625,0.6363636363636364,1.0,0.75,0.7451298701298701,5,0.0,0.0,0.0,0.0,0.0,0.0,0.0,0.0,0.0
150166,IN,Acute Care,0,0,For-Profit,,0.0,0.25,0.36363636363636365,1.0,0.25,0.37272727272727274,4,,,0.0,0.0,0.0,0.25,-1.0,-0.16666666666666666,0.0
150167,IN,Acute Care,0,1,Non-Profit,,0.0,0.125,0.18181818181818182,1.0,0.25,0.3113636363636364,4,,,0.0,0.0,0.5,0.0,1.0,0.3333333333333333,0.3333333333333333
150168,IN,Acute Care,0,0,For-Profit,,0.0,0.25,0.2727272727272727,1.0,0.3333333333333333,0.3712121212121212,4,,,0.0,0.0,0.3333333333333333,0.0,1.0,0.2,0.2
150169,IN,Acute Care,1,1,Non-Profit,4.0,0.7142857142857143,1.0,0.6363636363636364,1.0,0.9166666666666666,0.8534632034632035,5,0.0,0.0,0.5,0.125,0.0,0.0,3.0,0.15,0.2
150172,IN,Acute Care,0,0,For-Profit,,0.0,0.25,0.36363636363636365,0.0,0.3333333333333333,0.1893939393939394,3,,,0.0,0.0,0.0,0.25,-1.0,-0.16666666666666666,0.0
150173,IN,Acute Care,1,1,Non-Profit,4.0,1.0,0.875,1.0,1.0,0.9166666666666666,0.9583333333333334,5,0.0,0.0,0.14285714285714285,0.0,0.09090909090909091,0.0,2.0,0.08,0.08
150177,IN,Acute Care,0,0,For-Profit,,0.0,0.25,0.2727272727272727,0.0,0.25,0.15454545454545454,3,,,0.0,0.0,0.0,0.0,0.0,0.0,0.0
150179,IN,Acute Care,0,0,Non-Profit,,0.0,0.125,0.0,0.0,0.16666666666666666,0.05833333333333333,2,,,1.0,0.0,,,1.0,1.0,1.0
150181,IN,Acute Care,1,1,Non-Profit,,0.2857142857142857,0.25,0.5454545454545454,1.0,0.6666666666666666,0.5495670995670995,5,0.0,0.0,0.0,0.0,0.0,0.0,0.0,0.0,0.0
150183,IN,Acute Care,0,1,For-Profit,,0.2857142857142857,0.25,0.45454545454545453,1.0,0.6666666666666666,0.5313852813852813,5,0.0,0.0,0.0,0.0,0.0,0.0,0.0,0.0,0.0
150193,IN,Acute Care,0,0,Non-Profit,,0.0,0.125,0.18181818181818182,1.0,0.25,0.3113636363636364,4,,,0.0,0.0,0.0,0.0,0.0,0.0,0.0
150195,IN,Acute Care,0,1,Non-Profit,,0.0,0.0,0.0,0.0,0.0,0.0,0,,,,,,,0.0,,
151300,IN,Rural/Access,1,1,Non-Profit,,0.0,0.0,0.18181818181818182,1.0,0.25,0.2863636363636364,3,,,,,0.0,0.0,0.0,0.0,0.0
151301,IN,Rural/Access,1,1,Non-Profit,,0.0,0.0,0.18181818181818182,0.0,0.5833333333333334,0.15303030303030302,2,,,,,0.0,0.0,0.0,0.0,0.0
151303,IN,Rural/Access,0,1,Non-Profit,,0.0,0.0,0.2727272727272727,0.0,0.5,0.15454545454545454,2,,,,,0.3333333333333333,0.0,1.0,0.3333333333333333,0.3333333333333333
151304,IN,Rural/Access,0,1,Government,,0.2857142857142857,0.0,0.45454545454545453,0.0,0.5833333333333334,0.26471861471861474,3,0.0,0.0,,,0.2,0.0,1.0,0.14285714285714285,0.14285714285714285
151305,IN,Rural/Access,0,1,Non-Profit,,0.14285714285714285,0.0,0.18181818181818182,0.0,0.6666666666666666,0.19826839826839826,3,0.0,0.0,,,0.0,0.0,0.0,0.0,0.0
151306,IN,Rural/Access,1,1,Non-Profit,,0.14285714285714285,0.0,0.2727272727272727,0.0,0.5833333333333334,0.19978354978354979,3,0.0,0.0,,,0.0,0.0,0.0,0.0,0.0
151307,IN,Rural/Access,0,1,Non-Profit,3.0,0.42857142857142855,0.0,0.45454545454545453,0.0,0.5,0.2766233766233766,3,0.0,0.0,,,0.0,0.0,0.0,0.0,0.0
151308,IN,Rural/Access,0,1,Non-Profit,,0.0,0.0,0.18181818181818182,0.0,0.5,0.13636363636363638,2,,,,,0.0,0.0,0.0,0.0,0.0
151309,IN,Rural/Access,0,1,Non-Profit,,0.0,0.0,0.18181818181818182,0.0,0.5,0.13636363636363638,2,,,,,0.0,0.0,0.0,0.0,0.0
151310,IN,Rural/Access,0,1,Non-Profit,4.0,0.42857142857142855,0.125,0.5454545454545454,1.0,0.75,0.5698051948051948,5,0.0,0.0,0.0,0.0,0.0,0.0,0.0,0.0,0.0
151311,IN,Rural/Access,0,1,Non-Profit,,0.2857142857142857,0.125,0.5454545454545454,0.0,0.5833333333333334,0.3079004329004329,4,0.0,0.0,0.0,0.0,0.0,0.0,0.0,0.0,0.0
151312,IN,Rural/Access,0,1,Non-Profit,5.0,0.5714285714285714,0.125,0.6363636363636364,0.0,0.75,0.4165584415584416,4,0.0,0.0,0.0,0.0,0.0,0.0,0.0,0.0,0.0
151313,IN,Rural/Access,0,1,Government,,0.14285714285714285,0.125,0.36363636363636365,0.0,0.3333333333333333,0.19296536796536795,4,0.0,0.0,0.0,0.0,0.0,0.0,0.0,0.0,0.0
151314,IN,Rural/Access,0,1,Non-Profit,,0.0,0.0,0.18181818181818182,0.0,0.4166666666666667,0.1196969696969697,2,,,,,0.0,0.0,0.0,0.0,0.0
151315,IN,Rural/Access,1,1,Non-Profit,3.0,0.42857142857142855,0.25,0.45454545454545453,1.0,0.75,0.5766233766233766,5,0.0,0.0,0.0,0.0,0.0,0.0,0.0,0.0,0.0
151316,IN,Rural/Access,0,1,Non-Profit,,0.2857142857142857,0.0,0.36363636363636365,0.0,0.6666666666666666,0.26320346320346316,3,0.0,0.0,,,0.25,0.0,1.0,0.16666666666666666,0.16666666666666666
151317,IN,Rural/Access,1,1,Government,3.0,0.42857142857142855,0.0,0.5454545454545454,1.0,0.3333333333333333,0.4614718614718615,4,0.0,0.0,,,0.0,0.0,0.0,0.0,0.0
151318,IN,Rural/Access,1,1,For-Profit,3.0,0.42857142857142855,0.125,0.5454545454545454,1.0,0.75,0.5698051948051948,5,0.0,0.0,0.0,0.0,0.0,0.16666666666666666,-1.0,-0.1,0.0
151319,IN,Rural/Access,0,1,Non-Profit,,0.14285714285714285,0.0,0.18181818181818182,0.0,0.4166666666666667,0.14826839826839827,3,0.0,0.0,,,0.0,0.0,0.0,0.0,0.0
151320,IN,Rural/Access,0,1,Government,,0.2857142857142857,0.0,0.36363636363636365,0.0,0.6666666666666666,0.26320346320346316,3,0.0,0.0,,,0.25,0.0,1.0,0.16666666666666666,0.16666666666666666
151322,IN,Rural/Access,0,1,Non-Profit,3.0,0.42857142857142855,0.0,0.45454545454545453,1.0,0.5,0.4766233766233766,4,0.0,0.0,,,0.2,0.0,1.0,0.125,0.125
151323,IN,Rural/Access,0,1,Non-Profit,,0.2857142857142857,0.125,0.45454545454545453,1.0,0.6666666666666666,0.5063852813852814,5,0.0,0.0,0.0,0.0,0.0,0.0,0.0,0.0,0.0
151324,IN,Rural/Access,0,1,Non-Profit,,0.2857142857142857,0.0,0.45454545454545453,0.0,0.6666666666666666,0.28138528138528135,3,0.0,0.0,,,0.0,0.0,0.0,0.0,0.0
151325,IN,Rural/Access,0,1,Non-Profit,,0.0,0.0,0.09090909090909091,0.0,0.5,0.1181818181818182,2,,,,,0.0,0.0,0.0,0.0,0.0
151326,IN,Rural/Access,0,1,Non-Profit,3.0,0.42857142857142855,0.0,0.36363636363636365,0.0,0.5833333333333334,0.27510822510822514,3,0.0,0.0,,,0.0,0.0,0.0,0.0,0.0
151327,IN,Rural/Access,1,1,Government,,0.2857142857142857,0.0,0.45454545454545453,0.0,0.5833333333333334,0.26471861471861474,3,0.0,0.0,,,0.0,0.0,0.0,0.0,0.0
151328,IN,Rural/Access,0,1,Non-Profit,5.0,0.5714285714285714,0.25,0.7272727272727273,0.0,0.75,0.4597402597402597,4,0.0,0.0,0.5,0.0,0.125,0.0,2.0,0.14285714285714285,0.14285714285714285
151329,IN,Rural/Access,1,1,Non-Profit,1.0,0.42857142857142855,0.25,0.7272727272727273,1.0,0.8333333333333334,0.6478354978354979,5,0.0,0.0,0.0,0.0,0.0,0.125,-1.0,-0.07692307692307693,0.0
151330,IN,Rural/Access,1,1,Government,,0.0,0.0,0.0,0.0,0.0,0.0,0,,,,,,,0.0,,
151331,IN,Rural/Access,1,1,Government,3.0,0.42857142857142855,0.0,0.45454545454545453,1.0,0.6666666666666666,0.5099567099567099,4,0.0,0.0,,,0.0,0.2,-1.0,-0.125,0.0
151332,IN,Rural/Access,1,1,Government,3.0,0.42857142857142855,0.125,0.7272727272727273,1.0,0.75,0.6061688311688311,5,0.0,0.0,0.0,0.0,0.125,0.0,1.0,0.08333333333333333,0.08333333333333333
151333,IN,Rural/Access,0,1,Government,5.0,0.42857142857142855,0.0,0.45454545454545453,0.0,0.5833333333333334,0.29329004329004327,3,0.0,0.0,,,0.0,0.0,0.0,0.0,0.0
151334,IN,Rural/Access,0,1,For-Profit,4.0,0.42857142857142855,0.0,0.45454545454545453,0.0,0.5833333333333334,0.29329004329004327,3,0.0,0.0,,,0.2,0.0,1.0,0.125,0.125
154005,IN,Psychiatric,0,0,Non-Profit,,0.0,0.0,0.0,0.0,0.0,0.0,0,,,,,,,0.0,,
154008,IN,Psychiatric,0,1,Government,,0.0,0.0,0.0,0.0,0.0,0.0,0,,,,,,,0.0,,
154009,IN,Psychiatric,0,0,Non-Profit,,0.0,0.0,0.0,0.0,0.0,0.0,0,,,,,,,0.0,,
154011,IN,Psychiatric,0,0,Non-Profit,,0.0,0.0,0.0,0.0,0.0,0.0,0,,,,,,,0.0,,
154014,IN,Psychiatric,0,0,Non-Profit,,0.0,0.0,0.0,0.0,0.0,0.0,0,,,,,,,0.0,,
154018,IN,Psychiatric,0,1,For-Profit,,0.0,0.0,0.0,0.0,0.0,0.0,0,,,,,,,0.0,,
154019,IN,Psychiatric,0,1,Government,,0.0,0.0,0.0,0.0,0.0,0.0,0,,,,,,,0.0,,
154020,IN,Psychiatric,0,1,Non-Profit,,0.0,0.0,0.0,0.0,0.0,0.0,0,,,,,,,0.0,,
154021,IN,Psychiatric,0,0,Non-Profit,,0.0,0.0,0.0,0.0,0.0,0.0,0,,,,,,,0.0,,
154024,IN,Psychiatric,0,0,For-Profit,,0.0,0.0,0.0,0.0,0.0,0.0,0,,,,,,,0.0,,
154031,IN,Psychiatric,0,0,Non-Profit,,0.0,0.0,0.0,0.0,0.0,0.0,0,,,,,,,0.0,,
154035,IN,Psychiatric,0,0,Non-Profit,,0.0,0.0,0.0,0.0,0.0,0.0,0,,,,,,,0.0,,
154041,IN,Psychiatric,0,0,For-Profit,,0.0,0.0,0.0,0.0,0.0,0.0,0,,,,,,,0.0,,
154047,IN,Psychiatric,0,1,Non-Profit,,0.0,0.0,0.0,0.0,0.0,0.0,0,,,,,,,0.0,,
154050,IN,Psychiatric,0,0,Non-Profit,,0.0,0.0,0.0,0.0,0.0,0.0,0,,,,,,,0.0,,
154051,IN,Psychiatric,0,1,For-Profit,,0.0,0.0,0.0,0.0,0.0,0.0,0,,,,,,,0.0,,
154052,IN,Psychiatric,0,0,Non-Profit,,0.0,0.0,0.0,0.0,0.0,0.0,0,,,,,,,0.0,,
154054,IN,Psychiatric,0,0,Non-Profit,,0.0,0.0,0.0,0.0,0.0,0.0,0,,,,,,,0.0,,
154055,IN,Psychiatric,0,0,Non-Profit,,0.0,0.0,0.0,0.0,0.0,0.0,0,,,,,,,0.0,,
154056,IN,Psychiatric,0,0,Government,,0.0,0.0,0.0,0.0,0.0,0.0,0,,,,,,,0.0,,
154057,IN,Psychiatric,0,0,For-Profit,,0.0,0.0,0.0,0.0,0.0,0.0,0,,,,,,,0.0,,
154058,IN,Psychiatric,0,0,For-Profit,,0.0,0.0,0.0,0.0,0.0,0.0,0,,,,,,,0.0,,
154059,IN,Psychiatric,0,0,For-Profit,,0.0,0.0,0.0,0.0,0.0,0.0,0,,,,,,,0.0,,
154060,IN,Psychiatric,0,0,Non-Profit,,0.0,0.0,0.0,0.0,0.0,0.0,0,,,,,,,0.0,,
154061,IN,Psychiatric,0,0,For-Profit,,0.0,0.0,0.0,0.0,0.0,0.0,0,,,,,,,0.0,,
154063,IN,Psychiatric,0,0,For-Profit,,0.0,0.0,0.0,0.0,0.0,0.0,0,,,,,,,0.0,,
154064,IN,Psychiatric,0,0,For-Profit,,0.0,0.0,0.0,0.0,0.0,0.0,0,,,,,,,0.0,,
154065,IN,Psychiatric,0,0,For-Profit,,0.0,0.0,0.0,0.0,0.0,0.0,0,,,,,,,0.0,,
154066,IN,Psychiatric,0,0,For-Profit,,0.0,0.0,0.0,0.0,0.0,0.0,0,,,,,,,0.0,,
154067,IN,Psychiatric,0,0,For-Profit,,0.0,0.0,0.0,0.0,0.0,0.0,0,,,,,,,0.0,,
154068,IN,Psychiatric,0,0,For-Profit,,0.0,0.0,0.0,0.0,0.0,0.0,0,,,,,,,0.0,,
154070,IN,Psychiatric,0,1,For-Profit,,0.0,0.0,0.0,0.0,0.0,0.0,0,,,,,,,0.0,,
154071,IN,Psychiatric,0,0,For-Profit,,0.0,0.0,0.0,0.0,0.0,0.0,0,,,,,,,0.0,,
160001,IA,Acute Care,0,1,Non-Profit,,0.2857142857142857,0.125,0.45454545454545453,1.0,0.75,0.523051948051948,5,0.0,0.0,0.0,0.0,0.4,0.0,2.0,0.25,0.25
160013,IA,Acute Care,0,1,Non-Profit,3.0,0.42857142857142855,0.125,0.45454545454545453,1.0,0.75,0.5516233766233766,5,0.0,0.0,0.0,0.0,0.0,0.0,0.0,0.0,0.0
160016,IA,Acute Care,1,1,Non-Profit,1.0,0.7142857142857143,0.5,0.6363636363636364,1.0,0.75,0.7201298701298702,5,0.0,0.2,0.0,0.25,0.14285714285714285,0.0,-1.0,-0.0625,0.0625
160028,IA,Acute Care,1,1,Non-Profit,3.0,0.5714285714285714,0.5,0.5454545454545454,1.0,0.8333333333333334,0.6900432900432901,5,0.0,0.0,0.25,0.0,0.0,0.16666666666666666,0.0,0.0,0.07142857142857142
160029,IA,Acute Care,1,1,Non-Profit,3.0,0.8571428571428571,0.375,0.9090909090909091,1.0,0.6666666666666666,0.7615800865800866,5,0.0,0.0,0.0,0.0,0.0,0.0,0.0,0.0,0.0
160030,IA,Acute Care,1,1,Government,4.0,0.8571428571428571,0.875,0.9090909090909091,1.0,0.8333333333333334,0.89491341991342,5,0.0,0.0,0.0,0.0,0.0,0.0,0.0,0.0,0.0
160032,IA,Acute Care,0,1,Non-Profit,,0.2857142857142857,0.125,0.6363636363636364,1.0,0.9166666666666666,0.5927489177489178,5,0.0,0.0,0.0,0.0,0.42857142857142855,0.0,3.0,0.3,0.3
160033,IA,Acute Care,1,1,Non-Profit,1.0,1.0,0.875,1.0,1.0,1.0,0.975,5,0.0,0.0,0.14285714285714285,0.0,0.09090909090909091,0.2727272727272727,-1.0,-0.04,0.08
16003F,IA,Acute Care,0,1,Government,4.0,0.42857142857142855,0.25,0.45454545454545453,1.0,0.3333333333333333,0.4932900432900433,5,0.3333333333333333,0.3333333333333333,0.0,0.0,0.4,0.0,2.0,0.2,0.3
160040,IA,Acute Care,0,1,Non-Profit,,0.14285714285714285,0.25,0.45454545454545453,1.0,0.6666666666666666,0.5028138528138528,5,0.0,0.0,0.0,0.0,0.0,0.0,0.0,0.0,0.0
160045,IA,Acute Care,1,1,Non-Profit,4.0,1.0,0.875,1.0,1.0,1.0,0.975,5,0.14285714285714285,0.0,0.2857142857142857,0.0,0.09090909090909091,0.0,4.0,0.16,0.16
160047,IA,Acute Care,1,1,Non-Profit,4.0,0.8571428571428571,0.75,0.7272727272727273,1.0,0.8333333333333334,0.8335497835497835,5,0.0,0.16666666666666666,0.0,0.0,0.0,0.0,-1.0,-0.05,0.0
16004F,IA,Acute Care,0,1,Government,5.0,0.5714285714285714,0.5,0.5454545454545454,1.0,0.3333333333333333,0.5900432900432901,5,0.25,0.0,0.0,0.0,0.0,0.0,1.0,0.07142857142857142,0.07142857142857142
160057,IA,Acute Care,1,1,Non-Profit,2.0,0.8571428571428571,0.875,0.9090909090909091,1.0,1.0,0.9282467532467532,5,0.0,0.0,0.0,0.14285714285714285,0.1,0.0,0.0,0.0,0.043478260869565216
160058,IA,Acute Care,1,1,Government,3.0,1.0,0.875,1.0,1.0,0.9166666666666666,0.9583333333333334,5,0.0,0.0,0.42857142857142855,0.0,0.18181818181818182,0.18181818181818182,3.0,0.12,0.2
160064,IA,Acute Care,1,1,Non-Profit,3.0,1.0,0.875,1.0,1.0,0.9166666666666666,0.9583333333333334,5,0.0,0.0,0.2857142857142857,0.0,0.0,0.18181818181818182,0.0,0.0,0.08
160067,IA,Acute Care,1,1,Non-Profit,4.0,0.7142857142857143,0.75,0.9090909090909091,1.0,0.9166666666666666,0.8580086580086581,5,0.0,0.0,0.16666666666666666,0.0,0.1,0.0,2.0,0.09523809523809523,0.09523809523809523
160069,IA,Acute Care,1,1,Non-Profit,5.0,1.0,0.75,0.6363636363636364,1.0,0.8333333333333334,0.843939393939394,5,0.0,0.0,0.3333333333333333,0.0,0.2857142857142857,0.0,4.0,0.2,0.2
160079,IA,Acute Care,1,1,Non-Profit,3.0,1.0,0.875,1.0,1.0,0.9166666666666666,0.9583333333333334,5,0.0,0.14285714285714285,0.2857142857142857,0.14285714285714285,0.0,0.0,0.0,0.0,0.08
160080,IA,Acute Care,1,1,Non-Profit,4.0,0.7142857142857143,0.5,0.8181818181818182,1.0,0.9166666666666666,0.7898268398268399,5,0.0,0.2,0.0,0.0,0.2222222222222222,0.0,1.0,0.05555555555555555,0.1111111111111111
160082,IA,Acute Care,1,1,Non-Profit,3.0,1.0,1.0,1.0,1.0,0.9166666666666666,0.9833333333333334,5,0.0,0.14285714285714285,0.5,0.0,0.09090909090909091,0.09090909090909091,3.0,0.11538461538461539,0.19230769230769232
160083,IA,Acute Care,1,1,Non-Profit,2.0,1.0,1.0,1.0,1.0,0.9166666666666666,0.9833333333333334,5,0.0,0.0,0.375,0.0,0.18181818181818182,0.0,5.0,0.19230769230769232,0.19230769230769232
160089,IA,Acute Care,1,1,For-Profit,2.0,0.7142857142857143,0.25,0.5454545454545454,1.0,0.8333333333333334,0.6686147186147187,5,0.0,0.0,0.0,0.0,0.0,0.0,0.0,0.0,0.0
160101,IA,Acute Care,1,1,Government,2.0,0.0,0.625,0.45454545454545453,1.0,0.75,0.5659090909090909,4,,,0.2,0.0,0.0,0.0,1.0,0.1,0.1
160104,IA,Acute Care,1,1,Non-Profit,3.0,0.7142857142857143,0.625,0.5454545454545454,1.0,0.75,0.726948051948052,5,0.0,0.0,0.0,0.0,0.0,0.0,0.0,0.0,0.0
160110,IA,Acute Care,1,1,Non-Profit,3.0,1.0,0.875,1.0,1.0,0.8333333333333334,0.9416666666666667,5,0.0,0.14285714285714285,0.14285714285714285,0.0,0.0,0.0,0.0,0.0,0.04
160112,IA,Acute Care,1,1,Government,4.0,0.5714285714285714,0.375,0.8181818181818182,1.0,0.9166666666666666,0.7362554112554112,5,0.0,0.0,0.0,0.0,0.1111111111111111,0.0,1.0,0.0625,0.0625
160117,IA,Acute Care,1,1,Non-Profit,4.0,0.7142857142857143,0.75,0.6363636363636364,1.0,0.8333333333333334,0.7867965367965368,5,0.0,0.0,0.0,0.0,0.0,0.0,0.0,0.0,0.0
160124,IA,Acute Care,1,1,Government,2.0,0.5714285714285714,0.375,0.6363636363636364,1.0,0.75,0.6665584415584416,5,0.0,0.0,0.0,0.0,0.0,0.14285714285714285,-1.0,-0.07142857142857142,0.0
160146,IA,Acute Care,1,1,Non-Profit,1.0,0.8571428571428571,0.75,0.5454545454545454,1.0,0.75,0.7805194805194805,5,0.0,0.16666666666666666,0.0,0.0,0.0,0.0,-1.0,-0.05555555555555555,0.0
160147,IA,Acute Care,1,1,Non-Profit,4.0,0.5714285714285714,0.25,0.7272727272727273,1.0,0.8333333333333334,0.6764069264069265,5,0.0,0.0,0.0,0.0,0.0,0.0,0.0,0.0,0.0
160153,IA,Acute Care,0,1,Non-Profit,1.0,1.0,0.875,0.8181818181818182,1.0,0.75,0.8886363636363637,5,0.0,0.2857142857142857,0.0,0.0,0.0,0.1111111111111111,-3.0,-0.13043478260869565,0.0
161301,IA,Rural/Access,0,1,Government,,0.14285714285714285,0.0,0.18181818181818182,1.0,0.3333333333333333,0.33160173160173156,4,0.0,0.0,,,0.0,0.0,0.0,0.0,0.0
161302,IA,Rural/Access,1,1,Government,,0.14285714285714285,0.25,0.2727272727272727,1.0,0.5833333333333334,0.44978354978354973,5,0.0,0.0,0.0,0.0,0.0,0.0,0.0,0.0,0.0
161303,IA,Rural/Access,0,1,Non-Profit,,0.14285714285714285,0.0,0.36363636363636365,0.0,0.4166666666666667,0.18463203463203465,3,0.0,0.0,,,0.0,0.0,0.0,0.0,0.0
161304,IA,Rural/Access,0,1,Non-Profit,,0.2857142857142857,0.0,0.18181818181818182,0.0,0.5,0.1935064935064935,3,0.0,0.0,,,0.0,0.0,0.0,0.0,0.0
161305,IA,Rural/Access,0,1,Government,,0.0,0.0,0.09090909090909091,0.0,0.25,0.06818181818181819,2,,,,,0.0,0.0,0.0,0.0,0.0
161306,IA,Rural/Access,0,1,Non-Profit,,0.2857142857142857,0.0,0.36363636363636365,1.0,0.5,0.42987012987012985,4,0.0,0.0,,,0.25,0.0,1.0,0.16666666666666666,0.16666666666666666
161307,IA,Rural/Access,0,1,Government,,0.14285714285714285,0.125,0.36363636363636365,0.0,0.5,0.2262987012987013,4,0.0,0.0,0.0,0.0,0.25,0.0,1.0,0.16666666666666666,0.16666666666666666
161308,IA,Rural/Access,0,1,Government,,0.14285714285714285,0.0,0.2727272727272727,0.0,0.5833333333333334,0.19978354978354979,3,0.0,0.0,,,0.0,0.0,0.0,0.0,0.0
161309,IA,Rural/Access,0,1,Non-Profit,,0.2857142857142857,0.0,0.2727272727272727,0.0,0.5833333333333334,0.22835497835497837,3,0.0,0.0,,,0.0,0.0,0.0,0.0,0.0
161310,IA,Rural/Access,0,1,Government,,0.0,0.0,0.09090909090909091,0.0,0.25,0.06818181818181819,2,,,,,0.0,0.0,0.0,0.0,0.0
161311,IA,Rural/Access,0,1,Government,,0.14285714285714285,0.0,0.2727272727272727,0.0,0.4166666666666667,0.16645021645021646,3,0.0,0.0,,,0.0,0.0,0.0,0.0,0.0
161312,IA,Rural/Access,0,1,Government,,0.0,0.0,0.09090909090909091,0.0,0.5,0.1181818181818182,2,,,,,0.0,0.0,0.0,0.0,0.0
161313,IA,Rural/Access,0,1,Non-Profit,,0.14285714285714285,0.0,0.2727272727272727,0.0,0.5,0.1831168831168831,3,0.0,0.0,,,0.0,0.0,0.0,0.0,0.0
161314,IA,Rural/Access,0,1,Non-Profit,,0.0,0.0,0.18181818181818182,0.0,0.4166666666666667,0.1196969696969697,2,,,,,0.0,0.0,0.0,0.0,0.0
161315,IA,Rural/Access,0,1,Government,,0.0,0.0,0.0,0.0,0.16666666666666666,0.03333333333333333,1,,,,,,,0.0,,
161316,IA,Rural/Access,0,1,Non-Profit,,0.2857142857142857,0.0,0.2727272727272727,0.0,0.5,0.2116883116883117,3,0.0,0.0,,,0.0,0.0,0.0,0.0,0.0
161317,IA,Rural/Access,0,1,Government,,0.14285714285714285,0.0,0.36363636363636365,1.0,0.4166666666666667,0.38463203463203466,4,0.0,0.0,,,0.0,0.0,0.0,0.0,0.0
161318,IA,Rural/Access,0,1,Government,,0.14285714285714285,0.125,0.36363636363636365,0.0,0.25,0.17629870129870132,4,0.0,0.0,0.0,0.0,0.0,0.0,0.0,0.0,0.0
161319,IA,Rural/Access,0,1,Non-Profit,,0.0,0.0,0.09090909090909091,0.0,0.3333333333333333,0.08484848484848484,2,,,,,0.0,0.0,0.0,0.0,0.0
161320,IA,Rural/Access,0,1,Non-Profit,,0.14285714285714285,0.0,0.2727272727272727,0.0,0.25,0.1331168831168831,3,0.0,0.0,,,0.0,0.0,0.0,0.0,0.0
161321,IA,Rural/Access,0,1,Non-Profit,,0.0,0.0,0.18181818181818182,0.0,0.16666666666666666,0.0696969696969697,2,,,,,0.0,0.0,0.0,0.0,0.0
161322,IA,Rural/Access,0,1,Government,,0.0,0.0,0.0,0.0,0.3333333333333333,0.06666666666666667,1,,,,,,,0.0,,
161323,IA,Rural/Access,0,0,Government,,0.14285714285714285,0.0,0.18181818181818182,0.0,0.4166666666666667,0.14826839826839827,3,0.0,1.0,,,0.0,0.0,-1.0,-0.3333333333333333,0.0
161324,IA,Rural/Access,0,1,Non-Profit,,0.0,0.0,0.18181818181818182,0.0,0.25,0.08636363636363636,2,,,,,0.0,0.0,0.0,0.0,0.0
161325,IA,Rural/Access,0,1,Government,,0.14285714285714285,0.0,0.2727272727272727,0.0,0.4166666666666667,0.16645021645021646,3,0.0,0.0,,,0.0,0.0,0.0,0.0,0.0
161326,IA,Rural/Access,0,1,Government,,0.14285714285714285,0.0,0.2727272727272727,0.0,0.4166666666666667,0.16645021645021646,3,0.0,0.0,,,0.0,0.0,0.0,0.0,0.0
161327,IA,Rural/Access,0,1,Government,,0.0,0.0,0.09090909090909091,0.0,0.5,0.1181818181818182,2,,,,,0.0,0.0,0.0,0.0,0.0
161328,IA,Rural/Access,1,1,Government,,0.2857142857142857,0.0,0.45454545454545453,0.0,0.4166666666666667,0.2313852813852814,3,0.0,0.0,,,0.4,0.0,2.0,0.2857142857142857,0.2857142857142857
161329,IA,Rural/Access,0,1,Government,,0.14285714285714285,0.0,0.18181818181818182,0.0,0.4166666666666667,0.14826839826839827,3,0.0,0.0,,,0.0,0.0,0.0,0.0,0.0
161330,IA,Rural/Access,0,1,Government,,0.0,0.0,0.09090909090909091,0.0,0.3333333333333333,0.08484848484848484,2,,,,,0.0,0.0,0.0,0.0,0.0
161331,IA,Rural/Access,0,1,Non-Profit,,0.0,0.0,0.18181818181818182,0.0,0.4166666666666667,0.1196969696969697,2,,,,,0.0,0.0,0.0,0.0,0.0
161332,IA,Rural/Access,0,0,Non-Profit,,0.14285714285714285,0.0,0.18181818181818182,0.0,0.25,0.11493506493506493,3,0.0,0.0,,,0.0,0.0,0.0,0.0,0.0
161333,IA,Rural/Access,0,1,Government,,0.0,0.0,0.18181818181818182,0.0,0.5,0.13636363636363638,2,,,,,0.0,0.0,0.0,0.0,0.0
161334,IA,Rural/Access,0,1,Non-Profit,,0.14285714285714285,0.0,0.2727272727272727,0.0,0.4166666666666667,0.16645021645021646,3,0.0,0.0,,,0.0,0.0,0.0,0.0,0.0
161335,IA,Rural/Access,0,1,Government,,0.14285714285714285,0.0,0.36363636363636365,0.0,0.4166666666666667,0.18463203463203465,3,0.0,0.0,,,0.0,0.0,0.0,0.0,0.0
161336,IA,Rural/Access,0,1,Non-Profit,,0.14285714285714285,0.0,0.18181818181818182,0.0,0.4166666666666667,0.14826839826839827,3,0.0,0.0,,,0.0,0.0,0.0,0.0,0.0
161337,IA,Rural/Access,0,1,Government,,0.14285714285714285,0.0,0.18181818181818182,0.0,0.4166666666666667,0.14826839826839827,3,0.0,0.0,,,0.0,0.0,0.0,0.0,0.0
161338,IA,Rural/Access,0,1,Non-Profit,,0.14285714285714285,0.0,0.09090909090909091,0.0,0.3333333333333333,0.11341991341991342,3,0.0,0.0,,,0.0,0.0,0.0,0.0,0.0
161339,IA,Rural/Access,1,1,Government,,0.2857142857142857,0.0,0.36363636363636365,1.0,0.5,0.42987012987012985,4,0.0,0.0,,,0.0,0.0,0.0,0.0,0.0
161340,IA,Rural/Access,0,1,Government,,0.14285714285714285,0.0,0.18181818181818182,0.0,0.25,0.11493506493506493,3,0.0,0.0,,,0.0,0.0,0.0,0.0,0.0
161341,IA,Rural/Access,0,1,Non-Profit,,0.14285714285714285,0.0,0.18181818181818182,0.0,0.5833333333333334,0.1816017316017316,3,0.0,0.0,,,0.0,0.0,0.0,0.0,0.0
161342,IA,Rural/Access,0,1,Government,,0.14285714285714285,0.0,0.18181818181818182,0.0,0.5,0.16493506493506493,3,0.0,0.0,,,0.0,0.5,-1.0,-0.3333333333333333,0.0
161343,IA,Rural/Access,0,1,Government,,0.2857142857142857,0.125,0.45454545454545453,1.0,0.4166666666666667,0.45638528138528134,5,0.0,0.0,0.0,0.0,0.0,0.0,0.0,0.0,0.0
161344,IA,Rural/Access,0,1,Government,,0.2857142857142857,0.0,0.36363636363636365,0.0,0.25,0.17987012987012987,3,0.0,0.0,,,0.25,0.0,1.0,0.16666666666666666,0.16666666666666666
161345,IA,Rural/Access,0,1,Non-Profit,,0.0,0.0,0.18181818181818182,0.0,0.3333333333333333,0.10303030303030303,2,,,,,0.0,0.0,0.0,0.0,0.0
161346,IA,Rural/Access,0,1,Non-Profit,,0.14285714285714285,0.0,0.45454545454545453,1.0,0.4166666666666667,0.4028138528138528,4,0.0,0.0,,,0.0,0.0,0.0,0.0,0.0
161347,IA,Rural/Access,1,1,Government,3.0,0.42857142857142855,0.0,0.36363636363636365,0.0,0.5833333333333334,0.27510822510822514,3,0.0,0.0,,,0.0,0.0,0.0,0.0,0.0
161348,IA,Rural/Access,0,1,Non-Profit,,0.2857142857142857,0.0,0.45454545454545453,0.0,0.5,0.24805194805194802,3,0.0,0.0,,,0.0,0.0,0.0,0.0,0.0
161349,IA,Rural/Access,0,1,Non-Profit,,0.2857142857142857,0.0,0.36363636363636365,1.0,0.5,0.42987012987012985,4,0.0,0.0,,,0.0,0.0,0.0,0.0,0.0
161350,IA,Rural/Access,1,1,Non-Profit,,0.14285714285714285,0.0,0.2727272727272727,0.0,0.3333333333333333,0.14978354978354977,3,0.0,0.0,,,0.0,0.0,0.0,0.0,0.0
161351,IA,Rural/Access,0,1,Non-Profit,,0.2857142857142857,0.125,0.45454545454545453,0.0,0.4166666666666667,0.2563852813852814,4,0.0,0.0,0.0,0.0,0.0,0.0,0.0,0.0,0.0
161352,IA,Rural/Access,0,1,Government,4.0,0.42857142857142855,0.0,0.5454545454545454,0.0,0.5833333333333334,0.31147186147186146,3,0.0,0.0,,,0.16666666666666666,0.0,1.0,0.1111111111111111,0.1111111111111111
161353,IA,Rural/Access,1,1,Government,2.0,0.42857142857142855,0.0,0.36363636363636365,1.0,0.6666666666666666,0.49177489177489175,4,0.0,0.0,,,0.0,0.0,0.0,0.0,0.0
161354,IA,Rural/Access,0,1,Non-Profit,,0.14285714285714285,0.0,0.2727272727272727,0.0,0.4166666666666667,0.16645021645021646,3,0.0,0.0,,,0.0,0.0,0.0,0.0,0.0
161355,IA,Rural/Access,0,1,Non-Profit,,0.14285714285714285,0.0,0.18181818181818182,0.0,0.5,0.16493506493506493,3,0.0,0.0,,,0.0,0.0,0.0,0.0,0.0
161356,IA,Rural/Access,0,1,For-Profit,,0.14285714285714285,0.125,0.18181818181818182,0.0,0.25,0.13993506493506494,4,0.0,0.0,0.0,0.0,0.0,0.0,0.0,0.0,0.0
161357,IA,Rural/Access,1,1,Government,,0.14285714285714285,0.0,0.2727272727272727,0.0,0.5,0.1831168831168831,3,0.0,0.0,,,0.0,0.0,0.0,0.0,0.0
161358,IA,Rural/Access,0,1,Government,,0.14285714285714285,0.125,0.5454545454545454,0.0,0.16666666666666666,0.19599567099567097,4,0.0,0.0,0.0,0.0,0.3333333333333333,0.0,2.0,0.25,0.25
161359,IA,Rural/Access,0,1,Non-Profit,,0.2857142857142857,0.0,0.36363636363636365,0.0,0.4166666666666667,0.21320346320346323,3,0.0,0.5,,,0.0,0.0,-1.0,-0.16666666666666666,0.0
161360,IA,Rural/Access,0,1,Non-Profit,,0.2857142857142857,0.125,0.36363636363636365,1.0,0.3333333333333333,0.42153679653679654,5,0.0,0.0,0.0,0.0,0.0,0.0,0.0,0.0,0.0
161361,IA,Rural/Access,0,1,Non-Profit,,0.2857142857142857,0.0,0.36363636363636365,0.0,0.4166666666666667,0.21320346320346323,3,0.0,0.0,,,0.25,0.0,1.0,0.16666666666666666,0.16666666666666666
161362,IA,Rural/Access,1,1,Non-Profit,,0.2857142857142857,0.0,0.45454545454545453,1.0,0.5,0.44805194805194803,4,0.0,0.5,,,0.0,0.0,-1.0,-0.14285714285714285,0.0
161363,IA,Rural/Access,0,1,Government,3.0,0.42857142857142855,0.0,0.7272727272727273,0.0,0.4166666666666667,0.3145021645021645,3,0.0,0.0,,,0.0,0.0,0.0,0.0,0.0
161364,IA,Rural/Access,0,1,Government,,0.2857142857142857,0.125,0.5454545454545454,1.0,0.5833333333333334,0.5079004329004329,5,0.0,0.0,0.0,0.0,0.0,0.16666666666666666,-1.0,-0.1111111111111111,0.0
161365,IA,Rural/Access,1,1,Government,4.0,0.5714285714285714,0.125,0.5454545454545454,1.0,0.6666666666666666,0.5817099567099567,5,0.0,0.0,0.0,0.0,0.0,0.0,0.0,0.0,0.0
161366,IA,Rural/Access,0,1,Non-Profit,,0.14285714285714285,0.0,0.45454545454545453,0.0,0.5,0.21948051948051947,3,0.0,0.0,,,0.0,0.0,0.0,0.0,0.0
161367,IA,Rural/Access,0,1,Non-Profit,4.0,0.5714285714285714,0.25,0.6363636363636364,1.0,0.75,0.6415584415584416,5,0.0,0.0,0.0,0.0,0.0,0.0,0.0,0.0,0.0
161368,IA,Rural/Access,1,1,Government,,0.2857142857142857,0.125,0.45454545454545453,1.0,0.4166666666666667,0.45638528138528134,5,0.0,0.0,0.0,0.0,0.0,0.0,0.0,0.0,0.0
161369,IA,Rural/Access,0,1,Government,2.0,0.5714285714285714,0.0,0.45454545454545453,1.0,0.3333333333333333,0.4718614718614719,4,0.0,0.0,,,0.2,0.0,1.0,0.1111111111111111,0.1111111111111111
161370,IA,Rural/Access,0,0,Non-Profit,,0.14285714285714285,0.0,0.36363636363636365,0.0,0.4166666666666667,0.18463203463203465,3,0.0,0.0,,,0.0,0.0,0.0,0.0,0.0
161371,IA,Rural/Access,1,1,Government,2.0,0.42857142857142855,0.125,0.6363636363636364,1.0,0.4166666666666667,0.5213203463203463,5,0.0,0.0,0.0,0.0,0.0,0.0,0.0,0.0,0.0
161372,IA,Rural/Access,0,1,Government,,0.2857142857142857,0.0,0.18181818181818182,0.0,0.5,0.1935064935064935,3,0.0,0.0,,,0.0,0.0,0.0,0.0,0.0
161373,IA,Rural/Access,0,1,Government,,0.14285714285714285,0.0,0.18181818181818182,0.0,0.3333333333333333,0.13160173160173158,3,0.0,0.0,,,0.0,0.0,0.0,0.0,0.0
161374,IA,Rural/Access,1,1,Non-Profit,4.0,0.42857142857142855,0.125,0.36363636363636365,1.0,0.75,0.5334415584415584,5,0.0,0.0,0.0,0.0,0.25,0.0,1.0,0.125,0.125
161375,IA,Rural/Access,0,1,Government,3.0,0.42857142857142855,0.125,0.6363636363636364,1.0,0.4166666666666667,0.5213203463203463,5,0.0,0.0,0.0,0.0,0.0,0.0,0.0,0.0,0.0
161376,IA,Rural/Access,1,1,Government,4.0,0.42857142857142855,0.375,0.5454545454545454,1.0,0.5833333333333334,0.5864718614718615,5,0.0,0.0,0.0,0.0,0.0,0.0,0.0,0.0,0.0
161377,IA,Rural/Access,0,1,Non-Profit,,0.14285714285714285,0.0,0.36363636363636365,0.0,0.5,0.2012987012987013,3,0.0,0.0,,,0.0,0.0,0.0,0.0,0.0
161378,IA,Rural/Access,0,1,Non-Profit,,0.0,0.0,0.09090909090909091,0.0,0.25,0.06818181818181819,2,,,,,0.0,0.0,0.0,0.0,0.0
161379,IA,Rural/Access,1,1,Government,2.0,0.5714285714285714,0.0,0.36363636363636365,1.0,0.5833333333333334,0.5036796536796537,4,0.0,0.0,,,0.0,0.0,0.0,0.0,0.0
161380,IA,Rural/Access,0,1,Government,,0.2857142857142857,0.0,0.36363636363636365,0.0,0.4166666666666667,0.21320346320346323,3,0.0,0.0,,,0.25,0.0,1.0,0.16666666666666666,0.16666666666666666
161381,IA,Rural/Access,0,1,Non-Profit,,0.14285714285714285,0.0,0.18181818181818182,0.0,0.4166666666666667,0.14826839826839827,3,0.0,0.0,,,0.0,0.0,0.0,0.0,0.0
161382,IA,Rural/Access,0,1,Non-Profit,,0.0,0.0,0.0,0.0,0.0,0.0,0,,,,,,,0.0,,
164002,IA,Psychiatric,0,1,Government,,0.0,0.0,0.0,0.0,0.0,0.0,0,,,,,,,0.0,,
164003,IA,Psychiatric,0,0,Government,,0.0,0.0,0.0,0.0,0.0,0.0,0,,,,,,,0.0,,
164006,IA,Psychiatric,0,0,For-Profit,,0.0,0.0,0.0,0.0,0.0,0.0,0,,,,,,,0.0,,
164007,IA,Psychiatric,0,0,For-Profit,,0.0,0.0,0.0,0.0,0.0,0.0,0,,,,,,,0.0,,
170006,KS,Acute Care,1,1,Non-Profit,4.0,0.7142857142857143,0.625,0.9090909090909091,1.0,0.75,0.7996753246753248,5,0.0,0.2,0.2,0.0,0.0,0.0,0.0,0.0,0.05
170009,KS,Acute Care,0,1,Non-Profit,,0.2857142857142857,0.125,0.45454545454545453,1.0,0.75,0.523051948051948,5,0.0,0.0,0.0,0.0,0.0,0.0,0.0,0.0,0.0
170012,KS,Acute Care,1,1,Non-Profit,3.0,1.0,0.875,1.0,1.0,0.9166666666666666,0.9583333333333334,5,0.0,0.2857142857142857,0.0,0.0,0.09090909090909091,0.0,-1.0,-0.04,0.04
170013,KS,Acute Care,1,1,Non-Profit,4.0,1.0,0.625,1.0,1.0,0.9166666666666666,0.9083333333333334,5,0.0,0.14285714285714285,0.0,0.0,0.18181818181818182,0.0,1.0,0.043478260869565216,0.08695652173913043
170014,KS,Acute Care,0,0,Government,2.0,0.42857142857142855,0.25,0.7272727272727273,1.0,0.75,0.6311688311688312,5,0.0,0.0,0.0,0.0,0.0,0.0,0.0,0.0,0.0
170016,KS,Acute Care,1,1,Non-Profit,2.0,1.0,0.875,1.0,1.0,1.0,0.975,5,0.0,0.0,0.0,0.0,0.09090909090909091,0.09090909090909091,0.0,0.0,0.04
170017,KS,Acute Care,1,1,Non-Profit,2.0,0.42857142857142855,0.25,0.45454545454545453,0.0,0.8333333333333334,0.3932900432900433,4,0.0,0.0,0.0,0.0,0.0,0.0,0.0,0.0,0.0
170020,KS,Acute Care,1,1,Non-Profit,3.0,1.0,0.875,1.0,1.0,0.75,0.925,5,0.0,0.14285714285714285,0.14285714285714285,0.14285714285714285,0.09090909090909091,0.0,0.0,0.0,0.08
170023,KS,Acute Care,1,1,Non-Profit,2.0,0.7142857142857143,0.625,0.6363636363636364,1.0,0.9166666666666666,0.7784632034632034,5,0.0,0.0,0.0,0.0,0.0,0.14285714285714285,-1.0,-0.058823529411764705,0.0
170027,KS,Acute Care,1,1,For-Profit,5.0,0.42857142857142855,0.375,0.5454545454545454,1.0,0.8333333333333334,0.6364718614718614,5,0.0,0.0,0.0,0.0,0.16666666666666666,0.0,1.0,0.08333333333333333,0.08333333333333333
17002F,KS,Acute Care,0,1,Government,,0.0,0.0,0.0,0.0,0.0,0.0,0,,,,,,,0.0,,
170040,KS,Acute Care,1,1,Government,5.0,1.0,0.875,0.9090909090909091,1.0,1.0,0.9568181818181818,5,0.42857142857142855,0.0,0.2857142857142857,0.14285714285714285,0.1,0.0,5.0,0.20833333333333334,0.25
170049,KS,Acute Care,1,1,Non-Profit,4.0,1.0,0.875,1.0,1.0,1.0,0.975,5,0.0,0.0,0.42857142857142855,0.0,0.09090909090909091,0.0,4.0,0.16,0.16
17005F,KS,Acute Care,0,1,Government,5.0,0.5714285714285714,0.125,0.36363636363636365,1.0,0.3333333333333333,0.4786796536796537,5,0.0,0.0,0.0,0.0,0.25,0.0,1.0,0.1111111111111111,0.1111111111111111
170068,KS,Acute Care,1,1,Government,1.0,0.5714285714285714,0.5,0.6363636363636364,1.0,0.75,0.6915584415584416,5,0.0,0.0,0.0,0.25,0.0,0.14285714285714285,-2.0,-0.13333333333333333,0.0
170074,KS,Acute Care,1,1,Non-Profit,,0.2857142857142857,0.125,0.45454545454545453,1.0,0.8333333333333334,0.5397186147186147,5,0.0,0.0,0.0,0.0,0.0,0.0,0.0,0.0,0.0
170086,KS,Acute Care,1,1,Non-Profit,4.0,1.0,1.0,1.0,1.0,1.0,1.0,5,0.0,0.0,0.125,0.0,0.18181818181818182,0.09090909090909091,2.0,0.07692307692307693,0.11538461538461539
17008F,KS,Acute Care,0,1,Government,5.0,0.5714285714285714,0.375,0.5454545454545454,1.0,0.3333333333333333,0.5650432900432901,5,0.5,0.0,0.0,0.0,0.3333333333333333,0.0,4.0,0.3076923076923077,0.3076923076923077
170103,KS,Acute Care,1,1,Non-Profit,4.0,0.5714285714285714,0.625,0.6363636363636364,1.0,0.8333333333333334,0.7332251082251082,5,0.0,0.0,0.0,0.0,0.0,0.0,0.0,0.0,0.0
170104,KS,Acute Care,1,1,Non-Profit,3.0,1.0,1.0,1.0,1.0,1.0,1.0,5,0.0,0.0,0.125,0.0,0.09090909090909091,0.09090909090909091,1.0,0.038461538461538464,0.07692307692307693
170105,KS,Acute Care,1,1,Non-Profit,5.0,0.42857142857142855,0.375,0.5454545454545454,1.0,0.75,0.6198051948051948,5,0.0,0.0,0.0,0.0,0.0,0.0,0.0,0.0,0.0
170109,KS,Acute Care,0,1,Non-Profit,,0.14285714285714285,0.125,0.36363636363636365,1.0,0.6666666666666666,0.4596320346320346,5,0.0,0.0,0.0,0.0,0.25,0.0,1.0,0.16666666666666666,0.16666666666666666
170120,KS,Acute Care,1,1,Government,2.0,0.42857142857142855,0.5,0.6363636363636364,1.0,0.9166666666666666,0.6963203463203463,5,0.0,0.3333333333333333,0.0,0.0,0.14285714285714285,0.0,0.0,0.0,0.07142857142857142
170122,KS,Acute Care,1,1,Non-Profit,3.0,1.0,0.875,1.0,1.0,0.75,0.925,5,0.0,0.0,0.2857142857142857,0.0,0.0,0.09090909090909091,1.0,0.04,0.08
170123,KS,Acute Care,1,1,For-Profit,4.0,1.0,1.0,1.0,1.0,0.9166666666666666,0.9833333333333334,5,0.14285714285714285,0.0,0.5,0.0,0.2727272727272727,0.09090909090909091,7.0,0.2692307692307692,0.3076923076923077
170137,KS,Acute Care,1,1,Government,5.0,0.8571428571428571,0.75,0.9090909090909091,1.0,1.0,0.9032467532467532,5,0.0,0.16666666666666666,0.16666666666666666,0.0,0.1,0.0,1.0,0.045454545454545456,0.09090909090909091
170142,KS,Acute Care,1,1,Non-Profit,4.0,0.8571428571428571,0.75,0.7272727272727273,1.0,0.75,0.8168831168831169,5,0.0,0.0,0.0,0.0,0.25,0.0,2.0,0.1,0.1
170146,KS,Acute Care,0,1,Non-Profit,3.0,0.8571428571428571,0.625,0.7272727272727273,1.0,0.8333333333333334,0.8085497835497835,5,0.0,0.16666666666666666,0.0,0.0,0.0,0.0,-1.0,-0.05263157894736842,0.0
170175,KS,Acute Care,1,1,For-Profit,2.0,0.5714285714285714,0.25,0.45454545454545453,1.0,0.75,0.6051948051948053,5,0.0,0.0,0.0,0.0,0.0,0.0,0.0,0.0,0.0
170176,KS,Acute Care,1,1,For-Profit,3.0,1.0,1.0,1.0,1.0,0.9166666666666666,0.9833333333333334,5,0.14285714285714285,0.0,0.125,0.0,0.09090909090909091,0.09090909090909091,2.0,0.07692307692307693,0.11538461538461539
170182,KS,Acute Care,0,1,For-Profit,4.0,0.8571428571428571,0.875,0.9090909090909091,1.0,0.9166666666666666,0.9115800865800866,5,0.0,0.0,0.14285714285714285,0.0,0.1,0.0,2.0,0.08695652173913043,0.08695652173913043
170183,KS,Acute Care,0,0,Non-Profit,,0.0,0.25,0.2727272727272727,1.0,0.16666666666666666,0.3378787878787879,4,,,0.5,0.0,0.6666666666666666,0.0,3.0,0.6,0.6
170185,KS,Acute Care,0,1,Non-Profit,5.0,0.7142857142857143,0.5,0.7272727272727273,1.0,0.8333333333333334,0.7549783549783551,5,0.0,0.0,0.0,0.0,0.125,0.0,1.0,0.058823529411764705,0.058823529411764705
170186,KS,Acute Care,0,0,For-Profit,5.0,0.5714285714285714,0.375,0.45454545454545453,1.0,0.3333333333333333,0.5468614718614719,5,0.0,0.0,0.0,0.0,0.0,0.0,0.0,0.0,0.0
170187,KS,Acute Care,0,0,For-Profit,,0.0,0.25,0.5454545454545454,1.0,0.3333333333333333,0.4257575757575758,4,,,0.0,0.0,0.0,0.0,0.0,0.0,0.0
170188,KS,Acute Care,0,0,For-Profit,,0.0,0.25,0.2727272727272727,1.0,0.3333333333333333,0.3712121212121212,4,,,0.0,0.0,0.3333333333333333,0.0,1.0,0.2,0.2
170190,KS,Acute Care,0,0,For-Profit,,0.0,0.25,0.36363636363636365,1.0,0.3333333333333333,0.3893939393939394,4,,,0.0,0.0,0.0,0.0,0.0,0.0,0.0
170191,KS,Acute Care,1,1,Government,4.0,0.42857142857142855,0.375,0.5454545454545454,1.0,0.8333333333333334,0.6364718614718614,5,0.0,0.0,0.0,0.0,0.0,0.0,0.0,0.0,0.0
170194,KS,Acute Care,0,0,For-Profit,,0.0,0.125,0.18181818181818182,0.0,0.25,0.11136363636363637,3,,,0.0,0.0,0.0,0.0,0.0,0.0,0.0
170196,KS,Acute Care,0,0,For-Profit,,0.0,0.25,0.2727272727272727,1.0,0.25,0.35454545454545455,4,,,0.0,0.0,0.0,0.3333333333333333,-1.0,-0.2,0.0
170197,KS,Acute Care,0,1,For-Profit,2.0,0.7142857142857143,0.5,0.7272727272727273,1.0,0.6666666666666666,0.7216450216450216,5,0.0,0.0,0.25,0.0,0.0,0.0,1.0,0.058823529411764705,0.058823529411764705
170198,KS,Acute Care,0,0,For-Profit,,0.0,0.25,0.36363636363636365,0.0,0.3333333333333333,0.1893939393939394,3,,,0.0,0.0,0.0,0.25,-1.0,-0.16666666666666666,0.0
170199,KS,Acute Care,0,0,For-Profit,,0.0,0.125,0.0,0.0,0.16666666666666666,0.05833333333333333,2,,,0.0,0.0,,,0.0,0.0,0.0
170200,KS,Acute Care,0,1,Non-Profit,4.0,0.8571428571428571,0.625,0.5454545454545454,1.0,0.5833333333333334,0.7221861471861473,5,0.0,0.0,0.0,0.0,0.16666666666666666,0.0,1.0,0.058823529411764705,0.058823529411764705
170203,KS,Acute Care,0,0,Non-Profit,,0.0,0.25,0.36363636363636365,1.0,0.5,0.42272727272727273,4,,,0.0,0.0,0.0,0.0,0.0,0.0,0.0
170204,KS,Acute Care,0,1,For-Profit,,0.2857142857142857,0.125,0.45454545454545453,1.0,0.6666666666666666,0.5063852813852814,5,0.0,0.0,0.0,0.0,0.0,0.0,0.0,0.0,0.0
170208,KS,Acute Care,1,1,Non-Profit,,0.0,0.0,0.0,0.0,0.0,0.0,0,,,,,,,0.0,,
170779,KS,Rural/Access,0,1,Government,,0.0,0.0,0.0,0.0,0.0,0.0,0,,,,,,,0.0,,
170780,KS,Rural/Access,0,1,Non-Profit,,0.0,0.0,0.0,0.0,0.0,0.0,0,,,,,,,0.0,,
170781,KS,Rural/Access,0,1,Government,,0.0,0.0,0.0,0.0,0.0,0.0,0,,,,,,,0.0,,
171300,KS,Rural/Access,0,1,Government,,0.0,0.125,0.0,0.0,0.25,0.075,2,,,0.0,0.0,,,0.0,0.0,0.0
171301,KS,Rural/Access,0,1,Government,,0.0,0.0,0.09090909090909091,0.0,0.25,0.06818181818181819,2,,,,,0.0,0.0,0.0,0.0,0.0
171303,KS,Rural/Access,0,1,Government,,0.0,0.0,0.0,0.0,0.25,0.05,1,,,,,,,0.0,,
171304,KS,Rural/Access,0,1,Non-Profit,,0.0,0.0,0.09090909090909091,0.0,0.25,0.06818181818181819,2,,,,,0.0,0.0,0.0,0.0,0.0
171306,KS,Rural/Access,0,1,Government,,0.0,0.0,0.09090909090909091,0.0,0.3333333333333333,0.08484848484848484,2,,,,,0.0,0.0,0.0,0.0,0.0
171307,KS,Rural/Access,0,1,Non-Profit,,0.0,0.0,0.09090909090909091,0.0,0.4166666666666667,0.10151515151515152,2,,,,,0.0,0.0,0.0,0.0,0.0
171308,KS,Rural/Access,0,1,Non-Profit,,0.0,0.0,0.0,0.0,0.3333333333333333,0.06666666666666667,1,,,,,,,0.0,,
171309,KS,Rural/Access,0,1,Government,,0.0,0.125,0.09090909090909091,0.0,0.16666666666666666,0.07651515151515151,3,,,0.0,0.0,0.0,0.0,0.0,0.0,0.0
171310,KS,Rural/Access,0,1,Non-Profit,,0.14285714285714285,0.0,0.18181818181818182,0.0,0.3333333333333333,0.13160173160173158,3,0.0,0.0,,,0.0,0.0,0.0,0.0,0.0
171311,KS,Rural/Access,0,1,Government,,0.14285714285714285,0.0,0.36363636363636365,0.0,0.4166666666666667,0.18463203463203465,3,0.0,0.0,,,0.25,0.0,1.0,0.2,0.2
171312,KS,Rural/Access,0,1,Government,,0.0,0.0,0.09090909090909091,0.0,0.16666666666666666,0.051515151515151514,2,,,,,0.0,0.0,0.0,0.0,0.0
171313,KS,Rural/Access,1,1,Government,,0.14285714285714285,0.0,0.18181818181818182,0.0,0.5833333333333334,0.1816017316017316,3,0.0,0.0,,,0.0,0.0,0.0,0.0,0.0
171314,KS,Rural/Access,0,1,Non-Profit,,0.0,0.0,0.0,0.0,0.16666666666666666,0.03333333333333333,1,,,,,,,0.0,,
171315,KS,Rural/Access,1,1,Non-Profit,,0.2857142857142857,0.0,0.36363636363636365,0.0,0.5833333333333334,0.24653679653679655,3,0.0,0.0,,,0.25,0.0,1.0,0.16666666666666666,0.16666666666666666
171316,KS,Rural/Access,0,1,Non-Profit,,0.0,0.0,0.18181818181818182,0.0,0.4166666666666667,0.1196969696969697,2,,,,,0.0,0.0,0.0,0.0,0.0
171317,KS,Rural/Access,0,0,Government,,0.0,0.0,0.0,0.0,0.3333333333333333,0.06666666666666667,1,,,,,,,0.0,,
171318,KS,Rural/Access,0,1,Government,,0.14285714285714285,0.0,0.18181818181818182,0.0,0.3333333333333333,0.13160173160173158,3,0.0,0.0,,,0.0,0.0,0.0,0.0,0.0
171319,KS,Rural/Access,0,1,Non-Profit,,0.14285714285714285,0.0,0.18181818181818182,0.0,0.4166666666666667,0.14826839826839827,3,0.0,0.0,,,0.0,0.0,0.0,0.0,0.0
171321,KS,Rural/Access,0,1,Government,,0.0,0.0,0.09090909090909091,0.0,0.4166666666666667,0.10151515151515152,2,,,,,0.0,0.0,0.0,0.0,0.0
171322,KS,Rural/Access,0,1,Government,,0.0,0.0,0.09090909090909091,0.0,0.25,0.06818181818181819,2,,,,,0.0,0.0,0.0,0.0,0.0
171323,KS,Rural/Access,0,1,Government,,0.0,0.0,0.0,0.0,0.25,0.05,1,,,,,,,0.0,,
171324,KS,Rural/Access,0,1,Government,,0.0,0.0,0.09090909090909091,0.0,0.25,0.06818181818181819,2,,,,,0.0,0.0,0.0,0.0,0.0
171325,KS,Rural/Access,0,1,Government,,0.14285714285714285,0.0,0.2727272727272727,0.0,0.4166666666666667,0.16645021645021646,3,0.0,0.0,,,0.0,0.0,0.0,0.0,0.0
171326,KS,Rural/Access,0,1,Government,,0.14285714285714285,0.0,0.18181818181818182,0.0,0.3333333333333333,0.13160173160173158,3,0.0,0.0,,,0.0,0.0,0.0,0.0,0.0
171327,KS,Rural/Access,0,1,For-Profit,4.0,0.42857142857142855,0.0,0.45454545454545453,0.0,0.5,0.2766233766233766,3,0.0,0.0,,,0.2,0.0,1.0,0.125,0.125
171328,KS,Rural/Access,0,1,Non-Profit,,0.0,0.125,0.09090909090909091,0.0,0.3333333333333333,0.10984848484848483,3,,,0.0,0.0,0.0,0.0,0.0,0.0,0.0
171329,KS,Rural/Access,0,1,Government,,0.14285714285714285,0.0,0.18181818181818182,0.0,0.25,0.11493506493506493,3,0.0,0.0,,,0.0,0.0,0.0,0.0,0.0
171330,KS,Rural/Access,1,1,Government,,0.14285714285714285,0.0,0.2727272727272727,0.0,0.5833333333333334,0.19978354978354979,3,0.0,0.0,,,0.3333333333333333,0.0,1.0,0.25,0.25
171331,KS,Rural/Access,0,1,Government,,0.2857142857142857,0.0,0.36363636363636365,0.0,0.3333333333333333,0.1965367965367965,3,0.0,0.0,,,0.0,0.0,0.0,0.0,0.0
171332,KS,Rural/Access,0,1,Government,,0.0,0.0,0.09090909090909091,0.0,0.4166666666666667,0.10151515151515152,2,,,,,0.0,0.0,0.0,0.0,0.0
171333,KS,Rural/Access,0,1,Non-Profit,,0.2857142857142857,0.0,0.2727272727272727,1.0,0.5,0.4116883116883117,4,0.0,0.0,,,0.0,0.0,0.0,0.0,0.0
171334,KS,Rural/Access,0,1,Government,,0.14285714285714285,0.125,0.18181818181818182,0.0,0.4166666666666667,0.1732683982683983,4,0.0,0.0,0.0,0.0,0.0,0.0,0.0,0.0,0.0
171335,KS,Rural/Access,0,1,Government,,0.14285714285714285,0.0,0.2727272727272727,0.0,0.3333333333333333,0.14978354978354977,3,0.0,0.0,,,0.0,0.0,0.0,0.0,0.0
171336,KS,Rural/Access,0,1,Government,,0.14285714285714285,0.0,0.18181818181818182,0.0,0.3333333333333333,0.13160173160173158,3,0.0,1.0,,,0.0,0.0,-1.0,-0.3333333333333333,0.0
171337,KS,Rural/Access,0,1,Non-Profit,,0.0,0.0,0.18181818181818182,0.0,0.5,0.13636363636363638,2,,,,,0.0,0.0,0.0,0.0,0.0
171338,KS,Rural/Access,0,1,Non-Profit,,0.14285714285714285,0.0,0.2727272727272727,0.0,0.4166666666666667,0.16645021645021646,3,0.0,0.0,,,0.0,0.0,0.0,0.0,0.0
171339,KS,Rural/Access,0,1,Government,,0.14285714285714285,0.0,0.18181818181818182,0.0,0.4166666666666667,0.14826839826839827,3,0.0,0.0,,,0.0,0.5,-1.0,-0.3333333333333333,0.0
171341,KS,Rural/Access,1,1,Non-Profit,3.0,0.42857142857142855,0.0,0.45454545454545453,0.0,0.4166666666666667,0.25995670995670994,3,0.0,0.0,,,0.0,0.0,0.0,0.0,0.0
171343,KS,Rural/Access,0,1,Government,,0.0,0.0,0.09090909090909091,0.0,0.3333333333333333,0.08484848484848484,2,,,,,0.0,0.0,0.0,0.0,0.0
171344,KS,Rural/Access,0,1,Government,,0.14285714285714285,0.0,0.36363636363636365,0.0,0.5833333333333334,0.217965367965368,3,0.0,0.0,,,0.0,0.0,0.0,0.0,0.0
171345,KS,Rural/Access,0,1,Non-Profit,,0.14285714285714285,0.0,0.18181818181818182,0.0,0.5,0.16493506493506493,3,0.0,0.0,,,0.0,0.0,0.0,0.0,0.0
171346,KS,Rural/Access,0,1,Government,,0.0,0.0,0.2727272727272727,0.0,0.4166666666666667,0.13787878787878788,2,,,,,0.0,0.0,0.0,0.0,0.0
171347,KS,Rural/Access,0,1,Government,,0.14285714285714285,0.0,0.18181818181818182,0.0,0.25,0.11493506493506493,3,0.0,0.0,,,0.0,0.0,0.0,0.0,0.0
171348,KS,Rural/Access,0,1,Government,,0.14285714285714285,0.0,0.18181818181818182,0.0,0.25,0.11493506493506493,3,0.0,0.0,,,0.0,0.0,0.0,0.0,0.0
171349,KS,Rural/Access,0,1,Non-Profit,,0.14285714285714285,0.0,0.2727272727272727,0.0,0.4166666666666667,0.16645021645021646,3,0.0,0.0,,,0.0,0.0,0.0,0.0,0.0
171350,KS,Rural/Access,0,1,Non-Profit,,0.2857142857142857,0.0,0.36363636363636365,0.0,0.3333333333333333,0.1965367965367965,3,0.0,0.0,,,0.0,0.0,0.0,0.0,0.0
171351,KS,Rural/Access,0,1,Government,,0.0,0.0,0.18181818181818182,0.0,0.16666666666666666,0.0696969696969697,2,,,,,0.0,0.0,0.0,0.0,0.0
171352,KS,Rural/Access,0,1,Non-Profit,,0.0,0.0,0.18181818181818182,0.0,0.25,0.08636363636363636,2,,,,,0.0,0.0,0.0,0.0,0.0
171353,KS,Rural/Access,0,1,Government,,0.14285714285714285,0.0,0.2727272727272727,0.0,0.4166666666666667,0.16645021645021646,3,0.0,0.0,,,0.0,0.0,0.0,0.0,0.0
171354,KS,Rural/Access,1,1,Government,,0.14285714285714285,0.0,0.18181818181818182,0.0,0.6666666666666666,0.19826839826839826,3,0.0,0.0,,,0.0,0.0,0.0,0.0,0.0
171355,KS,Rural/Access,0,1,Government,,0.14285714285714285,0.0,0.2727272727272727,0.0,0.3333333333333333,0.14978354978354977,3,0.0,0.0,,,0.0,0.0,0.0,0.0,0.0
171356,KS,Rural/Access,0,1,Government,,0.0,0.0,0.09090909090909091,0.0,0.4166666666666667,0.10151515151515152,2,,,,,0.0,0.0,0.0,0.0,0.0
171357,KS,Rural/Access,0,0,For-Profit,,0.14285714285714285,0.0,0.18181818181818182,0.0,0.4166666666666667,0.14826839826839827,3,0.0,0.0,,,0.0,0.0,0.0,0.0,0.0
171358,KS,Rural/Access,0,1,Non-Profit,,0.0,0.0,0.2727272727272727,0.0,0.5,0.15454545454545454,2,,,,,0.0,0.0,0.0,0.0,0.0
171359,KS,Rural/Access,0,1,Government,,0.14285714285714285,0.0,0.2727272727272727,0.0,0.16666666666666666,0.11645021645021644,3,0.0,0.0,,,0.0,0.0,0.0,0.0,0.0
171360,KS,Rural/Access,0,0,Government,,0.0,0.0,0.09090909090909091,0.0,0.3333333333333333,0.08484848484848484,2,,,,,0.0,0.0,0.0,0.0,0.0
171361,KS,Rural/Access,1,1,Non-Profit,,0.2857142857142857,0.125,0.45454545454545453,1.0,0.5,0.47305194805194806,5,0.0,0.0,0.0,0.0,0.0,0.0,0.0,0.0,0.0
171362,KS,Rural/Access,1,1,Non-Profit,3.0,0.42857142857142855,0.0,0.5454545454545454,1.0,0.5,0.49480519480519475,4,0.0,0.0,,,0.0,0.0,0.0,0.0,0.0
171363,KS,Rural/Access,0,1,Non-Profit,4.0,0.42857142857142855,0.125,0.45454545454545453,1.0,0.5,0.5016233766233766,5,0.0,0.0,0.0,0.0,0.0,0.0,0.0,0.0,0.0
171364,KS,Rural/Access,0,1,Government,,0.14285714285714285,0.0,0.2727272727272727,0.0,0.3333333333333333,0.14978354978354977,3,0.0,0.0,,,0.0,0.0,0.0,0.0,0.0
171365,KS,Rural/Access,0,1,Government,,0.0,0.0,0.09090909090909091,0.0,0.25,0.06818181818181819,2,,,,,0.0,0.0,0.0,0.0,0.0
171367,KS,Rural/Access,1,1,Non-Profit,,0.14285714285714285,0.0,0.2727272727272727,0.0,0.5,0.1831168831168831,3,0.0,0.0,,,0.0,0.0,0.0,0.0,0.0
171368,KS,Rural/Access,0,1,Government,,0.14285714285714285,0.0,0.18181818181818182,0.0,0.4166666666666667,0.14826839826839827,3,0.0,0.0,,,0.0,0.0,0.0,0.0,0.0
171369,KS,Rural/Access,0,1,Government,,0.0,0.0,0.2727272727272727,0.0,0.25,0.10454545454545454,2,,,,,0.0,0.0,0.0,0.0,0.0
171370,KS,Rural/Access,0,1,Government,4.0,0.42857142857142855,0.0,0.45454545454545453,0.0,0.5,0.2766233766233766,3,0.0,0.0,,,0.0,0.0,0.0,0.0,0.0
171371,KS,Rural/Access,0,1,Government,4.0,0.42857142857142855,0.0,0.5454545454545454,1.0,0.6666666666666666,0.5281385281385281,4,0.0,0.0,,,0.0,0.0,0.0,0.0,0.0
171372,KS,Rural/Access,0,1,Non-Profit,4.0,0.42857142857142855,0.0,0.36363636363636365,0.0,0.4166666666666667,0.24177489177489178,3,0.0,0.0,,,0.0,0.0,0.0,0.0,0.0
171373,KS,Rural/Access,0,1,Government,,0.2857142857142857,0.0,0.36363636363636365,0.0,0.6666666666666666,0.26320346320346316,3,0.0,0.0,,,0.0,0.0,0.0,0.0,0.0
171374,KS,Rural/Access,0,1,Government,,0.14285714285714285,0.0,0.2727272727272727,0.0,0.5,0.1831168831168831,3,0.0,0.0,,,0.0,0.0,0.0,0.0,0.0
171375,KS,Rural/Access,1,1,Government,,0.2857142857142857,0.25,0.5454545454545454,1.0,0.75,0.5662337662337662,5,0.0,0.0,0.5,0.0,0.0,0.0,1.0,0.1,0.1
171376,KS,Rural/Access,0,1,Government,,0.14285714285714285,0.0,0.2727272727272727,0.0,0.5,0.1831168831168831,3,0.0,0.0,,,0.0,0.0,0.0,0.0,0.0
171377,KS,Rural/Access,0,1,Government,,0.2857142857142857,0.0,0.36363636363636365,1.0,0.4166666666666667,0.4132034632034632,4,0.0,0.0,,,0.0,0.0,0.0,0.0,0.0
171378,KS,Rural/Access,0,1,Non-Profit,,0.14285714285714285,0.0,0.18181818181818182,0.0,0.4166666666666667,0.14826839826839827,3,0.0,0.0,,,0.0,0.0,0.0,0.0,0.0
171379,KS,Rural/Access,1,0,Government,,0.2857142857142857,0.0,0.2727272727272727,0.0,0.5,0.2116883116883117,3,0.0,0.0,,,0.0,0.0,0.0,0.0,0.0
171380,KS,Rural/Access,1,1,Government,2.0,0.42857142857142855,0.25,0.5454545454545454,1.0,0.8333333333333334,0.6114718614718615,5,0.0,0.0,0.0,0.0,0.0,0.0,0.0,0.0,0.0
171381,KS,Rural/Access,0,1,Government,,0.2857142857142857,0.0,0.36363636363636365,0.0,0.4166666666666667,0.21320346320346323,3,0.0,0.5,,,0.0,0.0,-1.0,-0.16666666666666666,0.0
171382,KS,Rural/Access,1,1,Non-Profit,,0.2857142857142857,0.125,0.36363636363636365,1.0,0.5833333333333334,0.4715367965367966,5,0.0,0.0,0.0,0.0,0.0,0.0,0.0,0.0,0.0
171383,KS,Rural/Access,1,1,Government,2.0,0.42857142857142855,0.125,0.5454545454545454,1.0,0.8333333333333334,0.5864718614718615,5,0.0,0.3333333333333333,0.0,0.0,0.16666666666666666,0.0,0.0,0.0,0.1
171384,KS,Rural/Access,1,1,Government,2.0,0.5714285714285714,0.25,0.5454545454545454,1.0,0.8333333333333334,0.6400432900432901,5,0.0,0.25,0.0,0.0,0.16666666666666666,0.0,0.0,0.0,0.08333333333333333
171385,KS,Rural/Access,0,1,Government,,0.2857142857142857,0.0,0.36363636363636365,0.0,0.5,0.22987012987012986,3,0.0,0.0,,,0.0,0.0,0.0,0.0,0.0
171386,KS,Rural/Access,0,1,Government,,0.0,0.0,0.0,0.0,0.0,0.0,0,,,,,,,0.0,,
171388,KS,Rural/Access,0,1,Non-Profit,,0.0,0.0,0.0,0.0,0.0,0.0,0,,,,,,,0.0,,
173300,KS,Childrens,0,0,Non-Profit,,0.0,0.0,0.0,0.0,0.0,0.0,0,,,,,,,0.0,,
174006,KS,Psychiatric,0,0,Government,,0.0,0.0,0.0,0.0,0.0,0.0,0,,,,,,,0.0,,
174020,KS,Psychiatric,0,0,For-Profit,,0.0,0.0,0.0,0.0,0.0,0.0,0,,,,,,,0.0,,
174022,KS,Psychiatric,0,0,Government,,0.0,0.0,0.0,0.0,0.0,0.0,0,,,,,,,0.0,,
174026,KS,Psychiatric,0,0,For-Profit,,0.0,0.0,0.0,0.0,0.0,0.0,0,,,,,,,0.0,,
174027,KS,Psychiatric,0,0,Non-Profit,,0.0,0.0,0.0,0.0,0.0,0.0,0,,,,,,,0.0,,
180001,KY,Acute Care,0,1,Non-Profit,3.0,0.7142857142857143,0.75,0.5454545454545454,1.0,0.75,0.7519480519480519,5,0.0,0.0,0.16666666666666666,0.0,0.0,0.0,1.0,0.058823529411764705,0.058823529411764705
180002,KY,Acute Care,1,1,Non-Profit,3.0,0.5714285714285714,0.375,0.45454545454545453,1.0,0.75,0.6301948051948052,5,0.0,0.0,0.0,0.0,0.0,0.0,0.0,0.0,0.0
180004,KY,Acute Care,0,1,Non-Profit,4.0,0.42857142857142855,0.375,0.45454545454545453,1.0,0.75,0.6016233766233766,5,0.0,0.0,0.0,0.0,0.0,0.0,0.0,0.0,0.0
180005,KY,Acute Care,1,1,For-Profit,2.0,0.7142857142857143,0.625,0.8181818181818182,1.0,0.75,0.7814935064935066,5,0.0,0.0,0.2,0.0,0.0,0.1111111111111111,0.0,0.0,0.05263157894736842
180009,KY,Acute Care,1,1,Non-Profit,3.0,1.0,0.875,1.0,1.0,1.0,0.975,5,0.0,0.14285714285714285,0.14285714285714285,0.0,0.09090909090909091,0.09090909090909091,0.0,0.0,0.08
180010,KY,Acute Care,0,1,Non-Profit,2.0,1.0,0.875,0.8181818181818182,1.0,0.75,0.8886363636363637,5,0.14285714285714285,0.14285714285714285,0.7142857142857143,0.14285714285714285,0.0,0.0,4.0,0.17391304347826086,0.2608695652173913
180011,KY,Acute Care,1,1,Non-Profit,3.0,0.8571428571428571,0.875,0.9090909090909091,1.0,1.0,0.9282467532467532,5,0.16666666666666666,0.0,0.14285714285714285,0.0,0.1,0.1,2.0,0.08695652173913043,0.13043478260869565
180012,KY,Acute Care,0,1,Government,2.0,0.8571428571428571,0.875,0.9090909090909091,1.0,1.0,0.9282467532467532,5,0.0,0.0,0.14285714285714285,0.0,0.0,0.1,0.0,0.0,0.043478260869565216
180013,KY,Acute Care,1,1,Non-Profit,2.0,1.0,0.75,0.9090909090909091,1.0,0.9166666666666666,0.9151515151515153,5,0.0,0.14285714285714285,0.16666666666666666,0.0,0.0,0.0,0.0,0.0,0.043478260869565216
180016,KY,Acute Care,0,1,Non-Profit,,0.14285714285714285,0.25,0.45454545454545453,1.0,0.75,0.5194805194805194,5,0.0,0.0,0.0,0.0,0.0,0.0,0.0,0.0,0.0
180017,KY,Acute Care,1,1,Non-Profit,3.0,0.7142857142857143,0.625,0.9090909090909091,1.0,0.9166666666666666,0.8330086580086581,5,0.0,0.0,0.4,0.0,0.0,0.2,0.0,0.0,0.1
180018,KY,Acute Care,1,1,Government,4.0,0.7142857142857143,0.625,0.8181818181818182,1.0,0.8333333333333334,0.7981601731601733,5,0.0,0.0,0.2,0.0,0.0,0.1111111111111111,0.0,0.0,0.05263157894736842
180019,KY,Acute Care,1,1,For-Profit,4.0,0.42857142857142855,0.25,0.5454545454545454,1.0,0.9166666666666666,0.6281385281385281,5,0.0,0.0,0.0,0.0,0.5,0.0,3.0,0.2727272727272727,0.2727272727272727
180020,KY,Acute Care,1,1,Non-Profit,2.0,0.42857142857142855,0.25,0.36363636363636365,1.0,0.75,0.5584415584415584,5,0.0,0.0,0.0,0.0,0.0,0.0,0.0,0.0,0.0
180024,KY,Acute Care,1,1,For-Profit,,0.2857142857142857,0.25,0.6363636363636364,1.0,0.8333333333333334,0.6010822510822511,5,0.0,0.0,0.0,0.0,0.14285714285714285,0.0,1.0,0.09090909090909091,0.09090909090909091
180025,KY,Acute Care,1,1,Non-Profit,,0.2857142857142857,0.25,0.7272727272727273,1.0,0.8333333333333334,0.6192640692640693,5,0.0,0.0,0.0,0.0,0.0,0.0,0.0,0.0,0.0
180027,KY,Acute Care,1,1,Non-Profit,2.0,0.8571428571428571,0.625,0.9090909090909091,1.0,0.9166666666666666,0.8615800865800866,5,0.0,0.16666666666666666,0.0,0.0,0.0,0.2,-3.0,-0.14285714285714285,0.0
180029,KY,Acute Care,1,1,Non-Profit,2.0,0.8571428571428571,0.875,0.9090909090909091,1.0,0.8333333333333334,0.89491341991342,5,0.0,0.0,0.14285714285714285,0.14285714285714285,0.0,0.2,-2.0,-0.08695652173913043,0.043478260869565216
180035,KY,Acute Care,1,1,Non-Profit,4.0,1.0,1.0,1.0,1.0,1.0,1.0,5,0.14285714285714285,0.0,0.125,0.0,0.09090909090909091,0.09090909090909091,2.0,0.07692307692307693,0.11538461538461539
180038,KY,Acute Care,1,1,Non-Profit,2.0,1.0,0.875,1.0,1.0,1.0,0.975,5,0.0,0.14285714285714285,0.2857142857142857,0.0,0.09090909090909091,0.0,2.0,0.08,0.12
18003F,KY,Acute Care,0,1,Government,,0.0,0.0,0.0,0.0,0.0,0.0,0,,,,,,,0.0,,
180040,KY,Acute Care,0,1,Non-Profit,2.0,1.0,0.875,0.8181818181818182,1.0,0.9166666666666666,0.9219696969696971,5,0.0,0.14285714285714285,0.2857142857142857,0.0,0.0,0.3333333333333333,-2.0,-0.08695652173913043,0.08695652173913043
180043,KY,Acute Care,1,1,Non-Profit,,0.2857142857142857,0.25,0.45454545454545453,1.0,0.6666666666666666,0.5313852813852813,5,0.0,0.0,0.0,0.5,0.0,0.2,-2.0,-0.2222222222222222,0.0
180044,KY,Acute Care,1,1,Non-Profit,1.0,1.0,0.75,0.9090909090909091,1.0,0.9166666666666666,0.9151515151515153,5,0.0,0.14285714285714285,0.16666666666666666,0.16666666666666666,0.0,0.4,-5.0,-0.21739130434782608,0.043478260869565216
180045,KY,Acute Care,0,1,Non-Profit,4.0,0.8571428571428571,0.75,0.5454545454545454,1.0,0.8333333333333334,0.7971861471861472,5,0.0,0.0,0.16666666666666666,0.0,0.0,0.16666666666666666,0.0,0.0,0.05555555555555555
180046,KY,Acute Care,0,1,For-Profit,4.0,0.42857142857142855,0.125,0.45454545454545453,0.0,0.5833333333333334,0.3182900432900433,4,0.0,0.0,0.0,0.0,0.0,0.0,0.0,0.0,0.0
180048,KY,Acute Care,1,1,Non-Profit,2.0,0.8571428571428571,0.75,0.8181818181818182,1.0,0.9166666666666666,0.8683982683982684,5,0.0,0.16666666666666666,0.3333333333333333,0.0,0.0,0.0,1.0,0.047619047619047616,0.09523809523809523
180049,KY,Acute Care,0,1,Non-Profit,3.0,0.7142857142857143,0.25,0.7272727272727273,1.0,0.75,0.6883116883116883,5,0.0,0.0,0.0,0.0,0.0,0.0,0.0,0.0,0.0
180050,KY,Acute Care,1,1,Non-Profit,2.0,0.42857142857142855,0.375,0.45454545454545453,1.0,0.6666666666666666,0.5849567099567099,5,0.0,0.0,0.0,0.0,0.0,0.0,0.0,0.0,0.0
180051,KY,Acute Care,1,1,Non-Profit,1.0,0.5714285714285714,0.625,0.8181818181818182,1.0,0.9166666666666666,0.7862554112554112,5,0.0,0.25,0.0,0.0,0.0,0.0,-1.0,-0.05555555555555555,0.0
180056,KY,Acute Care,1,1,Non-Profit,2.0,0.5714285714285714,0.625,0.7272727272727273,1.0,0.8333333333333334,0.7514069264069264,5,0.0,0.0,0.2,0.0,0.0,0.0,1.0,0.058823529411764705,0.058823529411764705
180064,KY,Acute Care,1,1,Non-Profit,,0.2857142857142857,0.25,0.45454545454545453,1.0,0.8333333333333334,0.5647186147186147,5,0.0,0.0,0.0,0.0,0.0,0.0,0.0,0.0,0.0
180066,KY,Acute Care,0,1,For-Profit,,0.2857142857142857,0.125,0.36363636363636365,0.0,0.6666666666666666,0.2882034632034632,4,0.0,0.0,0.0,0.0,0.0,0.5,-2.0,-0.2857142857142857,0.0
180067,KY,Acute Care,1,1,Government,4.0,1.0,0.875,0.9090909090909091,1.0,0.8333333333333334,0.9234848484848485,5,0.14285714285714285,0.0,0.2857142857142857,0.14285714285714285,0.0,0.0,2.0,0.08333333333333333,0.125
180069,KY,Acute Care,0,1,For-Profit,3.0,0.42857142857142855,0.375,0.45454545454545453,1.0,0.6666666666666666,0.5849567099567099,5,0.0,0.0,0.3333333333333333,0.0,0.0,0.4,-1.0,-0.09090909090909091,0.09090909090909091
18006F,KY,Acute Care,0,1,Government,5.0,0.5714285714285714,0.5,0.5454545454545454,1.0,0.3333333333333333,0.5900432900432901,5,0.25,0.0,0.0,0.0,0.16666666666666666,0.0,2.0,0.14285714285714285,0.14285714285714285
180070,KY,Acute Care,1,1,Non-Profit,3.0,0.5714285714285714,0.25,0.5454545454545454,1.0,0.75,0.6233766233766234,5,0.0,0.0,0.0,0.0,0.0,0.0,0.0,0.0,0.0
180078,KY,Acute Care,0,1,For-Profit,2.0,0.42857142857142855,0.25,0.45454545454545453,1.0,0.6666666666666666,0.5599567099567099,5,0.0,0.3333333333333333,0.0,0.0,0.0,0.2,-2.0,-0.2,0.0
180079,KY,Acute Care,1,1,Non-Profit,3.0,0.42857142857142855,0.25,0.5454545454545454,1.0,0.9166666666666666,0.6281385281385281,5,0.0,0.3333333333333333,0.5,0.0,0.0,0.0,0.0,0.0,0.09090909090909091
18007F,KY,Acute Care,0,1,Government,4.0,0.5714285714285714,0.375,0.5454545454545454,1.0,0.4166666666666667,0.5817099567099567,5,0.25,0.0,0.0,0.0,0.16666666666666666,0.16666666666666666,1.0,0.07692307692307693,0.15384615384615385
180080,KY,Acute Care,1,1,Non-Profit,4.0,0.8571428571428571,0.875,0.8181818181818182,1.0,1.0,0.9100649350649352,5,0.0,0.0,0.14285714285714285,0.0,0.0,0.0,1.0,0.045454545454545456,0.045454545454545456
180087,KY,Acute Care,1,1,Government,2.0,0.42857142857142855,0.625,0.8181818181818182,1.0,0.8333333333333334,0.741017316017316,5,0.0,0.0,0.0,0.0,0.0,0.0,0.0,0.0,0.0
180088,KY,Acute Care,1,1,Non-Profit,2.0,1.0,1.0,1.0,1.0,1.0,1.0,5,0.0,0.2857142857142857,0.25,0.25,0.0,0.36363636363636365,-6.0,-0.23076923076923078,0.07692307692307693
180092,KY,Acute Care,1,1,For-Profit,4.0,0.7142857142857143,0.5,0.8181818181818182,1.0,0.9166666666666666,0.7898268398268399,5,0.0,0.0,0.25,0.0,0.0,0.0,1.0,0.05555555555555555,0.05555555555555555
180093,KY,Acute Care,1,1,Non-Profit,3.0,1.0,0.75,0.9090909090909091,1.0,1.0,0.9318181818181819,5,0.0,0.2857142857142857,0.16666666666666666,0.0,0.1,0.0,0.0,0.0,0.08695652173913043
180101,KY,Acute Care,1,1,For-Profit,3.0,0.42857142857142855,0.25,0.5454545454545454,1.0,0.9166666666666666,0.6281385281385281,5,0.0,0.0,0.5,0.0,0.0,0.0,1.0,0.09090909090909091,0.09090909090909091
180102,KY,Acute Care,1,1,Non-Profit,2.0,1.0,0.875,1.0,1.0,1.0,0.975,5,0.0,0.0,0.14285714285714285,0.0,0.0,0.0,1.0,0.04,0.04
180103,KY,Acute Care,1,1,Non-Profit,4.0,1.0,1.0,1.0,1.0,1.0,1.0,5,0.0,0.0,0.25,0.0,0.0,0.0,2.0,0.07692307692307693,0.07692307692307693
180104,KY,Acute Care,1,1,Non-Profit,5.0,1.0,0.75,0.9090909090909091,1.0,1.0,0.9318181818181819,5,0.0,0.0,0.16666666666666666,0.16666666666666666,0.2,0.0,2.0,0.08695652173913043,0.13043478260869565
180105,KY,Acute Care,0,1,Non-Profit,1.0,0.42857142857142855,0.125,0.36363636363636365,1.0,0.6666666666666666,0.5167748917748918,5,0.0,0.0,0.0,0.0,0.0,0.5,-2.0,-0.25,0.0
180115,KY,Acute Care,0,1,Non-Profit,2.0,0.42857142857142855,0.125,0.45454545454545453,1.0,0.6666666666666666,0.5349567099567099,5,0.0,0.3333333333333333,0.0,0.0,0.0,0.0,-1.0,-0.1111111111111111,0.0
180116,KY,Acute Care,1,1,Government,2.0,0.7142857142857143,0.375,0.5454545454545454,1.0,0.8333333333333334,0.6936147186147187,5,0.0,0.0,0.0,0.0,0.0,0.16666666666666666,-1.0,-0.07142857142857142,0.0
180124,KY,Acute Care,0,1,For-Profit,2.0,0.7142857142857143,0.625,0.7272727272727273,1.0,0.75,0.7633116883116884,5,0.0,0.0,0.2,0.0,0.0,0.125,0.0,0.0,0.05555555555555555
180127,KY,Acute Care,0,1,For-Profit,2.0,0.7142857142857143,0.625,0.6363636363636364,1.0,0.9166666666666666,0.7784632034632034,5,0.0,0.0,0.0,0.0,0.0,0.0,0.0,0.0,0.0
180128,KY,Acute Care,0,1,For-Profit,2.0,0.42857142857142855,0.25,0.5454545454545454,1.0,0.6666666666666666,0.5781385281385281,5,0.0,0.0,0.0,0.0,0.0,0.0,0.0,0.0,0.0
180130,KY,Acute Care,1,1,Non-Profit,3.0,1.0,1.0,0.8181818181818182,1.0,1.0,0.9636363636363636,5,0.0,0.42857142857142855,0.25,0.125,0.2222222222222222,0.0,0.0,0.0,0.16666666666666666
180132,KY,Acute Care,1,1,For-Profit,1.0,0.8571428571428571,0.875,0.6363636363636364,1.0,1.0,0.8737012987012986,5,0.0,0.0,0.2857142857142857,0.0,0.0,0.14285714285714285,1.0,0.05,0.1
180138,KY,Acute Care,1,1,Non-Profit,4.0,0.42857142857142855,0.375,0.7272727272727273,1.0,0.8333333333333334,0.6728354978354979,5,0.0,0.0,0.0,0.0,0.125,0.0,1.0,0.07142857142857142,0.07142857142857142
180141,KY,Acute Care,1,1,Non-Profit,1.0,0.8571428571428571,0.875,0.7272727272727273,1.0,0.8333333333333334,0.8585497835497835,5,0.0,0.16666666666666666,0.14285714285714285,0.14285714285714285,0.0,0.125,-2.0,-0.09523809523809523,0.047619047619047616
180143,KY,Acute Care,1,1,Non-Profit,3.0,0.5714285714285714,0.5,0.7272727272727273,1.0,0.8333333333333334,0.7264069264069264,5,0.0,0.0,0.25,0.0,0.0,0.0,1.0,0.0625,0.0625
180149,KY,Acute Care,0,1,Government,,0.14285714285714285,0.0,0.18181818181818182,0.0,0.5,0.16493506493506493,3,0.0,0.0,,,0.5,0.0,1.0,0.3333333333333333,0.3333333333333333
180154,KY,Acute Care,0,1,Non-Profit,,0.2857142857142857,0.125,0.2727272727272727,0.0,0.3333333333333333,0.20335497835497834,4,0.0,0.0,0.0,0.0,0.0,0.3333333333333333,-1.0,-0.16666666666666666,0.0
180779,KY,Rural/Access,0,1,Government,,0.0,0.0,0.0,0.0,0.0,0.0,0,,,,,,,0.0,,
181301,KY,Rural/Access,0,1,Non-Profit,4.0,0.42857142857142855,0.0,0.45454545454545453,0.0,0.5,0.2766233766233766,3,0.0,0.0,,,0.4,0.0,2.0,0.25,0.25
181302,KY,Rural/Access,1,1,Non-Profit,,0.14285714285714285,0.125,0.2727272727272727,0.0,0.5833333333333334,0.22478354978354975,4,0.0,0.0,0.0,0.0,0.0,0.0,0.0,0.0,0.0
181304,KY,Rural/Access,0,1,Non-Profit,,0.0,0.0,0.18181818181818182,0.0,0.25,0.08636363636363636,2,,,,,0.0,0.0,0.0,0.0,0.0
181305,KY,Rural/Access,0,1,Non-Profit,,0.0,0.125,0.18181818181818182,0.0,0.6666666666666666,0.19469696969696967,3,,,0.0,0.0,0.0,0.5,-1.0,-0.3333333333333333,0.0
181306,KY,Rural/Access,0,1,Non-Profit,,0.14285714285714285,0.125,0.2727272727272727,0.0,0.4166666666666667,0.19145021645021645,4,0.0,0.0,0.0,0.0,0.0,0.0,0.0,0.0,0.0
181307,KY,Rural/Access,0,1,Non-Profit,,0.14285714285714285,0.0,0.18181818181818182,0.0,0.5,0.16493506493506493,3,0.0,0.0,,,0.0,0.0,0.0,0.0,0.0
181308,KY,Rural/Access,0,1,For-Profit,,0.0,0.0,0.18181818181818182,0.0,0.5,0.13636363636363638,2,,,,,0.0,0.0,0.0,0.0,0.0
181309,KY,Rural/Access,0,1,Government,2.0,0.42857142857142855,0.25,0.36363636363636365,0.0,0.4166666666666667,0.2917748917748918,4,0.0,0.0,0.0,0.5,0.0,0.0,-1.0,-0.1111111111111111,0.0
181310,KY,Rural/Access,0,1,Non-Profit,,0.0,0.0,0.09090909090909091,0.0,0.25,0.06818181818181819,2,,,,,0.0,0.0,0.0,0.0,0.0
181311,KY,Rural/Access,0,1,Non-Profit,,0.0,0.0,0.09090909090909091,0.0,0.5833333333333334,0.13484848484848486,2,,,,,0.0,0.0,0.0,0.0,0.0
181314,KY,Rural/Access,0,1,Non-Profit,,0.0,0.0,0.09090909090909091,0.0,0.25,0.06818181818181819,2,,,,,0.0,0.0,0.0,0.0,0.0
181315,KY,Rural/Access,1,1,Non-Profit,,0.14285714285714285,0.125,0.18181818181818182,1.0,0.5833333333333334,0.4066017316017316,5,0.0,0.0,0.0,0.0,0.0,0.0,0.0,0.0,0.0
181316,KY,Rural/Access,0,1,Non-Profit,,0.0,0.125,0.09090909090909091,0.0,0.4166666666666667,0.12651515151515152,3,,,0.0,0.0,0.0,0.0,0.0,0.0,0.0
181317,KY,Rural/Access,0,1,Government,,0.14285714285714285,0.0,0.18181818181818182,0.0,0.4166666666666667,0.14826839826839827,3,0.0,0.0,,,0.0,0.5,-1.0,-0.3333333333333333,0.0
181318,KY,Rural/Access,0,1,Non-Profit,,0.14285714285714285,0.125,0.6363636363636364,0.0,0.25,0.23084415584415585,4,0.0,0.0,0.0,0.0,0.0,0.0,0.0,0.0,0.0
181319,KY,Rural/Access,0,1,Government,2.0,0.42857142857142855,0.0,0.36363636363636365,0.0,0.5,0.2584415584415584,3,0.0,0.0,,,0.0,0.0,0.0,0.0,0.0
181320,KY,Rural/Access,0,1,Non-Profit,,0.2857142857142857,0.0,0.36363636363636365,0.0,0.5,0.22987012987012986,3,0.0,0.0,,,0.0,0.0,0.0,0.0,0.0
181321,KY,Rural/Access,0,1,Non-Profit,,0.14285714285714285,0.0,0.36363636363636365,0.0,0.3333333333333333,0.16796536796536796,3,0.0,0.0,,,0.0,0.0,0.0,0.0,0.0
181322,KY,Rural/Access,0,1,Non-Profit,,0.14285714285714285,0.0,0.09090909090909091,0.0,0.3333333333333333,0.11341991341991342,3,0.0,0.0,,,0.0,0.0,0.0,0.0,0.0
181323,KY,Rural/Access,0,1,For-Profit,,0.2857142857142857,0.0,0.45454545454545453,0.0,0.4166666666666667,0.2313852813852814,3,0.0,0.0,,,0.0,0.0,0.0,0.0,0.0
181324,KY,Rural/Access,0,1,Non-Profit,,0.0,0.25,0.2727272727272727,0.0,0.25,0.15454545454545454,3,,,0.0,0.0,0.0,0.3333333333333333,-1.0,-0.2,0.0
181325,KY,Rural/Access,0,1,Non-Profit,,0.0,0.25,0.09090909090909091,0.0,0.4166666666666667,0.15151515151515152,3,,,0.0,0.0,0.0,0.0,0.0,0.0,0.0
181327,KY,Rural/Access,0,1,Government,,0.2857142857142857,0.0,0.45454545454545453,0.0,0.5,0.24805194805194802,3,0.0,0.0,,,0.2,0.0,1.0,0.14285714285714285,0.14285714285714285
181328,KY,Rural/Access,0,1,Government,,0.2857142857142857,0.25,0.36363636363636365,0.0,0.6666666666666666,0.31320346320346315,4,0.0,0.0,0.0,0.0,0.0,0.25,-1.0,-0.125,0.0
181329,KY,Rural/Access,0,1,Non-Profit,,0.2857142857142857,0.125,0.45454545454545453,0.0,0.75,0.32305194805194803,4,0.0,0.0,0.0,0.0,0.0,0.0,0.0,0.0,0.0
181330,KY,Rural/Access,0,1,Government,,0.14285714285714285,0.0,0.18181818181818182,0.0,0.25,0.11493506493506493,3,0.0,0.0,,,0.0,0.0,0.0,0.0,0.0
181331,KY,Rural/Access,0,1,Non-Profit,,0.0,0.0,0.09090909090909091,0.0,0.5,0.1181818181818182,2,,,,,0.0,0.0,0.0,0.0,0.0
181333,KY,Rural/Access,0,1,Non-Profit,,0.0,0.0,0.0,0.0,0.0,0.0,0,,,,,,,0.0,,
181334,KY,Rural/Access,0,1,For-Profit,,0.0,0.0,0.0,0.0,0.0,0.0,0,,,,,,,0.0,,
184002,KY,Psychiatric,0,0,Government,,0.0,0.0,0.0,0.0,0.0,0.0,0,,,,,,,0.0,,
184004,KY,Psychiatric,0,0,Non-Profit,,0.0,0.0,0.0,0.0,0.0,0.0,0,,,,,,,0.0,,
184006,KY,Psychiatric,0,0,For-Profit,,0.0,0.0,0.0,0.0,0.0,0.0,0,,,,,,,0.0,,
184007,KY,Psychiatric,0,0,Non-Profit,,0.0,0.0,0.0,0.0,0.0,0.0,0,,,,,,,0.0,,
184008,KY,Psychiatric,0,1,Government,,0.0,0.0,0.0,0.0,0.0,0.0,0,,,,,,,0.0,,
184009,KY,Psychiatric,0,0,For-Profit,,0.0,0.0,0.0,0.0,0.0,0.0,0,,,,,,,0.0,,
184012,KY,Psychiatric,0,0,For-Profit,,0.0,0.0,0.0,0.0,0.0,0.0,0,,,,,,,0.0,,
184014,KY,Psychiatric,0,0,For-Profit,,0.0,0.0,0.0,0.0,0.0,0.0,0,,,,,,,0.0,,
184015,KY,Psychiatric,0,0,Government,,0.0,0.0,0.0,0.0,0.0,0.0,0,,,,,,,0.0,,
184017,KY,Psychiatric,0,0,Government,,0.0,0.0,0.0,0.0,0.0,0.0,0,,,,,,,0.0,,
190002,LA,Acute Care,1,1,Non-Profit,3.0,1.0,1.0,1.0,1.0,0.8333333333333334,0.9666666666666666,5,0.0,0.14285714285714285,0.25,0.0,0.0,0.09090909090909091,0.0,0.0,0.07692307692307693
190004,LA,Acute Care,1,1,Non-Profit,3.0,0.8571428571428571,0.625,0.9090909090909091,1.0,0.8333333333333334,0.84491341991342,5,0.0,0.3333333333333333,0.0,0.0,0.0,0.0,-2.0,-0.09523809523809523,0.0
190005,LA,Acute Care,0,1,Non-Profit,2.0,0.5714285714285714,0.75,0.6363636363636364,1.0,0.8333333333333334,0.7582251082251082,5,0.0,0.0,0.3333333333333333,0.3333333333333333,0.14285714285714285,0.0,1.0,0.058823529411764705,0.17647058823529413
190006,LA,Acute Care,0,1,Non-Profit,1.0,0.2857142857142857,0.5,0.5454545454545454,1.0,0.8333333333333334,0.6329004329004329,5,0.0,0.0,0.25,0.25,0.0,0.16666666666666666,-1.0,-0.08333333333333333,0.08333333333333333
190007,LA,Acute Care,1,1,Government,3.0,0.42857142857142855,0.375,0.7272727272727273,1.0,0.9166666666666666,0.6895021645021645,5,0.0,0.0,0.0,0.0,0.0,0.125,-1.0,-0.07142857142857142,0.0
190008,LA,Acute Care,1,1,Government,4.0,1.0,1.0,1.0,1.0,0.8333333333333334,0.9666666666666666,5,0.0,0.14285714285714285,0.125,0.0,0.09090909090909091,0.0,1.0,0.038461538461538464,0.07692307692307693
190011,LA,Acute Care,1,1,Non-Profit,3.0,0.42857142857142855,0.625,0.5454545454545454,1.0,0.75,0.6698051948051947,5,0.0,0.0,0.2,0.2,0.0,0.0,0.0,0.0,0.07142857142857142
190013,LA,Acute Care,1,1,Government,4.0,0.5714285714285714,0.625,0.8181818181818182,1.0,0.9166666666666666,0.7862554112554112,5,0.0,0.0,0.2,0.0,0.0,0.0,1.0,0.05555555555555555,0.05555555555555555
190014,LA,Acute Care,0,1,Non-Profit,2.0,0.42857142857142855,0.25,0.45454545454545453,1.0,0.75,0.5766233766233766,5,0.0,0.3333333333333333,0.5,0.0,0.0,0.0,0.0,0.0,0.1
190015,LA,Acute Care,1,1,Government,2.0,1.0,0.75,0.9090909090909091,1.0,0.9166666666666666,0.9151515151515153,5,0.0,0.0,0.16666666666666666,0.0,0.0,0.1,0.0,0.0,0.043478260869565216
190017,LA,Acute Care,1,1,Government,3.0,0.8571428571428571,0.625,0.9090909090909091,1.0,0.9166666666666666,0.8615800865800866,5,0.0,0.0,0.0,0.0,0.0,0.0,0.0,0.0,0.0
190019,LA,Acute Care,1,1,Non-Profit,2.0,1.0,0.875,0.9090909090909091,1.0,0.9166666666666666,0.9401515151515152,5,0.0,0.0,0.14285714285714285,0.14285714285714285,0.0,0.1,-1.0,-0.041666666666666664,0.041666666666666664
190020,LA,Acute Care,1,1,Government,4.0,0.7142857142857143,0.625,0.6363636363636364,1.0,0.8333333333333334,0.7617965367965368,5,0.0,0.0,0.0,0.0,0.0,0.14285714285714285,-1.0,-0.058823529411764705,0.0
190025,LA,Acute Care,0,1,Non-Profit,,0.14285714285714285,0.25,0.45454545454545453,0.0,0.6666666666666666,0.30281385281385276,4,0.0,0.0,0.0,0.0,0.0,0.0,0.0,0.0,0.0
190026,LA,Acute Care,1,1,For-Profit,2.0,1.0,0.75,0.7272727272727273,1.0,1.0,0.8954545454545455,5,0.14285714285714285,0.0,0.3333333333333333,0.0,0.0,0.25,1.0,0.047619047619047616,0.14285714285714285
190027,LA,Acute Care,0,1,Non-Profit,4.0,1.0,0.75,0.7272727272727273,1.0,0.8333333333333334,0.8621212121212121,5,0.0,0.0,0.16666666666666666,0.0,0.25,0.0,3.0,0.14285714285714285,0.14285714285714285
190034,LA,Acute Care,1,1,Government,,0.2857142857142857,0.25,0.45454545454545453,1.0,0.75,0.548051948051948,5,0.0,0.0,0.0,0.0,0.2,0.0,1.0,0.1111111111111111,0.1111111111111111
190036,LA,Acute Care,1,1,Non-Profit,4.0,1.0,1.0,1.0,1.0,1.0,1.0,5,0.0,0.0,0.375,0.0,0.0,0.09090909090909091,2.0,0.07692307692307693,0.11538461538461539
190039,LA,Acute Care,1,1,Non-Profit,3.0,0.8571428571428571,0.875,0.7272727272727273,1.0,0.9166666666666666,0.8752164502164502,5,0.0,0.0,0.14285714285714285,0.0,0.0,0.0,1.0,0.047619047619047616,0.047619047619047616
190040,LA,Acute Care,1,1,Government,2.0,1.0,0.75,0.9090909090909091,1.0,1.0,0.9318181818181819,5,0.0,0.0,0.16666666666666666,0.0,0.0,0.1,0.0,0.0,0.043478260869565216
190041,LA,Acute Care,1,1,Non-Profit,4.0,1.0,0.875,1.0,1.0,0.9166666666666666,0.9583333333333334,5,0.0,0.0,0.2857142857142857,0.0,0.0,0.0,2.0,0.08,0.08
190044,LA,Acute Care,0,1,Non-Profit,3.0,0.42857142857142855,0.75,0.8181818181818182,1.0,0.6666666666666666,0.7326839826839826,5,0.0,0.0,0.0,0.0,0.0,0.0,0.0,0.0,0.0
190045,LA,Acute Care,1,1,Government,4.0,1.0,0.875,0.7272727272727273,1.0,1.0,0.9204545454545455,5,0.0,0.0,0.14285714285714285,0.0,0.0,0.0,1.0,0.045454545454545456,0.045454545454545456
190046,LA,Acute Care,1,1,Non-Profit,3.0,0.8571428571428571,1.0,1.0,1.0,0.8333333333333334,0.9380952380952381,5,0.0,0.0,0.125,0.125,0.0,0.09090909090909091,-1.0,-0.04,0.04
190050,LA,Acute Care,1,1,Government,2.0,0.42857142857142855,0.25,0.5454545454545454,1.0,0.8333333333333334,0.6114718614718615,5,0.0,0.0,0.0,0.0,0.0,0.0,0.0,0.0,0.0
190053,LA,Acute Care,1,1,Non-Profit,2.0,0.5714285714285714,0.25,0.5454545454545454,1.0,0.75,0.6233766233766234,5,0.0,0.0,0.0,0.0,0.0,0.16666666666666666,-1.0,-0.08333333333333333,0.0
190054,LA,Acute Care,1,1,Non-Profit,3.0,0.8571428571428571,0.875,0.9090909090909091,1.0,0.8333333333333334,0.89491341991342,5,0.0,0.0,0.14285714285714285,0.0,0.1,0.0,2.0,0.08695652173913043,0.08695652173913043
190060,LA,Acute Care,1,1,Non-Profit,4.0,1.0,0.75,0.9090909090909091,1.0,0.9166666666666666,0.9151515151515153,5,0.14285714285714285,0.0,0.16666666666666666,0.0,0.2,0.0,4.0,0.17391304347826086,0.17391304347826086
190064,LA,Acute Care,0,1,Non-Profit,3.0,1.0,0.75,0.9090909090909091,1.0,0.9166666666666666,0.9151515151515153,5,0.0,0.14285714285714285,0.5,0.0,0.0,0.0,2.0,0.08695652173913043,0.13043478260869565
190065,LA,Acute Care,1,1,Non-Profit,3.0,1.0,1.0,1.0,1.0,0.8333333333333334,0.9666666666666666,5,0.0,0.0,0.25,0.0,0.09090909090909091,0.09090909090909091,2.0,0.07692307692307693,0.11538461538461539
190079,LA,Acute Care,0,1,Government,,0.0,0.125,0.18181818181818182,0.0,0.6666666666666666,0.19469696969696967,3,,,0.0,0.0,0.0,0.0,0.0,0.0,0.0
190086,LA,Acute Care,1,1,For-Profit,3.0,0.7142857142857143,0.375,0.6363636363636364,1.0,0.9166666666666666,0.7284632034632035,5,0.0,0.2,0.6666666666666666,0.0,0.14285714285714285,0.0,2.0,0.13333333333333333,0.2
190088,LA,Acute Care,0,1,Non-Profit,,0.2857142857142857,0.25,0.36363636363636365,0.0,0.6666666666666666,0.31320346320346315,4,0.0,0.0,0.0,0.0,0.0,0.0,0.0,0.0,0.0
190090,LA,Acute Care,0,1,For-Profit,,0.14285714285714285,0.0,0.2727272727272727,0.0,0.6666666666666666,0.21645021645021645,3,0.0,1.0,,,0.0,0.0,-1.0,-0.25,0.0
190098,LA,Acute Care,0,1,Non-Profit,2.0,0.8571428571428571,0.75,0.7272727272727273,1.0,0.75,0.8168831168831169,5,0.0,0.0,0.3333333333333333,0.0,0.125,0.0,3.0,0.15,0.15
190099,LA,Acute Care,0,1,For-Profit,,0.2857142857142857,0.125,0.45454545454545453,0.0,0.6666666666666666,0.3063852813852813,4,0.0,0.5,0.0,0.0,0.0,0.0,-1.0,-0.125,0.0
190102,LA,Acute Care,1,1,Non-Profit,2.0,1.0,0.75,0.9090909090909091,1.0,0.9166666666666666,0.9151515151515153,5,0.0,0.14285714285714285,0.16666666666666666,0.0,0.0,0.2,-2.0,-0.08695652173913043,0.043478260869565216
190106,LA,Acute Care,0,1,For-Profit,,0.2857142857142857,0.125,0.36363636363636365,0.0,0.6666666666666666,0.2882034632034632,4,0.0,0.0,0.0,0.0,0.0,0.25,-1.0,-0.14285714285714285,0.0
190111,LA,Acute Care,1,1,Non-Profit,3.0,1.0,1.0,1.0,1.0,1.0,1.0,5,0.0,0.0,0.125,0.0,0.0,0.18181818181818182,-1.0,-0.038461538461538464,0.038461538461538464
190114,LA,Acute Care,0,1,Government,,0.2857142857142857,0.125,0.36363636363636365,1.0,0.5833333333333334,0.4715367965367966,5,0.0,0.0,0.0,0.0,0.0,0.25,-1.0,-0.14285714285714285,0.0
190116,LA,Acute Care,1,1,Government,,0.2857142857142857,0.125,0.36363636363636365,0.0,0.75,0.30487012987012985,4,0.0,0.0,0.0,0.0,0.0,0.25,-1.0,-0.14285714285714285,0.0
190118,LA,Acute Care,0,1,Non-Profit,,0.14285714285714285,0.0,0.36363636363636365,0.0,0.5833333333333334,0.217965367965368,3,0.0,0.0,,,0.0,0.0,0.0,0.0,0.0
190125,LA,Acute Care,1,1,Non-Profit,3.0,1.0,0.875,0.9090909090909091,1.0,0.9166666666666666,0.9401515151515152,5,0.0,0.14285714285714285,0.14285714285714285,0.0,0.0,0.0,0.0,0.0,0.041666666666666664
190128,LA,Acute Care,1,1,Non-Profit,3.0,0.0,0.75,0.45454545454545453,1.0,0.6666666666666666,0.5742424242424242,4,,,0.16666666666666666,0.16666666666666666,0.0,0.0,0.0,0.0,0.09090909090909091
190133,LA,Acute Care,0,1,Government,,0.0,0.0,0.18181818181818182,0.0,0.5,0.13636363636363638,2,,,,,0.0,0.5,-1.0,-0.5,0.0
190140,LA,Acute Care,0,1,Government,,0.14285714285714285,0.125,0.36363636363636365,1.0,0.5833333333333334,0.442965367965368,5,0.0,0.0,0.0,0.0,0.0,0.0,0.0,0.0,0.0
190144,LA,Acute Care,1,1,For-Profit,3.0,0.42857142857142855,0.375,0.5454545454545454,1.0,0.8333333333333334,0.6364718614718614,5,0.0,0.0,0.0,0.0,0.0,0.0,0.0,0.0,0.0
190145,LA,Acute Care,0,0,Government,,0.2857142857142857,0.0,0.2727272727272727,0.0,0.5833333333333334,0.22835497835497837,3,0.0,0.0,,,0.0,0.0,0.0,0.0,0.0
190151,LA,Acute Care,0,1,Government,,0.14285714285714285,0.125,0.36363636363636365,0.0,0.5833333333333334,0.242965367965368,4,0.0,0.0,0.0,0.0,0.0,0.0,0.0,0.0,0.0
190160,LA,Acute Care,0,1,For-Profit,2.0,1.0,0.875,0.8181818181818182,1.0,0.5833333333333334,0.8553030303030302,5,0.0,0.0,0.14285714285714285,0.0,0.0,0.1111111111111111,0.0,0.0,0.043478260869565216
190164,LA,Acute Care,1,1,For-Profit,3.0,0.5714285714285714,0.25,0.5454545454545454,1.0,0.8333333333333334,0.6400432900432901,5,0.0,0.0,0.0,0.0,0.16666666666666666,0.0,1.0,0.08333333333333333,0.08333333333333333
190167,LA,Acute Care,0,1,For-Profit,3.0,0.5714285714285714,0.25,0.5454545454545454,1.0,0.8333333333333334,0.6400432900432901,5,0.0,0.0,0.0,0.0,0.0,0.0,0.0,0.0,0.0
190176,LA,Acute Care,1,1,Non-Profit,2.0,1.0,1.0,1.0,1.0,1.0,1.0,5,0.0,0.0,0.25,0.0,0.0,0.18181818181818182,0.0,0.0,0.07692307692307693
190183,LA,Acute Care,0,1,Non-Profit,3.0,0.2857142857142857,0.625,0.6363636363636364,1.0,0.6666666666666666,0.6427489177489177,5,0.0,0.0,0.0,0.0,0.0,0.14285714285714285,-1.0,-0.07142857142857142,0.0
190184,LA,Acute Care,0,1,Government,3.0,0.42857142857142855,0.125,0.45454545454545453,1.0,0.5833333333333334,0.5182900432900432,5,0.0,0.0,0.0,0.0,0.0,0.2,-1.0,-0.1111111111111111,0.0
190190,LA,Acute Care,0,0,For-Profit,,0.0,0.0,0.18181818181818182,0.0,0.25,0.08636363636363636,2,,,,,0.0,0.0,0.0,0.0,0.0
190201,LA,Acute Care,1,1,Non-Profit,,0.0,0.25,0.45454545454545453,1.0,0.75,0.4909090909090909,4,,,0.0,0.0,0.0,0.0,0.0,0.0,0.0
190202,LA,Acute Care,1,1,Non-Profit,3.0,0.8571428571428571,0.75,0.8181818181818182,1.0,0.9166666666666666,0.8683982683982684,5,0.0,0.0,0.16666666666666666,0.0,0.0,0.0,1.0,0.047619047619047616,0.047619047619047616
190208,LA,Acute Care,0,1,Government,,0.14285714285714285,0.0,0.18181818181818182,0.0,0.4166666666666667,0.14826839826839827,3,0.0,0.0,,,0.0,0.0,0.0,0.0,0.0
190218,LA,Acute Care,0,1,For-Profit,,0.14285714285714285,0.125,0.18181818181818182,0.0,0.5,0.18993506493506493,4,0.0,1.0,0.0,0.0,0.0,0.0,-1.0,-0.25,0.0
190241,LA,Acute Care,0,0,For-Profit,,0.0,0.125,0.18181818181818182,0.0,0.25,0.11136363636363637,3,,,0.0,0.0,0.0,0.0,0.0,0.0,0.0
190245,LA,Acute Care,0,0,For-Profit,,0.0,0.125,0.2727272727272727,0.0,0.5,0.17954545454545454,3,,,0.0,0.0,0.0,0.0,0.0,0.0,0.0
190251,LA,Acute Care,0,0,For-Profit,,0.0,0.25,0.2727272727272727,1.0,0.16666666666666666,0.3378787878787879,4,,,0.0,0.0,0.0,0.0,0.0,0.0,0.0
190255,LA,Acute Care,0,0,For-Profit,,0.0,0.25,0.18181818181818182,0.0,0.3333333333333333,0.15303030303030302,3,,,0.0,0.0,0.5,0.0,1.0,0.25,0.25
190256,LA,Acute Care,0,0,For-Profit,,0.0,0.25,0.2727272727272727,0.0,0.25,0.15454545454545454,3,,,0.0,0.0,0.0,0.3333333333333333,-1.0,-0.2,0.0
190259,LA,Acute Care,0,0,For-Profit,,0.0,0.25,0.2727272727272727,1.0,0.25,0.35454545454545455,4,,,0.0,0.0,0.0,0.0,0.0,0.0,0.0
190266,LA,Acute Care,0,0,For-Profit,,0.0,0.125,0.18181818181818182,1.0,0.25,0.3113636363636364,4,,,0.0,0.0,0.0,0.0,0.0,0.0,0.0
190267,LA,Acute Care,0,0,For-Profit,,0.0,0.25,0.2727272727272727,1.0,0.25,0.35454545454545455,4,,,0.0,0.0,0.0,0.0,0.0,0.0,0.0
190270,LA,Acute Care,0,0,For-Profit,,0.0,0.125,0.18181818181818182,1.0,0.25,0.3113636363636364,4,,,0.0,0.0,0.0,0.0,0.0,0.0,0.0
190274,LA,Acute Care,1,1,Non-Profit,4.0,0.5714285714285714,0.75,0.8181818181818182,1.0,0.9166666666666666,0.8112554112554113,5,0.0,0.0,0.16666666666666666,0.0,0.0,0.1111111111111111,0.0,0.0,0.05263157894736842
190278,LA,Acute Care,0,0,For-Profit,,0.0,0.25,0.2727272727272727,1.0,0.25,0.35454545454545455,4,,,0.0,0.0,0.0,0.0,0.0,0.0,0.0
190298,LA,Acute Care,0,0,For-Profit,,0.0,0.25,0.36363636363636365,1.0,0.5,0.42272727272727273,4,,,0.0,0.0,0.0,0.0,0.0,0.0,0.0
190300,LA,Acute Care,0,0,For-Profit,,0.0,0.0,0.0,0.0,0.0,0.0,0,,,,,,,0.0,,
190302,LA,Acute Care,0,0,For-Profit,,0.0,0.0,0.0,0.0,0.0,0.0,0,,,,,,,0.0,,
190303,LA,Acute Care,0,0,For-Profit,,0.0,0.25,0.36363636363636365,1.0,0.3333333333333333,0.3893939393939394,4,,,0.0,0.0,0.0,0.0,0.0,0.0,0.0
190308,LA,Acute Care,0,1,Government,,0.2857142857142857,0.25,0.36363636363636365,1.0,0.75,0.5298701298701298,5,0.0,0.0,0.0,0.0,0.0,0.0,0.0,0.0,0.0
190312,LA,Acute Care,1,1,Non-Profit,,0.2857142857142857,0.25,0.45454545454545453,1.0,0.75,0.548051948051948,5,0.0,0.0,0.0,0.0,0.2,0.0,1.0,0.1111111111111111,0.1111111111111111
190313,LA,Acute Care,0,1,Government,,0.0,0.25,0.18181818181818182,1.0,0.75,0.43636363636363634,4,,,0.0,0.0,0.0,0.0,0.0,0.0,0.0
190316,LA,Acute Care,0,1,Non-Profit,,0.14285714285714285,0.125,0.2727272727272727,0.0,0.4166666666666667,0.19145021645021645,4,0.0,0.0,1.0,0.0,0.0,0.0,1.0,0.2,0.2
190317,LA,Acute Care,1,0,Non-Profit,3.0,0.0,0.625,0.2727272727272727,1.0,0.4166666666666667,0.4628787878787879,4,,,0.4,0.0,0.0,0.0,2.0,0.25,0.25
190318,LA,Acute Care,1,1,For-Profit,2.0,0.42857142857142855,0.25,0.5454545454545454,1.0,0.8333333333333334,0.6114718614718615,5,0.0,0.0,0.0,0.0,0.0,0.0,0.0,0.0,0.0
190319,LA,Acute Care,0,1,For-Profit,,0.0,0.0,0.0,0.0,0.0,0.0,0,,,,,,,0.0,,
19043F,LA,Acute Care,0,0,Government,,0.14285714285714285,0.125,0.18181818181818182,0.0,0.16666666666666666,0.12326839826839826,4,0.0,0.0,0.0,0.0,0.0,0.0,0.0,0.0,0.0
19047F,LA,Acute Care,0,1,Government,4.0,0.5714285714285714,0.375,0.45454545454545453,1.0,0.4166666666666667,0.5635281385281385,5,0.5,0.0,0.0,0.0,0.0,0.4,0.0,0.0,0.16666666666666666
19048F,LA,Acute Care,0,1,Government,2.0,0.5714285714285714,0.5,0.5454545454545454,1.0,0.4166666666666667,0.6067099567099568,5,0.0,0.0,0.0,0.25,0.0,0.0,-1.0,-0.07142857142857142,0.0
19050F,LA,Acute Care,0,1,Government,,0.0,0.0,0.0,0.0,0.0,0.0,0,,,,,,,0.0,,
190779,LA,Rural/Access,0,1,Non-Profit,,0.0,0.0,0.0,0.0,0.0,0.0,0,,,,,,,0.0,,
191300,LA,Rural/Access,0,1,Government,,0.0,0.0,0.0,0.0,0.3333333333333333,0.06666666666666667,1,,,,,,,0.0,,
191301,LA,Rural/Access,0,1,Non-Profit,,0.14285714285714285,0.0,0.18181818181818182,0.0,0.5833333333333334,0.1816017316017316,3,0.0,0.0,,,0.0,0.0,0.0,0.0,0.0
191302,LA,Rural/Access,0,1,Non-Profit,,0.14285714285714285,0.125,0.2727272727272727,0.0,0.6666666666666666,0.24145021645021644,4,0.0,0.0,0.0,0.0,0.3333333333333333,0.3333333333333333,0.0,0.0,0.2
191304,LA,Rural/Access,0,1,Government,,0.2857142857142857,0.0,0.2727272727272727,0.0,0.3333333333333333,0.17835497835497835,3,0.0,0.0,,,0.0,0.0,0.0,0.0,0.0
191305,LA,Rural/Access,0,1,Government,,0.0,0.0,0.18181818181818182,0.0,0.5833333333333334,0.15303030303030302,2,,,,,0.0,0.0,0.0,0.0,0.0
191306,LA,Rural/Access,0,1,Government,,0.0,0.0,0.0,0.0,0.25,0.05,1,,,,,,,0.0,,
191307,LA,Rural/Access,0,1,For-Profit,,0.0,0.0,0.0,0.0,0.25,0.05,1,,,,,,,0.0,,
191308,LA,Rural/Access,0,1,Government,,0.0,0.0,0.0,0.0,0.0,0.0,0,,,,,,,0.0,,
191309,LA,Rural/Access,0,1,Government,,0.0,0.0,0.0,0.0,0.16666666666666666,0.03333333333333333,1,,,,,,,0.0,,
191310,LA,Rural/Access,1,1,Government,,0.14285714285714285,0.0,0.18181818181818182,0.0,0.75,0.21493506493506492,3,0.0,0.0,,,0.0,0.0,0.0,0.0,0.0
191311,LA,Rural/Access,0,1,Government,,0.0,0.0,0.0,0.0,0.3333333333333333,0.06666666666666667,1,,,,,,,0.0,,
191312,LA,Rural/Access,0,1,Non-Profit,4.0,0.42857142857142855,0.0,0.36363636363636365,0.0,0.3333333333333333,0.2251082251082251,3,0.0,0.0,,,0.0,0.0,0.0,0.0,0.0
191313,LA,Rural/Access,0,1,Government,,0.14285714285714285,0.0,0.2727272727272727,0.0,0.3333333333333333,0.14978354978354977,3,0.0,0.0,,,0.0,0.0,0.0,0.0,0.0
191314,LA,Rural/Access,0,1,Government,,0.0,0.0,0.0,0.0,0.0,0.0,0,,,,,,,0.0,,
191315,LA,Rural/Access,0,1,Government,,0.2857142857142857,0.0,0.36363636363636365,0.0,0.5833333333333334,0.24653679653679655,3,0.0,0.0,,,0.0,0.25,-1.0,-0.16666666666666666,0.0
191316,LA,Rural/Access,0,1,Government,,0.0,0.0,0.18181818181818182,0.0,0.4166666666666667,0.1196969696969697,2,,,,,0.0,0.0,0.0,0.0,0.0
191317,LA,Rural/Access,0,1,Government,,0.14285714285714285,0.0,0.2727272727272727,0.0,0.5833333333333334,0.19978354978354979,3,0.0,0.0,,,0.0,0.0,0.0,0.0,0.0
191318,LA,Rural/Access,0,1,Government,,0.42857142857142855,0.0,0.36363636363636365,0.0,0.08333333333333333,0.1751082251082251,3,0.0,0.0,,,0.0,0.25,-1.0,-0.14285714285714285,0.0
191319,LA,Rural/Access,0,1,Government,,0.0,0.0,0.0,0.0,0.0,0.0,0,,,,,,,0.0,,
191320,LA,Rural/Access,0,1,For-Profit,,0.0,0.0,0.0,0.0,0.16666666666666666,0.03333333333333333,1,,,,,,,0.0,,
191321,LA,Rural/Access,0,1,Government,,0.0,0.0,0.09090909090909091,0.0,0.5833333333333334,0.13484848484848486,2,,,,,0.0,0.0,0.0,0.0,0.0
191322,LA,Rural/Access,0,1,Non-Profit,,0.14285714285714285,0.0,0.2727272727272727,0.0,0.6666666666666666,0.21645021645021645,3,0.0,0.0,,,0.0,0.0,0.0,0.0,0.0
191323,LA,Rural/Access,0,1,Government,,0.14285714285714285,0.0,0.36363636363636365,0.0,0.5833333333333334,0.217965367965368,3,0.0,0.0,,,0.0,0.0,0.0,0.0,0.0
191324,LA,Rural/Access,1,1,Non-Profit,,0.14285714285714285,0.125,0.2727272727272727,1.0,0.75,0.45811688311688314,5,0.0,0.0,0.0,0.0,0.0,0.0,0.0,0.0,0.0
191325,LA,Rural/Access,0,1,Government,,0.0,0.0,0.0,0.0,0.3333333333333333,0.06666666666666667,1,,,,,,,0.0,,
191326,LA,Rural/Access,0,1,Government,,0.0,0.0,0.0,0.0,0.16666666666666666,0.03333333333333333,1,,,,,,,0.0,,
191327,LA,Rural/Access,0,1,For-Profit,,0.0,0.0,0.0,0.0,0.0,0.0,0,,,,,,,0.0,,
192008,LA,Long-term,0,0,For-Profit,,0.0,0.0,0.0,0.0,0.0,0.0,0,,,,,,,0.0,,
192010,LA,Long-term,0,0,Non-Profit,,0.0,0.0,0.0,0.0,0.0,0.0,0,,,,,,,0.0,,
193300,LA,Childrens,0,1,Non-Profit,,0.0,0.0,0.0,0.0,0.0,0.0,0,,,,,,,0.0,,
194007,LA,Psychiatric,0,0,Non-Profit,,0.0,0.0,0.0,0.0,0.0,0.0,0,,,,,,,0.0,,
194008,LA,Psychiatric,0,0,Government,,0.0,0.0,0.0,0.0,0.0,0.0,0,,,,,,,0.0,,
194020,LA,Psychiatric,0,0,For-Profit,,0.0,0.0,0.0,0.0,0.0,0.0,0,,,,,,,0.0,,
194022,LA,Psychiatric,0,0,For-Profit,,0.0,0.0,0.0,0.0,0.0,0.0,0,,,,,,,0.0,,
194025,LA,Psychiatric,0,0,Government,,0.0,0.0,0.0,0.0,0.0,0.0,0,,,,,,,0.0,,
194031,LA,Psychiatric,0,0,For-Profit,,0.0,0.0,0.0,0.0,0.0,0.0,0,,,,,,,0.0,,
194044,LA,Psychiatric,0,0,For-Profit,,0.0,0.0,0.0,0.0,0.0,0.0,0,,,,,,,0.0,,
194056,LA,Psychiatric,0,0,For-Profit,,0.0,0.0,0.0,0.0,0.0,0.0,0,,,,,,,0.0,,
194069,LA,Psychiatric,0,0,For-Profit,,0.0,0.0,0.0,0.0,0.0,0.0,0,,,,,,,0.0,,
194073,LA,Psychiatric,0,0,For-Profit,,0.0,0.0,0.0,0.0,0.0,0.0,0,,,,,,,0.0,,
194074,LA,Psychiatric,0,0,For-Profit,,0.0,0.0,0.0,0.0,0.0,0.0,0,,,,,,,0.0,,
194079,LA,Psychiatric,0,0,For-Profit,,0.0,0.0,0.0,0.0,0.0,0.0,0,,,,,,,0.0,,
194080,LA,Psychiatric,0,0,For-Profit,,0.0,0.0,0.0,0.0,0.0,0.0,0,,,,,,,0.0,,
194081,LA,Psychiatric,0,0,For-Profit,,0.0,0.0,0.0,0.0,0.0,0.0,0,,,,,,,0.0,,
194082,LA,Psychiatric,0,0,For-Profit,,0.0,0.0,0.0,0.0,0.0,0.0,0,,,,,,,0.0,,
194083,LA,Psychiatric,0,1,For-Profit,,0.0,0.0,0.0,0.0,0.0,0.0,0,,,,,,,0.0,,
194084,LA,Psychiatric,0,0,For-Profit,,0.0,0.0,0.0,0.0,0.0,0.0,0,,,,,,,0.0,,
194085,LA,Psychiatric,0,0,For-Profit,,0.0,0.0,0.0,0.0,0.0,0.0,0,,,,,,,0.0,,
194086,LA,Psychiatric,0,0,For-Profit,,0.0,0.0,0.0,0.0,0.0,0.0,0,,,,,,,0.0,,
194087,LA,Psychiatric,0,0,For-Profit,,0.0,0.0,0.0,0.0,0.0,0.0,0,,,,,,,0.0,,
194088,LA,Psychiatric,0,0,For-Profit,,0.0,0.0,0.0,0.0,0.0,0.0,0,,,,,,,0.0,,
194089,LA,Psychiatric,0,0,For-Profit,,0.0,0.0,0.0,0.0,0.0,0.0,0,,,,,,,0.0,,
194090,LA,Psychiatric,0,0,For-Profit,,0.0,0.0,0.0,0.0,0.0,0.0,0,,,,,,,0.0,,
194091,LA,Psychiatric,0,0,For-Profit,,0.0,0.0,0.0,0.0,0.0,0.0,0,,,,,,,0.0,,
194094,LA,Psychiatric,0,0,For-Profit,,0.0,0.0,0.0,0.0,0.0,0.0,0,,,,,,,0.0,,
194095,LA,Psychiatric,0,0,For-Profit,,0.0,0.0,0.0,0.0,0.0,0.0,0,,,,,,,0.0,,
194096,LA,Psychiatric,0,0,For-Profit,,0.0,0.0,0.0,0.0,0.0,0.0,0,,,,,,,0.0,,
194098,LA,Psychiatric,0,0,For-Profit,,0.0,0.0,0.0,0.0,0.0,0.0,0,,,,,,,0.0,,
194102,LA,Psychiatric,0,0,For-Profit,,0.0,0.0,0.0,0.0,0.0,0.0,0,,,,,,,0.0,,
194103,LA,Psychiatric,0,0,Government,,0.0,0.0,0.0,0.0,0.0,0.0,0,,,,,,,0.0,,
194105,LA,Psychiatric,0,0,For-Profit,,0.0,0.0,0.0,0.0,0.0,0.0,0,,,,,,,0.0,,
194106,LA,Psychiatric,0,0,For-Profit,,0.0,0.0,0.0,0.0,0.0,0.0,0,,,,,,,0.0,,
194107,LA,Psychiatric,0,0,For-Profit,,0.0,0.0,0.0,0.0,0.0,0.0,0,,,,,,,0.0,,
194109,LA,Psychiatric,0,0,For-Profit,,0.0,0.0,0.0,0.0,0.0,0.0,0,,,,,,,0.0,,
194112,LA,Psychiatric,0,0,For-Profit,,0.0,0.0,0.0,0.0,0.0,0.0,0,,,,,,,0.0,,
194113,LA,Psychiatric,0,0,For-Profit,,0.0,0.0,0.0,0.0,0.0,0.0,0,,,,,,,0.0,,
194114,LA,Psychiatric,0,0,For-Profit,,0.0,0.0,0.0,0.0,0.0,0.0,0,,,,,,,0.0,,
194115,LA,Psychiatric,0,0,Non-Profit,,0.0,0.0,0.0,0.0,0.0,0.0,0,,,,,,,0.0,,
194116,LA,Psychiatric,0,0,For-Profit,,0.0,0.0,0.0,0.0,0.0,0.0,0,,,,,,,0.0,,
194117,LA,Psychiatric,0,0,For-Profit,,0.0,0.0,0.0,0.0,0.0,0.0,0,,,,,,,0.0,,
194118,LA,Psychiatric,0,0,For-Profit,,0.0,0.0,0.0,0.0,0.0,0.0,0,,,,,,,0.0,,
194119,LA,Psychiatric,0,0,For-Profit,,0.0,0.0,0.0,0.0,0.0,0.0,0,,,,,,,0.0,,
194120,LA,Psychiatric,0,0,For-Profit,,0.0,0.0,0.0,0.0,0.0,0.0,0,,,,,,,0.0,,
194121,LA,Psychiatric,0,0,For-Profit,,0.0,0.0,0.0,0.0,0.0,0.0,0,,,,,,,0.0,,
200001,ME,Acute Care,0,1,Non-Profit,3.0,0.7142857142857143,0.75,0.6363636363636364,1.0,0.75,0.7701298701298701,5,0.0,0.0,0.0,0.0,0.0,0.14285714285714285,-1.0,-0.05555555555555555,0.0
200008,ME,Acute Care,1,1,Non-Profit,3.0,0.7142857142857143,0.625,0.7272727272727273,1.0,0.8333333333333334,0.7799783549783551,5,0.0,0.0,0.2,0.0,0.125,0.0,2.0,0.1111111111111111,0.1111111111111111
200009,ME,Acute Care,1,1,Non-Profit,4.0,1.0,1.0,1.0,1.0,1.0,1.0,5,0.0,0.0,0.375,0.0,0.18181818181818182,0.0,5.0,0.19230769230769232,0.19230769230769232
200018,ME,Acute Care,1,1,Non-Profit,2.0,0.5714285714285714,0.25,0.7272727272727273,1.0,0.8333333333333334,0.6764069264069265,5,0.0,0.0,0.5,0.0,0.125,0.0,2.0,0.14285714285714285,0.14285714285714285
200020,ME,Acute Care,0,1,Non-Profit,3.0,0.7142857142857143,0.25,0.7272727272727273,1.0,0.75,0.6883116883116883,5,0.0,0.0,0.0,0.0,0.0,0.0,0.0,0.0,0.0
200021,ME,Acute Care,1,1,Non-Profit,2.0,0.7142857142857143,0.75,0.6363636363636364,1.0,0.9166666666666666,0.8034632034632034,5,0.0,0.0,0.0,0.16666666666666666,0.0,0.0,-1.0,-0.05555555555555555,0.0
200024,ME,Acute Care,1,1,Non-Profit,4.0,1.0,0.75,0.9090909090909091,1.0,0.9166666666666666,0.9151515151515153,5,0.0,0.0,0.16666666666666666,0.0,0.3,0.0,4.0,0.17391304347826086,0.17391304347826086
200031,ME,Acute Care,1,1,Government,2.0,0.5714285714285714,0.375,0.7272727272727273,1.0,0.75,0.6847402597402598,5,0.0,0.0,0.0,0.0,0.0,0.125,-1.0,-0.06666666666666667,0.0
200033,ME,Acute Care,1,1,Non-Profit,4.0,1.0,0.875,1.0,1.0,0.9166666666666666,0.9583333333333334,5,0.14285714285714285,0.0,0.14285714285714285,0.0,0.18181818181818182,0.0,4.0,0.16,0.16
200034,ME,Acute Care,0,1,Non-Profit,3.0,0.2857142857142857,0.375,0.6363636363636364,1.0,0.6666666666666666,0.5927489177489178,5,0.0,0.0,0.3333333333333333,0.0,0.14285714285714285,0.0,2.0,0.16666666666666666,0.16666666666666666
200039,ME,Acute Care,1,1,Non-Profit,4.0,0.7142857142857143,0.75,0.7272727272727273,1.0,0.9166666666666666,0.8216450216450217,5,0.0,0.0,0.3333333333333333,0.0,0.125,0.0,3.0,0.15789473684210525,0.15789473684210525
20003F,ME,Acute Care,0,1,Government,4.0,0.5714285714285714,0.25,0.45454545454545453,1.0,0.4166666666666667,0.5385281385281385,5,0.0,0.0,0.0,0.0,0.0,0.0,0.0,0.0,0.0
200050,ME,Acute Care,1,1,Non-Profit,2.0,0.5714285714285714,0.25,0.6363636363636364,1.0,0.8333333333333334,0.6582251082251083,5,0.0,0.0,0.0,0.0,0.0,0.0,0.0,0.0,0.0
200063,ME,Acute Care,1,1,Non-Profit,2.0,0.5714285714285714,0.25,0.7272727272727273,1.0,0.75,0.6597402597402597,5,0.0,0.0,0.0,0.0,0.0,0.25,-2.0,-0.14285714285714285,0.0
201300,ME,Rural/Access,0,1,Non-Profit,,0.2857142857142857,0.125,0.45454545454545453,0.0,0.5,0.27305194805194805,4,0.0,0.0,0.0,0.0,0.0,0.0,0.0,0.0,0.0
201301,ME,Rural/Access,0,0,Government,,0.0,0.0,0.09090909090909091,0.0,0.25,0.06818181818181819,2,,,,,0.0,0.0,0.0,0.0,0.0
201302,ME,Rural/Access,1,1,Non-Profit,4.0,0.5714285714285714,0.125,0.36363636363636365,1.0,0.6666666666666666,0.5453463203463202,5,0.0,0.0,0.0,0.0,0.0,0.0,0.0,0.0,0.0
201303,ME,Rural/Access,0,1,Non-Profit,,0.14285714285714285,0.0,0.18181818181818182,0.0,0.4166666666666667,0.14826839826839827,3,0.0,0.0,,,0.0,0.0,0.0,0.0,0.0
201304,ME,Rural/Access,1,1,Non-Profit,,0.2857142857142857,0.125,0.18181818181818182,1.0,0.5,0.41850649350649344,5,0.0,0.0,0.0,0.0,0.0,0.0,0.0,0.0,0.0
201305,ME,Rural/Access,0,1,Non-Profit,,0.14285714285714285,0.0,0.18181818181818182,0.0,0.3333333333333333,0.13160173160173158,3,0.0,0.0,,,0.0,0.0,0.0,0.0,0.0
201306,ME,Rural/Access,0,1,For-Profit,,0.14285714285714285,0.125,0.18181818181818182,0.0,0.5,0.18993506493506493,4,0.0,0.0,0.0,0.0,0.0,0.0,0.0,0.0,0.0
201307,ME,Rural/Access,0,1,Non-Profit,4.0,0.42857142857142855,0.0,0.2727272727272727,1.0,0.08333333333333333,0.3569264069264069,4,0.0,0.0,,,0.0,0.3333333333333333,-1.0,-0.16666666666666666,0.0
201308,ME,Rural/Access,0,1,Non-Profit,2.0,0.42857142857142855,0.125,0.36363636363636365,0.0,0.4166666666666667,0.2667748917748918,4,0.0,0.3333333333333333,0.0,0.0,0.25,0.0,0.0,0.0,0.125
201309,ME,Rural/Access,1,1,Government,2.0,0.42857142857142855,0.125,0.2727272727272727,1.0,0.5833333333333334,0.481926406926407,5,0.0,0.0,0.0,0.0,0.0,0.0,0.0,0.0,0.0
201310,ME,Rural/Access,0,1,Non-Profit,,0.2857142857142857,0.125,0.2727272727272727,1.0,0.5,0.4366883116883117,5,0.0,0.0,0.0,0.0,0.3333333333333333,0.0,1.0,0.16666666666666666,0.16666666666666666
201311,ME,Rural/Access,0,1,Non-Profit,,0.2857142857142857,0.0,0.2727272727272727,0.0,0.4166666666666667,0.195021645021645,3,0.0,0.0,,,0.0,0.0,0.0,0.0,0.0
201312,ME,Rural/Access,1,1,Non-Profit,2.0,0.42857142857142855,0.25,0.5454545454545454,1.0,0.5833333333333334,0.5614718614718615,5,0.0,0.0,0.5,0.0,0.0,0.0,1.0,0.09090909090909091,0.09090909090909091
201313,ME,Rural/Access,0,1,Non-Profit,,0.2857142857142857,0.25,0.18181818181818182,1.0,0.3333333333333333,0.41017316017316013,5,0.0,0.0,0.0,0.0,0.0,0.0,0.0,0.0,0.0
201314,ME,Rural/Access,0,1,For-Profit,4.0,0.7142857142857143,0.125,0.5454545454545454,1.0,0.5833333333333334,0.5936147186147187,5,0.0,0.0,0.0,0.0,0.16666666666666666,0.0,1.0,0.08333333333333333,0.08333333333333333
201315,ME,Rural/Access,1,1,Non-Profit,4.0,0.42857142857142855,0.125,0.6363636363636364,1.0,0.75,0.5879870129870131,5,0.0,0.0,0.0,0.0,0.14285714285714285,0.0,1.0,0.09090909090909091,0.09090909090909091
201316,ME,Rural/Access,1,1,Non-Profit,,0.0,0.0,0.0,0.0,0.0,0.0,0,,,,,,,0.0,,
201317,ME,Rural/Access,0,1,Non-Profit,,0.0,0.0,0.0,0.0,0.0,0.0,0,,,,,,,0.0,,
204004,ME,Psychiatric,0,0,Government,,0.0,0.0,0.0,0.0,0.0,0.0,0,,,,,,,0.0,,
204005,ME,Psychiatric,0,1,Government,,0.0,0.0,0.0,0.0,0.0,0.0,0,,,,,,,0.0,,
204006,ME,Psychiatric,0,0,Non-Profit,,0.0,0.0,0.0,0.0,0.0,0.0,0,,,,,,,0.0,,
204008,ME,Psychiatric,0,0,Government,,0.0,0.0,0.0,0.0,0.0,0.0,0,,,,,,,0.0,,
210001,MD,Acute Care,1,1,Non-Profit,2.0,0.8571428571428571,1.0,0.9090909090909091,1.0,0.8333333333333334,0.91991341991342,5,0.0,0.0,0.125,0.25,0.0,0.2,-3.0,-0.125,0.041666666666666664
210002,MD,Acute Care,1,1,Non-Profit,2.0,1.0,0.875,0.9090909090909091,1.0,0.8333333333333334,0.9234848484848485,5,0.0,0.0,0.14285714285714285,0.14285714285714285,0.0,0.1,-1.0,-0.041666666666666664,0.041666666666666664
210003,MD,Acute Care,1,1,Non-Profit,3.0,1.0,0.75,0.7272727272727273,1.0,0.6666666666666666,0.8287878787878789,5,0.0,0.0,0.5,0.16666666666666666,0.0,0.125,1.0,0.047619047619047616,0.14285714285714285
210004,MD,Acute Care,1,0,Non-Profit,2.0,0.8571428571428571,1.0,0.6363636363636364,1.0,0.75,0.8487012987012987,5,0.0,0.0,0.25,0.125,0.0,0.14285714285714285,0.0,0.0,0.09523809523809523
210005,MD,Acute Care,1,1,Non-Profit,3.0,0.8571428571428571,0.75,0.9090909090909091,1.0,0.75,0.8532467532467531,5,0.0,0.0,0.16666666666666666,0.0,0.1,0.1,1.0,0.045454545454545456,0.09090909090909091
210008,MD,Acute Care,1,1,Non-Profit,4.0,0.7142857142857143,1.0,0.8181818181818182,1.0,0.6666666666666666,0.8398268398268399,5,0.0,0.0,0.25,0.0,0.2222222222222222,0.1111111111111111,3.0,0.13636363636363635,0.18181818181818182
210009,MD,Acute Care,1,1,Non-Profit,4.0,1.0,0.875,0.9090909090909091,1.0,0.8333333333333334,0.9234848484848485,5,0.42857142857142855,0.0,0.2857142857142857,0.42857142857142855,0.0,0.1,1.0,0.041666666666666664,0.20833333333333334
210011,MD,Acute Care,0,1,Non-Profit,3.0,0.8571428571428571,0.875,0.9090909090909091,1.0,0.5,0.8282467532467532,5,0.0,0.0,0.2857142857142857,0.0,0.0,0.1,1.0,0.043478260869565216,0.08695652173913043
210012,MD,Acute Care,1,1,Non-Profit,2.0,1.0,1.0,1.0,1.0,0.8333333333333334,0.9666666666666666,5,0.0,0.0,0.125,0.25,0.0,0.09090909090909091,-2.0,-0.07692307692307693,0.038461538461538464
210015,MD,Acute Care,1,1,Non-Profit,3.0,0.8571428571428571,1.0,0.9090909090909091,1.0,0.9166666666666666,0.9365800865800866,5,0.3333333333333333,0.0,0.5,0.125,0.0,0.0,5.0,0.20833333333333334,0.25
210016,MD,Acute Care,1,1,Non-Profit,2.0,1.0,0.875,0.8181818181818182,1.0,0.8333333333333334,0.9053030303030303,5,0.0,0.0,0.14285714285714285,0.0,0.0,0.3333333333333333,-2.0,-0.08695652173913043,0.043478260869565216
210017,MD,Acute Care,1,1,Non-Profit,4.0,0.5714285714285714,0.375,0.8181818181818182,1.0,0.9166666666666666,0.7362554112554112,5,0.0,0.25,0.0,0.0,0.2222222222222222,0.0,1.0,0.0625,0.125
210018,MD,Acute Care,1,1,Non-Profit,3.0,0.8571428571428571,0.625,0.7272727272727273,1.0,0.75,0.7918831168831169,5,0.0,0.0,0.6,0.0,0.0,0.0,3.0,0.15789473684210525,0.15789473684210525
210019,MD,Acute Care,1,1,Non-Profit,3.0,1.0,0.875,1.0,1.0,0.9166666666666666,0.9583333333333334,5,0.0,0.14285714285714285,0.42857142857142855,0.0,0.09090909090909091,0.09090909090909091,2.0,0.08,0.16
210022,MD,Acute Care,0,1,Non-Profit,3.0,1.0,0.875,0.8181818181818182,1.0,0.75,0.8886363636363637,5,0.0,0.0,0.14285714285714285,0.14285714285714285,0.0,0.1111111111111111,-1.0,-0.043478260869565216,0.043478260869565216
210023,MD,Acute Care,1,1,Non-Profit,3.0,1.0,1.0,1.0,1.0,0.8333333333333334,0.9666666666666666,5,0.14285714285714285,0.0,0.25,0.0,0.18181818181818182,0.18181818181818182,3.0,0.11538461538461539,0.19230769230769232
210024,MD,Acute Care,0,1,Non-Profit,5.0,1.0,0.75,0.7272727272727273,1.0,0.6666666666666666,0.8287878787878789,5,0.14285714285714285,0.0,0.3333333333333333,0.0,0.0,0.0,3.0,0.14285714285714285,0.14285714285714285
210027,MD,Acute Care,1,1,Non-Profit,4.0,1.0,0.875,1.0,1.0,0.9166666666666666,0.9583333333333334,5,0.0,0.0,0.14285714285714285,0.0,0.0,0.0,1.0,0.04,0.04
210028,MD,Acute Care,1,1,Non-Profit,4.0,0.8571428571428571,0.875,0.8181818181818182,1.0,0.8333333333333334,0.8767316017316018,5,0.0,0.0,0.14285714285714285,0.0,0.0,0.1111111111111111,0.0,0.0,0.045454545454545456
210029,MD,Acute Care,1,1,Non-Profit,3.0,0.8571428571428571,0.875,0.9090909090909091,1.0,0.9166666666666666,0.9115800865800866,5,0.16666666666666666,0.0,0.14285714285714285,0.14285714285714285,0.1,0.0,2.0,0.08695652173913043,0.13043478260869565
210030,MD,Acute Care,0,1,Non-Profit,5.0,0.42857142857142855,0.0,0.6363636363636364,0.0,0.5,0.312987012987013,3,0.0,0.0,,,0.0,0.0,0.0,0.0,0.0
210032,MD,Acute Care,1,0,Non-Profit,3.0,0.7142857142857143,0.75,0.8181818181818182,1.0,0.9166666666666666,0.8398268398268399,5,0.0,0.0,0.0,0.0,0.0,0.0,0.0,0.0,0.0
210033,MD,Acute Care,1,1,Non-Profit,3.0,0.8571428571428571,0.875,0.7272727272727273,1.0,0.6666666666666666,0.8252164502164503,5,0.0,0.16666666666666666,0.14285714285714285,0.0,0.125,0.0,1.0,0.047619047619047616,0.09523809523809523
210034,MD,Acute Care,1,0,Non-Profit,4.0,0.7142857142857143,0.625,0.5454545454545454,1.0,0.8333333333333334,0.7436147186147186,5,0.0,0.0,0.2,0.0,0.0,0.0,1.0,0.0625,0.0625
210035,MD,Acute Care,1,1,Non-Profit,4.0,0.8571428571428571,0.875,0.6363636363636364,1.0,0.8333333333333334,0.8403679653679653,5,0.0,0.0,0.0,0.0,0.14285714285714285,0.2857142857142857,-1.0,-0.05,0.05
210037,MD,Acute Care,1,1,Non-Profit,2.0,0.8571428571428571,0.875,0.9090909090909091,1.0,0.75,0.8782467532467532,5,0.0,0.0,0.2857142857142857,0.14285714285714285,0.2,0.1,2.0,0.08695652173913043,0.17391304347826086
210038,MD,Acute Care,0,1,Non-Profit,3.0,0.5714285714285714,0.625,0.5454545454545454,1.0,0.6666666666666666,0.6817099567099567,5,0.25,0.0,0.2,0.0,0.0,0.0,2.0,0.13333333333333333,0.13333333333333333
210039,MD,Acute Care,1,1,Non-Profit,5.0,0.8571428571428571,0.625,0.8181818181818182,1.0,0.8333333333333334,0.8267316017316018,5,0.0,0.0,0.2,0.0,0.0,0.0,1.0,0.05,0.05
210040,MD,Acute Care,0,1,Non-Profit,2.0,0.8571428571428571,0.875,0.9090909090909091,1.0,0.75,0.8782467532467532,5,0.0,0.0,0.14285714285714285,0.0,0.0,0.1,0.0,0.0,0.043478260869565216
210043,MD,Acute Care,1,1,Non-Profit,4.0,0.8571428571428571,0.75,0.6363636363636364,1.0,0.5833333333333334,0.7653679653679654,5,0.0,0.0,0.16666666666666666,0.0,0.14285714285714285,0.0,2.0,0.10526315789473684,0.10526315789473684
210044,MD,Acute Care,1,1,Non-Profit,4.0,0.8571428571428571,1.0,0.8181818181818182,1.0,0.8333333333333334,0.9017316017316018,5,0.0,0.0,0.25,0.125,0.2222222222222222,0.0,3.0,0.13043478260869565,0.17391304347826086
210048,MD,Acute Care,1,1,Non-Profit,3.0,0.8571428571428571,0.875,0.7272727272727273,1.0,0.75,0.8418831168831169,5,0.16666666666666666,0.0,0.2857142857142857,0.0,0.125,0.25,2.0,0.09523809523809523,0.19047619047619047
210049,MD,Acute Care,1,1,Non-Profit,2.0,0.8571428571428571,0.875,0.7272727272727273,1.0,0.9166666666666666,0.8752164502164502,5,0.0,0.0,0.14285714285714285,0.14285714285714285,0.0,0.125,-1.0,-0.047619047619047616,0.047619047619047616
210051,MD,Acute Care,0,1,For-Profit,2.0,0.8571428571428571,0.875,0.6363636363636364,1.0,0.6666666666666666,0.8070346320346321,5,0.0,0.0,0.14285714285714285,0.0,0.14285714285714285,0.14285714285714285,1.0,0.05,0.1
210056,MD,Acute Care,0,1,Non-Profit,3.0,0.8571428571428571,0.75,0.5454545454545454,1.0,0.6666666666666666,0.7638528138528138,5,0.16666666666666666,0.0,0.16666666666666666,0.0,0.0,0.0,2.0,0.1111111111111111,0.1111111111111111
210057,MD,Acute Care,1,1,Non-Profit,2.0,0.8571428571428571,0.875,0.7272727272727273,1.0,0.8333333333333334,0.8585497835497835,5,0.0,0.0,0.2857142857142857,0.0,0.125,0.0,3.0,0.14285714285714285,0.14285714285714285
210058,MD,Acute Care,0,0,Non-Profit,,0.0,0.0,0.09090909090909091,0.0,0.0,0.01818181818181818,1,,,,,0.0,0.0,0.0,0.0,0.0
210060,MD,Acute Care,0,1,Non-Profit,2.0,0.5714285714285714,0.375,0.6363636363636364,1.0,0.6666666666666666,0.6498917748917749,5,0.0,0.0,0.0,0.0,0.0,0.14285714285714285,-1.0,-0.07142857142857142,0.0
210061,MD,Acute Care,0,1,Non-Profit,3.0,0.7142857142857143,0.625,0.7272727272727273,1.0,0.5833333333333334,0.7299783549783551,5,0.0,0.0,0.0,0.0,0.0,0.0,0.0,0.0,0.0
210062,MD,Acute Care,1,1,Non-Profit,2.0,0.8571428571428571,0.875,0.7272727272727273,1.0,0.8333333333333334,0.8585497835497835,5,0.16666666666666666,0.0,0.42857142857142855,0.0,0.0,0.25,2.0,0.09523809523809523,0.19047619047619047
210063,MD,Acute Care,1,1,Non-Profit,5.0,1.0,0.875,0.8181818181818182,1.0,0.9166666666666666,0.9219696969696971,5,0.14285714285714285,0.0,0.2857142857142857,0.0,0.1111111111111111,0.0,4.0,0.17391304347826086,0.17391304347826086
210064,MD,Acute Care,0,0,Non-Profit,,0.0,0.125,0.09090909090909091,0.0,0.25,0.09318181818181819,3,,,1.0,0.0,0.0,0.0,1.0,0.5,0.5
210065,MD,Acute Care,1,1,Non-Profit,2.0,0.5714285714285714,0.75,0.5454545454545454,1.0,0.75,0.7233766233766235,5,0.0,0.0,0.0,0.0,0.0,0.0,0.0,0.0,0.0
21007F,MD,Acute Care,0,1,Government,,0.0,0.0,0.0,0.0,0.0,0.0,0,,,,,,,0.0,,
21010F,MD,Acute Care,0,0,Government,,0.0,0.0,0.0,0.0,0.0,0.0,0,,,,,,,0.0,,
21020F,MD,Acute Care,0,1,Government,3.0,0.5714285714285714,0.5,0.5454545454545454,1.0,0.4166666666666667,0.6067099567099568,5,0.5,0.0,0.0,0.0,0.16666666666666666,0.0,3.0,0.21428571428571427,0.21428571428571427
213300,MD,Childrens,0,0,Non-Profit,,0.0,0.0,0.0,0.0,0.0,0.0,0,,,,,,,0.0,,
213301,MD,Childrens,0,1,Non-Profit,,0.0,0.0,0.0,0.0,0.0,0.0,0,,,,,,,0.0,,
214000,MD,Psychiatric,0,0,Non-Profit,,0.0,0.0,0.0,0.0,0.0,0.0,0,,,,,,,0.0,,
214002,MD,Psychiatric,0,0,Government,,0.0,0.0,0.0,0.0,0.0,0.0,0,,,,,,,0.0,,
214003,MD,Psychiatric,0,0,Non-Profit,,0.0,0.0,0.0,0.0,0.0,0.0,0,,,,,,,0.0,,
214004,MD,Psychiatric,0,0,Government,,0.0,0.0,0.0,0.0,0.0,0.0,0,,,,,,,0.0,,
214012,MD,Psychiatric,0,0,Government,,0.0,0.0,0.0,0.0,0.0,0.0,0,,,,,,,0.0,,
214018,MD,Psychiatric,0,0,Government,,0.0,0.0,0.0,0.0,0.0,0.0,0,,,,,,,0.0,,
214020,MD,Psychiatric,0,1,Non-Profit,,0.0,0.0,0.0,0.0,0.0,0.0,0,,,,,,,0.0,,
214022,MD,Psychiatric,0,1,Non-Profit,,0.0,0.0,0.0,0.0,0.0,0.0,0,,,,,,,0.0,,
220001,MA,Acute Care,0,1,Non-Profit,2.0,0.7142857142857143,0.625,0.7272727272727273,1.0,0.9166666666666666,0.7966450216450217,5,0.2,0.0,0.2,0.2,0.0,0.25,-1.0,-0.05555555555555555,0.1111111111111111
220002,MA,Acute Care,1,1,Non-Profit,4.0,1.0,0.875,1.0,1.0,0.9166666666666666,0.9583333333333334,5,0.14285714285714285,0.0,0.14285714285714285,0.0,0.0,0.18181818181818182,0.0,0.0,0.08
220008,MA,Acute Care,1,1,Non-Profit,3.0,0.8571428571428571,0.75,0.8181818181818182,1.0,0.8333333333333334,0.8517316017316018,5,0.0,0.0,0.16666666666666666,0.0,0.0,0.1111111111111111,0.0,0.0,0.047619047619047616
220010,MA,Acute Care,1,1,Non-Profit,3.0,0.8571428571428571,0.875,0.7272727272727273,1.0,0.9166666666666666,0.8752164502164502,5,0.0,0.0,0.2857142857142857,0.0,0.0,0.0,2.0,0.09523809523809523,0.09523809523809523
220011,MA,Acute Care,1,1,Government,4.0,0.5714285714285714,0.75,0.8181818181818182,1.0,0.8333333333333334,0.7945887445887446,5,0.0,0.0,0.16666666666666666,0.0,0.0,0.1111111111111111,0.0,0.0,0.05263157894736842
220012,MA,Acute Care,1,1,Non-Profit,3.0,1.0,0.875,1.0,1.0,1.0,0.975,5,0.0,0.0,0.0,0.0,0.0,0.18181818181818182,-2.0,-0.08,0.0
220015,MA,Acute Care,1,1,Non-Profit,3.0,0.7142857142857143,0.875,0.8181818181818182,1.0,1.0,0.8814935064935066,5,0.0,0.0,0.0,0.0,0.0,0.0,0.0,0.0,0.0
220016,MA,Acute Care,1,1,Non-Profit,4.0,0.5714285714285714,0.375,0.7272727272727273,1.0,0.8333333333333334,0.7014069264069265,5,0.0,0.0,0.3333333333333333,0.0,0.0,0.0,1.0,0.06666666666666667,0.06666666666666667
220017,MA,Acute Care,0,1,For-Profit,,0.0,0.0,0.0,0.0,0.0,0.0,0,,,,,,,0.0,,
220019,MA,Acute Care,0,1,Non-Profit,2.0,0.7142857142857143,0.375,0.7272727272727273,1.0,0.8333333333333334,0.7299783549783551,5,0.0,0.0,0.3333333333333333,0.0,0.0,0.125,0.0,0.0,0.0625
22001F,MA,Acute Care,0,0,Government,,0.0,0.0,0.0,0.0,0.16666666666666666,0.03333333333333333,1,,,,,,,0.0,,
220020,MA,Acute Care,0,1,For-Profit,3.0,0.8571428571428571,0.875,0.9090909090909091,1.0,0.8333333333333334,0.89491341991342,5,0.0,0.0,0.14285714285714285,0.14285714285714285,0.0,0.3,-3.0,-0.13043478260869565,0.043478260869565216
220024,MA,Acute Care,0,1,Non-Profit,2.0,0.7142857142857143,0.75,0.7272727272727273,1.0,0.75,0.7883116883116884,5,0.0,0.0,0.0,0.0,0.0,0.0,0.0,0.0,0.0
220029,MA,Acute Care,1,1,Non-Profit,3.0,0.7142857142857143,0.5,0.8181818181818182,1.0,0.9166666666666666,0.7898268398268399,5,0.0,0.0,0.0,0.0,0.0,0.0,0.0,0.0,0.0
220030,MA,Acute Care,0,1,Non-Profit,5.0,0.5714285714285714,0.5,0.6363636363636364,1.0,0.8333333333333334,0.7082251082251083,5,0.25,0.0,0.25,0.0,0.0,0.0,2.0,0.13333333333333333,0.13333333333333333
220031,MA,Acute Care,1,1,Non-Profit,3.0,1.0,1.0,1.0,1.0,1.0,1.0,5,0.14285714285714285,0.0,0.25,0.0,0.0,0.18181818181818182,1.0,0.038461538461538464,0.11538461538461539
220033,MA,Acute Care,1,1,Non-Profit,3.0,0.8571428571428571,0.875,0.9090909090909091,1.0,1.0,0.9282467532467532,5,0.3333333333333333,0.0,0.14285714285714285,0.0,0.0,0.0,3.0,0.13043478260869565,0.13043478260869565
220035,MA,Acute Care,1,1,Non-Profit,4.0,0.8571428571428571,0.875,0.9090909090909091,1.0,1.0,0.9282467532467532,5,0.5,0.0,0.14285714285714285,0.14285714285714285,0.1,0.2,2.0,0.08695652173913043,0.21739130434782608
220036,MA,Acute Care,1,1,For-Profit,2.0,1.0,0.875,0.8181818181818182,1.0,0.8333333333333334,0.9053030303030303,5,0.0,0.14285714285714285,0.42857142857142855,0.0,0.1111111111111111,0.3333333333333333,0.0,0.0,0.17391304347826086
220046,MA,Acute Care,1,1,Non-Profit,4.0,0.8571428571428571,0.875,0.8181818181818182,1.0,1.0,0.9100649350649352,5,0.0,0.0,0.2857142857142857,0.0,0.1111111111111111,0.0,3.0,0.13636363636363635,0.13636363636363635
220049,MA,Acute Care,0,1,Non-Profit,2.0,0.7142857142857143,0.5,0.5454545454545454,1.0,0.8333333333333334,0.7186147186147187,5,0.0,0.0,0.0,0.0,0.0,0.16666666666666666,-1.0,-0.06666666666666667,0.0
220052,MA,Acute Care,1,1,Non-Profit,4.0,0.8571428571428571,0.25,0.9090909090909091,0.0,0.75,0.5532467532467533,4,0.0,0.0,0.0,0.0,0.0,0.1,-1.0,-0.05555555555555555,0.0
220060,MA,Acute Care,1,1,Non-Profit,4.0,0.8571428571428571,0.875,0.9090909090909091,1.0,0.9166666666666666,0.9115800865800866,5,0.16666666666666666,0.0,0.14285714285714285,0.0,0.0,0.1,1.0,0.043478260869565216,0.08695652173913043
220062,MA,Acute Care,0,0,For-Profit,,0.0,0.125,0.09090909090909091,0.0,0.25,0.09318181818181819,3,,,1.0,0.0,0.0,0.0,1.0,0.5,0.5
220063,MA,Acute Care,1,1,Non-Profit,2.0,0.8571428571428571,0.875,0.9090909090909091,1.0,0.9166666666666666,0.9115800865800866,5,0.0,0.0,0.14285714285714285,0.14285714285714285,0.0,0.2,-2.0,-0.08695652173913043,0.043478260869565216
220065,MA,Acute Care,0,1,Non-Profit,2.0,0.5714285714285714,0.25,0.5454545454545454,1.0,0.8333333333333334,0.6400432900432901,5,0.0,0.0,0.0,0.0,0.0,0.16666666666666666,-1.0,-0.08333333333333333,0.0
220066,MA,Acute Care,1,1,Non-Profit,2.0,0.8571428571428571,0.875,0.8181818181818182,1.0,0.8333333333333334,0.8767316017316018,5,0.0,0.16666666666666666,0.14285714285714285,0.14285714285714285,0.0,0.0,-1.0,-0.045454545454545456,0.045454545454545456
220070,MA,Acute Care,1,1,Non-Profit,2.0,0.8571428571428571,0.875,0.7272727272727273,1.0,0.9166666666666666,0.8752164502164502,5,0.0,0.0,0.14285714285714285,0.0,0.0,0.125,0.0,0.0,0.047619047619047616
220071,MA,Acute Care,1,1,Non-Profit,5.0,1.0,1.0,1.0,1.0,0.9166666666666666,0.9833333333333334,5,0.42857142857142855,0.0,0.25,0.0,0.2727272727272727,0.2727272727272727,5.0,0.19230769230769232,0.3076923076923077
220073,MA,Acute Care,0,1,For-Profit,2.0,0.7142857142857143,0.875,0.6363636363636364,1.0,0.9166666666666666,0.8284632034632035,5,0.2,0.0,0.14285714285714285,0.0,0.0,0.2857142857142857,0.0,0.0,0.10526315789473684
220074,MA,Acute Care,1,1,Non-Profit,4.0,1.0,1.0,1.0,1.0,1.0,1.0,5,0.14285714285714285,0.0,0.25,0.0,0.0,0.0,3.0,0.11538461538461539,0.11538461538461539
220075,MA,Acute Care,0,1,Non-Profit,,0.0,0.25,0.18181818181818182,1.0,0.5,0.38636363636363635,4,,,0.0,0.0,0.0,0.0,0.0,0.0,0.0
220077,MA,Acute Care,1,1,Non-Profit,1.0,1.0,1.0,1.0,1.0,0.9166666666666666,0.9833333333333334,5,0.0,0.0,0.5,0.125,0.0,0.2727272727272727,0.0,0.0,0.15384615384615385
220080,MA,Acute Care,1,1,For-Profit,2.0,0.8571428571428571,0.875,0.7272727272727273,1.0,1.0,0.8918831168831168,5,0.0,0.0,0.14285714285714285,0.0,0.0,0.0,1.0,0.047619047619047616,0.047619047619047616
220083,MA,Acute Care,0,1,Non-Profit,4.0,0.5714285714285714,0.625,0.6363636363636364,1.0,0.8333333333333334,0.7332251082251082,5,0.5,0.0,0.0,0.0,0.0,0.14285714285714285,1.0,0.0625,0.125
220084,MA,Acute Care,1,1,Non-Profit,3.0,0.8571428571428571,0.875,0.8181818181818182,1.0,1.0,0.9100649350649352,5,0.16666666666666666,0.0,0.0,0.0,0.0,0.0,1.0,0.045454545454545456,0.045454545454545456
220086,MA,Acute Care,1,1,Non-Profit,4.0,1.0,1.0,1.0,1.0,0.9166666666666666,0.9833333333333334,5,0.42857142857142855,0.0,0.375,0.125,0.0,0.45454545454545453,0.0,0.0,0.23076923076923078
220088,MA,Acute Care,0,0,Non-Profit,5.0,0.14285714285714285,0.375,0.2727272727272727,1.0,0.25,0.40811688311688316,5,0.0,0.0,0.3333333333333333,0.0,0.6666666666666666,0.3333333333333333,2.0,0.2857142857142857,0.42857142857142855
220090,MA,Acute Care,1,1,Non-Profit,3.0,0.8571428571428571,0.875,0.7272727272727273,1.0,1.0,0.8918831168831168,5,0.16666666666666666,0.0,0.14285714285714285,0.0,0.0,0.25,0.0,0.0,0.09523809523809523
220095,MA,Acute Care,1,1,Non-Profit,3.0,0.7142857142857143,0.5,0.8181818181818182,1.0,0.9166666666666666,0.7898268398268399,5,0.0,0.0,0.25,0.0,0.0,0.0,1.0,0.05555555555555555,0.05555555555555555
220098,MA,Acute Care,0,1,For-Profit,,0.0,0.0,0.0,0.0,0.0,0.0,0,,,,,,,0.0,,
22009F,MA,Acute Care,0,0,Government,,0.0,0.0,0.0,0.0,0.16666666666666666,0.03333333333333333,1,,,,,,,0.0,,
220100,MA,Acute Care,1,1,Non-Profit,3.0,0.8571428571428571,0.875,0.7272727272727273,1.0,1.0,0.8918831168831168,5,0.5,0.0,0.14285714285714285,0.14285714285714285,0.0,0.25,1.0,0.047619047619047616,0.19047619047619047
220101,MA,Acute Care,1,1,Non-Profit,5.0,0.8571428571428571,0.875,0.8181818181818182,1.0,1.0,0.9100649350649352,5,0.3333333333333333,0.0,0.42857142857142855,0.0,0.1111111111111111,0.0,6.0,0.2727272727272727,0.2727272727272727
220105,MA,Acute Care,1,1,Non-Profit,3.0,0.8571428571428571,0.875,0.8181818181818182,1.0,0.8333333333333334,0.8767316017316018,5,0.3333333333333333,0.0,0.14285714285714285,0.0,0.0,0.2222222222222222,1.0,0.045454545454545456,0.13636363636363635
220108,MA,Acute Care,0,1,Government,4.0,0.5714285714285714,0.875,0.6363636363636364,1.0,0.8333333333333334,0.7832251082251083,5,0.5,0.0,0.14285714285714285,0.0,0.0,0.0,3.0,0.16666666666666666,0.16666666666666666
22010F,MA,Acute Care,0,1,Government,4.0,0.5714285714285714,0.375,0.5454545454545454,1.0,0.5,0.5983766233766235,5,0.5,0.0,0.0,0.0,0.0,0.3333333333333333,0.0,0.0,0.15384615384615385
220110,MA,Acute Care,1,1,Non-Profit,5.0,1.0,1.0,1.0,1.0,0.9166666666666666,0.9833333333333334,5,0.42857142857142855,0.0,0.25,0.0,0.09090909090909091,0.18181818181818182,4.0,0.15384615384615385,0.23076923076923078
220111,MA,Acute Care,1,1,For-Profit,1.0,0.8571428571428571,0.875,0.7272727272727273,1.0,1.0,0.8918831168831168,5,0.3333333333333333,0.0,0.14285714285714285,0.0,0.0,0.375,0.0,0.0,0.14285714285714285
220116,MA,Acute Care,1,1,Non-Profit,3.0,1.0,0.875,1.0,1.0,0.8333333333333334,0.9416666666666667,5,0.14285714285714285,0.0,0.0,0.0,0.0,0.2727272727272727,-2.0,-0.08,0.04
220119,MA,Acute Care,0,1,Non-Profit,5.0,0.7142857142857143,0.75,0.8181818181818182,1.0,0.9166666666666666,0.8398268398268399,5,0.8,0.0,0.0,0.0,0.1111111111111111,0.0,5.0,0.25,0.25
220126,MA,Acute Care,0,1,For-Profit,,0.0,0.0,0.18181818181818182,0.0,0.16666666666666666,0.0696969696969697,2,,,,,0.0,0.0,0.0,0.0,0.0
220135,MA,Acute Care,0,1,Non-Profit,4.0,0.8571428571428571,0.625,0.7272727272727273,1.0,0.9166666666666666,0.8252164502164503,5,0.16666666666666666,0.0,0.0,0.0,0.0,0.0,1.0,0.05263157894736842,0.05263157894736842
220163,MA,Acute Care,1,1,Non-Profit,3.0,1.0,1.0,1.0,1.0,0.8333333333333334,0.9666666666666666,5,0.5714285714285714,0.0,0.375,0.0,0.0,0.18181818181818182,5.0,0.19230769230769232,0.2692307692307692
220171,MA,Acute Care,0,1,Non-Profit,5.0,1.0,0.875,1.0,1.0,0.8333333333333334,0.9416666666666667,5,0.2857142857142857,0.0,0.2857142857142857,0.0,0.09090909090909091,0.0,5.0,0.2,0.2
220175,MA,Acute Care,1,1,Non-Profit,1.0,0.8571428571428571,0.75,0.9090909090909091,1.0,0.8333333333333334,0.86991341991342,5,0.16666666666666666,0.0,0.0,0.0,0.0,0.0,1.0,0.045454545454545456,0.045454545454545456
220176,MA,Acute Care,1,1,For-Profit,2.0,1.0,0.875,1.0,1.0,0.8333333333333334,0.9416666666666667,5,0.0,0.0,0.14285714285714285,0.0,0.0,0.09090909090909091,0.0,0.0,0.04
220177,MA,Acute Care,1,1,Non-Profit,,0.2857142857142857,0.0,0.5454545454545454,0.0,0.75,0.3162337662337662,3,0.0,0.0,,,0.0,0.16666666666666666,-1.0,-0.125,0.0
221300,MA,Rural/Access,1,1,Non-Profit,4.0,0.42857142857142855,0.125,0.6363636363636364,1.0,0.6666666666666666,0.5713203463203463,5,0.0,0.0,0.0,0.0,0.0,0.0,0.0,0.0,0.0
221302,MA,Rural/Access,1,1,Non-Profit,3.0,0.42857142857142855,0.125,0.6363636363636364,1.0,0.4166666666666667,0.5213203463203463,5,0.0,0.0,0.0,0.0,0.0,0.0,0.0,0.0,0.0
221303,MA,Rural/Access,0,1,Non-Profit,4.0,0.42857142857142855,0.125,0.45454545454545453,0.0,0.5833333333333334,0.3182900432900433,4,0.0,0.0,0.0,0.0,0.0,0.0,0.0,0.0,0.0
221304,MA,Rural/Access,0,1,Government,,0.0,0.0,0.0,0.0,0.0,0.0,0,,,,,,,0.0,,
223300,MA,Childrens,0,0,Non-Profit,,0.0,0.0,0.0,0.0,0.0,0.0,0,,,,,,,0.0,,
223302,MA,Childrens,0,1,Non-Profit,,0.0,0.0,0.0,0.0,0.0,0.0,0,,,,,,,0.0,,
223304,MA,Childrens,0,0,For-Profit,,0.0,0.0,0.0,0.0,0.0,0.0,0,,,,,,,0.0,,
224001,MA,Psychiatric,0,0,Government,,0.0,0.0,0.0,0.0,0.0,0.0,0,,,,,,,0.0,,
224007,MA,Psychiatric,0,0,Non-Profit,,0.0,0.0,0.0,0.0,0.0,0.0,0,,,,,,,0.0,,
224013,MA,Psychiatric,0,0,For-Profit,,0.0,0.0,0.0,0.0,0.0,0.0,0,,,,,,,0.0,,
224018,MA,Psychiatric,0,0,For-Profit,,0.0,0.0,0.0,0.0,0.0,0.0,0,,,,,,,0.0,,
224021,MA,Psychiatric,0,0,For-Profit,,0.0,0.0,0.0,0.0,0.0,0.0,0,,,,,,,0.0,,
224022,MA,Psychiatric,0,0,For-Profit,,0.0,0.0,0.0,0.0,0.0,0.0,0,,,,,,,0.0,,
224023,MA,Psychiatric,0,1,For-Profit,,0.0,0.0,0.0,0.0,0.0,0.0,0,,,,,,,0.0,,
224028,MA,Psychiatric,0,0,Government,,0.0,0.0,0.0,0.0,0.0,0.0,0,,,,,,,0.0,,
224031,MA,Psychiatric,0,0,Government,,0.0,0.0,0.0,0.0,0.0,0.0,0,,,,,,,0.0,,
224032,MA,Psychiatric,0,0,Government,,0.0,0.0,0.0,0.0,0.0,0.0,0,,,,,,,0.0,,
224038,MA,Psychiatric,0,0,Government,,0.0,0.0,0.0,0.0,0.0,0.0,0,,,,,,,0.0,,
224039,MA,Psychiatric,0,0,For-Profit,,0.0,0.0,0.0,0.0,0.0,0.0,0,,,,,,,0.0,,
224040,MA,Psychiatric,0,0,Government,,0.0,0.0,0.0,0.0,0.0,0.0,0,,,,,,,0.0,,
224041,MA,Psychiatric,0,0,For-Profit,,0.0,0.0,0.0,0.0,0.0,0.0,0,,,,,,,0.0,,
224043,MA,Psychiatric,0,0,For-Profit,,0.0,0.0,0.0,0.0,0.0,0.0,0,,,,,,,0.0,,
224044,MA,Psychiatric,0,0,For-Profit,,0.0,0.0,0.0,0.0,0.0,0.0,0,,,,,,,0.0,,
224045,MA,Psychiatric,0,0,For-Profit,,0.0,0.0,0.0,0.0,0.0,0.0,0,,,,,,,0.0,,
224046,MA,Psychiatric,0,0,For-Profit,,0.0,0.0,0.0,0.0,0.0,0.0,0,,,,,,,0.0,,
224047,MA,Psychiatric,0,0,For-Profit,,0.0,0.0,0.0,0.0,0.0,0.0,0,,,,,,,0.0,,
230002,MI,Acute Care,1,1,Non-Profit,2.0,0.8571428571428571,0.875,0.9090909090909091,1.0,1.0,0.9282467532467532,5,0.0,0.0,0.14285714285714285,0.0,0.0,0.3,-2.0,-0.08695652173913043,0.043478260869565216
230003,MI,Acute Care,1,1,Non-Profit,,0.2857142857142857,0.25,0.45454545454545453,1.0,0.8333333333333334,0.5647186147186147,5,0.0,0.0,0.0,0.0,0.0,0.0,0.0,0.0,0.0
230005,MI,Acute Care,1,1,Non-Profit,4.0,0.7142857142857143,0.5,0.8181818181818182,1.0,0.9166666666666666,0.7898268398268399,5,0.0,0.0,0.0,0.0,0.2222222222222222,0.0,2.0,0.1111111111111111,0.1111111111111111
230015,MI,Acute Care,1,0,Government,3.0,0.42857142857142855,0.375,0.6363636363636364,1.0,0.75,0.637987012987013,5,0.0,0.0,0.0,0.0,0.14285714285714285,0.0,1.0,0.07692307692307693,0.07692307692307693
230017,MI,Acute Care,1,1,Non-Profit,4.0,1.0,1.0,1.0,1.0,0.8333333333333334,0.9666666666666666,5,0.0,0.0,0.125,0.0,0.0,0.0,1.0,0.038461538461538464,0.038461538461538464
230019,MI,Acute Care,1,1,Non-Profit,4.0,1.0,1.0,0.8181818181818182,1.0,0.9166666666666666,0.946969696969697,5,0.14285714285714285,0.0,0.5,0.0,0.0,0.1111111111111111,4.0,0.16666666666666666,0.20833333333333334
230020,MI,Acute Care,1,1,Non-Profit,1.0,1.0,1.0,1.0,1.0,0.8333333333333334,0.9666666666666666,5,0.14285714285714285,0.0,0.125,0.375,0.0,0.2727272727272727,-4.0,-0.15384615384615385,0.07692307692307693
230021,MI,Acute Care,1,1,Non-Profit,4.0,1.0,1.0,1.0,1.0,1.0,1.0,5,0.0,0.0,0.125,0.0,0.0,0.0,1.0,0.038461538461538464,0.038461538461538464
230022,MI,Acute Care,0,1,Government,2.0,0.5714285714285714,0.375,0.7272727272727273,1.0,0.8333333333333334,0.7014069264069265,5,0.0,0.0,0.0,0.0,0.0,0.0,0.0,0.0,0.0
230024,MI,Acute Care,1,1,For-Profit,1.0,0.8571428571428571,0.75,0.8181818181818182,1.0,0.75,0.8350649350649352,5,0.0,0.0,0.3333333333333333,0.3333333333333333,0.0,0.1111111111111111,-1.0,-0.047619047619047616,0.09523809523809523
230029,MI,Acute Care,1,1,Non-Profit,2.0,1.0,1.0,1.0,1.0,0.9166666666666666,0.9833333333333334,5,0.0,0.0,0.125,0.0,0.09090909090909091,0.09090909090909091,1.0,0.038461538461538464,0.07692307692307693
230030,MI,Acute Care,1,1,Non-Profit,3.0,0.5714285714285714,0.375,0.7272727272727273,1.0,0.9166666666666666,0.7180735930735931,5,0.0,0.0,0.0,0.0,0.0,0.125,-1.0,-0.06666666666666667,0.0
230031,MI,Acute Care,0,1,Non-Profit,4.0,0.7142857142857143,0.5,0.6363636363636364,1.0,0.6666666666666666,0.7034632034632035,5,0.0,0.0,0.25,0.0,0.14285714285714285,0.0,2.0,0.125,0.125
230035,MI,Acute Care,1,0,Non-Profit,4.0,0.5714285714285714,0.25,0.7272727272727273,1.0,0.9166666666666666,0.6930735930735931,5,0.0,0.0,0.0,0.0,0.0,0.0,0.0,0.0,0.0
230036,MI,Acute Care,1,1,For-Profit,5.0,0.5714285714285714,0.625,0.8181818181818182,1.0,1.0,0.8029220779220779,5,0.0,0.0,0.0,0.0,0.0,0.0,0.0,0.0,0.0
230037,MI,Acute Care,1,1,Non-Profit,2.0,0.5714285714285714,0.125,0.6363636363636364,1.0,0.8333333333333334,0.6332251082251082,5,0.0,0.0,0.0,0.0,0.14285714285714285,0.0,1.0,0.08333333333333333,0.08333333333333333
230038,MI,Acute Care,1,1,Non-Profit,5.0,1.0,1.0,1.0,1.0,1.0,1.0,5,0.2857142857142857,0.0,0.375,0.0,0.0,0.0,5.0,0.19230769230769232,0.19230769230769232
230041,MI,Acute Care,1,1,Non-Profit,2.0,1.0,0.875,1.0,1.0,1.0,0.975,5,0.0,0.0,0.14285714285714285,0.0,0.0,0.36363636363636365,-3.0,-0.12,0.04
230046,MI,Acute Care,1,1,Non-Profit,4.0,1.0,1.0,1.0,1.0,1.0,1.0,5,0.2857142857142857,0.0,0.5,0.0,0.09090909090909091,0.09090909090909091,6.0,0.23076923076923078,0.2692307692307692
230047,MI,Acute Care,1,1,Non-Profit,3.0,1.0,0.875,1.0,1.0,1.0,0.975,5,0.0,0.0,0.2857142857142857,0.0,0.0,0.18181818181818182,0.0,0.0,0.08
230053,MI,Acute Care,1,1,Non-Profit,3.0,1.0,0.875,0.9090909090909091,1.0,0.9166666666666666,0.9401515151515152,5,0.0,0.0,0.42857142857142855,0.0,0.0,0.3,0.0,0.0,0.125
230054,MI,Acute Care,1,1,Government,3.0,1.0,0.875,1.0,1.0,1.0,0.975,5,0.0,0.0,0.14285714285714285,0.0,0.09090909090909091,0.09090909090909091,1.0,0.04,0.08
230055,MI,Acute Care,1,1,Government,4.0,0.5714285714285714,0.5,0.8181818181818182,1.0,0.8333333333333334,0.7445887445887446,5,0.0,0.0,0.0,0.0,0.1111111111111111,0.0,1.0,0.058823529411764705,0.058823529411764705
230058,MI,Acute Care,1,1,Non-Profit,3.0,0.42857142857142855,0.25,0.7272727272727273,1.0,0.9166666666666666,0.6645021645021645,5,0.0,0.0,0.0,0.0,0.25,0.0,2.0,0.15384615384615385,0.15384615384615385
230059,MI,Acute Care,1,1,Non-Profit,4.0,0.8571428571428571,0.875,0.8181818181818182,1.0,0.9166666666666666,0.8933982683982684,5,0.0,0.0,0.14285714285714285,0.14285714285714285,0.1111111111111111,0.0,1.0,0.045454545454545456,0.09090909090909091
23005F,MI,Acute Care,0,0,Government,5.0,0.42857142857142855,0.0,0.36363636363636365,0.0,0.25,0.20844155844155843,3,0.0,0.0,,,0.0,0.0,0.0,0.0,0.0
230066,MI,Acute Care,1,1,Non-Profit,2.0,1.0,0.875,0.8181818181818182,1.0,1.0,0.9386363636363637,5,0.0,0.0,0.14285714285714285,0.0,0.2222222222222222,0.0,3.0,0.13043478260869565,0.13043478260869565
230069,MI,Acute Care,0,1,Non-Profit,4.0,0.5714285714285714,0.25,0.7272727272727273,1.0,0.8333333333333334,0.6764069264069265,5,0.0,0.0,0.0,0.0,0.0,0.0,0.0,0.0,0.0
230070,MI,Acute Care,1,1,Non-Profit,2.0,1.0,0.875,1.0,1.0,0.9166666666666666,0.9583333333333334,5,0.0,0.14285714285714285,0.14285714285714285,0.0,0.0,0.36363636363636365,-4.0,-0.16,0.04
230071,MI,Acute Care,0,0,Non-Profit,,0.0,0.0,0.18181818181818182,0.0,0.25,0.08636363636363636,2,,,,,0.0,0.0,0.0,0.0,0.0
230072,MI,Acute Care,1,1,Non-Profit,5.0,0.7142857142857143,0.5,0.9090909090909091,1.0,1.0,0.8246753246753247,5,0.0,0.0,0.25,0.0,0.0,0.0,1.0,0.05263157894736842,0.05263157894736842
230075,MI,Acute Care,1,1,For-Profit,4.0,0.5714285714285714,0.875,0.8181818181818182,1.0,0.9166666666666666,0.8362554112554113,5,0.0,0.0,0.14285714285714285,0.0,0.0,0.0,1.0,0.05,0.05
230077,MI,Acute Care,0,1,Non-Profit,2.0,1.0,0.75,0.9090909090909091,1.0,0.6666666666666666,0.8651515151515152,5,0.0,0.0,0.16666666666666666,0.16666666666666666,0.0,0.1,-1.0,-0.043478260869565216,0.043478260869565216
230078,MI,Acute Care,0,1,Non-Profit,,0.0,0.0,0.09090909090909091,0.0,0.5,0.1181818181818182,2,,,,,0.0,0.0,0.0,0.0,0.0
230080,MI,Acute Care,1,1,Non-Profit,4.0,0.42857142857142855,0.375,0.8181818181818182,1.0,0.9166666666666666,0.7076839826839827,5,0.0,0.0,0.0,0.0,0.0,0.1111111111111111,-1.0,-0.06666666666666667,0.0
230081,MI,Acute Care,1,1,Non-Profit,4.0,0.5714285714285714,0.5,0.8181818181818182,1.0,0.9166666666666666,0.7612554112554112,5,0.0,0.0,0.25,0.0,0.0,0.0,1.0,0.058823529411764705,0.058823529411764705
230085,MI,Acute Care,0,1,Government,,0.2857142857142857,0.0,0.2727272727272727,0.0,0.5833333333333334,0.22835497835497837,3,0.0,0.0,,,0.3333333333333333,0.0,1.0,0.2,0.2
230089,MI,Acute Care,1,1,Non-Profit,4.0,0.8571428571428571,1.0,0.9090909090909091,1.0,0.8333333333333334,0.91991341991342,5,0.16666666666666666,0.0,0.25,0.0,0.0,0.1,2.0,0.08333333333333333,0.125
230092,MI,Acute Care,1,1,Non-Profit,3.0,1.0,0.875,1.0,1.0,1.0,0.975,5,0.0,0.0,0.2857142857142857,0.0,0.09090909090909091,0.0,3.0,0.12,0.12
230093,MI,Acute Care,1,1,Non-Profit,3.0,0.5714285714285714,0.25,0.45454545454545453,1.0,0.8333333333333334,0.6218614718614719,5,0.0,0.0,0.0,0.0,0.2,0.0,1.0,0.09090909090909091,0.09090909090909091
230095,MI,Acute Care,1,1,Government,4.0,0.5714285714285714,0.25,0.5454545454545454,1.0,0.9166666666666666,0.6567099567099567,5,0.0,0.0,0.0,0.0,0.0,0.0,0.0,0.0,0.0
230097,MI,Acute Care,1,1,Non-Profit,4.0,1.0,1.0,1.0,1.0,0.8333333333333334,0.9666666666666666,5,0.14285714285714285,0.14285714285714285,0.125,0.125,0.2727272727272727,0.0,3.0,0.11538461538461539,0.19230769230769232
230099,MI,Acute Care,1,1,Non-Profit,2.0,0.7142857142857143,0.75,0.8181818181818182,1.0,0.9166666666666666,0.8398268398268399,5,0.0,0.0,0.0,0.16666666666666666,0.0,0.2222222222222222,-3.0,-0.15,0.0
230100,MI,Acute Care,0,1,Government,3.0,0.42857142857142855,0.125,0.5454545454545454,1.0,0.75,0.5698051948051948,5,0.0,0.0,0.0,0.0,0.0,0.0,0.0,0.0,0.0
230104,MI,Acute Care,1,1,For-Profit,1.0,1.0,0.75,0.8181818181818182,1.0,0.8333333333333334,0.8803030303030303,5,0.14285714285714285,0.0,0.16666666666666666,0.16666666666666666,0.0,0.1111111111111111,0.0,0.0,0.09090909090909091
230105,MI,Acute Care,1,1,Non-Profit,4.0,1.0,0.875,1.0,1.0,0.9166666666666666,0.9583333333333334,5,0.0,0.0,0.14285714285714285,0.0,0.0,0.0,1.0,0.04,0.04
230108,MI,Acute Care,1,1,Non-Profit,,0.2857142857142857,0.25,0.6363636363636364,1.0,0.9166666666666666,0.6177489177489177,5,0.0,0.0,0.0,0.0,0.14285714285714285,0.0,1.0,0.09090909090909091,0.09090909090909091
230110,MI,Acute Care,1,1,Non-Profit,4.0,0.5714285714285714,0.25,0.7272727272727273,1.0,0.9166666666666666,0.6930735930735931,5,0.0,0.0,0.0,0.0,0.0,0.0,0.0,0.0,0.0
230117,MI,Acute Care,1,1,Non-Profit,3.0,1.0,0.875,0.8181818181818182,1.0,0.9166666666666666,0.9219696969696971,5,0.0,0.14285714285714285,0.2857142857142857,0.0,0.2222222222222222,0.0,3.0,0.13043478260869565,0.17391304347826086
23011F,MI,Acute Care,0,1,Government,5.0,0.7142857142857143,0.5,0.5454545454545454,1.0,0.4166666666666667,0.6352813852813852,5,0.2,0.0,0.25,0.0,0.0,0.0,2.0,0.13333333333333333,0.13333333333333333
230121,MI,Acute Care,1,1,Non-Profit,4.0,0.5714285714285714,0.625,0.8181818181818182,1.0,0.8333333333333334,0.7695887445887446,5,0.0,0.0,0.2,0.0,0.0,0.0,1.0,0.05555555555555555,0.05555555555555555
23012F,MI,Acute Care,0,0,Government,,0.0,0.0,0.0,0.0,0.25,0.05,1,,,,,,,0.0,,
230130,MI,Acute Care,1,1,Non-Profit,3.0,1.0,1.0,1.0,1.0,0.9166666666666666,0.9833333333333334,5,0.2857142857142857,0.0,0.25,0.125,0.0,0.2727272727272727,0.0,0.0,0.15384615384615385
230132,MI,Acute Care,1,1,Non-Profit,2.0,0.8571428571428571,0.875,0.6363636363636364,1.0,0.8333333333333334,0.8403679653679653,5,0.0,0.0,0.2857142857142857,0.0,0.0,0.2857142857142857,0.0,0.0,0.1
230133,MI,Acute Care,1,0,Non-Profit,4.0,0.5714285714285714,0.375,0.7272727272727273,1.0,0.9166666666666666,0.7180735930735931,5,0.0,0.0,0.0,0.0,0.0,0.0,0.0,0.0,0.0
230141,MI,Acute Care,1,1,Non-Profit,1.0,1.0,0.875,1.0,1.0,0.8333333333333334,0.9416666666666667,5,0.0,0.14285714285714285,0.2857142857142857,0.0,0.0,0.18181818181818182,-1.0,-0.04,0.08
230142,MI,Acute Care,1,1,Non-Profit,1.0,0.7142857142857143,0.875,0.7272727272727273,1.0,0.9166666666666666,0.8466450216450218,5,0.0,0.0,0.14285714285714285,0.0,0.0,0.375,-2.0,-0.1,0.05
230144,MI,Acute Care,0,0,Government,,0.0,0.125,0.0,0.0,0.25,0.075,2,,,0.0,0.0,,,0.0,0.0,0.0
230146,MI,Acute Care,1,1,Non-Profit,2.0,0.8571428571428571,0.875,0.8181818181818182,1.0,0.9166666666666666,0.8933982683982684,5,0.0,0.0,0.2857142857142857,0.0,0.0,0.2222222222222222,0.0,0.0,0.09090909090909091
230151,MI,Acute Care,1,1,Non-Profit,2.0,0.8571428571428571,0.875,0.9090909090909091,1.0,0.9166666666666666,0.9115800865800866,5,0.0,0.0,0.14285714285714285,0.14285714285714285,0.0,0.0,0.0,0.0,0.043478260869565216
230156,MI,Acute Care,1,1,Non-Profit,4.0,1.0,1.0,1.0,1.0,0.9166666666666666,0.9833333333333334,5,0.14285714285714285,0.0,0.125,0.125,0.0,0.09090909090909091,0.0,0.0,0.07692307692307693
230165,MI,Acute Care,1,1,Non-Profit,2.0,1.0,1.0,1.0,1.0,0.8333333333333334,0.9666666666666666,5,0.0,0.0,0.25,0.0,0.0,0.0,2.0,0.07692307692307693,0.07692307692307693
230167,MI,Acute Care,1,1,Non-Profit,2.0,1.0,1.0,1.0,1.0,0.8333333333333334,0.9666666666666666,5,0.0,0.14285714285714285,0.0,0.0,0.0,0.09090909090909091,-2.0,-0.07692307692307693,0.0
230174,MI,Acute Care,0,1,Government,,0.0,0.25,0.36363636363636365,1.0,0.75,0.4727272727272728,4,,,0.0,0.0,0.0,0.0,0.0,0.0,0.0
230176,MI,Acute Care,1,1,Non-Profit,1.0,0.8571428571428571,0.75,0.6363636363636364,1.0,0.8333333333333334,0.8153679653679653,5,0.16666666666666666,0.0,0.16666666666666666,0.16666666666666666,0.0,0.2857142857142857,-1.0,-0.05263157894736842,0.10526315789473684
230180,MI,Acute Care,0,0,Non-Profit,,0.2857142857142857,0.125,0.5454545454545454,1.0,0.8333333333333334,0.5579004329004329,5,0.0,0.0,0.0,0.0,0.0,0.0,0.0,0.0,0.0
230193,MI,Acute Care,1,1,Non-Profit,2.0,0.7142857142857143,0.75,0.6363636363636364,1.0,0.8333333333333334,0.7867965367965368,5,0.0,0.0,0.16666666666666666,0.0,0.0,0.0,1.0,0.05555555555555555,0.05555555555555555
230195,MI,Acute Care,0,1,Non-Profit,2.0,0.8571428571428571,1.0,0.7272727272727273,1.0,0.8333333333333334,0.8835497835497834,5,0.0,0.0,0.125,0.0,0.0,0.375,-2.0,-0.09090909090909091,0.045454545454545456
230197,MI,Acute Care,1,1,Non-Profit,2.0,1.0,1.0,0.8181818181818182,1.0,0.8333333333333334,0.9303030303030303,5,0.0,0.0,0.25,0.0,0.0,0.1111111111111111,1.0,0.041666666666666664,0.08333333333333333
230207,MI,Acute Care,0,1,Non-Profit,2.0,0.5714285714285714,0.75,0.7272727272727273,1.0,0.8333333333333334,0.7764069264069264,5,0.0,0.0,0.16666666666666666,0.0,0.0,0.0,1.0,0.05555555555555555,0.05555555555555555
230208,MI,Acute Care,0,1,Non-Profit,4.0,0.42857142857142855,0.25,0.45454545454545453,1.0,0.6666666666666666,0.5599567099567099,5,0.0,0.0,0.0,0.0,0.0,0.0,0.0,0.0,0.0
230216,MI,Acute Care,1,1,Non-Profit,2.0,1.0,0.875,1.0,1.0,1.0,0.975,5,0.0,0.2857142857142857,0.0,0.0,0.0,0.0,-2.0,-0.08,0.0
230217,MI,Acute Care,1,1,Non-Profit,4.0,0.5714285714285714,0.5,0.5454545454545454,1.0,0.9166666666666666,0.7067099567099567,5,0.0,0.0,0.0,0.0,0.0,0.0,0.0,0.0,0.0
230222,MI,Acute Care,1,0,Non-Profit,4.0,1.0,0.875,1.0,1.0,0.8333333333333334,0.9416666666666667,5,0.0,0.0,0.2857142857142857,0.14285714285714285,0.0,0.0,1.0,0.04,0.08
230227,MI,Acute Care,1,1,Non-Profit,1.0,1.0,0.75,0.7272727272727273,1.0,0.9166666666666666,0.8787878787878789,5,0.0,0.14285714285714285,0.16666666666666666,0.16666666666666666,0.0,0.125,-2.0,-0.09523809523809523,0.047619047619047616
230230,MI,Acute Care,1,1,Non-Profit,3.0,1.0,0.875,0.9090909090909091,1.0,1.0,0.9568181818181818,5,0.0,0.0,0.5714285714285714,0.14285714285714285,0.1,0.0,4.0,0.16666666666666666,0.20833333333333334
230236,MI,Acute Care,1,1,Non-Profit,4.0,0.8571428571428571,0.875,0.9090909090909091,1.0,0.8333333333333334,0.89491341991342,5,0.0,0.0,0.2857142857142857,0.14285714285714285,0.0,0.0,1.0,0.043478260869565216,0.08695652173913043
230239,MI,Acute Care,1,1,Non-Profit,1.0,0.5714285714285714,0.375,0.8181818181818182,1.0,0.8333333333333334,0.7195887445887446,5,0.0,0.0,0.0,0.3333333333333333,0.0,0.0,-1.0,-0.0625,0.0
230241,MI,Acute Care,0,1,Government,3.0,0.42857142857142855,0.125,0.5454545454545454,1.0,0.6666666666666666,0.553138528138528,5,0.0,0.0,0.0,0.0,0.0,0.0,0.0,0.0,0.0
230244,MI,Acute Care,0,1,Non-Profit,2.0,0.8571428571428571,0.75,0.6363636363636364,1.0,0.5833333333333334,0.7653679653679654,5,0.16666666666666666,0.0,0.3333333333333333,0.0,0.0,0.14285714285714285,2.0,0.10526315789473684,0.15789473684210525
230254,MI,Acute Care,1,1,Non-Profit,2.0,1.0,1.0,0.8181818181818182,1.0,0.75,0.9136363636363637,5,0.0,0.0,0.125,0.125,0.0,0.1111111111111111,-1.0,-0.041666666666666664,0.041666666666666664
230259,MI,Acute Care,0,1,Non-Profit,3.0,0.5714285714285714,0.625,0.8181818181818182,1.0,0.8333333333333334,0.7695887445887446,5,0.0,0.0,0.2,0.2,0.1111111111111111,0.0,1.0,0.05555555555555555,0.1111111111111111
230264,MI,Acute Care,0,0,Non-Profit,,0.0,0.125,0.0,0.0,0.25,0.075,2,,,0.0,0.0,,,0.0,0.0,0.0
230269,MI,Acute Care,1,1,Non-Profit,3.0,1.0,1.0,1.0,1.0,1.0,1.0,5,0.14285714285714285,0.0,0.125,0.25,0.0,0.18181818181818182,-2.0,-0.07692307692307693,0.07692307692307693
230270,MI,Acute Care,0,1,Non-Profit,1.0,0.7142857142857143,0.625,0.5454545454545454,1.0,0.75,0.726948051948052,5,0.0,0.0,0.0,0.0,0.0,0.16666666666666666,-1.0,-0.0625,0.0
230273,MI,Acute Care,0,1,For-Profit,1.0,0.8571428571428571,0.75,0.45454545454545453,1.0,0.5833333333333334,0.7290043290043291,5,0.0,0.0,0.3333333333333333,0.16666666666666666,0.0,0.4,-1.0,-0.058823529411764705,0.11764705882352941
230275,MI,Acute Care,0,1,Non-Profit,,0.0,0.0,0.0,0.0,0.25,0.05,1,,,,,,,0.0,,
230277,MI,Acute Care,1,1,For-Profit,2.0,0.8571428571428571,0.875,0.9090909090909091,1.0,0.9166666666666666,0.9115800865800866,5,0.16666666666666666,0.0,0.0,0.0,0.0,0.0,1.0,0.043478260869565216,0.043478260869565216
230279,MI,Acute Care,0,0,Non-Profit,,0.0,0.125,0.09090909090909091,0.0,0.16666666666666666,0.07651515151515151,3,,,0.0,0.0,0.0,0.0,0.0,0.0,0.0
230297,MI,Acute Care,0,0,For-Profit,3.0,0.14285714285714285,0.625,0.5454545454545454,1.0,0.4166666666666667,0.5459956709956709,5,0.0,0.0,0.2,0.0,0.0,0.0,1.0,0.08333333333333333,0.08333333333333333
230301,MI,Acute Care,0,0,For-Profit,,0.0,0.125,0.18181818181818182,0.0,0.25,0.11136363636363637,3,,,0.0,0.0,0.0,0.0,0.0,0.0,0.0
230302,MI,Acute Care,1,1,Non-Profit,3.0,0.8571428571428571,0.875,0.8181818181818182,1.0,0.8333333333333334,0.8767316017316018,5,0.0,0.0,0.2857142857142857,0.0,0.0,0.3333333333333333,-1.0,-0.045454545454545456,0.09090909090909091
230303,MI,Acute Care,0,1,Non-Profit,4.0,0.42857142857142855,0.25,0.45454545454545453,1.0,0.6666666666666666,0.5599567099567099,5,0.0,0.0,0.0,0.0,0.0,0.0,0.0,0.0,0.0
23037F,MI,Acute Care,0,1,Government,5.0,0.7142857142857143,0.5,0.45454545454545453,1.0,0.4166666666666667,0.6170995670995671,5,0.4,0.0,0.0,0.0,0.2,0.0,3.0,0.21428571428571427,0.21428571428571427
230779,MI,Rural/Access,0,1,Government,,0.0,0.0,0.0,0.0,0.0,0.0,0,,,,,,,0.0,,
231300,MI,Rural/Access,0,1,Government,,0.0,0.0,0.2727272727272727,0.0,0.4166666666666667,0.13787878787878788,2,,,,,0.0,0.0,0.0,0.0,0.0
231301,MI,Rural/Access,0,1,Government,,0.2857142857142857,0.0,0.5454545454545454,0.0,0.3333333333333333,0.23290043290043289,3,0.0,0.0,,,0.0,0.0,0.0,0.0,0.0
231303,MI,Rural/Access,0,1,Government,,0.0,0.0,0.2727272727272727,0.0,0.4166666666666667,0.13787878787878788,2,,,,,0.0,0.0,0.0,0.0,0.0
231304,MI,Rural/Access,0,1,Government,,0.14285714285714285,0.0,0.18181818181818182,0.0,0.4166666666666667,0.14826839826839827,3,0.0,0.0,,,0.0,0.0,0.0,0.0,0.0
231305,MI,Rural/Access,0,1,Non-Profit,,0.2857142857142857,0.0,0.36363636363636365,1.0,0.5,0.42987012987012985,4,0.0,0.0,,,0.0,0.0,0.0,0.0,0.0
231306,MI,Rural/Access,0,1,Non-Profit,,0.0,0.0,0.2727272727272727,0.0,0.3333333333333333,0.12121212121212119,2,,,,,0.0,0.0,0.0,0.0,0.0
231307,MI,Rural/Access,0,1,Government,,0.14285714285714285,0.0,0.18181818181818182,0.0,0.3333333333333333,0.13160173160173158,3,0.0,0.0,,,0.0,0.0,0.0,0.0,0.0
231308,MI,Rural/Access,0,1,Non-Profit,,0.0,0.0,0.18181818181818182,0.0,0.3333333333333333,0.10303030303030303,2,,,,,0.0,0.0,0.0,0.0,0.0
231310,MI,Rural/Access,0,1,Non-Profit,,0.14285714285714285,0.125,0.5454545454545454,0.0,0.6666666666666666,0.2959956709956709,4,0.0,0.0,0.0,0.0,0.0,0.0,0.0,0.0,0.0
231311,MI,Rural/Access,0,1,Non-Profit,,0.0,0.0,0.09090909090909091,0.0,0.3333333333333333,0.08484848484848484,2,,,,,0.0,0.0,0.0,0.0,0.0
231312,MI,Rural/Access,0,1,Non-Profit,,0.0,0.0,0.09090909090909091,0.0,0.25,0.06818181818181819,2,,,,,0.0,0.0,0.0,0.0,0.0
231313,MI,Rural/Access,0,1,Non-Profit,,0.0,0.0,0.2727272727272727,0.0,0.25,0.10454545454545454,2,,,,,0.0,0.0,0.0,0.0,0.0
231314,MI,Rural/Access,0,1,Non-Profit,,0.0,0.0,0.18181818181818182,0.0,0.3333333333333333,0.10303030303030303,2,,,,,0.0,0.0,0.0,0.0,0.0
231315,MI,Rural/Access,0,1,Non-Profit,,0.2857142857142857,0.0,0.18181818181818182,0.0,0.4166666666666667,0.17683982683982685,3,0.0,0.0,,,0.0,0.0,0.0,0.0,0.0
231316,MI,Rural/Access,0,1,Non-Profit,,0.14285714285714285,0.125,0.18181818181818182,1.0,0.5,0.3899350649350649,5,0.0,0.0,0.0,0.0,0.0,0.0,0.0,0.0,0.0
231318,MI,Rural/Access,0,1,Non-Profit,,0.2857142857142857,0.0,0.2727272727272727,0.0,0.5,0.2116883116883117,3,0.0,0.0,,,0.3333333333333333,0.0,1.0,0.2,0.2
231319,MI,Rural/Access,1,1,Non-Profit,,0.2857142857142857,0.0,0.45454545454545453,0.0,0.5833333333333334,0.26471861471861474,3,0.0,0.0,,,0.0,0.0,0.0,0.0,0.0
231320,MI,Rural/Access,0,1,Non-Profit,,0.14285714285714285,0.0,0.2727272727272727,1.0,0.5,0.3831168831168831,4,0.0,0.0,,,0.0,0.0,0.0,0.0,0.0
231321,MI,Rural/Access,1,1,For-Profit,,0.2857142857142857,0.25,0.5454545454545454,1.0,0.75,0.5662337662337662,5,0.0,0.0,0.0,0.0,0.0,0.0,0.0,0.0,0.0
231322,MI,Rural/Access,1,1,Non-Profit,,0.14285714285714285,0.125,0.5454545454545454,1.0,0.5833333333333334,0.4793290043290043,5,0.0,0.0,0.0,0.0,0.0,0.0,0.0,0.0,0.0
231323,MI,Rural/Access,0,1,Non-Profit,,0.0,0.0,0.2727272727272727,0.0,0.6666666666666666,0.18787878787878787,2,,,,,0.0,0.0,0.0,0.0,0.0
231324,MI,Rural/Access,0,1,Non-Profit,,0.0,0.0,0.2727272727272727,0.0,0.5,0.15454545454545454,2,,,,,0.0,0.0,0.0,0.0,0.0
231325,MI,Rural/Access,0,1,Non-Profit,,0.2857142857142857,0.0,0.5454545454545454,1.0,0.5833333333333334,0.4829004329004329,4,0.0,0.0,,,0.0,0.0,0.0,0.0,0.0
231326,MI,Rural/Access,0,1,For-Profit,3.0,0.42857142857142855,0.125,0.45454545454545453,1.0,0.5833333333333334,0.5182900432900432,5,0.0,0.0,0.0,0.0,0.0,0.0,0.0,0.0,0.0
231327,MI,Rural/Access,0,1,Non-Profit,,0.2857142857142857,0.125,0.45454545454545453,1.0,0.5833333333333334,0.4897186147186147,5,0.0,0.0,0.0,0.0,0.0,0.0,0.0,0.0,0.0
231328,MI,Rural/Access,0,1,Non-Profit,,0.14285714285714285,0.0,0.2727272727272727,0.0,0.3333333333333333,0.14978354978354977,3,0.0,0.0,,,0.0,0.0,0.0,0.0,0.0
231329,MI,Rural/Access,0,1,Non-Profit,,0.0,0.0,0.09090909090909091,0.0,0.3333333333333333,0.08484848484848484,2,,,,,0.0,0.0,0.0,0.0,0.0
231330,MI,Rural/Access,0,1,Non-Profit,,0.0,0.0,0.18181818181818182,0.0,0.5,0.13636363636363638,2,,,,,0.0,0.0,0.0,0.0,0.0
231331,MI,Rural/Access,0,1,Non-Profit,4.0,0.42857142857142855,0.125,0.36363636363636365,1.0,0.5,0.48344155844155845,5,0.0,0.0,0.0,0.0,0.0,0.0,0.0,0.0,0.0
231332,MI,Rural/Access,0,1,Non-Profit,4.0,0.42857142857142855,0.0,0.45454545454545453,1.0,0.5833333333333334,0.4932900432900433,4,0.0,0.0,,,0.0,0.0,0.0,0.0,0.0
231333,MI,Rural/Access,1,1,Non-Profit,,0.2857142857142857,0.0,0.2727272727272727,1.0,0.5833333333333334,0.4283549783549784,4,0.0,0.0,,,0.0,0.6666666666666666,-2.0,-0.4,0.0
231337,MI,Rural/Access,1,1,Non-Profit,3.0,0.42857142857142855,0.125,0.7272727272727273,1.0,0.6666666666666666,0.5895021645021645,5,0.0,0.0,0.0,0.0,0.0,0.0,0.0,0.0,0.0
231338,MI,Rural/Access,1,1,Non-Profit,4.0,0.42857142857142855,0.125,0.7272727272727273,1.0,0.9166666666666666,0.6395021645021645,5,0.0,0.0,0.0,0.0,0.0,0.0,0.0,0.0,0.0
231339,MI,Rural/Access,1,1,Non-Profit,3.0,0.42857142857142855,0.125,0.7272727272727273,1.0,0.9166666666666666,0.6395021645021645,5,0.0,0.0,0.0,0.0,0.0,0.0,0.0,0.0,0.0
231340,MI,Rural/Access,0,1,Non-Profit,,0.0,0.0,0.18181818181818182,0.0,0.25,0.08636363636363636,2,,,,,0.0,0.0,0.0,0.0,0.0
233300,MI,Childrens,0,1,For-Profit,,0.0,0.0,0.0,0.0,0.0,0.0,0,,,,,,,0.0,,
234006,MI,Psychiatric,0,0,Government,,0.0,0.0,0.0,0.0,0.0,0.0,0,,,,,,,0.0,,
234011,MI,Psychiatric,0,0,Non-Profit,,0.0,0.0,0.0,0.0,0.0,0.0,0,,,,,,,0.0,,
234021,MI,Psychiatric,0,0,For-Profit,,0.0,0.0,0.0,0.0,0.0,0.0,0,,,,,,,0.0,,
234023,MI,Psychiatric,0,0,For-Profit,,0.0,0.0,0.0,0.0,0.0,0.0,0,,,,,,,0.0,,
234025,MI,Psychiatric,0,0,Government,,0.0,0.0,0.0,0.0,0.0,0.0,0,,,,,,,0.0,,
234026,MI,Psychiatric,0,1,Government,,0.0,0.0,0.0,0.0,0.0,0.0,0,,,,,,,0.0,,
234030,MI,Psychiatric,0,0,For-Profit,,0.0,0.0,0.0,0.0,0.0,0.0,0,,,,,,,0.0,,
234035,MI,Psychiatric,0,0,Government,,0.0,0.0,0.0,0.0,0.0,0.0,0,,,,,,,0.0,,
234038,MI,Psychiatric,0,0,For-Profit,,0.0,0.0,0.0,0.0,0.0,0.0,0,,,,,,,0.0,,
234040,MI,Psychiatric,0,0,Non-Profit,,0.0,0.0,0.0,0.0,0.0,0.0,0,,,,,,,0.0,,
234041,MI,Psychiatric,0,0,Government,,0.0,0.0,0.0,0.0,0.0,0.0,0,,,,,,,0.0,,
234042,MI,Psychiatric,0,0,For-Profit,,0.0,0.0,0.0,0.0,0.0,0.0,0,,,,,,,0.0,,
234043,MI,Psychiatric,0,0,For-Profit,,0.0,0.0,0.0,0.0,0.0,0.0,0,,,,,,,0.0,,
234044,MI,Psychiatric,0,0,For-Profit,,0.0,0.0,0.0,0.0,0.0,0.0,0,,,,,,,0.0,,
234045,MI,Psychiatric,0,0,For-Profit,,0.0,0.0,0.0,0.0,0.0,0.0,0,,,,,,,0.0,,
234046,MI,Psychiatric,0,0,For-Profit,,0.0,0.0,0.0,0.0,0.0,0.0,0,,,,,,,0.0,,
234047,MI,Psychiatric,0,0,For-Profit,,0.0,0.0,0.0,0.0,0.0,0.0,0,,,,,,,0.0,,
240001,MN,Acute Care,1,1,Non-Profit,2.0,1.0,0.75,0.9090909090909091,1.0,0.8333333333333334,0.8984848484848484,5,0.0,0.14285714285714285,0.3333333333333333,0.0,0.0,0.0,1.0,0.043478260869565216,0.08695652173913043
240002,MN,Acute Care,1,1,Non-Profit,4.0,1.0,0.875,0.7272727272727273,1.0,0.8333333333333334,0.8871212121212121,5,0.0,0.0,0.2857142857142857,0.0,0.0,0.0,2.0,0.09090909090909091,0.09090909090909091
240004,MN,Acute Care,1,1,Government,3.0,0.8571428571428571,0.75,0.7272727272727273,1.0,0.8333333333333334,0.8335497835497835,5,0.0,0.0,0.3333333333333333,0.0,0.0,0.0,2.0,0.1,0.1
240006,MN,Acute Care,1,1,Non-Profit,4.0,0.2857142857142857,0.375,0.5454545454545454,1.0,0.8333333333333334,0.6079004329004329,5,0.0,0.0,0.0,0.0,0.0,0.0,0.0,0.0,0.0
240010,MN,Acute Care,1,1,Non-Profit,5.0,1.0,1.0,1.0,1.0,0.9166666666666666,0.9833333333333334,5,1.0,0.0,0.75,0.0,0.36363636363636365,0.0,17.0,0.6538461538461539,0.6538461538461539
240014,MN,Acute Care,1,1,Government,,0.2857142857142857,0.25,0.6363636363636364,1.0,0.8333333333333334,0.6010822510822511,5,0.0,0.0,0.0,0.0,0.0,0.0,0.0,0.0,0.0
240018,MN,Acute Care,1,1,Non-Profit,4.0,0.2857142857142857,0.375,0.7272727272727273,1.0,0.8333333333333334,0.6442640692640693,5,0.0,0.0,0.0,0.0,0.0,0.0,0.0,0.0,0.0
240019,MN,Acute Care,1,0,Non-Profit,4.0,0.0,0.5,0.45454545454545453,1.0,0.3333333333333333,0.45757575757575764,4,,,0.0,0.0,0.0,0.0,0.0,0.0,0.0
240020,MN,Acute Care,0,1,Non-Profit,3.0,0.2857142857142857,0.375,0.5454545454545454,1.0,0.75,0.5912337662337662,5,0.0,0.0,0.0,0.0,0.0,0.0,0.0,0.0,0.0
240022,MN,Acute Care,1,1,Non-Profit,3.0,0.42857142857142855,0.25,0.7272727272727273,1.0,0.75,0.6311688311688312,5,0.0,0.0,0.0,0.0,0.125,0.0,1.0,0.07692307692307693,0.07692307692307693
24002F,MN,Acute Care,0,0,Government,,0.0,0.0,0.0,0.0,0.25,0.05,1,,,,,,,0.0,,
240030,MN,Acute Care,1,1,Government,4.0,0.5714285714285714,0.5,0.8181818181818182,1.0,1.0,0.7779220779220779,5,0.0,0.0,0.0,0.0,0.0,0.0,0.0,0.0,0.0
240036,MN,Acute Care,1,1,Non-Profit,4.0,1.0,1.0,1.0,1.0,0.9166666666666666,0.9833333333333334,5,0.2857142857142857,0.0,0.375,0.0,0.18181818181818182,0.0,7.0,0.2692307692307692,0.2692307692307692
240038,MN,Acute Care,1,1,Non-Profit,3.0,1.0,1.0,1.0,1.0,0.8333333333333334,0.9666666666666666,5,0.0,0.0,0.375,0.0,0.0,0.0,3.0,0.11538461538461539,0.11538461538461539
24003F,MN,Acute Care,0,1,Government,5.0,0.7142857142857143,0.5,0.5454545454545454,1.0,0.5,0.6519480519480519,5,0.4,0.0,0.25,0.0,0.16666666666666666,0.16666666666666666,3.0,0.2,0.26666666666666666
240040,MN,Acute Care,1,0,Non-Profit,,0.2857142857142857,0.25,0.6363636363636364,1.0,0.8333333333333334,0.6010822510822511,5,0.0,0.0,0.0,0.0,0.0,0.14285714285714285,-1.0,-0.09090909090909091,0.0
240043,MN,Acute Care,1,1,Non-Profit,5.0,0.5714285714285714,0.5,0.8181818181818182,1.0,0.9166666666666666,0.7612554112554112,5,0.5,0.0,0.25,0.0,0.1111111111111111,0.0,4.0,0.23529411764705882,0.23529411764705882
240044,MN,Acute Care,1,1,Non-Profit,2.0,0.42857142857142855,0.25,0.5454545454545454,1.0,0.8333333333333334,0.6114718614718615,5,0.0,0.3333333333333333,0.0,0.0,0.0,0.0,-1.0,-0.09090909090909091,0.0
240047,MN,Acute Care,1,1,Non-Profit,3.0,1.0,0.875,1.0,1.0,0.9166666666666666,0.9583333333333334,5,0.0,0.0,0.0,0.0,0.0,0.0,0.0,0.0,0.0
240050,MN,Acute Care,1,1,Non-Profit,3.0,0.5714285714285714,0.25,0.5454545454545454,1.0,0.9166666666666666,0.6567099567099567,5,0.0,0.0,0.5,0.0,0.0,0.0,1.0,0.08333333333333333,0.08333333333333333
240052,MN,Acute Care,0,1,Non-Profit,5.0,0.42857142857142855,0.375,0.7272727272727273,1.0,0.8333333333333334,0.6728354978354979,5,0.0,0.0,0.0,0.0,0.125,0.0,1.0,0.07142857142857142,0.07142857142857142
240053,MN,Acute Care,1,1,Non-Profit,3.0,1.0,1.0,1.0,1.0,1.0,1.0,5,0.0,0.0,0.5,0.0,0.0,0.09090909090909091,3.0,0.11538461538461539,0.15384615384615385
240056,MN,Acute Care,1,1,Non-Profit,5.0,0.7142857142857143,0.75,0.6363636363636364,1.0,0.9166666666666666,0.8034632034632034,5,0.2,0.0,0.0,0.0,0.0,0.0,1.0,0.05555555555555555,0.05555555555555555
240057,MN,Acute Care,1,1,Non-Profit,4.0,1.0,1.0,1.0,1.0,0.9166666666666666,0.9833333333333334,5,0.14285714285714285,0.0,0.25,0.0,0.0,0.18181818181818182,1.0,0.038461538461538464,0.11538461538461539
240064,MN,Acute Care,1,1,Non-Profit,4.0,0.42857142857142855,0.25,0.6363636363636364,1.0,1.0,0.662987012987013,5,0.0,0.0,0.0,0.0,0.0,0.0,0.0,0.0,0.0
240066,MN,Acute Care,1,1,Non-Profit,4.0,0.5714285714285714,0.625,0.8181818181818182,1.0,0.9166666666666666,0.7862554112554112,5,0.0,0.0,0.0,0.0,0.0,0.0,0.0,0.0,0.0
240069,MN,Acute Care,1,1,Non-Profit,3.0,0.2857142857142857,0.375,0.5454545454545454,1.0,0.8333333333333334,0.6079004329004329,5,0.0,0.0,0.0,0.0,0.16666666666666666,0.0,1.0,0.09090909090909091,0.09090909090909091
240071,MN,Acute Care,1,1,Non-Profit,,0.14285714285714285,0.125,0.2727272727272727,1.0,0.8333333333333334,0.47478354978354975,5,0.0,0.0,0.0,0.0,0.0,0.0,0.0,0.0,0.0
240075,MN,Acute Care,1,1,Non-Profit,5.0,0.7142857142857143,0.625,0.8181818181818182,1.0,0.9166666666666666,0.8148268398268399,5,0.0,0.0,0.2,0.0,0.1111111111111111,0.0,2.0,0.10526315789473684,0.10526315789473684
240076,MN,Acute Care,1,0,Non-Profit,5.0,0.2857142857142857,0.375,0.5454545454545454,1.0,0.8333333333333334,0.6079004329004329,5,0.0,0.0,0.0,0.0,0.0,0.0,0.0,0.0,0.0
240078,MN,Acute Care,1,1,Non-Profit,4.0,1.0,1.0,0.8181818181818182,1.0,0.8333333333333334,0.9303030303030303,5,0.14285714285714285,0.0,0.125,0.0,0.2222222222222222,0.1111111111111111,3.0,0.125,0.16666666666666666
240080,MN,Acute Care,1,1,Non-Profit,3.0,1.0,1.0,1.0,1.0,0.8333333333333334,0.9666666666666666,5,0.14285714285714285,0.0,0.125,0.125,0.0,0.18181818181818182,-1.0,-0.038461538461538464,0.07692307692307693
240084,MN,Acute Care,1,0,Government,3.0,0.2857142857142857,0.375,0.6363636363636364,1.0,0.8333333333333334,0.6260822510822511,5,0.0,0.0,0.3333333333333333,0.0,0.0,0.0,1.0,0.08333333333333333,0.08333333333333333
240088,MN,Acute Care,1,1,Government,2.0,0.42857142857142855,0.25,0.6363636363636364,1.0,0.8333333333333334,0.6296536796536797,5,0.0,0.0,0.0,0.0,0.0,0.0,0.0,0.0,0.0
240093,MN,Acute Care,1,1,Non-Profit,5.0,0.8571428571428571,0.875,0.9090909090909091,1.0,0.9166666666666666,0.9115800865800866,5,0.3333333333333333,0.0,0.14285714285714285,0.0,0.3,0.0,6.0,0.2608695652173913,0.2608695652173913
240100,MN,Acute Care,1,1,Non-Profit,4.0,0.8571428571428571,0.75,0.8181818181818182,1.0,1.0,0.8850649350649352,5,0.0,0.0,0.0,0.0,0.0,0.1111111111111111,-1.0,-0.047619047619047616,0.0
240101,MN,Acute Care,1,0,Non-Profit,4.0,0.42857142857142855,0.25,0.7272727272727273,1.0,0.9166666666666666,0.6645021645021645,5,0.0,0.0,0.5,0.0,0.125,0.0,2.0,0.15384615384615385,0.15384615384615385
240104,MN,Acute Care,1,1,Non-Profit,4.0,0.5714285714285714,0.75,0.8181818181818182,1.0,0.9166666666666666,0.8112554112554113,5,0.0,0.0,0.16666666666666666,0.0,0.0,0.0,1.0,0.05263157894736842,0.05263157894736842
240106,MN,Acute Care,1,1,Non-Profit,4.0,1.0,1.0,1.0,1.0,0.9166666666666666,0.9833333333333334,5,0.0,0.0,0.25,0.0,0.0,0.0,2.0,0.07692307692307693,0.07692307692307693
240115,MN,Acute Care,1,1,Non-Profit,3.0,1.0,1.0,1.0,1.0,0.9166666666666666,0.9833333333333334,5,0.0,0.0,0.125,0.125,0.0,0.09090909090909091,-1.0,-0.038461538461538464,0.038461538461538464
240141,MN,Acute Care,1,1,Non-Profit,,0.14285714285714285,0.25,0.5454545454545454,1.0,0.8333333333333334,0.5543290043290043,5,0.0,0.0,0.0,0.0,0.0,0.0,0.0,0.0,0.0
240166,MN,Acute Care,1,1,Non-Profit,4.0,0.42857142857142855,0.25,0.7272727272727273,1.0,0.75,0.6311688311688312,5,0.0,0.0,0.0,0.0,0.0,0.0,0.0,0.0,0.0
240187,MN,Acute Care,1,1,Non-Profit,,0.2857142857142857,0.25,0.45454545454545453,1.0,0.75,0.548051948051948,5,0.0,0.0,0.0,0.0,0.2,0.0,1.0,0.1111111111111111,0.1111111111111111
240206,MN,Acute Care,0,0,Government,,0.0,0.0,0.0,0.0,0.3333333333333333,0.06666666666666667,1,,,,,,,0.0,,
240207,MN,Acute Care,1,1,Non-Profit,4.0,0.8571428571428571,0.75,0.6363636363636364,1.0,0.9166666666666666,0.8320346320346321,5,0.16666666666666666,0.0,0.3333333333333333,0.0,0.0,0.0,3.0,0.15789473684210525,0.15789473684210525
240210,MN,Acute Care,1,1,Non-Profit,4.0,1.0,0.75,0.9090909090909091,1.0,0.8333333333333334,0.8984848484848484,5,0.0,0.0,0.5,0.0,0.0,0.0,3.0,0.13043478260869565,0.13043478260869565
240213,MN,Acute Care,1,1,Non-Profit,5.0,0.42857142857142855,0.75,0.8181818181818182,1.0,0.9166666666666666,0.7826839826839826,5,0.0,0.0,0.16666666666666666,0.0,0.0,0.0,1.0,0.05555555555555555,0.05555555555555555
240214,MN,Acute Care,1,1,Non-Profit,4.0,0.2857142857142857,0.75,0.5454545454545454,1.0,0.8333333333333334,0.6829004329004329,5,0.5,0.0,0.16666666666666666,0.0,0.0,0.0,2.0,0.14285714285714285,0.14285714285714285
240779,MN,Rural/Access,0,1,Government,,0.0,0.0,0.0,0.0,0.0,0.0,0,,,,,,,0.0,,
241301,MN,Rural/Access,0,1,Non-Profit,,0.0,0.0,0.0,0.0,0.3333333333333333,0.06666666666666667,1,,,,,,,0.0,,
241302,MN,Rural/Access,0,1,Non-Profit,,0.0,0.0,0.09090909090909091,0.0,0.25,0.06818181818181819,2,,,,,0.0,0.0,0.0,0.0,0.0
241303,MN,Rural/Access,0,1,Non-Profit,,0.0,0.0,0.18181818181818182,0.0,0.3333333333333333,0.10303030303030303,2,,,,,0.0,0.0,0.0,0.0,0.0
241304,MN,Rural/Access,0,0,Non-Profit,,0.0,0.0,0.09090909090909091,0.0,0.3333333333333333,0.08484848484848484,2,,,,,0.0,0.0,0.0,0.0,0.0
241305,MN,Rural/Access,0,1,Non-Profit,,0.0,0.0,0.09090909090909091,1.0,0.5,0.3181818181818182,3,,,,,0.0,0.0,0.0,0.0,0.0
241306,MN,Rural/Access,0,1,Non-Profit,,0.14285714285714285,0.125,0.2727272727272727,0.0,0.5833333333333334,0.22478354978354975,4,0.0,0.0,0.0,0.0,0.0,0.0,0.0,0.0,0.0
241308,MN,Rural/Access,0,1,Non-Profit,,0.0,0.0,0.18181818181818182,0.0,0.4166666666666667,0.1196969696969697,2,,,,,0.0,0.0,0.0,0.0,0.0
241309,MN,Rural/Access,0,1,Non-Profit,,0.0,0.0,0.09090909090909091,0.0,0.5833333333333334,0.13484848484848486,2,,,,,0.0,0.0,0.0,0.0,0.0
241311,MN,Rural/Access,0,1,Non-Profit,,0.0,0.0,0.0,0.0,0.25,0.05,1,,,,,,,0.0,,
241312,MN,Rural/Access,0,1,Government,,0.0,0.0,0.0,0.0,0.3333333333333333,0.06666666666666667,1,,,,,,,0.0,,
241313,MN,Rural/Access,0,1,Non-Profit,,0.0,0.0,0.0,0.0,0.3333333333333333,0.06666666666666667,1,,,,,,,0.0,,
241314,MN,Rural/Access,0,1,Government,,0.0,0.0,0.09090909090909091,0.0,0.4166666666666667,0.10151515151515152,2,,,,,0.0,0.0,0.0,0.0,0.0
241315,MN,Rural/Access,0,1,Non-Profit,,0.0,0.0,0.18181818181818182,0.0,0.3333333333333333,0.10303030303030303,2,,,,,0.0,0.0,0.0,0.0,0.0
241316,MN,Rural/Access,0,1,Government,,0.0,0.0,0.0,0.0,0.4166666666666667,0.08333333333333334,1,,,,,,,0.0,,
241317,MN,Rural/Access,0,1,Government,,0.0,0.0,0.0,0.0,0.3333333333333333,0.06666666666666667,1,,,,,,,0.0,,
241318,MN,Rural/Access,0,1,Non-Profit,,0.0,0.0,0.18181818181818182,0.0,0.4166666666666667,0.1196969696969697,2,,,,,0.0,0.0,0.0,0.0,0.0
241319,MN,Rural/Access,0,1,Government,,0.0,0.0,0.09090909090909091,0.0,0.3333333333333333,0.08484848484848484,2,,,,,0.0,0.0,0.0,0.0,0.0
241320,MN,Rural/Access,0,1,Non-Profit,,0.14285714285714285,0.0,0.18181818181818182,1.0,0.4166666666666667,0.3482683982683983,4,0.0,0.0,,,0.0,0.0,0.0,0.0,0.0
241321,MN,Rural/Access,0,1,Non-Profit,,0.0,0.0,0.0,0.0,0.4166666666666667,0.08333333333333334,1,,,,,,,0.0,,
241322,MN,Rural/Access,0,1,Non-Profit,,0.0,0.25,0.18181818181818182,0.0,0.4166666666666667,0.1696969696969697,3,,,0.5,0.0,0.5,0.0,2.0,0.5,0.5
241323,MN,Rural/Access,0,1,Non-Profit,,0.0,0.0,0.18181818181818182,0.0,0.25,0.08636363636363636,2,,,,,0.0,0.0,0.0,0.0,0.0
241325,MN,Rural/Access,0,1,Government,,0.14285714285714285,0.0,0.36363636363636365,1.0,0.5,0.4012987012987013,4,0.0,0.0,,,0.0,0.0,0.0,0.0,0.0
241326,MN,Rural/Access,1,1,Non-Profit,,0.0,0.125,0.36363636363636365,0.0,0.75,0.24772727272727274,3,,,0.0,0.0,0.0,0.0,0.0,0.0,0.0
241327,MN,Rural/Access,0,1,Government,,0.14285714285714285,0.0,0.2727272727272727,0.0,0.25,0.1331168831168831,3,0.0,0.0,,,0.0,0.0,0.0,0.0,0.0
241328,MN,Rural/Access,0,1,Non-Profit,,0.0,0.0,0.18181818181818182,0.0,0.4166666666666667,0.1196969696969697,2,,,,,0.0,0.0,0.0,0.0,0.0
241329,MN,Rural/Access,0,1,Non-Profit,,0.14285714285714285,0.125,0.36363636363636365,1.0,0.5833333333333334,0.442965367965368,5,0.0,0.0,0.0,0.0,0.0,0.0,0.0,0.0,0.0
241330,MN,Rural/Access,1,0,Non-Profit,,0.14285714285714285,0.0,0.36363636363636365,0.0,0.6666666666666666,0.2346320346320346,3,0.0,0.0,,,0.25,0.0,1.0,0.2,0.2
241332,MN,Rural/Access,0,1,Government,,0.0,0.125,0.2727272727272727,0.0,0.5,0.17954545454545454,3,,,0.0,0.0,0.0,0.0,0.0,0.0,0.0
241333,MN,Rural/Access,0,1,Non-Profit,,0.0,0.125,0.18181818181818182,0.0,0.5,0.16136363636363638,3,,,0.0,0.0,0.0,0.0,0.0,0.0,0.0
241334,MN,Rural/Access,0,1,Government,,0.0,0.125,0.2727272727272727,1.0,0.5,0.3795454545454545,4,,,0.0,0.0,0.0,0.0,0.0,0.0,0.0
241335,MN,Rural/Access,0,1,For-Profit,,0.0,0.0,0.18181818181818182,0.0,0.4166666666666667,0.1196969696969697,2,,,,,0.0,0.0,0.0,0.0,0.0
241336,MN,Rural/Access,0,1,Non-Profit,,0.0,0.0,0.18181818181818182,0.0,0.16666666666666666,0.0696969696969697,2,,,,,0.0,0.0,0.0,0.0,0.0
241337,MN,Rural/Access,0,1,Non-Profit,,0.0,0.0,0.09090909090909091,0.0,0.3333333333333333,0.08484848484848484,2,,,,,0.0,0.0,0.0,0.0,0.0
241338,MN,Rural/Access,0,1,Non-Profit,,0.0,0.0,0.09090909090909091,0.0,0.5,0.1181818181818182,2,,,,,0.0,0.0,0.0,0.0,0.0
241339,MN,Rural/Access,0,1,Non-Profit,,0.0,0.0,0.18181818181818182,0.0,0.16666666666666666,0.0696969696969697,2,,,,,0.0,0.0,0.0,0.0,0.0
241340,MN,Rural/Access,0,1,Non-Profit,,0.0,0.0,0.09090909090909091,0.0,0.5833333333333334,0.13484848484848486,2,,,,,0.0,0.0,0.0,0.0,0.0
241341,MN,Rural/Access,0,1,Government,,0.0,0.0,0.0,0.0,0.16666666666666666,0.03333333333333333,1,,,,,,,0.0,,
241342,MN,Rural/Access,1,1,Government,,0.14285714285714285,0.0,0.36363636363636365,0.0,0.5,0.2012987012987013,3,0.0,0.0,,,0.0,0.0,0.0,0.0,0.0
241343,MN,Rural/Access,0,1,Government,,0.0,0.0,0.09090909090909091,0.0,0.3333333333333333,0.08484848484848484,2,,,,,0.0,0.0,0.0,0.0,0.0
241344,MN,Rural/Access,0,1,Non-Profit,,0.14285714285714285,0.0,0.45454545454545453,0.0,0.5,0.21948051948051947,3,0.0,0.0,,,0.0,0.0,0.0,0.0,0.0
241345,MN,Rural/Access,0,1,Non-Profit,,0.14285714285714285,0.125,0.18181818181818182,0.0,0.5,0.18993506493506493,4,0.0,0.0,0.0,0.0,0.0,0.0,0.0,0.0,0.0
241346,MN,Rural/Access,0,1,Non-Profit,,0.0,0.0,0.09090909090909091,0.0,0.4166666666666667,0.10151515151515152,2,,,,,0.0,0.0,0.0,0.0,0.0
241347,MN,Rural/Access,0,1,Government,,0.14285714285714285,0.0,0.18181818181818182,0.0,0.4166666666666667,0.14826839826839827,3,0.0,0.0,,,0.0,0.0,0.0,0.0,0.0
241348,MN,Rural/Access,0,1,Non-Profit,,0.0,0.0,0.09090909090909091,0.0,0.25,0.06818181818181819,2,,,,,0.0,0.0,0.0,0.0,0.0
241349,MN,Rural/Access,1,1,Non-Profit,,0.14285714285714285,0.0,0.18181818181818182,0.0,0.6666666666666666,0.19826839826839826,3,0.0,0.0,,,0.0,0.0,0.0,0.0,0.0
241350,MN,Rural/Access,1,1,Government,,0.0,0.0,0.18181818181818182,1.0,0.6666666666666666,0.36969696969696975,3,,,,,0.0,0.0,0.0,0.0,0.0
241351,MN,Rural/Access,1,1,Government,,0.14285714285714285,0.125,0.2727272727272727,0.0,0.6666666666666666,0.24145021645021644,4,0.0,0.0,0.0,0.0,0.0,0.0,0.0,0.0,0.0
241353,MN,Rural/Access,1,1,Government,,0.14285714285714285,0.25,0.5454545454545454,1.0,0.5833333333333334,0.5043290043290043,5,0.0,0.0,0.0,0.0,0.0,0.0,0.0,0.0,0.0
241354,MN,Rural/Access,1,1,Non-Profit,,0.2857142857142857,0.25,0.36363636363636365,1.0,0.4166666666666667,0.4632034632034632,5,0.0,0.0,0.0,0.0,0.0,0.0,0.0,0.0,0.0
241355,MN,Rural/Access,1,1,Non-Profit,,0.0,0.0,0.18181818181818182,1.0,0.5,0.33636363636363636,3,,,,,0.0,0.0,0.0,0.0,0.0
241356,MN,Rural/Access,0,1,Non-Profit,,0.0,0.0,0.09090909090909091,0.0,0.5833333333333334,0.13484848484848486,2,,,,,0.0,0.0,0.0,0.0,0.0
241357,MN,Rural/Access,0,1,Non-Profit,,0.0,0.0,0.09090909090909091,0.0,0.5833333333333334,0.13484848484848486,2,,,,,0.0,0.0,0.0,0.0,0.0
241358,MN,Rural/Access,0,1,Government,,0.0,0.0,0.0,0.0,0.3333333333333333,0.06666666666666667,1,,,,,,,0.0,,
241359,MN,Rural/Access,1,1,Non-Profit,,0.14285714285714285,0.25,0.45454545454545453,1.0,0.5,0.4694805194805195,5,0.0,0.0,0.0,0.0,0.2,0.0,1.0,0.125,0.125
241360,MN,Rural/Access,0,1,Non-Profit,,0.0,0.0,0.18181818181818182,0.0,0.5833333333333334,0.15303030303030302,2,,,,,0.0,0.0,0.0,0.0,0.0
241361,MN,Rural/Access,0,1,Non-Profit,,0.2857142857142857,0.25,0.45454545454545453,1.0,0.5833333333333334,0.5147186147186147,5,0.0,0.0,0.0,0.0,0.0,0.2,-1.0,-0.1111111111111111,0.0
241362,MN,Rural/Access,1,1,Non-Profit,,0.0,0.125,0.45454545454545453,1.0,0.75,0.46590909090909094,4,,,0.0,0.0,0.0,0.0,0.0,0.0,0.0
241363,MN,Rural/Access,1,1,Non-Profit,,0.14285714285714285,0.125,0.2727272727272727,1.0,0.3333333333333333,0.3747835497835498,5,0.0,0.0,0.0,0.0,0.3333333333333333,0.0,1.0,0.2,0.2
241364,MN,Rural/Access,0,1,Non-Profit,,0.14285714285714285,0.25,0.2727272727272727,1.0,0.5,0.4331168831168831,5,0.0,0.0,0.0,0.0,0.0,0.0,0.0,0.0,0.0
241365,MN,Rural/Access,0,1,Government,,0.0,0.0,0.09090909090909091,0.0,0.4166666666666667,0.10151515151515152,2,,,,,0.0,0.0,0.0,0.0,0.0
241366,MN,Rural/Access,0,1,Government,,0.14285714285714285,0.0,0.18181818181818182,1.0,0.4166666666666667,0.3482683982683983,4,0.0,0.0,,,0.0,0.0,0.0,0.0,0.0
241367,MN,Rural/Access,0,1,Government,,0.2857142857142857,0.25,0.5454545454545454,1.0,0.5,0.5162337662337662,5,0.0,0.0,0.0,0.0,0.0,0.0,0.0,0.0,0.0
241368,MN,Rural/Access,1,1,Non-Profit,,0.0,0.0,0.2727272727272727,0.0,0.6666666666666666,0.18787878787878787,2,,,,,0.0,0.0,0.0,0.0,0.0
241369,MN,Rural/Access,1,1,Government,,0.2857142857142857,0.125,0.2727272727272727,1.0,0.5,0.4366883116883117,5,0.0,0.0,0.0,0.0,0.0,0.0,0.0,0.0,0.0
241370,MN,Rural/Access,1,1,Non-Profit,,0.14285714285714285,0.125,0.36363636363636365,1.0,0.6666666666666666,0.4596320346320346,5,0.0,0.0,0.0,0.0,0.0,0.0,0.0,0.0,0.0
241371,MN,Rural/Access,0,1,Non-Profit,,0.14285714285714285,0.0,0.18181818181818182,0.0,0.4166666666666667,0.14826839826839827,3,0.0,0.0,,,0.0,0.5,-1.0,-0.3333333333333333,0.0
241372,MN,Rural/Access,0,1,Non-Profit,,0.0,0.0,0.09090909090909091,0.0,0.3333333333333333,0.08484848484848484,2,,,,,0.0,0.0,0.0,0.0,0.0
241373,MN,Rural/Access,0,1,Government,,0.2857142857142857,0.125,0.45454545454545453,1.0,0.6666666666666666,0.5063852813852814,5,0.0,0.0,0.0,0.0,0.0,0.0,0.0,0.0,0.0
241374,MN,Rural/Access,0,1,Government,,0.0,0.0,0.09090909090909091,0.0,0.4166666666666667,0.10151515151515152,2,,,,,0.0,0.0,0.0,0.0,0.0
241375,MN,Rural/Access,0,1,Non-Profit,,0.0,0.0,0.0,0.0,0.25,0.05,1,,,,,,,0.0,,
241376,MN,Rural/Access,0,1,Government,,0.2857142857142857,0.0,0.36363636363636365,1.0,0.5,0.42987012987012985,4,0.0,0.0,,,0.0,0.0,0.0,0.0,0.0
241377,MN,Rural/Access,0,1,Non-Profit,,0.2857142857142857,0.0,0.36363636363636365,0.0,0.5833333333333334,0.24653679653679655,3,0.0,0.0,,,0.0,0.0,0.0,0.0,0.0
241378,MN,Rural/Access,1,1,Non-Profit,,0.2857142857142857,0.25,0.7272727272727273,1.0,0.8333333333333334,0.6192640692640693,5,0.0,0.0,0.0,0.0,0.0,0.0,0.0,0.0,0.0
241379,MN,Rural/Access,0,1,Non-Profit,,0.0,0.0,0.0,0.0,0.4166666666666667,0.08333333333333334,1,,,,,,,0.0,,
241380,MN,Rural/Access,0,1,Non-Profit,,0.2857142857142857,0.0,0.45454545454545453,1.0,0.6666666666666666,0.48138528138528136,4,0.0,0.0,,,0.2,0.0,1.0,0.14285714285714285,0.14285714285714285
241381,MN,Rural/Access,1,1,Non-Profit,,0.14285714285714285,0.125,0.45454545454545453,1.0,0.5,0.4444805194805195,5,0.0,0.0,0.0,0.0,0.2,0.0,1.0,0.14285714285714285,0.14285714285714285
243300,MN,Childrens,0,0,Government,,0.0,0.0,0.0,0.0,0.0,0.0,0,,,,,,,0.0,,
243302,MN,Childrens,0,1,Non-Profit,,0.0,0.0,0.0,0.0,0.0,0.0,0,,,,,,,0.0,,
244002,MN,Psychiatric,0,0,Government,,0.0,0.0,0.0,0.0,0.0,0.0,0,,,,,,,0.0,,
244005,MN,Psychiatric,0,0,Government,,0.0,0.0,0.0,0.0,0.0,0.0,0,,,,,,,0.0,,
244011,MN,Psychiatric,0,0,Government,,0.0,0.0,0.0,0.0,0.0,0.0,0,,,,,,,0.0,,
244012,MN,Psychiatric,0,0,Government,,0.0,0.0,0.0,0.0,0.0,0.0,0,,,,,,,0.0,,
244013,MN,Psychiatric,0,0,Government,,0.0,0.0,0.0,0.0,0.0,0.0,0,,,,,,,0.0,,
244014,MN,Psychiatric,0,0,Government,,0.0,0.0,0.0,0.0,0.0,0.0,0,,,,,,,0.0,,
244015,MN,Psychiatric,0,0,Government,,0.0,0.0,0.0,0.0,0.0,0.0,0,,,,,,,0.0,,
244017,MN,Psychiatric,0,0,Government,,0.0,0.0,0.0,0.0,0.0,0.0,0,,,,,,,0.0,,
244018,MN,Psychiatric,0,0,Non-Profit,,0.0,0.0,0.0,0.0,0.0,0.0,0,,,,,,,0.0,,
250001,MS,Acute Care,1,1,Government,2.0,1.0,1.0,1.0,1.0,0.8333333333333334,0.9666666666666666,5,0.0,0.14285714285714285,0.375,0.125,0.0,0.09090909090909091,0.0,0.0,0.11538461538461539
250002,MS,Acute Care,0,1,Non-Profit,5.0,0.42857142857142855,0.125,0.36363636363636365,0.0,0.5833333333333334,0.3001082251082251,4,0.0,0.0,0.0,0.0,0.25,0.0,1.0,0.125,0.125
250004,MS,Acute Care,1,1,Non-Profit,2.0,1.0,0.875,1.0,1.0,0.6666666666666666,0.9083333333333334,5,0.0,0.2857142857142857,0.14285714285714285,0.14285714285714285,0.09090909090909091,0.09090909090909091,-2.0,-0.08,0.08
250006,MS,Acute Care,1,1,Non-Profit,3.0,0.5714285714285714,0.25,0.7272727272727273,1.0,1.0,0.7097402597402598,5,0.0,0.0,0.0,0.0,0.0,0.125,-1.0,-0.07142857142857142,0.0
250007,MS,Acute Care,1,1,For-Profit,1.0,0.5714285714285714,0.375,0.5454545454545454,1.0,0.8333333333333334,0.6650432900432901,5,0.0,0.25,0.3333333333333333,0.0,0.0,0.0,0.0,0.0,0.07692307692307693
250009,MS,Acute Care,1,1,Non-Profit,3.0,1.0,0.875,0.7272727272727273,1.0,0.9166666666666666,0.9037878787878789,5,0.0,0.14285714285714285,0.14285714285714285,0.0,0.0,0.0,0.0,0.0,0.045454545454545456
250017,MS,Acute Care,0,0,For-Profit,,0.0,0.0,0.0,0.0,0.16666666666666666,0.03333333333333333,1,,,,,,,0.0,,
250018,MS,Acute Care,0,0,Government,,0.0,0.0,0.0,0.0,0.16666666666666666,0.03333333333333333,1,,,,,,,0.0,,
250019,MS,Acute Care,1,1,Government,3.0,1.0,1.0,1.0,1.0,1.0,1.0,5,0.0,0.0,0.125,0.125,0.0,0.09090909090909091,-1.0,-0.038461538461538464,0.038461538461538464
250020,MS,Acute Care,0,1,Non-Profit,3.0,0.5714285714285714,0.125,0.36363636363636365,0.0,0.5833333333333334,0.3286796536796537,4,0.0,0.0,0.0,0.0,0.25,0.0,1.0,0.1111111111111111,0.1111111111111111
250025,MS,Acute Care,1,1,For-Profit,4.0,0.42857142857142855,0.5,0.5454545454545454,1.0,0.75,0.6448051948051947,5,0.0,0.3333333333333333,0.25,0.0,0.16666666666666666,0.0,1.0,0.07692307692307693,0.15384615384615385
250027,MS,Acute Care,0,1,Non-Profit,,0.2857142857142857,0.0,0.2727272727272727,0.0,0.5,0.2116883116883117,3,0.0,0.0,,,0.0,0.0,0.0,0.0,0.0
250031,MS,Acute Care,1,1,For-Profit,2.0,1.0,0.625,0.7272727272727273,1.0,0.9166666666666666,0.8537878787878789,5,0.0,0.0,0.2,0.0,0.0,0.125,0.0,0.0,0.05
250034,MS,Acute Care,1,1,Non-Profit,3.0,1.0,0.75,0.7272727272727273,1.0,0.9166666666666666,0.8787878787878789,5,0.14285714285714285,0.0,0.3333333333333333,0.0,0.0,0.0,3.0,0.14285714285714285,0.14285714285714285
250036,MS,Acute Care,1,1,Government,,0.2857142857142857,0.25,0.36363636363636365,1.0,0.6666666666666666,0.5132034632034632,5,0.0,0.5,0.0,0.0,0.0,0.0,-1.0,-0.125,0.0
250038,MS,Acute Care,0,1,For-Profit,3.0,0.2857142857142857,0.375,0.5454545454545454,1.0,0.6666666666666666,0.5745670995670995,5,0.0,0.0,0.0,0.0,0.0,0.0,0.0,0.0,0.0
250040,MS,Acute Care,1,1,Government,2.0,1.0,1.0,1.0,1.0,1.0,1.0,5,0.0,0.14285714285714285,0.25,0.125,0.0,0.09090909090909091,-1.0,-0.038461538461538464,0.07692307692307693
250042,MS,Acute Care,1,1,For-Profit,,0.2857142857142857,0.125,0.2727272727272727,1.0,0.75,0.4866883116883117,5,0.0,0.0,0.0,0.0,0.3333333333333333,0.0,1.0,0.16666666666666666,0.16666666666666666
250043,MS,Acute Care,0,1,Government,4.0,0.42857142857142855,0.125,0.45454545454545453,0.0,0.5833333333333334,0.3182900432900433,4,0.0,0.0,0.0,0.0,0.0,0.0,0.0,0.0,0.0
250044,MS,Acute Care,0,1,Non-Profit,4.0,0.42857142857142855,0.25,0.5454545454545454,1.0,0.6666666666666666,0.5781385281385281,5,0.0,0.0,0.0,0.0,0.0,0.0,0.0,0.0,0.0
250048,MS,Acute Care,1,1,Non-Profit,1.0,1.0,1.0,1.0,1.0,0.75,0.95,5,0.0,0.42857142857142855,0.25,0.0,0.0,0.18181818181818182,-3.0,-0.11538461538461539,0.07692307692307693
250049,MS,Acute Care,0,0,For-Profit,,0.0,0.0,0.09090909090909091,0.0,0.16666666666666666,0.051515151515151514,2,,,,,0.0,0.0,0.0,0.0,0.0
250050,MS,Acute Care,1,1,Government,2.0,0.42857142857142855,0.25,0.45454545454545453,1.0,0.75,0.5766233766233766,5,0.0,0.3333333333333333,0.0,0.0,0.0,0.0,-1.0,-0.1,0.0
250057,MS,Acute Care,1,1,Non-Profit,3.0,0.42857142857142855,0.375,0.5454545454545454,1.0,1.0,0.6698051948051947,5,0.0,0.3333333333333333,0.0,0.0,0.0,0.0,-1.0,-0.08333333333333333,0.0
250058,MS,Acute Care,1,1,Government,1.0,0.7142857142857143,0.875,0.9090909090909091,1.0,0.9166666666666666,0.8830086580086581,5,0.0,0.2,0.14285714285714285,0.14285714285714285,0.1,0.2,-2.0,-0.09090909090909091,0.09090909090909091
250061,MS,Acute Care,0,0,Government,4.0,0.42857142857142855,0.0,0.36363636363636365,0.0,0.25,0.20844155844155843,3,0.0,0.0,,,0.0,0.25,-1.0,-0.14285714285714285,0.0
250067,MS,Acute Care,1,1,Non-Profit,,0.2857142857142857,0.25,0.6363636363636364,0.0,0.75,0.38441558441558443,4,0.0,0.0,0.0,0.0,0.14285714285714285,0.0,1.0,0.09090909090909091,0.09090909090909091
250069,MS,Acute Care,1,1,Non-Profit,3.0,0.7142857142857143,0.75,0.9090909090909091,1.0,0.9166666666666666,0.8580086580086581,5,0.0,0.0,0.16666666666666666,0.0,0.1,0.0,2.0,0.09523809523809523,0.09523809523809523
250072,MS,Acute Care,1,1,For-Profit,1.0,0.7142857142857143,0.5,0.5454545454545454,1.0,0.75,0.701948051948052,5,0.0,0.0,0.25,0.0,0.0,0.0,1.0,0.06666666666666667,0.06666666666666667
250077,MS,Acute Care,1,1,Government,2.0,0.5714285714285714,0.375,0.45454545454545453,0.0,0.8333333333333334,0.44686147186147185,4,0.0,0.0,0.0,0.0,0.0,0.0,0.0,0.0,0.0
250078,MS,Acute Care,1,1,Government,2.0,1.0,1.0,1.0,1.0,0.8333333333333334,0.9666666666666666,5,0.0,0.14285714285714285,0.375,0.0,0.0,0.09090909090909091,1.0,0.038461538461538464,0.11538461538461539
250081,MS,Acute Care,0,1,For-Profit,,0.0,0.125,0.0,0.0,0.16666666666666666,0.05833333333333333,2,,,0.0,0.0,,,0.0,0.0,0.0
250082,MS,Acute Care,1,1,Government,1.0,0.7142857142857143,0.5,0.9090909090909091,1.0,0.9166666666666666,0.8080086580086581,5,0.0,0.4,0.25,0.0,0.0,0.2,-3.0,-0.15789473684210525,0.05263157894736842
250084,MS,Acute Care,1,1,For-Profit,2.0,0.5714285714285714,0.375,0.5454545454545454,1.0,0.9166666666666666,0.6817099567099567,5,0.0,0.0,0.0,0.0,0.0,0.0,0.0,0.0,0.0
250085,MS,Acute Care,0,1,Government,,0.2857142857142857,0.125,0.2727272727272727,0.0,0.5833333333333334,0.25335497835497833,4,0.0,0.0,0.0,0.0,0.0,0.0,0.0,0.0,0.0
250093,MS,Acute Care,1,1,For-Profit,1.0,0.5714285714285714,0.375,0.5454545454545454,1.0,0.8333333333333334,0.6650432900432901,5,0.0,0.0,0.0,0.3333333333333333,0.0,0.16666666666666666,-2.0,-0.15384615384615385,0.0
250094,MS,Acute Care,1,1,Non-Profit,2.0,1.0,0.875,0.7272727272727273,1.0,0.8333333333333334,0.8871212121212121,5,0.0,0.14285714285714285,0.14285714285714285,0.0,0.0,0.125,-1.0,-0.045454545454545456,0.045454545454545456
250095,MS,Acute Care,1,1,Government,,0.2857142857142857,0.0,0.36363636363636365,0.0,0.75,0.2798701298701299,3,0.0,0.0,,,0.0,0.0,0.0,0.0,0.0
250096,MS,Acute Care,0,1,For-Profit,1.0,0.42857142857142855,0.25,0.5454545454545454,1.0,0.6666666666666666,0.5781385281385281,5,0.0,0.0,0.0,0.0,0.0,0.16666666666666666,-1.0,-0.09090909090909091,0.0
250097,MS,Acute Care,1,1,Government,1.0,0.8571428571428571,0.75,0.8181818181818182,1.0,0.8333333333333334,0.8517316017316018,5,0.0,0.16666666666666666,0.16666666666666666,0.0,0.0,0.2222222222222222,-2.0,-0.09523809523809523,0.047619047619047616
250099,MS,Acute Care,0,1,Government,1.0,0.7142857142857143,0.375,0.6363636363636364,0.0,0.9166666666666666,0.5284632034632034,4,0.0,0.0,0.0,0.0,0.0,0.0,0.0,0.0,0.0
250100,MS,Acute Care,1,1,Non-Profit,3.0,1.0,1.0,1.0,1.0,0.8333333333333334,0.9666666666666666,5,0.0,0.2857142857142857,0.125,0.0,0.09090909090909091,0.09090909090909091,-1.0,-0.038461538461538464,0.07692307692307693
250102,MS,Acute Care,1,1,Non-Profit,2.0,1.0,1.0,1.0,1.0,1.0,1.0,5,0.0,0.0,0.125,0.375,0.09090909090909091,0.18181818181818182,-3.0,-0.11538461538461539,0.07692307692307693
250104,MS,Acute Care,1,1,Non-Profit,2.0,1.0,0.875,1.0,1.0,0.9166666666666666,0.9583333333333334,5,0.0,0.2857142857142857,0.0,0.14285714285714285,0.0,0.09090909090909091,-4.0,-0.16,0.0
250117,MS,Acute Care,1,1,Government,1.0,0.42857142857142855,0.375,0.5454545454545454,0.0,0.8333333333333334,0.43647186147186146,4,0.0,0.3333333333333333,0.0,0.0,0.0,0.16666666666666666,-2.0,-0.16666666666666666,0.0
250123,MS,Acute Care,1,1,For-Profit,2.0,0.5714285714285714,0.625,0.7272727272727273,1.0,0.9166666666666666,0.768073593073593,5,0.0,0.0,0.0,0.0,0.0,0.0,0.0,0.0,0.0
250124,MS,Acute Care,0,1,Non-Profit,2.0,0.42857142857142855,0.125,0.45454545454545453,0.0,0.5833333333333334,0.3182900432900433,4,0.0,0.0,0.0,0.0,0.0,0.2,-1.0,-0.1111111111111111,0.0
250127,MS,Acute Care,0,1,Government,,0.0,0.0,0.0,0.0,0.3333333333333333,0.06666666666666667,1,,,,,,,0.0,,
250134,MS,Acute Care,0,0,Government,,0.14285714285714285,0.0,0.18181818181818182,0.0,0.16666666666666666,0.09826839826839825,3,0.0,0.0,,,0.0,0.0,0.0,0.0,0.0
250136,MS,Acute Care,1,0,For-Profit,,0.0,0.0,0.09090909090909091,1.0,0.3333333333333333,0.2848484848484848,3,,,,,0.0,0.0,0.0,0.0,0.0
250138,MS,Acute Care,1,1,For-Profit,1.0,0.42857142857142855,0.75,0.6363636363636364,1.0,0.8333333333333334,0.7296536796536797,5,0.0,0.0,0.0,0.0,0.0,0.14285714285714285,-1.0,-0.0625,0.0
250141,MS,Acute Care,1,1,For-Profit,2.0,1.0,0.75,0.9090909090909091,1.0,0.9166666666666666,0.9151515151515153,5,0.0,0.0,0.3333333333333333,0.0,0.0,0.3,-1.0,-0.043478260869565216,0.08695652173913043
250151,MS,Acute Care,0,0,For-Profit,,0.0,0.125,0.0,0.0,0.16666666666666666,0.05833333333333333,2,,,1.0,0.0,,,1.0,1.0,1.0
250152,MS,Acute Care,0,0,Non-Profit,,0.0,0.0,0.0,0.0,0.0,0.0,0,,,,,,,0.0,,
250162,MS,Acute Care,0,1,Government,,0.2857142857142857,0.25,0.45454545454545453,0.0,0.8333333333333334,0.3647186147186147,4,0.0,0.0,0.0,0.0,0.2,0.0,1.0,0.1111111111111111,0.1111111111111111
250167,MS,Acute Care,1,1,Non-Profit,5.0,0.7142857142857143,0.5,0.45454545454545453,1.0,0.9166666666666666,0.7170995670995671,5,0.0,0.0,0.25,0.0,0.2,0.0,2.0,0.14285714285714285,0.14285714285714285
250168,MS,Acute Care,1,1,Government,2.0,0.5714285714285714,0.25,0.8181818181818182,1.0,0.8333333333333334,0.6945887445887446,5,0.0,0.25,0.0,0.0,0.0,0.0,-1.0,-0.06666666666666667,0.0
250172,MS,Acute Care,0,1,Non-Profit,,0.0,0.0,0.18181818181818182,0.0,0.5,0.13636363636363638,2,,,,,0.0,0.0,0.0,0.0,0.0
250174,MS,Acute Care,0,0,For-Profit,,0.0,0.0,0.0,0.0,0.0,0.0,0,,,,,,,0.0,,
25039F,MS,Acute Care,0,1,Government,,0.0,0.0,0.0,0.0,0.0,0.0,0,,,,,,,0.0,,
25042F,MS,Acute Care,0,1,Government,5.0,0.42857142857142855,0.125,0.36363636363636365,1.0,0.4166666666666667,0.46677489177489173,5,0.0,0.0,0.0,0.0,0.25,0.0,1.0,0.125,0.125
25043F,MS,Acute Care,0,1,Government,4.0,0.5714285714285714,0.375,0.45454545454545453,1.0,0.4166666666666667,0.5635281385281385,5,0.0,0.0,0.0,0.0,0.2,0.0,1.0,0.08333333333333333,0.08333333333333333
250780,MS,Rural/Access,0,1,For-Profit,,0.0,0.0,0.0,0.0,0.0,0.0,0,,,,,,,0.0,,
250781,MS,Rural/Access,0,1,For-Profit,,0.0,0.0,0.0,0.0,0.0,0.0,0,,,,,,,0.0,,
250782,MS,Rural/Access,0,1,Government,,0.0,0.0,0.0,0.0,0.0,0.0,0,,,,,,,0.0,,
250783,MS,Rural/Access,0,1,Government,,0.0,0.0,0.0,0.0,0.0,0.0,0,,,,,,,0.0,,
250784,MS,Rural/Access,0,1,Government,,0.0,0.0,0.0,0.0,0.0,0.0,0,,,,,,,0.0,,
250785,MS,Rural/Access,0,1,For-Profit,,0.0,0.0,0.0,0.0,0.0,0.0,0,,,,,,,0.0,,
251300,MS,Rural/Access,0,1,Non-Profit,,0.0,0.125,0.18181818181818182,0.0,0.5,0.16136363636363638,3,,,0.0,0.0,0.0,0.0,0.0,0.0,0.0
251302,MS,Rural/Access,0,1,Non-Profit,,0.14285714285714285,0.0,0.18181818181818182,0.0,0.3333333333333333,0.13160173160173158,3,0.0,0.0,,,0.5,0.0,1.0,0.3333333333333333,0.3333333333333333
251304,MS,Rural/Access,0,1,Government,,0.0,0.125,0.09090909090909091,0.0,0.25,0.09318181818181819,3,,,0.0,0.0,0.0,0.0,0.0,0.0,0.0
251305,MS,Rural/Access,0,1,Government,,0.14285714285714285,0.0,0.18181818181818182,0.0,0.08333333333333333,0.08160173160173159,3,0.0,0.0,,,0.0,0.0,0.0,0.0,0.0
251307,MS,Rural/Access,0,1,Government,,0.0,0.0,0.0,0.0,0.0,0.0,0,,,,,,,0.0,,
251308,MS,Rural/Access,0,1,Non-Profit,,0.14285714285714285,0.125,0.18181818181818182,0.0,0.5833333333333334,0.2066017316017316,4,0.0,0.0,0.0,0.0,0.0,0.0,0.0,0.0,0.0
251309,MS,Rural/Access,0,1,Government,,0.14285714285714285,0.0,0.18181818181818182,0.0,0.16666666666666666,0.09826839826839825,3,0.0,0.0,,,0.0,0.0,0.0,0.0,0.0
251312,MS,Rural/Access,0,1,Government,,0.2857142857142857,0.0,0.18181818181818182,0.0,0.4166666666666667,0.17683982683982685,3,0.0,0.0,,,0.0,0.0,0.0,0.0,0.0
251313,MS,Rural/Access,0,1,Non-Profit,,0.14285714285714285,0.0,0.2727272727272727,0.0,0.5833333333333334,0.19978354978354979,3,0.0,0.0,,,0.0,0.0,0.0,0.0,0.0
251315,MS,Rural/Access,0,1,Non-Profit,4.0,0.42857142857142855,0.125,0.45454545454545453,0.0,0.4166666666666667,0.28495670995670996,4,0.0,0.0,0.0,0.0,0.0,0.0,0.0,0.0,0.0
251316,MS,Rural/Access,0,1,Non-Profit,,0.0,0.0,0.0,0.0,0.3333333333333333,0.06666666666666667,1,,,,,,,0.0,,
251317,MS,Rural/Access,0,1,Non-Profit,,0.14285714285714285,0.0,0.18181818181818182,0.0,0.4166666666666667,0.14826839826839827,3,0.0,0.0,,,0.0,0.0,0.0,0.0,0.0
251318,MS,Rural/Access,0,1,Government,,0.2857142857142857,0.125,0.36363636363636365,0.0,0.25,0.20487012987012987,4,0.0,0.0,0.0,0.0,0.0,0.25,-1.0,-0.14285714285714285,0.0
251319,MS,Rural/Access,0,1,Government,,0.14285714285714285,0.0,0.18181818181818182,0.0,0.5,0.16493506493506493,3,0.0,0.0,,,0.0,0.0,0.0,0.0,0.0
251320,MS,Rural/Access,0,1,Government,,0.42857142857142855,0.0,0.36363636363636365,0.0,0.08333333333333333,0.1751082251082251,3,0.0,0.0,,,0.0,0.0,0.0,0.0,0.0
251322,MS,Rural/Access,0,1,Non-Profit,,0.0,0.0,0.09090909090909091,0.0,0.4166666666666667,0.10151515151515152,2,,,,,0.0,0.0,0.0,0.0,0.0
251323,MS,Rural/Access,0,1,Non-Profit,,0.0,0.0,0.09090909090909091,0.0,0.5,0.1181818181818182,2,,,,,0.0,0.0,0.0,0.0,0.0
251324,MS,Rural/Access,0,1,Government,,0.0,0.0,0.09090909090909091,0.0,0.3333333333333333,0.08484848484848484,2,,,,,0.0,0.0,0.0,0.0,0.0
251325,MS,Rural/Access,0,1,Government,,0.14285714285714285,0.125,0.18181818181818182,0.0,0.4166666666666667,0.1732683982683983,4,0.0,0.0,0.0,0.0,0.0,0.0,0.0,0.0,0.0
251326,MS,Rural/Access,0,1,Government,,0.0,0.0,0.0,0.0,0.25,0.05,1,,,,,,,0.0,,
251327,MS,Rural/Access,0,1,Government,,0.14285714285714285,0.125,0.2727272727272727,0.0,0.25,0.1581168831168831,4,0.0,0.0,0.0,0.0,0.0,0.0,0.0,0.0,0.0
251330,MS,Rural/Access,0,1,Government,,0.0,0.125,0.09090909090909091,0.0,0.25,0.09318181818181819,3,,,0.0,0.0,0.0,0.0,0.0,0.0,0.0
251331,MS,Rural/Access,0,1,Non-Profit,,0.14285714285714285,0.0,0.18181818181818182,0.0,0.5,0.16493506493506493,3,0.0,0.0,,,0.0,0.0,0.0,0.0,0.0
251333,MS,Rural/Access,0,1,Government,,0.0,0.0,0.0,0.0,0.25,0.05,1,,,,,,,0.0,,
251334,MS,Rural/Access,0,1,Government,,0.14285714285714285,0.0,0.18181818181818182,0.0,0.16666666666666666,0.09826839826839825,3,0.0,0.0,,,0.0,0.5,-1.0,-0.3333333333333333,0.0
251335,MS,Rural/Access,0,1,Non-Profit,,0.0,0.0,0.09090909090909091,0.0,0.4166666666666667,0.10151515151515152,2,,,,,0.0,0.0,0.0,0.0,0.0
251336,MS,Rural/Access,0,1,Non-Profit,,0.14285714285714285,0.0,0.2727272727272727,0.0,0.5833333333333334,0.19978354978354979,3,0.0,0.0,,,0.0,0.0,0.0,0.0,0.0
251337,MS,Rural/Access,0,1,Government,5.0,0.42857142857142855,0.125,0.36363636363636365,0.0,0.5,0.28344155844155844,4,0.0,0.0,0.0,0.0,0.0,0.0,0.0,0.0,0.0
251339,MS,Rural/Access,0,1,Government,,0.0,0.0,0.0,0.0,0.0,0.0,0,,,,,,,0.0,,
252013,MS,Long-term,0,0,For-Profit,,0.0,0.0,0.0,0.0,0.0,0.0,0,,,,,,,0.0,,
254005,MS,Psychiatric,0,0,For-Profit,,0.0,0.0,0.0,0.0,0.0,0.0,0,,,,,,,0.0,,
254007,MS,Psychiatric,0,1,For-Profit,,0.0,0.0,0.0,0.0,0.0,0.0,0,,,,,,,0.0,,
254008,MS,Psychiatric,0,0,Government,,0.0,0.0,0.0,0.0,0.0,0.0,0,,,,,,,0.0,,
254009,MS,Psychiatric,0,0,Government,,0.0,0.0,0.0,0.0,0.0,0.0,0,,,,,,,0.0,,
254010,MS,Psychiatric,0,1,Government,,0.0,0.0,0.0,0.0,0.0,0.0,0,,,,,,,0.0,,
254011,MS,Psychiatric,0,0,For-Profit,,0.0,0.0,0.0,0.0,0.0,0.0,0,,,,,,,0.0,,
254012,MS,Psychiatric,0,0,For-Profit,,0.0,0.0,0.0,0.0,0.0,0.0,0,,,,,,,0.0,,
254013,MS,Psychiatric,0,0,For-Profit,,0.0,0.0,0.0,0.0,0.0,0.0,0,,,,,,,0.0,,
260001,MO,Acute Care,1,1,Non-Profit,1.0,1.0,0.875,0.9090909090909091,1.0,1.0,0.9568181818181818,5,0.0,0.2857142857142857,0.14285714285714285,0.0,0.0,0.0,-1.0,-0.041666666666666664,0.041666666666666664
260005,MO,Acute Care,0,1,Non-Profit,2.0,0.8571428571428571,0.75,0.6363636363636364,1.0,0.8333333333333334,0.8153679653679653,5,0.0,0.0,0.16666666666666666,0.0,0.0,0.2857142857142857,-1.0,-0.05263157894736842,0.05263157894736842
260006,MO,Acute Care,1,1,Non-Profit,4.0,1.0,0.875,1.0,1.0,1.0,0.975,5,0.14285714285714285,0.0,0.14285714285714285,0.0,0.09090909090909091,0.09090909090909091,2.0,0.08,0.12
260009,MO,Acute Care,1,1,Government,3.0,0.7142857142857143,0.625,0.6363636363636364,1.0,1.0,0.7951298701298701,5,0.0,0.0,0.0,0.0,0.0,0.0,0.0,0.0,0.0
260011,MO,Acute Care,1,1,For-Profit,3.0,0.8571428571428571,0.875,0.7272727272727273,1.0,0.9166666666666666,0.8752164502164502,5,0.0,0.0,0.14285714285714285,0.0,0.0,0.0,1.0,0.047619047619047616,0.047619047619047616
260017,MO,Acute Care,1,1,Government,2.0,0.8571428571428571,0.875,0.9090909090909091,1.0,1.0,0.9282467532467532,5,0.0,0.16666666666666666,0.2857142857142857,0.14285714285714285,0.0,0.1,-1.0,-0.043478260869565216,0.08695652173913043
260020,MO,Acute Care,1,1,Non-Profit,3.0,1.0,1.0,1.0,1.0,1.0,1.0,5,0.14285714285714285,0.0,0.5,0.0,0.09090909090909091,0.2727272727272727,3.0,0.11538461538461539,0.23076923076923078
260022,MO,Acute Care,1,1,For-Profit,3.0,0.5714285714285714,0.375,0.5454545454545454,1.0,0.8333333333333334,0.6650432900432901,5,0.0,0.0,0.0,0.0,0.0,0.0,0.0,0.0,0.0
260023,MO,Acute Care,1,1,Non-Profit,3.0,0.8571428571428571,0.875,0.7272727272727273,1.0,0.9166666666666666,0.8752164502164502,5,0.0,0.0,0.14285714285714285,0.0,0.0,0.0,1.0,0.047619047619047616,0.047619047619047616
260024,MO,Acute Care,1,1,Government,2.0,0.42857142857142855,0.125,0.45454545454545453,1.0,0.6666666666666666,0.5349567099567099,5,0.0,0.3333333333333333,0.0,0.0,0.0,0.0,-1.0,-0.1111111111111111,0.0
260025,MO,Acute Care,1,1,Non-Profit,2.0,0.8571428571428571,0.5,0.9090909090909091,1.0,1.0,0.8532467532467531,5,0.0,0.0,0.0,0.0,0.1,0.0,1.0,0.05,0.05
260027,MO,Acute Care,1,1,For-Profit,2.0,1.0,0.75,0.9090909090909091,1.0,0.75,0.8818181818181818,5,0.0,0.0,0.3333333333333333,0.16666666666666666,0.0,0.3,-2.0,-0.08695652173913043,0.08695652173913043
26002F,MO,Acute Care,0,1,Government,,0.0,0.0,0.0,0.0,0.0,0.0,0,,,,,,,0.0,,
260032,MO,Acute Care,1,1,Non-Profit,4.0,1.0,1.0,1.0,1.0,0.9166666666666666,0.9833333333333334,5,0.2857142857142857,0.0,0.125,0.0,0.0,0.36363636363636365,-1.0,-0.038461538461538464,0.11538461538461539
260034,MO,Acute Care,0,1,Government,,0.2857142857142857,0.125,0.36363636363636365,0.0,0.5833333333333334,0.2715367965367966,4,0.0,0.0,0.0,0.0,0.0,0.0,0.0,0.0,0.0
260040,MO,Acute Care,1,1,Non-Profit,3.0,1.0,1.0,1.0,1.0,1.0,1.0,5,0.0,0.14285714285714285,0.375,0.0,0.09090909090909091,0.18181818181818182,1.0,0.038461538461538464,0.15384615384615385
260048,MO,Acute Care,1,1,Non-Profit,3.0,0.42857142857142855,0.875,0.6363636363636364,1.0,0.75,0.737987012987013,5,0.0,0.0,0.14285714285714285,0.14285714285714285,0.0,0.0,0.0,0.0,0.058823529411764705
26004F,MO,Acute Care,0,1,Government,5.0,0.7142857142857143,0.5,0.5454545454545454,1.0,0.4166666666666667,0.6352813852813852,5,0.4,0.0,0.0,0.0,0.16666666666666666,0.0,3.0,0.2,0.2
260052,MO,Acute Care,1,1,Non-Profit,3.0,0.8571428571428571,0.625,0.7272727272727273,1.0,0.9166666666666666,0.8252164502164503,5,0.0,0.0,0.2,0.0,0.0,0.0,1.0,0.05263157894736842,0.05263157894736842
260057,MO,Acute Care,0,1,Non-Profit,3.0,0.42857142857142855,0.5,0.6363636363636364,1.0,0.8333333333333334,0.6796536796536797,5,0.0,0.3333333333333333,0.0,0.0,0.14285714285714285,0.14285714285714285,-1.0,-0.07142857142857142,0.07142857142857142
260059,MO,Acute Care,1,1,Non-Profit,,0.2857142857142857,0.25,0.6363636363636364,1.0,0.9166666666666666,0.6177489177489177,5,0.0,0.0,0.0,0.0,0.2857142857142857,0.0,2.0,0.18181818181818182,0.18181818181818182
260061,MO,Acute Care,1,1,Government,,0.2857142857142857,0.125,0.36363636363636365,0.0,0.75,0.30487012987012985,4,0.0,0.0,0.0,0.0,0.0,0.0,0.0,0.0,0.0
260062,MO,Acute Care,1,1,Non-Profit,5.0,0.8571428571428571,0.875,0.7272727272727273,1.0,0.9166666666666666,0.8752164502164502,5,0.0,0.0,0.14285714285714285,0.0,0.125,0.0,2.0,0.09523809523809523,0.09523809523809523
260065,MO,Acute Care,1,1,Non-Profit,2.0,1.0,1.0,1.0,1.0,0.9166666666666666,0.9833333333333334,5,0.0,0.0,0.25,0.125,0.09090909090909091,0.0,2.0,0.07692307692307693,0.11538461538461539
260068,MO,Acute Care,1,1,Non-Profit,4.0,1.0,1.0,1.0,1.0,0.9166666666666666,0.9833333333333334,5,0.0,0.0,0.125,0.0,0.18181818181818182,0.0,3.0,0.11538461538461539,0.11538461538461539
260070,MO,Acute Care,0,1,Non-Profit,,0.2857142857142857,0.125,0.36363636363636365,0.0,0.3333333333333333,0.22153679653679653,4,0.0,0.0,0.0,0.0,0.0,0.25,-1.0,-0.14285714285714285,0.0
260074,MO,Acute Care,0,1,For-Profit,2.0,0.42857142857142855,0.375,0.6363636363636364,1.0,0.75,0.637987012987013,5,0.0,0.3333333333333333,0.0,0.0,0.0,0.0,-1.0,-0.07692307692307693,0.0
260077,MO,Acute Care,1,1,Non-Profit,3.0,1.0,0.875,1.0,1.0,1.0,0.975,5,0.0,0.0,0.2857142857142857,0.0,0.09090909090909091,0.09090909090909091,2.0,0.08,0.12
260078,MO,Acute Care,1,1,Non-Profit,2.0,0.8571428571428571,0.375,0.8181818181818182,1.0,1.0,0.8100649350649352,5,0.0,0.0,0.3333333333333333,0.3333333333333333,0.0,0.0,0.0,0.0,0.05555555555555555
26007F,MO,Acute Care,0,0,Government,,0.42857142857142855,0.0,0.36363636363636365,0.0,0.16666666666666666,0.19177489177489176,3,0.0,0.0,,,0.0,0.0,0.0,0.0,0.0
260081,MO,Acute Care,1,1,Non-Profit,3.0,0.8571428571428571,0.875,0.7272727272727273,1.0,0.8333333333333334,0.8585497835497835,5,0.0,0.0,0.14285714285714285,0.0,0.0,0.0,1.0,0.047619047619047616,0.047619047619047616
260085,MO,Acute Care,0,1,For-Profit,3.0,1.0,0.875,0.8181818181818182,1.0,0.75,0.8886363636363637,5,0.0,0.0,0.0,0.0,0.0,0.1111111111111111,-1.0,-0.043478260869565216,0.0
260091,MO,Acute Care,1,1,Non-Profit,2.0,0.8571428571428571,1.0,0.9090909090909091,1.0,0.9166666666666666,0.9365800865800866,5,0.0,0.0,0.375,0.0,0.0,0.2,1.0,0.041666666666666664,0.125
260094,MO,Acute Care,1,1,Non-Profit,4.0,0.8571428571428571,0.625,0.8181818181818182,1.0,1.0,0.8600649350649352,5,0.0,0.0,0.2,0.0,0.0,0.0,1.0,0.05,0.05
260095,MO,Acute Care,1,1,For-Profit,3.0,1.0,0.875,1.0,1.0,1.0,0.975,5,0.0,0.0,0.2857142857142857,0.0,0.0,0.09090909090909091,1.0,0.04,0.08
260096,MO,Acute Care,1,1,Government,4.0,1.0,1.0,0.8181818181818182,1.0,1.0,0.9636363636363636,5,0.0,0.0,0.125,0.0,0.2222222222222222,0.0,3.0,0.125,0.125
260097,MO,Acute Care,1,1,Government,3.0,0.42857142857142855,0.375,0.8181818181818182,1.0,0.9166666666666666,0.7076839826839827,5,0.0,0.0,0.0,0.0,0.0,0.0,0.0,0.0,0.0
26009F,MO,Acute Care,0,1,Government,5.0,0.7142857142857143,0.375,0.45454545454545453,1.0,0.5,0.6087662337662338,5,0.6,0.0,0.0,0.0,0.4,0.0,5.0,0.38461538461538464,0.38461538461538464
260102,MO,Acute Care,1,1,Non-Profit,2.0,0.0,0.375,0.45454545454545453,1.0,0.75,0.5159090909090909,4,,,0.3333333333333333,0.0,0.0,0.0,1.0,0.125,0.125
260104,MO,Acute Care,1,1,Non-Profit,3.0,1.0,1.0,1.0,1.0,0.8333333333333334,0.9666666666666666,5,0.14285714285714285,0.0,0.375,0.0,0.09090909090909091,0.0,5.0,0.19230769230769232,0.19230769230769232
260105,MO,Acute Care,0,1,Non-Profit,1.0,1.0,0.75,0.9090909090909091,1.0,0.75,0.8818181818181818,5,0.0,0.0,0.3333333333333333,0.0,0.0,0.2,0.0,0.0,0.08695652173913043
260108,MO,Acute Care,1,1,Non-Profit,4.0,1.0,1.0,1.0,1.0,0.9166666666666666,0.9833333333333334,5,0.2857142857142857,0.0,0.375,0.0,0.0,0.09090909090909091,4.0,0.15384615384615385,0.19230769230769232
260110,MO,Acute Care,1,1,Non-Profit,2.0,1.0,0.875,1.0,1.0,1.0,0.975,5,0.0,0.14285714285714285,0.14285714285714285,0.0,0.0,0.09090909090909091,-1.0,-0.04,0.04
260113,MO,Acute Care,1,1,Non-Profit,2.0,0.5714285714285714,0.375,0.7272727272727273,1.0,0.8333333333333334,0.7014069264069265,5,0.0,0.0,0.0,0.0,0.125,0.0,1.0,0.06666666666666667,0.06666666666666667
260119,MO,Acute Care,1,1,For-Profit,2.0,0.8571428571428571,0.75,0.8181818181818182,1.0,0.9166666666666666,0.8683982683982684,5,0.0,0.3333333333333333,0.16666666666666666,0.0,0.0,0.0,-1.0,-0.047619047619047616,0.047619047619047616
260137,MO,Acute Care,1,1,Non-Profit,2.0,1.0,1.0,1.0,1.0,1.0,1.0,5,0.0,0.14285714285714285,0.0,0.0,0.09090909090909091,0.0,0.0,0.0,0.038461538461538464
260138,MO,Acute Care,1,1,Non-Profit,4.0,1.0,1.0,1.0,1.0,0.8333333333333334,0.9666666666666666,5,0.14285714285714285,0.0,0.125,0.0,0.09090909090909091,0.0,3.0,0.11538461538461539,0.11538461538461539
260141,MO,Acute Care,1,1,Government,3.0,1.0,1.0,1.0,1.0,0.9166666666666666,0.9833333333333334,5,0.0,0.0,0.375,0.0,0.0,0.0,3.0,0.11538461538461539,0.11538461538461539
260142,MO,Acute Care,1,1,Non-Profit,3.0,0.42857142857142855,0.25,0.8181818181818182,1.0,0.8333333333333334,0.6660173160173161,5,0.0,0.0,0.0,0.0,0.0,0.0,0.0,0.0,0.0
260160,MO,Acute Care,0,1,Non-Profit,3.0,0.42857142857142855,0.0,0.6363636363636364,0.0,0.75,0.36298701298701297,3,0.0,0.0,,,0.0,0.0,0.0,0.0,0.0
260162,MO,Acute Care,0,1,Non-Profit,4.0,0.2857142857142857,0.75,0.5454545454545454,1.0,0.8333333333333334,0.6829004329004329,5,0.0,0.0,0.16666666666666666,0.0,0.16666666666666666,0.0,2.0,0.14285714285714285,0.14285714285714285
260163,MO,Acute Care,1,1,Non-Profit,4.0,0.5714285714285714,0.5,0.7272727272727273,1.0,0.9166666666666666,0.743073593073593,5,0.0,0.0,0.0,0.0,0.125,0.0,1.0,0.0625,0.0625
260175,MO,Acute Care,1,1,Government,4.0,0.42857142857142855,0.375,0.8181818181818182,1.0,1.0,0.7243506493506493,5,0.0,0.0,0.0,0.0,0.0,0.0,0.0,0.0,0.0
260176,MO,Acute Care,0,1,For-Profit,3.0,0.2857142857142857,0.375,0.5454545454545454,1.0,0.6666666666666666,0.5745670995670995,5,0.0,0.0,0.3333333333333333,0.0,0.0,0.16666666666666666,0.0,0.0,0.09090909090909091
260177,MO,Acute Care,1,1,Non-Profit,4.0,1.0,1.0,0.6363636363636364,1.0,0.4166666666666667,0.8106060606060606,5,0.0,0.0,0.25,0.0,0.0,0.0,2.0,0.09090909090909091,0.09090909090909091
260179,MO,Acute Care,1,1,Non-Profit,4.0,1.0,1.0,1.0,1.0,0.9166666666666666,0.9833333333333334,5,0.14285714285714285,0.0,0.375,0.0,0.0,0.36363636363636365,0.0,0.0,0.15384615384615385
260180,MO,Acute Care,0,1,Non-Profit,4.0,1.0,0.875,0.8181818181818182,1.0,0.75,0.8886363636363637,5,0.0,0.0,0.14285714285714285,0.14285714285714285,0.0,0.2222222222222222,-2.0,-0.08695652173913043,0.043478260869565216
260183,MO,Acute Care,1,1,Non-Profit,2.0,1.0,0.875,1.0,1.0,0.9166666666666666,0.9583333333333334,5,0.0,0.2857142857142857,0.14285714285714285,0.0,0.18181818181818182,0.09090909090909091,0.0,0.0,0.12
260186,MO,Acute Care,1,1,Non-Profit,4.0,0.8571428571428571,0.625,0.9090909090909091,1.0,0.9166666666666666,0.8615800865800866,5,0.0,0.16666666666666666,0.2,0.0,0.1,0.1,0.0,0.0,0.09523809523809523
260190,MO,Acute Care,0,1,For-Profit,3.0,0.8571428571428571,0.875,0.8181818181818182,1.0,0.8333333333333334,0.8767316017316018,5,0.0,0.0,0.14285714285714285,0.0,0.0,0.0,1.0,0.045454545454545456,0.045454545454545456
260191,MO,Acute Care,0,1,Non-Profit,4.0,0.8571428571428571,0.875,0.9090909090909091,1.0,0.8333333333333334,0.89491341991342,5,0.0,0.0,0.42857142857142855,0.0,0.1,0.0,4.0,0.17391304347826086,0.17391304347826086
260193,MO,Acute Care,0,1,For-Profit,3.0,0.7142857142857143,0.375,0.6363636363636364,1.0,0.75,0.6951298701298702,5,0.2,0.0,0.0,0.0,0.0,0.14285714285714285,0.0,0.0,0.06666666666666667
260195,MO,Acute Care,1,1,Government,4.0,0.5714285714285714,0.625,0.7272727272727273,1.0,0.9166666666666666,0.768073593073593,5,0.0,0.0,0.0,0.0,0.125,0.0,1.0,0.058823529411764705,0.058823529411764705
260200,MO,Acute Care,1,1,Non-Profit,3.0,0.8571428571428571,0.875,0.6363636363636364,1.0,0.9166666666666666,0.857034632034632,5,0.0,0.0,0.14285714285714285,0.0,0.0,0.14285714285714285,0.0,0.0,0.05
260214,MO,Acute Care,0,1,Non-Profit,2.0,0.5714285714285714,0.5,0.8181818181818182,1.0,0.8333333333333334,0.7445887445887446,5,0.0,0.0,0.25,0.0,0.0,0.0,1.0,0.058823529411764705,0.058823529411764705
260216,MO,Acute Care,1,1,Non-Profit,4.0,0.8571428571428571,0.875,0.7272727272727273,1.0,1.0,0.8918831168831168,5,0.16666666666666666,0.0,0.14285714285714285,0.0,0.0,0.25,0.0,0.0,0.09523809523809523
260219,MO,Acute Care,1,1,Non-Profit,3.0,0.7142857142857143,0.375,0.6363636363636364,1.0,0.8333333333333334,0.7117965367965369,5,0.0,0.0,0.0,0.0,0.0,0.14285714285714285,-1.0,-0.06666666666666667,0.0
26023F,MO,Acute Care,0,1,Government,4.0,0.7142857142857143,0.5,0.5454545454545454,1.0,0.3333333333333333,0.6186147186147186,5,0.0,0.0,0.0,0.0,0.0,0.16666666666666666,-1.0,-0.06666666666666667,0.0
260779,MO,Rural/Access,0,1,Non-Profit,,0.0,0.0,0.0,0.0,0.0,0.0,0,,,,,,,0.0,,
261301,MO,Rural/Access,0,1,Government,,0.0,0.0,0.0,0.0,0.3333333333333333,0.06666666666666667,1,,,,,,,0.0,,
261302,MO,Rural/Access,0,1,Non-Profit,,0.14285714285714285,0.0,0.2727272727272727,0.0,0.3333333333333333,0.14978354978354977,3,0.0,1.0,,,0.0,0.0,-1.0,-0.25,0.0
261303,MO,Rural/Access,0,1,Non-Profit,4.0,0.42857142857142855,0.0,0.36363636363636365,0.0,0.5,0.2584415584415584,3,0.0,0.0,,,0.0,0.0,0.0,0.0,0.0
261305,MO,Rural/Access,0,1,Government,,0.14285714285714285,0.0,0.18181818181818182,0.0,0.3333333333333333,0.13160173160173158,3,0.0,0.0,,,0.0,0.0,0.0,0.0,0.0
261306,MO,Rural/Access,0,1,Government,,0.0,0.0,0.09090909090909091,0.0,0.25,0.06818181818181819,2,,,,,0.0,0.0,0.0,0.0,0.0
261307,MO,Rural/Access,0,1,Non-Profit,,0.14285714285714285,0.0,0.2727272727272727,0.0,0.5,0.1831168831168831,3,0.0,0.0,,,0.0,0.0,0.0,0.0,0.0
261308,MO,Rural/Access,0,1,Government,,0.2857142857142857,0.0,0.18181818181818182,0.0,0.4166666666666667,0.17683982683982685,3,0.0,0.0,,,0.0,0.0,0.0,0.0,0.0
261309,MO,Rural/Access,0,1,Non-Profit,,0.2857142857142857,0.0,0.2727272727272727,0.0,0.5,0.2116883116883117,3,0.0,0.0,,,0.3333333333333333,0.0,1.0,0.2,0.2
261310,MO,Rural/Access,0,1,Government,,0.2857142857142857,0.0,0.36363636363636365,0.0,0.25,0.17987012987012987,3,0.0,0.0,,,0.0,0.0,0.0,0.0,0.0
261311,MO,Rural/Access,0,1,Non-Profit,3.0,0.42857142857142855,0.25,0.8181818181818182,1.0,0.5833333333333334,0.616017316017316,5,0.0,0.3333333333333333,0.0,0.0,0.0,0.0,-1.0,-0.07142857142857142,0.0
261312,MO,Rural/Access,0,1,Government,,0.2857142857142857,0.0,0.2727272727272727,0.0,0.4166666666666667,0.195021645021645,3,0.0,0.0,,,0.0,0.0,0.0,0.0,0.0
261313,MO,Rural/Access,0,1,Government,,0.14285714285714285,0.0,0.2727272727272727,0.0,0.25,0.1331168831168831,3,0.0,0.0,,,0.0,0.0,0.0,0.0,0.0
261314,MO,Rural/Access,0,1,Government,,0.14285714285714285,0.0,0.2727272727272727,0.0,0.25,0.1331168831168831,3,0.0,0.0,,,0.0,0.0,0.0,0.0,0.0
261316,MO,Rural/Access,1,1,Non-Profit,,0.14285714285714285,0.125,0.2727272727272727,1.0,0.6666666666666666,0.4414502164502164,5,0.0,1.0,0.0,0.0,0.0,0.0,-1.0,-0.2,0.0
261317,MO,Rural/Access,0,1,Non-Profit,,0.14285714285714285,0.0,0.2727272727272727,0.0,0.5833333333333334,0.19978354978354979,3,0.0,0.0,,,0.0,0.0,0.0,0.0,0.0
261318,MO,Rural/Access,0,1,Government,4.0,0.42857142857142855,0.125,0.5454545454545454,0.0,0.4166666666666667,0.30313852813852815,4,0.0,0.0,0.0,0.0,0.0,0.0,0.0,0.0,0.0
261319,MO,Rural/Access,0,1,Government,,0.14285714285714285,0.125,0.2727272727272727,1.0,0.6666666666666666,0.4414502164502164,5,0.0,0.0,0.0,0.0,0.0,0.0,0.0,0.0,0.0
261320,MO,Rural/Access,0,1,For-Profit,,0.14285714285714285,0.0,0.36363636363636365,1.0,0.6666666666666666,0.4346320346320346,4,0.0,0.0,,,0.0,0.0,0.0,0.0,0.0
261321,MO,Rural/Access,0,1,Non-Profit,5.0,0.42857142857142855,0.125,0.45454545454545453,1.0,0.8333333333333334,0.5682900432900433,5,0.0,0.0,0.0,0.0,0.0,0.0,0.0,0.0,0.0
261322,MO,Rural/Access,0,1,Government,,0.0,0.0,0.18181818181818182,0.0,0.4166666666666667,0.1196969696969697,2,,,,,0.0,0.0,0.0,0.0,0.0
261323,MO,Rural/Access,0,1,Government,,0.14285714285714285,0.0,0.18181818181818182,0.0,0.4166666666666667,0.14826839826839827,3,0.0,0.0,,,0.0,0.0,0.0,0.0,0.0
261324,MO,Rural/Access,0,1,Government,,0.2857142857142857,0.125,0.6363636363636364,1.0,0.5833333333333334,0.5260822510822512,5,0.0,0.0,0.0,0.0,0.0,0.0,0.0,0.0,0.0
261325,MO,Rural/Access,0,1,Government,,0.2857142857142857,0.0,0.36363636363636365,1.0,0.5,0.42987012987012985,4,0.0,0.0,,,0.25,0.0,1.0,0.16666666666666666,0.16666666666666666
261327,MO,Rural/Access,0,1,Government,,0.0,0.0,0.18181818181818182,0.0,0.3333333333333333,0.10303030303030303,2,,,,,0.0,0.0,0.0,0.0,0.0
261328,MO,Rural/Access,0,1,Non-Profit,,0.14285714285714285,0.0,0.18181818181818182,0.0,0.3333333333333333,0.13160173160173158,3,0.0,0.0,,,0.0,0.0,0.0,0.0,0.0
261329,MO,Rural/Access,0,1,Non-Profit,,0.2857142857142857,0.0,0.36363636363636365,1.0,0.5833333333333334,0.44653679653679657,4,0.0,0.0,,,0.0,0.0,0.0,0.0,0.0
261330,MO,Rural/Access,1,1,Government,,0.2857142857142857,0.0,0.6363636363636364,1.0,0.5,0.48441558441558447,4,0.0,0.0,,,0.0,0.0,0.0,0.0,0.0
261331,MO,Rural/Access,0,1,Non-Profit,,0.2857142857142857,0.125,0.36363636363636365,1.0,0.6666666666666666,0.4882034632034632,5,0.0,0.0,0.0,0.0,0.0,0.0,0.0,0.0,0.0
261332,MO,Rural/Access,0,1,Non-Profit,,0.14285714285714285,0.0,0.36363636363636365,0.0,0.6666666666666666,0.2346320346320346,3,0.0,0.0,,,0.0,0.0,0.0,0.0,0.0
261333,MO,Rural/Access,0,1,Government,,0.14285714285714285,0.0,0.2727272727272727,0.0,0.6666666666666666,0.21645021645021645,3,0.0,0.0,,,0.0,0.0,0.0,0.0,0.0
261335,MO,Rural/Access,0,1,Non-Profit,,0.0,0.0,0.18181818181818182,0.0,0.5,0.13636363636363638,2,,,,,0.0,0.0,0.0,0.0,0.0
261336,MO,Rural/Access,0,1,Government,,0.14285714285714285,0.0,0.18181818181818182,0.0,0.3333333333333333,0.13160173160173158,3,0.0,0.0,,,0.0,0.0,0.0,0.0,0.0
261337,MO,Rural/Access,1,1,Non-Profit,2.0,0.42857142857142855,0.125,0.45454545454545453,1.0,0.8333333333333334,0.5682900432900433,5,0.0,0.0,0.0,0.0,0.0,0.0,0.0,0.0,0.0
261338,MO,Rural/Access,0,1,Non-Profit,,0.2857142857142857,0.25,0.45454545454545453,1.0,0.5833333333333334,0.5147186147186147,5,0.0,0.0,0.0,0.0,0.0,0.0,0.0,0.0,0.0
261340,MO,Rural/Access,0,1,Non-Profit,,0.0,0.0,0.0,0.0,0.0,0.0,0,,,,,,,0.0,,
263301,MO,Childrens,0,1,Non-Profit,,0.0,0.0,0.0,0.0,0.0,0.0,0,,,,,,,0.0,,
263302,MO,Childrens,0,1,Non-Profit,,0.0,0.0,0.0,0.0,0.0,0.0,0,,,,,,,0.0,,
263303,MO,Childrens,0,0,Non-Profit,,0.0,0.0,0.0,0.0,0.0,0.0,0,,,,,,,0.0,,
263304,MO,Childrens,0,0,Non-Profit,,0.0,0.0,0.0,0.0,0.0,0.0,0,,,,,,,0.0,,
264004,MO,Psychiatric,0,0,Government,,0.0,0.0,0.0,0.0,0.0,0.0,0,,,,,,,0.0,,
264005,MO,Psychiatric,0,0,Government,,0.0,0.0,0.0,0.0,0.0,0.0,0,,,,,,,0.0,,
264007,MO,Psychiatric,0,0,Government,,0.0,0.0,0.0,0.0,0.0,0.0,0,,,,,,,0.0,,
264008,MO,Psychiatric,0,0,Government,,0.0,0.0,0.0,0.0,0.0,0.0,0,,,,,,,0.0,,
264010,MO,Psychiatric,0,0,Government,,0.0,0.0,0.0,0.0,0.0,0.0,0,,,,,,,0.0,,
264012,MO,Psychiatric,0,0,For-Profit,,0.0,0.0,0.0,0.0,0.0,0.0,0,,,,,,,0.0,,
264020,MO,Psychiatric,0,0,Non-Profit,,0.0,0.0,0.0,0.0,0.0,0.0,0,,,,,,,0.0,,
264024,MO,Psychiatric,0,1,For-Profit,,0.0,0.0,0.0,0.0,0.0,0.0,0,,,,,,,0.0,,
264031,MO,Psychiatric,0,0,For-Profit,,0.0,0.0,0.0,0.0,0.0,0.0,0,,,,,,,0.0,,
264032,MO,Psychiatric,0,0,For-Profit,,0.0,0.0,0.0,0.0,0.0,0.0,0,,,,,,,0.0,,
264033,MO,Psychiatric,0,0,For-Profit,,0.0,0.0,0.0,0.0,0.0,0.0,0,,,,,,,0.0,,
264034,MO,Psychiatric,0,0,For-Profit,,0.0,0.0,0.0,0.0,0.0,0.0,0,,,,,,,0.0,,
264035,MO,Psychiatric,0,0,Non-Profit,,0.0,0.0,0.0,0.0,0.0,0.0,0,,,,,,,0.0,,
270003,MT,Acute Care,1,1,Non-Profit,4.0,0.7142857142857143,0.75,0.9090909090909091,1.0,1.0,0.8746753246753247,5,0.0,0.2,0.16666666666666666,0.0,0.1,0.0,1.0,0.047619047619047616,0.09523809523809523
270004,MT,Acute Care,1,1,Non-Profit,4.0,1.0,1.0,1.0,1.0,1.0,1.0,5,0.0,0.14285714285714285,0.25,0.0,0.09090909090909091,0.0,2.0,0.07692307692307693,0.11538461538461539
270012,MT,Acute Care,1,1,Non-Profit,2.0,1.0,0.75,1.0,1.0,1.0,0.95,5,0.0,0.42857142857142855,0.0,0.0,0.18181818181818182,0.0,-1.0,-0.041666666666666664,0.08333333333333333
270014,MT,Acute Care,1,1,Non-Profit,5.0,1.0,0.875,1.0,1.0,1.0,0.975,5,0.0,0.0,0.2857142857142857,0.0,0.0,0.0,2.0,0.08,0.08
270017,MT,Acute Care,1,1,Non-Profit,2.0,0.7142857142857143,0.375,0.8181818181818182,1.0,1.0,0.7814935064935066,5,0.0,0.0,0.0,0.0,0.0,0.2222222222222222,-2.0,-0.11764705882352941,0.0
270023,MT,Acute Care,1,1,Non-Profit,4.0,0.8571428571428571,0.625,0.8181818181818182,1.0,0.9166666666666666,0.8433982683982684,5,0.0,0.0,0.0,0.2,0.1111111111111111,0.0,0.0,0.0,0.05
27003F,MT,Acute Care,0,1,Government,5.0,0.42857142857142855,0.25,0.45454545454545453,1.0,0.4166666666666667,0.5099567099567099,5,0.0,0.0,0.0,0.0,0.2,0.0,1.0,0.1,0.1
270049,MT,Acute Care,1,1,Non-Profit,4.0,1.0,1.0,1.0,1.0,0.9166666666666666,0.9833333333333334,5,0.0,0.0,0.375,0.0,0.2727272727272727,0.0,6.0,0.23076923076923078,0.23076923076923078
270051,MT,Acute Care,1,1,Non-Profit,4.0,1.0,0.875,1.0,1.0,0.9166666666666666,0.9583333333333334,5,0.0,0.14285714285714285,0.14285714285714285,0.0,0.18181818181818182,0.0,2.0,0.08,0.12
270057,MT,Acute Care,1,1,Non-Profit,4.0,0.8571428571428571,0.75,0.9090909090909091,1.0,0.9166666666666666,0.8865800865800866,5,0.0,0.0,0.0,0.0,0.1,0.0,1.0,0.045454545454545456,0.045454545454545456
270074,MT,Acute Care,1,1,Government,,0.0,0.0,0.09090909090909091,0.0,0.3333333333333333,0.08484848484848484,2,,,,,0.0,0.0,0.0,0.0,0.0
270086,MT,Acute Care,0,1,For-Profit,3.0,0.7142857142857143,0.375,0.9090909090909091,1.0,0.75,0.7496753246753247,5,0.0,0.0,0.0,0.0,0.1,0.0,1.0,0.05555555555555555,0.05555555555555555
271300,MT,Rural/Access,0,1,Non-Profit,,0.0,0.0,0.0,0.0,0.16666666666666666,0.03333333333333333,1,,,,,,,0.0,,
271301,MT,Rural/Access,0,1,Non-Profit,,0.0,0.0,0.09090909090909091,0.0,0.25,0.06818181818181819,2,,,,,0.0,0.0,0.0,0.0,0.0
271302,MT,Rural/Access,0,1,Non-Profit,,0.0,0.0,0.0,0.0,0.08333333333333333,0.016666666666666666,1,,,,,,,0.0,,
271303,MT,Rural/Access,0,1,Government,,0.0,0.0,0.0,0.0,0.08333333333333333,0.016666666666666666,1,,,,,,,0.0,,
271304,MT,Rural/Access,0,1,Government,,0.0,0.0,0.0,0.0,0.0,0.0,0,,,,,,,0.0,,
271305,MT,Rural/Access,0,1,Non-Profit,,0.0,0.0,0.09090909090909091,0.0,0.16666666666666666,0.051515151515151514,2,,,,,0.0,0.0,0.0,0.0,0.0
271306,MT,Rural/Access,0,1,Non-Profit,,0.0,0.0,0.0,0.0,0.25,0.05,1,,,,,,,0.0,,
271307,MT,Rural/Access,0,1,Non-Profit,,0.0,0.0,0.0,0.0,0.25,0.05,1,,,,,,,0.0,,
271308,MT,Rural/Access,0,1,Non-Profit,,0.0,0.0,0.0,0.0,0.08333333333333333,0.016666666666666666,1,,,,,,,0.0,,
271309,MT,Rural/Access,0,1,Government,,0.0,0.0,0.0,0.0,0.16666666666666666,0.03333333333333333,1,,,,,,,0.0,,
271310,MT,Rural/Access,0,1,Government,,0.0,0.0,0.0,0.0,0.08333333333333333,0.016666666666666666,1,,,,,,,0.0,,
271311,MT,Rural/Access,0,1,Non-Profit,,0.0,0.0,0.0,0.0,0.08333333333333333,0.016666666666666666,1,,,,,,,0.0,,
271312,MT,Rural/Access,0,1,Non-Profit,,0.0,0.0,0.18181818181818182,0.0,0.0,0.03636363636363636,1,,,,,0.0,0.0,0.0,0.0,0.0
271313,MT,Rural/Access,0,1,Non-Profit,,0.0,0.0,0.09090909090909091,0.0,0.16666666666666666,0.051515151515151514,2,,,,,0.0,0.0,0.0,0.0,0.0
271314,MT,Rural/Access,0,1,Non-Profit,,0.0,0.0,0.09090909090909091,0.0,0.4166666666666667,0.10151515151515152,2,,,,,0.0,0.0,0.0,0.0,0.0
271315,MT,Rural/Access,0,1,Government,,0.0,0.0,0.0,0.0,0.0,0.0,0,,,,,,,0.0,,
271316,MT,Rural/Access,0,1,Non-Profit,,0.14285714285714285,0.0,0.5454545454545454,0.0,0.5,0.23766233766233763,3,0.0,0.0,,,0.0,0.0,0.0,0.0,0.0
271317,MT,Rural/Access,1,1,For-Profit,1.0,0.5714285714285714,0.125,0.7272727272727273,1.0,0.5,0.5847402597402598,5,0.0,0.0,0.0,0.0,0.0,0.0,0.0,0.0,0.0
271318,MT,Rural/Access,1,1,Government,,0.2857142857142857,0.125,0.45454545454545453,0.0,0.75,0.32305194805194803,4,0.0,0.0,0.0,0.0,0.2,0.0,1.0,0.125,0.125
271319,MT,Rural/Access,0,1,Government,,0.0,0.0,0.0,0.0,0.25,0.05,1,,,,,,,0.0,,
271320,MT,Rural/Access,0,1,Non-Profit,,0.2857142857142857,0.0,0.36363636363636365,1.0,0.4166666666666667,0.4132034632034632,4,0.0,0.0,,,0.0,0.0,0.0,0.0,0.0
271321,MT,Rural/Access,0,1,Non-Profit,,0.0,0.0,0.0,0.0,0.16666666666666666,0.03333333333333333,1,,,,,,,0.0,,
271322,MT,Rural/Access,0,1,Non-Profit,,0.0,0.0,0.09090909090909091,0.0,0.3333333333333333,0.08484848484848484,2,,,,,0.0,0.0,0.0,0.0,0.0
271323,MT,Rural/Access,0,1,Non-Profit,,0.0,0.125,0.18181818181818182,0.0,0.4166666666666667,0.1446969696969697,3,,,0.0,0.0,0.0,0.0,0.0,0.0,0.0
271324,MT,Rural/Access,0,1,Non-Profit,,0.0,0.0,0.09090909090909091,0.0,0.25,0.06818181818181819,2,,,,,0.0,0.0,0.0,0.0,0.0
271325,MT,Rural/Access,0,1,Non-Profit,,0.14285714285714285,0.125,0.18181818181818182,0.0,0.3333333333333333,0.15660173160173158,4,0.0,0.0,0.0,0.0,0.0,0.0,0.0,0.0,0.0
271326,MT,Rural/Access,0,0,Non-Profit,,0.0,0.0,0.09090909090909091,0.0,0.3333333333333333,0.08484848484848484,2,,,,,0.0,0.0,0.0,0.0,0.0
271327,MT,Rural/Access,0,1,Non-Profit,,0.0,0.0,0.0,0.0,0.16666666666666666,0.03333333333333333,1,,,,,,,0.0,,
271328,MT,Rural/Access,0,1,Non-Profit,,0.0,0.0,0.09090909090909091,0.0,0.16666666666666666,0.051515151515151514,2,,,,,0.0,0.0,0.0,0.0,0.0
271329,MT,Rural/Access,0,1,Non-Profit,,0.0,0.0,0.09090909090909091,0.0,0.25,0.06818181818181819,2,,,,,0.0,0.0,0.0,0.0,0.0
271330,MT,Rural/Access,0,1,Non-Profit,,0.0,0.0,0.09090909090909091,0.0,0.25,0.06818181818181819,2,,,,,0.0,0.0,0.0,0.0,0.0
271331,MT,Rural/Access,0,1,Government,,0.0,0.0,0.09090909090909091,0.0,0.25,0.06818181818181819,2,,,,,0.0,0.0,0.0,0.0,0.0
271332,MT,Rural/Access,0,1,Non-Profit,,0.2857142857142857,0.125,0.5454545454545454,0.0,0.4166666666666667,0.27456709956709957,4,0.0,0.0,0.0,0.0,0.16666666666666666,0.0,1.0,0.1111111111111111,0.1111111111111111
271333,MT,Rural/Access,0,1,Non-Profit,,0.0,0.0,0.0,0.0,0.3333333333333333,0.06666666666666667,1,,,,,,,0.0,,
271334,MT,Rural/Access,0,1,Non-Profit,,0.0,0.0,0.0,0.0,0.25,0.05,1,,,,,,,0.0,,
271335,MT,Rural/Access,1,1,Non-Profit,3.0,0.42857142857142855,0.25,0.6363636363636364,1.0,0.6666666666666666,0.5963203463203464,5,0.0,0.0,0.0,0.0,0.0,0.0,0.0,0.0,0.0
271336,MT,Rural/Access,1,1,Non-Profit,4.0,0.42857142857142855,0.25,0.45454545454545453,1.0,0.5833333333333334,0.5432900432900433,5,0.0,0.0,0.0,0.0,0.4,0.0,2.0,0.2,0.2
271337,MT,Rural/Access,0,0,Non-Profit,,0.0,0.0,0.0,0.0,0.25,0.05,1,,,,,,,0.0,,
271338,MT,Rural/Access,0,1,Non-Profit,,0.0,0.0,0.0,0.0,0.25,0.05,1,,,,,,,0.0,,
271339,MT,Rural/Access,0,1,Government,,0.0,0.0,0.0,0.0,0.0,0.0,0,,,,,,,0.0,,
271340,MT,Rural/Access,0,1,Non-Profit,4.0,0.42857142857142855,0.125,0.7272727272727273,1.0,0.3333333333333333,0.5228354978354979,5,0.0,0.0,0.0,0.0,0.25,0.0,2.0,0.16666666666666666,0.16666666666666666
271341,MT,Rural/Access,0,1,Non-Profit,,0.0,0.0,0.18181818181818182,0.0,0.16666666666666666,0.0696969696969697,2,,,,,0.0,0.0,0.0,0.0,0.0
271342,MT,Rural/Access,0,1,Non-Profit,,0.0,0.0,0.09090909090909091,0.0,0.3333333333333333,0.08484848484848484,2,,,,,0.0,0.0,0.0,0.0,0.0
271343,MT,Rural/Access,1,1,Non-Profit,,0.14285714285714285,0.0,0.18181818181818182,0.0,0.75,0.21493506493506492,3,0.0,0.0,,,0.0,0.0,0.0,0.0,0.0
271344,MT,Rural/Access,1,1,Non-Profit,5.0,0.42857142857142855,0.375,0.6363636363636364,1.0,0.75,0.637987012987013,5,0.0,0.0,0.0,0.0,0.14285714285714285,0.0,1.0,0.07692307692307693,0.07692307692307693
271345,MT,Rural/Access,0,1,Non-Profit,,0.14285714285714285,0.0,0.18181818181818182,1.0,0.4166666666666667,0.3482683982683983,4,0.0,0.0,,,0.0,0.0,0.0,0.0,0.0
271346,MT,Rural/Access,0,1,Non-Profit,,0.0,0.0,0.0,0.0,0.25,0.05,1,,,,,,,0.0,,
271347,MT,Rural/Access,1,1,Non-Profit,,0.2857142857142857,0.125,0.45454545454545453,1.0,0.8333333333333334,0.5397186147186147,5,0.0,0.0,0.0,0.0,0.0,0.0,0.0,0.0,0.0
271348,MT,Rural/Access,0,1,Non-Profit,,0.0,0.0,0.0,0.0,0.4166666666666667,0.08333333333333334,1,,,,,,,0.0,,
271389,MT,Rural/Access,0,1,Non-Profit,,0.0,0.0,0.0,0.0,0.4166666666666667,0.08333333333333334,1,,,,,,,0.0,,
274004,MT,Psychiatric,0,0,Non-Profit,,0.0,0.0,0.0,0.0,0.0,0.0,0,,,,,,,0.0,,
280003,NE,Acute Care,1,1,Non-Profit,3.0,1.0,1.0,1.0,1.0,1.0,1.0,5,0.0,0.0,0.25,0.125,0.18181818181818182,0.0,3.0,0.11538461538461539,0.15384615384615385
280009,NE,Acute Care,1,1,Non-Profit,4.0,1.0,0.875,0.8181818181818182,1.0,0.8333333333333334,0.9053030303030303,5,0.0,0.0,0.14285714285714285,0.0,0.1111111111111111,0.0,2.0,0.08695652173913043,0.08695652173913043
280013,NE,Acute Care,1,1,Non-Profit,3.0,1.0,1.0,1.0,1.0,0.9166666666666666,0.9833333333333334,5,0.0,0.14285714285714285,0.25,0.0,0.0,0.09090909090909091,0.0,0.0,0.07692307692307693
280020,NE,Acute Care,1,1,Non-Profit,3.0,0.8571428571428571,0.875,0.6363636363636364,1.0,0.75,0.8237012987012987,5,0.0,0.0,0.14285714285714285,0.0,0.0,0.14285714285714285,0.0,0.0,0.05
280023,NE,Acute Care,1,1,Non-Profit,4.0,0.8571428571428571,0.625,0.6363636363636364,1.0,0.75,0.7737012987012987,5,0.0,0.0,0.2,0.0,0.0,0.0,1.0,0.05555555555555555,0.05555555555555555
280032,NE,Acute Care,1,1,Non-Profit,3.0,0.5714285714285714,0.625,0.8181818181818182,1.0,0.8333333333333334,0.7695887445887446,5,0.0,0.25,0.0,0.0,0.3333333333333333,0.0,2.0,0.1111111111111111,0.16666666666666666
280040,NE,Acute Care,1,1,Non-Profit,4.0,1.0,1.0,1.0,1.0,1.0,1.0,5,0.0,0.0,0.125,0.125,0.0,0.09090909090909091,-1.0,-0.038461538461538464,0.038461538461538464
280059,NE,Acute Care,0,1,Government,,0.0,0.0,0.0,0.0,0.0,0.0,0,,,,,,,0.0,,
280060,NE,Acute Care,1,1,Non-Profit,3.0,1.0,0.875,0.9090909090909091,1.0,0.8333333333333334,0.9234848484848485,5,0.0,0.0,0.2857142857142857,0.0,0.0,0.1,1.0,0.041666666666666664,0.08333333333333333
280061,NE,Acute Care,1,1,Non-Profit,1.0,0.8571428571428571,0.625,0.7272727272727273,1.0,1.0,0.8418831168831169,5,0.0,0.0,0.2,0.0,0.0,0.25,-1.0,-0.05263157894736842,0.05263157894736842
280065,NE,Acute Care,1,1,Non-Profit,3.0,0.8571428571428571,0.375,0.9090909090909091,1.0,0.9166666666666666,0.8115800865800866,5,0.0,0.3333333333333333,0.0,0.0,0.0,0.0,-2.0,-0.10526315789473684,0.0
28006F,NE,Acute Care,0,1,Government,5.0,0.7142857142857143,0.5,0.5454545454545454,1.0,0.4166666666666667,0.6352813852813852,5,0.2,0.0,0.0,0.25,0.3333333333333333,0.0,2.0,0.13333333333333333,0.2
280077,NE,Acute Care,1,1,Non-Profit,3.0,0.5714285714285714,0.375,0.6363636363636364,1.0,0.9166666666666666,0.6998917748917749,5,0.0,0.0,0.0,0.0,0.0,0.0,0.0,0.0,0.0
280081,NE,Acute Care,1,1,Non-Profit,3.0,0.7142857142857143,0.75,0.6363636363636364,1.0,0.9166666666666666,0.8034632034632034,5,0.0,0.0,0.3333333333333333,0.0,0.0,0.14285714285714285,1.0,0.05555555555555555,0.1111111111111111
280105,NE,Acute Care,0,1,Non-Profit,,0.2857142857142857,0.25,0.45454545454545453,1.0,0.75,0.548051948051948,5,0.0,0.0,0.0,0.0,0.0,0.0,0.0,0.0,0.0
280111,NE,Acute Care,1,1,Non-Profit,3.0,0.7142857142857143,0.25,0.5454545454545454,1.0,0.9166666666666666,0.6852813852813853,5,0.0,0.0,0.0,0.0,0.0,0.0,0.0,0.0,0.0
280125,NE,Acute Care,1,1,Non-Profit,4.0,1.0,0.375,0.8181818181818182,1.0,0.75,0.7886363636363637,5,0.0,0.0,0.0,0.0,0.1111111111111111,0.0,1.0,0.05263157894736842,0.05263157894736842
280127,NE,Acute Care,0,0,For-Profit,,0.0,0.25,0.2727272727272727,0.0,0.25,0.15454545454545454,3,,,0.0,0.0,0.3333333333333333,0.0,1.0,0.2,0.2
280128,NE,Acute Care,0,0,Non-Profit,3.0,0.42857142857142855,0.25,0.45454545454545453,1.0,0.3333333333333333,0.4932900432900433,5,0.0,0.0,0.0,0.0,0.0,0.0,0.0,0.0,0.0
280129,NE,Acute Care,0,1,For-Profit,,0.0,0.25,0.2727272727272727,1.0,0.5833333333333334,0.4212121212121212,4,,,0.0,0.0,0.3333333333333333,0.0,1.0,0.2,0.2
280130,NE,Acute Care,1,1,Non-Profit,5.0,0.7142857142857143,0.875,0.7272727272727273,1.0,0.9166666666666666,0.8466450216450218,5,0.0,0.0,0.14285714285714285,0.0,0.125,0.0,2.0,0.1,0.1
280131,NE,Acute Care,0,0,For-Profit,,0.0,0.25,0.2727272727272727,1.0,0.3333333333333333,0.3712121212121212,4,,,0.0,0.0,0.0,0.3333333333333333,-1.0,-0.2,0.0
280132,NE,Acute Care,0,1,For-Profit,5.0,0.8571428571428571,0.75,0.7272727272727273,1.0,0.75,0.8168831168831169,5,0.3333333333333333,0.0,0.0,0.0,0.0,0.0,2.0,0.1,0.1
280133,NE,Acute Care,0,0,For-Profit,,0.0,0.125,0.18181818181818182,1.0,0.25,0.3113636363636364,4,,,0.0,0.0,0.0,0.0,0.0,0.0,0.0
280134,NE,Acute Care,1,1,For-Profit,4.0,1.0,0.75,0.8181818181818182,1.0,0.8333333333333334,0.8803030303030303,5,0.0,0.0,0.16666666666666666,0.16666666666666666,0.1111111111111111,0.0,1.0,0.045454545454545456,0.09090909090909091
280139,NE,Acute Care,1,1,Non-Profit,2.0,0.42857142857142855,0.5,0.6363636363636364,1.0,0.75,0.662987012987013,5,0.0,0.0,0.0,0.25,0.0,0.0,-1.0,-0.07142857142857142,0.0
280779,NE,Rural/Access,0,1,Government,,0.0,0.0,0.0,0.0,0.0,0.0,0,,,,,,,0.0,,
281300,NE,Rural/Access,0,0,Government,,0.0,0.0,0.09090909090909091,0.0,0.4166666666666667,0.10151515151515152,2,,,,,0.0,0.0,0.0,0.0,0.0
281301,NE,Rural/Access,0,1,Government,,0.14285714285714285,0.125,0.36363636363636365,0.0,0.5,0.2262987012987013,4,0.0,0.0,0.0,0.0,0.0,0.0,0.0,0.0,0.0
281302,NE,Rural/Access,0,1,Government,,0.0,0.0,0.09090909090909091,0.0,0.3333333333333333,0.08484848484848484,2,,,,,0.0,0.0,0.0,0.0,0.0
281303,NE,Rural/Access,0,1,Non-Profit,,0.0,0.0,0.0,0.0,0.08333333333333333,0.016666666666666666,1,,,,,,,0.0,,
281304,NE,Rural/Access,1,1,Government,,0.2857142857142857,0.0,0.2727272727272727,1.0,0.3333333333333333,0.37835497835497833,4,0.0,0.0,,,0.0,0.0,0.0,0.0,0.0
281305,NE,Rural/Access,0,1,Government,,0.14285714285714285,0.0,0.18181818181818182,0.0,0.25,0.11493506493506493,3,0.0,0.0,,,0.0,0.0,0.0,0.0,0.0
281306,NE,Rural/Access,0,1,Government,,0.0,0.0,0.09090909090909091,0.0,0.4166666666666667,0.10151515151515152,2,,,,,0.0,0.0,0.0,0.0,0.0
281307,NE,Rural/Access,0,1,Government,,0.14285714285714285,0.0,0.2727272727272727,0.0,0.5,0.1831168831168831,3,0.0,0.0,,,0.0,0.3333333333333333,-1.0,-0.25,0.0
281308,NE,Rural/Access,0,1,Non-Profit,,0.0,0.0,0.09090909090909091,0.0,0.25,0.06818181818181819,2,,,,,0.0,0.0,0.0,0.0,0.0
281309,NE,Rural/Access,0,0,Government,,0.14285714285714285,0.0,0.2727272727272727,0.0,0.3333333333333333,0.14978354978354977,3,0.0,0.0,,,0.3333333333333333,0.0,1.0,0.25,0.25
281310,NE,Rural/Access,0,1,Non-Profit,,0.0,0.0,0.09090909090909091,0.0,0.25,0.06818181818181819,2,,,,,0.0,0.0,0.0,0.0,0.0
281311,NE,Rural/Access,0,1,Government,,0.0,0.0,0.0,0.0,0.3333333333333333,0.06666666666666667,1,,,,,,,0.0,,
281312,NE,Rural/Access,0,1,Government,,0.0,0.0,0.09090909090909091,0.0,0.16666666666666666,0.051515151515151514,2,,,,,0.0,0.0,0.0,0.0,0.0
281313,NE,Rural/Access,1,1,Government,,0.14285714285714285,0.0,0.18181818181818182,0.0,0.4166666666666667,0.14826839826839827,3,0.0,0.0,,,0.0,0.0,0.0,0.0,0.0
281314,NE,Rural/Access,1,1,Government,,0.0,0.0,0.18181818181818182,0.0,0.25,0.08636363636363636,2,,,,,0.0,0.0,0.0,0.0,0.0
281315,NE,Rural/Access,1,1,Non-Profit,,0.2857142857142857,0.125,0.36363636363636365,0.0,0.5,0.25487012987012986,4,0.0,0.0,0.0,0.0,0.0,0.0,0.0,0.0,0.0
281316,NE,Rural/Access,0,1,Government,,0.0,0.0,0.0,0.0,0.25,0.05,1,,,,,,,0.0,,
281318,NE,Rural/Access,0,1,Government,,0.0,0.0,0.18181818181818182,0.0,0.25,0.08636363636363636,2,,,,,0.0,0.0,0.0,0.0,0.0
281319,NE,Rural/Access,0,1,Non-Profit,,0.14285714285714285,0.0,0.2727272727272727,0.0,0.4166666666666667,0.16645021645021646,3,0.0,0.0,,,0.0,0.0,0.0,0.0,0.0
281320,NE,Rural/Access,0,1,Non-Profit,,0.14285714285714285,0.0,0.2727272727272727,0.0,0.3333333333333333,0.14978354978354977,3,0.0,0.0,,,0.0,0.0,0.0,0.0,0.0
281322,NE,Rural/Access,1,1,Non-Profit,2.0,0.42857142857142855,0.125,0.36363636363636365,1.0,0.5833333333333334,0.5001082251082252,5,0.0,0.0,0.0,0.0,0.0,0.0,0.0,0.0,0.0
281323,NE,Rural/Access,0,1,Non-Profit,,0.0,0.0,0.09090909090909091,0.0,0.4166666666666667,0.10151515151515152,2,,,,,0.0,0.0,0.0,0.0,0.0
281324,NE,Rural/Access,0,1,Government,,0.14285714285714285,0.0,0.2727272727272727,0.0,0.3333333333333333,0.14978354978354977,3,0.0,0.0,,,0.0,0.0,0.0,0.0,0.0
281325,NE,Rural/Access,0,1,Government,,0.0,0.0,0.18181818181818182,0.0,0.25,0.08636363636363636,2,,,,,0.0,0.0,0.0,0.0,0.0
281326,NE,Rural/Access,1,1,Non-Profit,,0.14285714285714285,0.0,0.2727272727272727,0.0,0.3333333333333333,0.14978354978354977,3,0.0,0.0,,,0.0,0.0,0.0,0.0,0.0
281327,NE,Rural/Access,0,1,Government,,0.14285714285714285,0.0,0.2727272727272727,0.0,0.25,0.1331168831168831,3,0.0,0.0,,,0.3333333333333333,0.0,1.0,0.25,0.25
281328,NE,Rural/Access,0,1,Non-Profit,,0.14285714285714285,0.0,0.2727272727272727,0.0,0.5,0.1831168831168831,3,0.0,0.0,,,0.0,0.0,0.0,0.0,0.0
281329,NE,Rural/Access,0,1,Non-Profit,,0.2857142857142857,0.25,0.6363636363636364,1.0,0.5,0.5344155844155845,5,0.0,0.0,0.0,0.0,0.0,0.0,0.0,0.0,0.0
281331,NE,Rural/Access,0,1,Non-Profit,,0.0,0.0,0.18181818181818182,0.0,0.3333333333333333,0.10303030303030303,2,,,,,0.0,0.0,0.0,0.0,0.0
281332,NE,Rural/Access,1,1,Government,,0.14285714285714285,0.0,0.2727272727272727,0.0,0.3333333333333333,0.14978354978354977,3,0.0,0.0,,,0.0,0.0,0.0,0.0,0.0
281333,NE,Rural/Access,0,1,Government,,0.0,0.0,0.09090909090909091,0.0,0.16666666666666666,0.051515151515151514,2,,,,,0.0,0.0,0.0,0.0,0.0
281334,NE,Rural/Access,1,1,Government,3.0,0.42857142857142855,0.0,0.5454545454545454,1.0,0.4166666666666667,0.47813852813852814,4,0.0,0.0,,,0.0,0.0,0.0,0.0,0.0
281335,NE,Rural/Access,0,1,Government,,0.14285714285714285,0.0,0.2727272727272727,0.0,0.25,0.1331168831168831,3,0.0,0.0,,,0.0,0.0,0.0,0.0,0.0
281336,NE,Rural/Access,0,1,Non-Profit,4.0,0.42857142857142855,0.0,0.7272727272727273,1.0,0.4166666666666667,0.5145021645021645,4,0.0,0.0,,,0.0,0.0,0.0,0.0,0.0
281338,NE,Rural/Access,0,1,Non-Profit,,0.0,0.0,0.18181818181818182,0.0,0.25,0.08636363636363636,2,,,,,0.0,0.0,0.0,0.0,0.0
281339,NE,Rural/Access,1,1,Non-Profit,,0.2857142857142857,0.0,0.45454545454545453,0.0,0.4166666666666667,0.2313852813852814,3,0.0,0.0,,,0.0,0.0,0.0,0.0,0.0
281340,NE,Rural/Access,0,1,Government,,0.14285714285714285,0.0,0.18181818181818182,0.0,0.25,0.11493506493506493,3,0.0,0.0,,,0.0,0.0,0.0,0.0,0.0
281341,NE,Rural/Access,0,1,Non-Profit,,0.0,0.0,0.18181818181818182,1.0,0.5,0.33636363636363636,3,,,,,0.0,0.0,0.0,0.0,0.0
281342,NE,Rural/Access,1,1,Non-Profit,,0.14285714285714285,0.0,0.2727272727272727,0.0,0.6666666666666666,0.21645021645021645,3,0.0,0.0,,,0.0,0.0,0.0,0.0,0.0
281343,NE,Rural/Access,0,1,Non-Profit,,0.0,0.0,0.2727272727272727,0.0,0.3333333333333333,0.12121212121212119,2,,,,,0.0,0.0,0.0,0.0,0.0
281344,NE,Rural/Access,0,1,Government,,0.14285714285714285,0.125,0.2727272727272727,0.0,0.16666666666666666,0.14145021645021644,4,0.0,0.0,0.0,0.0,0.0,0.0,0.0,0.0,0.0
281345,NE,Rural/Access,1,1,Non-Profit,,0.2857142857142857,0.0,0.36363636363636365,0.0,0.5,0.22987012987012986,3,0.0,0.5,,,0.0,0.0,-1.0,-0.16666666666666666,0.0
281346,NE,Rural/Access,0,1,Non-Profit,,0.0,0.0,0.09090909090909091,0.0,0.4166666666666667,0.10151515151515152,2,,,,,0.0,0.0,0.0,0.0,0.0
281347,NE,Rural/Access,0,1,Non-Profit,,0.14285714285714285,0.0,0.2727272727272727,0.0,0.3333333333333333,0.14978354978354977,3,0.0,0.0,,,0.0,0.0,0.0,0.0,0.0
281348,NE,Rural/Access,0,1,Non-Profit,,0.14285714285714285,0.0,0.18181818181818182,0.0,0.25,0.11493506493506493,3,0.0,0.0,,,0.0,0.0,0.0,0.0,0.0
281349,NE,Rural/Access,0,1,Government,,0.14285714285714285,0.0,0.2727272727272727,0.0,0.4166666666666667,0.16645021645021646,3,0.0,0.0,,,0.0,0.0,0.0,0.0,0.0
281350,NE,Rural/Access,0,1,Government,,0.2857142857142857,0.0,0.36363636363636365,0.0,0.4166666666666667,0.21320346320346323,3,0.0,0.0,,,0.0,0.0,0.0,0.0,0.0
281351,NE,Rural/Access,0,1,Government,,0.14285714285714285,0.0,0.09090909090909091,0.0,0.3333333333333333,0.11341991341991342,3,0.0,0.0,,,0.0,0.0,0.0,0.0,0.0
281352,NE,Rural/Access,0,1,Non-Profit,4.0,0.42857142857142855,0.0,0.45454545454545453,1.0,0.5,0.4766233766233766,4,0.0,0.0,,,0.0,0.0,0.0,0.0,0.0
281353,NE,Rural/Access,0,1,Government,,0.14285714285714285,0.0,0.2727272727272727,0.0,0.3333333333333333,0.14978354978354977,3,0.0,0.0,,,0.3333333333333333,0.0,1.0,0.25,0.25
281354,NE,Rural/Access,1,1,Non-Profit,,0.0,0.0,0.09090909090909091,0.0,0.4166666666666667,0.10151515151515152,2,,,,,0.0,0.0,0.0,0.0,0.0
281355,NE,Rural/Access,1,1,Government,,0.14285714285714285,0.0,0.2727272727272727,0.0,0.5833333333333334,0.19978354978354979,3,0.0,0.0,,,0.0,0.0,0.0,0.0,0.0
281356,NE,Rural/Access,0,1,Government,,0.2857142857142857,0.0,0.2727272727272727,0.0,0.4166666666666667,0.195021645021645,3,0.0,0.0,,,0.0,0.0,0.0,0.0,0.0
281357,NE,Rural/Access,0,1,Non-Profit,,0.14285714285714285,0.0,0.36363636363636365,1.0,0.16666666666666666,0.33463203463203467,4,0.0,0.0,,,0.0,0.0,0.0,0.0,0.0
281358,NE,Rural/Access,0,1,Government,,0.14285714285714285,0.0,0.2727272727272727,0.0,0.4166666666666667,0.16645021645021646,3,0.0,0.0,,,0.0,0.0,0.0,0.0,0.0
281359,NE,Rural/Access,1,1,Non-Profit,,0.0,0.0,0.18181818181818182,1.0,0.6666666666666666,0.36969696969696975,3,,,,,0.0,0.0,0.0,0.0,0.0
281360,NE,Rural/Access,0,1,Government,,0.2857142857142857,0.125,0.45454545454545453,0.0,0.3333333333333333,0.2397186147186147,4,0.0,0.0,0.0,0.0,0.0,0.0,0.0,0.0,0.0
281361,NE,Rural/Access,0,1,Government,,0.14285714285714285,0.0,0.2727272727272727,0.0,0.5,0.1831168831168831,3,0.0,0.0,,,0.0,0.3333333333333333,-1.0,-0.25,0.0
281362,NE,Rural/Access,0,1,Non-Profit,,0.2857142857142857,0.125,0.5454545454545454,1.0,0.4166666666666667,0.4745670995670995,5,0.0,0.0,0.0,0.0,0.16666666666666666,0.0,1.0,0.1111111111111111,0.1111111111111111
281363,NE,Rural/Access,0,1,Non-Profit,3.0,0.42857142857142855,0.0,0.7272727272727273,0.0,0.5,0.33116883116883117,3,0.0,0.3333333333333333,,,0.0,0.0,-1.0,-0.09090909090909091,0.0
281364,NE,Rural/Access,0,1,Non-Profit,3.0,0.42857142857142855,0.25,0.6363636363636364,1.0,0.5833333333333334,0.5796536796536798,5,0.0,0.0,0.0,0.0,0.0,0.0,0.0,0.0,0.0
281365,NE,Rural/Access,0,1,Non-Profit,,0.2857142857142857,0.0,0.36363636363636365,0.0,0.4166666666666667,0.21320346320346323,3,0.0,0.0,,,0.0,0.0,0.0,0.0,0.0
283300,NE,Childrens,0,0,Non-Profit,,0.0,0.0,0.0,0.0,0.0,0.0,0,,,,,,,0.0,,
283301,NE,Childrens,0,1,Non-Profit,,0.0,0.0,0.0,0.0,0.0,0.0,0,,,,,,,0.0,,
284003,NE,Psychiatric,0,0,Government,,0.0,0.0,0.0,0.0,0.0,0.0,0,,,,,,,0.0,,
284009,NE,Psychiatric,0,0,Government,,0.0,0.0,0.0,0.0,0.0,0.0,0,,,,,,,0.0,,
290001,NV,Acute Care,1,1,Non-Profit,3.0,1.0,0.875,0.9090909090909091,1.0,0.8333333333333334,0.9234848484848485,5,0.0,0.2857142857142857,0.5714285714285714,0.0,0.0,0.2,0.0,0.0,0.16666666666666666
290003,NV,Acute Care,0,1,For-Profit,2.0,1.0,1.0,0.7272727272727273,1.0,0.6666666666666666,0.8787878787878789,5,0.2857142857142857,0.0,0.25,0.0,0.0,0.0,4.0,0.17391304347826086,0.17391304347826086
290005,NV,Acute Care,0,1,Non-Profit,3.0,0.5714285714285714,0.625,0.36363636363636365,1.0,0.5833333333333334,0.6286796536796537,5,0.25,0.0,0.2,0.0,0.0,0.0,2.0,0.15384615384615385,0.15384615384615385
290007,NV,Acute Care,1,1,Non-Profit,2.0,1.0,0.875,0.7272727272727273,1.0,0.6666666666666666,0.8537878787878789,5,0.0,0.0,0.14285714285714285,0.14285714285714285,0.0,0.125,-1.0,-0.045454545454545456,0.045454545454545456
290008,NV,Acute Care,1,1,For-Profit,2.0,0.7142857142857143,0.375,0.7272727272727273,1.0,0.9166666666666666,0.7466450216450217,5,0.0,0.0,0.0,0.0,0.0,0.125,-1.0,-0.0625,0.0
290009,NV,Acute Care,0,1,For-Profit,3.0,1.0,0.875,1.0,1.0,0.6666666666666666,0.9083333333333334,5,0.0,0.0,0.14285714285714285,0.0,0.0,0.09090909090909091,0.0,0.0,0.04
290012,NV,Acute Care,0,1,Non-Profit,,0.0,0.0,0.0,0.0,0.5,0.1,1,,,,,,,0.0,,
290019,NV,Acute Care,1,1,Non-Profit,3.0,1.0,0.875,1.0,1.0,0.9166666666666666,0.9583333333333334,5,0.0,0.14285714285714285,0.0,0.0,0.09090909090909091,0.0,0.0,0.0,0.04
29001F,NV,Acute Care,0,1,Government,,0.0,0.0,0.0,0.0,0.0,0.0,0,,,,,,,0.0,,
290021,NV,Acute Care,0,1,For-Profit,2.0,1.0,0.875,0.8181818181818182,1.0,0.6666666666666666,0.8719696969696971,5,0.0,0.0,0.42857142857142855,0.0,0.0,0.2222222222222222,1.0,0.043478260869565216,0.13043478260869565
29002F,NV,Acute Care,0,1,Government,5.0,0.5714285714285714,0.375,0.5454545454545454,1.0,0.4166666666666667,0.5817099567099567,5,0.25,0.0,0.0,0.0,0.0,0.0,1.0,0.07692307692307693,0.07692307692307693
290032,NV,Acute Care,0,1,Non-Profit,4.0,0.8571428571428571,0.625,0.7272727272727273,1.0,0.75,0.7918831168831169,5,0.0,0.0,0.0,0.0,0.125,0.0,1.0,0.05263157894736842,0.05263157894736842
290039,NV,Acute Care,1,1,For-Profit,3.0,1.0,1.0,1.0,1.0,0.8333333333333334,0.9666666666666666,5,0.2857142857142857,0.0,0.375,0.0,0.0,0.0,5.0,0.19230769230769232,0.19230769230769232
290041,NV,Acute Care,1,1,For-Profit,3.0,1.0,0.875,0.9090909090909091,1.0,0.8333333333333334,0.9234848484848485,5,0.0,0.0,0.42857142857142855,0.0,0.0,0.1,2.0,0.08333333333333333,0.125
290042,NV,Acute Care,0,0,For-Profit,,0.0,0.0,0.0,0.0,0.0,0.0,0,,,,,,,0.0,,
290045,NV,Acute Care,1,1,Non-Profit,2.0,1.0,0.875,0.8181818181818182,1.0,0.8333333333333334,0.9053030303030303,5,0.0,0.0,0.14285714285714285,0.0,0.0,0.1111111111111111,0.0,0.0,0.043478260869565216
290046,NV,Acute Care,1,1,For-Profit,2.0,1.0,0.875,0.8181818181818182,1.0,0.75,0.8886363636363637,5,0.0,0.14285714285714285,0.42857142857142855,0.0,0.0,0.2222222222222222,0.0,0.0,0.13043478260869565
290047,NV,Acute Care,1,1,For-Profit,4.0,0.8571428571428571,0.875,0.7272727272727273,1.0,0.75,0.8418831168831169,5,0.3333333333333333,0.0,0.14285714285714285,0.0,0.0,0.0,3.0,0.14285714285714285,0.14285714285714285
290049,NV,Acute Care,0,1,Non-Profit,2.0,0.7142857142857143,0.5,0.8181818181818182,1.0,0.75,0.7564935064935066,5,0.0,0.0,0.0,0.0,0.0,0.0,0.0,0.0,0.0
29004F,NV,Acute Care,0,1,Government,5.0,0.5714285714285714,0.5,0.45454545454545453,1.0,0.4166666666666667,0.5885281385281386,5,0.5,0.0,0.0,0.0,0.2,0.0,3.0,0.23076923076923078,0.23076923076923078
290053,NV,Acute Care,0,1,Non-Profit,3.0,1.0,0.75,0.7272727272727273,1.0,0.6666666666666666,0.8287878787878789,5,0.0,0.0,0.16666666666666666,0.16666666666666666,0.0,0.0,0.0,0.0,0.047619047619047616
290054,NV,Acute Care,1,1,For-Profit,1.0,0.8571428571428571,1.0,0.7272727272727273,1.0,0.75,0.8668831168831168,5,0.0,0.0,0.25,0.0,0.0,0.375,-1.0,-0.045454545454545456,0.09090909090909091
290057,NV,Acute Care,1,1,For-Profit,2.0,0.8571428571428571,0.875,0.7272727272727273,1.0,0.75,0.8418831168831169,5,0.0,0.0,0.42857142857142855,0.0,0.0,0.25,1.0,0.047619047619047616,0.14285714285714285
290058,NV,Acute Care,0,1,For-Profit,,0.14285714285714285,0.0,0.18181818181818182,0.0,0.5833333333333334,0.1816017316017316,3,0.0,0.0,,,0.0,0.5,-1.0,-0.3333333333333333,0.0
290062,NV,Acute Care,0,1,For-Profit,,0.0,0.0,0.0,0.0,0.0,0.0,0,,,,,,,0.0,,
291300,NV,Rural/Access,0,1,Government,,0.0,0.0,0.09090909090909091,0.0,0.3333333333333333,0.08484848484848484,2,,,,,0.0,0.0,0.0,0.0,0.0
291301,NV,Rural/Access,0,1,Government,,0.0,0.0,0.0,0.0,0.4166666666666667,0.08333333333333334,1,,,,,,,0.0,,
291302,NV,Rural/Access,0,1,Government,,0.14285714285714285,0.0,0.18181818181818182,0.0,0.3333333333333333,0.13160173160173158,3,0.0,0.0,,,0.0,0.0,0.0,0.0,0.0
291303,NV,Rural/Access,0,1,Government,,0.0,0.0,0.0,0.0,0.25,0.05,1,,,,,,,0.0,,
291304,NV,Rural/Access,0,1,Government,,0.0,0.0,0.0,0.0,0.25,0.05,1,,,,,,,0.0,,
291306,NV,Rural/Access,0,1,Non-Profit,4.0,0.5714285714285714,0.0,0.6363636363636364,1.0,0.5,0.5415584415584416,4,0.0,0.0,,,0.0,0.0,0.0,0.0,0.0
291307,NV,Rural/Access,0,1,For-Profit,1.0,0.42857142857142855,0.125,0.5454545454545454,1.0,0.6666666666666666,0.553138528138528,5,0.0,0.0,0.0,0.0,0.0,0.0,0.0,0.0,0.0
291308,NV,Rural/Access,1,1,Government,3.0,0.42857142857142855,0.0,0.45454545454545453,0.0,0.6666666666666666,0.30995670995670993,3,0.0,0.0,,,0.0,0.0,0.0,0.0,0.0
291309,NV,Rural/Access,0,1,Non-Profit,,0.0,0.0,0.09090909090909091,0.0,0.5,0.1181818181818182,2,,,,,0.0,0.0,0.0,0.0,0.0
291311,NV,Rural/Access,0,1,For-Profit,2.0,0.42857142857142855,0.0,0.45454545454545453,1.0,0.4166666666666667,0.4599567099567099,4,0.0,0.0,,,0.0,0.0,0.0,0.0,0.0
291312,NV,Rural/Access,0,1,Non-Profit,,0.0,0.0,0.09090909090909091,0.0,0.25,0.06818181818181819,2,,,,,0.0,0.0,0.0,0.0,0.0
291313,NV,Rural/Access,1,1,Non-Profit,2.0,0.42857142857142855,0.125,0.5454545454545454,1.0,0.6666666666666666,0.553138528138528,5,0.0,0.3333333333333333,0.0,0.0,0.0,0.16666666666666666,-2.0,-0.2,0.0
291314,NV,Rural/Access,0,1,Non-Profit,,0.0,0.0,0.09090909090909091,0.0,0.3333333333333333,0.08484848484848484,2,,,,,0.0,0.0,0.0,0.0,0.0
294000,NV,Psychiatric,0,0,Government,,0.0,0.0,0.0,0.0,0.0,0.0,0,,,,,,,0.0,,
294002,NV,Psychiatric,0,0,Government,,0.0,0.0,0.0,0.0,0.0,0.0,0,,,,,,,0.0,,
294010,NV,Psychiatric,0,0,For-Profit,,0.0,0.0,0.0,0.0,0.0,0.0,0,,,,,,,0.0,,
294011,NV,Psychiatric,0,0,For-Profit,,0.0,0.0,0.0,0.0,0.0,0.0,0,,,,,,,0.0,,
294012,NV,Psychiatric,0,0,For-Profit,,0.0,0.0,0.0,0.0,0.0,0.0,0,,,,,,,0.0,,
294013,NV,Psychiatric,0,0,For-Profit,,0.0,0.0,0.0,0.0,0.0,0.0,0,,,,,,,0.0,,
294015,NV,Psychiatric,0,0,For-Profit,,0.0,0.0,0.0,0.0,0.0,0.0,0,,,,,,,0.0,,
294016,NV,Psychiatric,0,0,For-Profit,,0.0,0.0,0.0,0.0,0.0,0.0,0,,,,,,,0.0,,
300001,NH,Acute Care,1,0,Non-Profit,3.0,1.0,0.875,1.0,1.0,0.9166666666666666,0.9583333333333334,5,0.0,0.14285714285714285,0.0,0.0,0.0,0.0,-1.0,-0.04,0.0
300003,NH,Acute Care,1,1,Non-Profit,4.0,1.0,1.0,1.0,1.0,0.9166666666666666,0.9833333333333334,5,0.0,0.0,0.25,0.0,0.09090909090909091,0.09090909090909091,2.0,0.07692307692307693,0.11538461538461539
300005,NH,Acute Care,0,1,Non-Profit,3.0,0.7142857142857143,0.625,0.8181818181818182,1.0,0.8333333333333334,0.7981601731601733,5,0.0,0.0,0.0,0.0,0.0,0.0,0.0,0.0,0.0
300011,NH,Acute Care,1,1,Non-Profit,4.0,0.7142857142857143,0.875,0.9090909090909091,1.0,0.8333333333333334,0.8663419913419913,5,0.0,0.0,0.14285714285714285,0.0,0.0,0.0,1.0,0.045454545454545456,0.045454545454545456
300012,NH,Acute Care,1,1,Non-Profit,2.0,0.8571428571428571,1.0,0.9090909090909091,1.0,1.0,0.9532467532467532,5,0.0,0.0,0.25,0.25,0.0,0.2,-2.0,-0.08333333333333333,0.08333333333333333
300014,NH,Acute Care,0,1,For-Profit,2.0,0.5714285714285714,0.25,0.5454545454545454,1.0,0.6666666666666666,0.6067099567099568,5,0.0,0.0,0.0,0.0,0.0,0.16666666666666666,-1.0,-0.08333333333333333,0.0
300017,NH,Acute Care,0,1,For-Profit,4.0,0.7142857142857143,0.25,0.8181818181818182,1.0,0.8333333333333334,0.7231601731601732,5,0.2,0.0,0.5,0.0,0.0,0.0,2.0,0.125,0.125
300018,NH,Acute Care,1,1,Non-Profit,4.0,0.8571428571428571,0.875,0.9090909090909091,1.0,1.0,0.9282467532467532,5,0.0,0.0,0.14285714285714285,0.0,0.0,0.1,0.0,0.0,0.043478260869565216
300019,NH,Acute Care,1,1,Non-Profit,4.0,0.7142857142857143,0.75,0.8181818181818182,1.0,0.9166666666666666,0.8398268398268399,5,0.0,0.0,0.16666666666666666,0.0,0.1111111111111111,0.0,2.0,0.1,0.1
300020,NH,Acute Care,1,1,Non-Profit,3.0,0.8571428571428571,0.875,0.7272727272727273,1.0,0.9166666666666666,0.8752164502164502,5,0.0,0.0,0.14285714285714285,0.0,0.0,0.125,0.0,0.0,0.047619047619047616
300023,NH,Acute Care,1,1,Non-Profit,5.0,0.7142857142857143,0.875,0.9090909090909091,1.0,0.9166666666666666,0.8830086580086581,5,0.0,0.0,0.14285714285714285,0.0,0.1,0.0,2.0,0.09090909090909091,0.09090909090909091
300029,NH,Acute Care,1,1,For-Profit,3.0,1.0,0.875,1.0,1.0,0.8333333333333334,0.9416666666666667,5,0.0,0.0,0.2857142857142857,0.0,0.0,0.09090909090909091,1.0,0.04,0.08
300034,NH,Acute Care,1,1,Non-Profit,3.0,1.0,0.875,1.0,1.0,1.0,0.975,5,0.2857142857142857,0.0,0.0,0.0,0.0,0.09090909090909091,1.0,0.04,0.08
301300,NH,Rural/Access,0,1,Non-Profit,,0.0,0.0,0.09090909090909091,0.0,0.3333333333333333,0.08484848484848484,2,,,,,0.0,0.0,0.0,0.0,0.0
301301,NH,Rural/Access,0,1,Non-Profit,,0.2857142857142857,0.125,0.2727272727272727,1.0,0.4166666666666667,0.420021645021645,5,0.0,0.0,0.0,0.0,0.3333333333333333,0.0,1.0,0.16666666666666666,0.16666666666666666
301302,NH,Rural/Access,0,1,Non-Profit,2.0,0.42857142857142855,0.25,0.7272727272727273,1.0,0.75,0.6311688311688312,5,0.0,0.0,0.0,0.5,0.0,0.0,-1.0,-0.07692307692307693,0.0
301303,NH,Rural/Access,0,1,Non-Profit,,0.14285714285714285,0.0,0.36363636363636365,0.0,0.3333333333333333,0.16796536796536796,3,0.0,0.0,,,0.0,0.0,0.0,0.0,0.0
301304,NH,Rural/Access,0,1,Non-Profit,,0.2857142857142857,0.25,0.6363636363636364,1.0,0.5,0.5344155844155845,5,0.0,0.0,0.0,0.0,0.0,0.0,0.0,0.0,0.0
301305,NH,Rural/Access,0,1,Non-Profit,,0.2857142857142857,0.125,0.45454545454545453,1.0,0.5,0.47305194805194806,5,0.0,0.0,0.0,0.0,0.0,0.0,0.0,0.0,0.0
301306,NH,Rural/Access,0,1,Non-Profit,,0.14285714285714285,0.125,0.18181818181818182,0.0,0.6666666666666666,0.22326839826839828,4,0.0,0.0,0.0,0.0,0.0,0.0,0.0,0.0,0.0
301307,NH,Rural/Access,1,1,Non-Profit,3.0,0.5714285714285714,0.125,0.45454545454545453,1.0,0.75,0.5801948051948053,5,0.0,0.0,0.0,0.0,0.0,0.0,0.0,0.0,0.0
301308,NH,Rural/Access,0,1,Non-Profit,4.0,0.42857142857142855,0.25,0.36363636363636365,0.0,0.4166666666666667,0.2917748917748918,4,0.0,0.0,0.0,0.0,0.25,0.0,1.0,0.1111111111111111,0.1111111111111111
301309,NH,Rural/Access,1,1,Non-Profit,2.0,0.5714285714285714,0.25,0.8181818181818182,1.0,0.5,0.6279220779220779,5,0.0,0.0,0.0,0.0,0.0,0.0,0.0,0.0,0.0
301310,NH,Rural/Access,0,1,Non-Profit,4.0,0.42857142857142855,0.25,0.36363636363636365,0.0,0.6666666666666666,0.34177489177489173,4,0.0,0.0,0.5,0.0,0.0,0.0,1.0,0.1111111111111111,0.1111111111111111
301311,NH,Rural/Access,1,1,Non-Profit,3.0,0.5714285714285714,0.25,0.36363636363636365,1.0,0.6666666666666666,0.5703463203463203,5,0.0,0.0,0.0,0.0,0.0,0.0,0.0,0.0,0.0
301312,NH,Rural/Access,0,1,Non-Profit,3.0,0.5714285714285714,0.25,0.45454545454545453,1.0,0.4166666666666667,0.5385281385281385,5,0.0,0.0,0.0,0.0,0.0,0.0,0.0,0.0,0.0
304000,NH,Psychiatric,0,1,Government,,0.0,0.0,0.0,0.0,0.0,0.0,0,,,,,,,0.0,,
304001,NH,Psychiatric,0,0,For-Profit,,0.0,0.0,0.0,0.0,0.0,0.0,0,,,,,,,0.0,,
310001,NJ,Acute Care,1,1,Non-Profit,5.0,1.0,1.0,1.0,1.0,0.8333333333333334,0.9666666666666666,5,0.7142857142857143,0.0,0.5,0.0,0.18181818181818182,0.2727272727272727,8.0,0.3076923076923077,0.4230769230769231
310002,NJ,Acute Care,1,1,Non-Profit,2.0,1.0,0.875,0.9090909090909091,1.0,0.8333333333333334,0.9234848484848485,5,0.0,0.0,0.14285714285714285,0.0,0.0,0.3,-2.0,-0.08333333333333333,0.041666666666666664
310003,NJ,Acute Care,1,1,Non-Profit,3.0,0.7142857142857143,0.625,0.5454545454545454,1.0,0.9166666666666666,0.7602813852813852,5,0.2,0.0,0.2,0.0,0.0,0.0,2.0,0.125,0.125
310005,NJ,Acute Care,1,0,Non-Profit,4.0,0.8571428571428571,0.875,0.7272727272727273,1.0,0.8333333333333334,0.8585497835497835,5,0.16666666666666666,0.0,0.0,0.0,0.0,0.0,1.0,0.047619047619047616,0.047619047619047616
310006,NJ,Acute Care,1,1,For-Profit,3.0,0.7142857142857143,0.75,0.6363636363636364,1.0,0.8333333333333334,0.7867965367965368,5,0.0,0.0,0.16666666666666666,0.0,0.0,0.0,1.0,0.05555555555555555,0.05555555555555555
310008,NJ,Acute Care,1,1,Non-Profit,4.0,0.8571428571428571,1.0,0.9090909090909091,1.0,0.8333333333333334,0.91991341991342,5,0.0,0.0,0.375,0.125,0.0,0.2,0.0,0.0,0.125
310009,NJ,Acute Care,1,1,Non-Profit,2.0,0.8571428571428571,1.0,0.7272727272727273,1.0,0.8333333333333334,0.8835497835497834,5,0.0,0.0,0.125,0.0,0.0,0.25,-1.0,-0.045454545454545456,0.045454545454545456
310010,NJ,Acute Care,1,1,Non-Profit,3.0,0.8571428571428571,1.0,0.9090909090909091,1.0,0.9166666666666666,0.9365800865800866,5,0.16666666666666666,0.0,0.375,0.0,0.1,0.2,3.0,0.125,0.20833333333333334
310011,NJ,Acute Care,0,1,Non-Profit,3.0,0.7142857142857143,0.625,0.5454545454545454,1.0,0.8333333333333334,0.7436147186147186,5,0.0,0.0,0.0,0.0,0.0,0.0,0.0,0.0,0.0
310012,NJ,Acute Care,1,1,Non-Profit,3.0,1.0,1.0,1.0,1.0,0.9166666666666666,0.9833333333333334,5,0.14285714285714285,0.0,0.125,0.125,0.09090909090909091,0.09090909090909091,1.0,0.038461538461538464,0.11538461538461539
310014,NJ,Acute Care,1,1,Non-Profit,2.0,1.0,1.0,1.0,1.0,0.9166666666666666,0.9833333333333334,5,0.0,0.14285714285714285,0.0,0.125,0.0,0.09090909090909091,-3.0,-0.11538461538461539,0.0
310015,NJ,Acute Care,1,1,Non-Profit,5.0,1.0,1.0,1.0,1.0,0.9166666666666666,0.9833333333333334,5,0.42857142857142855,0.0,0.625,0.0,0.36363636363636365,0.18181818181818182,10.0,0.38461538461538464,0.46153846153846156
310016,NJ,Acute Care,0,0,Non-Profit,2.0,0.7142857142857143,0.625,0.6363636363636364,1.0,0.6666666666666666,0.7284632034632035,5,0.0,0.0,0.0,0.4,0.0,0.14285714285714285,-3.0,-0.17647058823529413,0.0
310017,NJ,Acute Care,1,1,Non-Profit,4.0,0.8571428571428571,0.875,0.9090909090909091,1.0,0.9166666666666666,0.9115800865800866,5,0.16666666666666666,0.0,0.14285714285714285,0.0,0.2,0.0,4.0,0.17391304347826086,0.17391304347826086
310019,NJ,Acute Care,1,0,Non-Profit,3.0,1.0,1.0,1.0,1.0,0.9166666666666666,0.9833333333333334,5,0.0,0.0,0.375,0.0,0.0,0.18181818181818182,1.0,0.038461538461538464,0.11538461538461539
31001F,NJ,Acute Care,0,1,Government,3.0,0.5714285714285714,0.375,0.36363636363636365,1.0,0.4166666666666667,0.5453463203463202,5,0.25,0.0,0.0,0.0,0.0,0.25,0.0,0.0,0.09090909090909091
310022,NJ,Acute Care,1,1,Non-Profit,3.0,0.8571428571428571,1.0,0.7272727272727273,1.0,0.9166666666666666,0.9002164502164502,5,0.0,0.0,0.5,0.0,0.0,0.25,2.0,0.09090909090909091,0.18181818181818182
310024,NJ,Acute Care,0,1,Non-Profit,3.0,0.8571428571428571,0.75,0.6363636363636364,1.0,0.75,0.7987012987012987,5,0.0,0.16666666666666666,0.16666666666666666,0.0,0.0,0.14285714285714285,-1.0,-0.05263157894736842,0.05263157894736842
310025,NJ,Acute Care,0,0,Non-Profit,2.0,0.8571428571428571,0.75,0.7272727272727273,1.0,0.8333333333333334,0.8335497835497835,5,0.0,0.0,0.0,0.0,0.0,0.125,-1.0,-0.05,0.0
310027,NJ,Acute Care,1,1,Non-Profit,2.0,0.7142857142857143,0.625,0.7272727272727273,1.0,0.75,0.7633116883116884,5,0.0,0.2,0.0,0.0,0.0,0.0,-1.0,-0.05555555555555555,0.0
310028,NJ,Acute Care,1,1,Non-Profit,4.0,0.8571428571428571,0.875,0.9090909090909091,1.0,0.9166666666666666,0.9115800865800866,5,0.0,0.0,0.14285714285714285,0.0,0.0,0.0,1.0,0.043478260869565216,0.043478260869565216
310029,NJ,Acute Care,1,1,Government,2.0,1.0,0.75,0.7272727272727273,1.0,0.9166666666666666,0.8787878787878789,5,0.0,0.0,0.5,0.0,0.0,0.125,2.0,0.09523809523809523,0.14285714285714285
310031,NJ,Acute Care,0,0,Non-Profit,4.0,0.8571428571428571,0.5,0.6363636363636364,1.0,0.5,0.6987012987012987,5,0.0,0.0,0.5,0.0,0.0,0.2857142857142857,0.0,0.0,0.11764705882352941
310032,NJ,Acute Care,1,1,Non-Profit,2.0,0.8571428571428571,0.75,0.6363636363636364,1.0,0.9166666666666666,0.8320346320346321,5,0.0,0.0,0.5,0.0,0.0,0.42857142857142855,0.0,0.0,0.15789473684210525
310034,NJ,Acute Care,1,1,Non-Profit,4.0,0.8571428571428571,0.875,0.9090909090909091,1.0,0.8333333333333334,0.89491341991342,5,0.0,0.0,0.14285714285714285,0.0,0.2,0.1,2.0,0.08695652173913043,0.13043478260869565
310038,NJ,Acute Care,1,1,Non-Profit,2.0,1.0,1.0,1.0,1.0,0.8333333333333334,0.9666666666666666,5,0.0,0.0,0.25,0.125,0.0,0.36363636363636365,-3.0,-0.11538461538461539,0.07692307692307693
310039,NJ,Acute Care,1,1,Non-Profit,3.0,0.8571428571428571,0.75,0.6363636363636364,1.0,0.75,0.7987012987012987,5,0.0,0.0,0.3333333333333333,0.0,0.0,0.14285714285714285,1.0,0.05263157894736842,0.10526315789473684
310040,NJ,Acute Care,1,0,Non-Profit,1.0,0.5714285714285714,0.375,0.45454545454545453,1.0,0.75,0.6301948051948052,5,0.0,0.0,0.0,0.0,0.0,0.4,-2.0,-0.16666666666666666,0.0
310041,NJ,Acute Care,1,1,Non-Profit,1.0,0.8571428571428571,1.0,0.9090909090909091,1.0,0.9166666666666666,0.9365800865800866,5,0.0,0.3333333333333333,0.375,0.0,0.0,0.4,-3.0,-0.125,0.125
310044,NJ,Acute Care,1,1,Non-Profit,3.0,0.8571428571428571,1.0,0.9090909090909091,1.0,0.8333333333333334,0.91991341991342,5,0.0,0.0,0.25,0.0,0.0,0.1,1.0,0.041666666666666664,0.08333333333333333
310045,NJ,Acute Care,1,1,Non-Profit,4.0,1.0,0.875,1.0,1.0,0.9166666666666666,0.9583333333333334,5,0.0,0.0,0.2857142857142857,0.0,0.0,0.2727272727272727,-1.0,-0.04,0.08
310047,NJ,Acute Care,1,1,Non-Profit,4.0,0.8571428571428571,0.875,0.8181818181818182,1.0,0.75,0.8600649350649352,5,0.0,0.0,0.14285714285714285,0.0,0.0,0.1111111111111111,0.0,0.0,0.045454545454545456
310048,NJ,Acute Care,1,1,Non-Profit,3.0,0.8571428571428571,0.875,0.9090909090909091,1.0,0.8333333333333334,0.89491341991342,5,0.0,0.16666666666666666,0.14285714285714285,0.0,0.0,0.2,-2.0,-0.08695652173913043,0.043478260869565216
310050,NJ,Acute Care,1,1,For-Profit,3.0,0.8571428571428571,0.875,0.7272727272727273,1.0,0.6666666666666666,0.8252164502164503,5,0.0,0.0,0.14285714285714285,0.14285714285714285,0.0,0.0,0.0,0.0,0.047619047619047616
310051,NJ,Acute Care,1,1,Non-Profit,4.0,0.8571428571428571,1.0,0.9090909090909091,1.0,0.8333333333333334,0.91991341991342,5,0.0,0.0,0.25,0.0,0.1,0.0,3.0,0.125,0.125
310052,NJ,Acute Care,1,1,Non-Profit,3.0,0.8571428571428571,0.875,0.9090909090909091,1.0,0.9166666666666666,0.9115800865800866,5,0.0,0.0,0.0,0.0,0.0,0.1,-1.0,-0.043478260869565216,0.0
310054,NJ,Acute Care,1,1,For-Profit,3.0,0.8571428571428571,0.875,0.9090909090909091,1.0,0.8333333333333334,0.89491341991342,5,0.16666666666666666,0.0,0.14285714285714285,0.0,0.0,0.0,2.0,0.08695652173913043,0.08695652173913043
310057,NJ,Acute Care,1,1,Non-Profit,3.0,0.8571428571428571,0.875,0.8181818181818182,1.0,0.8333333333333334,0.8767316017316018,5,0.0,0.0,0.2857142857142857,0.0,0.0,0.1111111111111111,1.0,0.045454545454545456,0.09090909090909091
310058,NJ,Acute Care,0,1,Non-Profit,,0.14285714285714285,0.25,0.2727272727272727,0.0,0.5,0.2331168831168831,4,0.0,0.0,0.5,0.0,0.0,0.3333333333333333,0.0,0.0,0.16666666666666666
310060,NJ,Acute Care,0,1,Non-Profit,5.0,0.5714285714285714,0.625,0.8181818181818182,1.0,0.75,0.7529220779220779,5,0.25,0.0,0.2,0.0,0.0,0.0,2.0,0.1111111111111111,0.1111111111111111
310061,NJ,Acute Care,0,1,Non-Profit,2.0,0.7142857142857143,0.5,0.5454545454545454,1.0,0.6666666666666666,0.6852813852813853,5,0.0,0.0,0.0,0.0,0.0,0.16666666666666666,-1.0,-0.06666666666666667,0.0
310064,NJ,Acute Care,1,1,Non-Profit,3.0,1.0,1.0,1.0,1.0,0.8333333333333334,0.9666666666666666,5,0.0,0.0,0.25,0.0,0.0,0.09090909090909091,1.0,0.038461538461538464,0.07692307692307693
310069,NJ,Acute Care,1,1,Non-Profit,3.0,0.8571428571428571,0.75,0.8181818181818182,1.0,0.9166666666666666,0.8683982683982684,5,0.0,0.0,0.3333333333333333,0.0,0.0,0.3333333333333333,-1.0,-0.047619047619047616,0.09523809523809523
310070,NJ,Acute Care,1,1,Non-Profit,4.0,0.8571428571428571,1.0,0.7272727272727273,1.0,0.8333333333333334,0.8835497835497834,5,0.0,0.0,0.125,0.0,0.0,0.0,1.0,0.045454545454545456,0.045454545454545456
310073,NJ,Acute Care,1,1,Non-Profit,3.0,1.0,1.0,1.0,1.0,0.8333333333333334,0.9666666666666666,5,0.42857142857142855,0.0,0.375,0.0,0.09090909090909091,0.18181818181818182,5.0,0.19230769230769232,0.2692307692307692
310074,NJ,Acute Care,1,1,Non-Profit,2.0,1.0,0.875,0.9090909090909091,1.0,0.9166666666666666,0.9401515151515152,5,0.0,0.0,0.2857142857142857,0.14285714285714285,0.0,0.1,0.0,0.0,0.08333333333333333
310075,NJ,Acute Care,1,1,Non-Profit,3.0,0.8571428571428571,1.0,0.9090909090909091,1.0,0.8333333333333334,0.91991341991342,5,0.0,0.0,0.25,0.0,0.0,0.1,1.0,0.041666666666666664,0.08333333333333333
310076,NJ,Acute Care,1,1,Non-Profit,3.0,1.0,1.0,1.0,1.0,0.8333333333333334,0.9666666666666666,5,0.0,0.0,0.5,0.0,0.0,0.18181818181818182,2.0,0.07692307692307693,0.15384615384615385
310083,NJ,Acute Care,0,1,For-Profit,1.0,0.42857142857142855,0.5,0.36363636363636365,1.0,0.6666666666666666,0.5917748917748917,5,0.0,0.0,0.25,0.0,0.0,0.25,0.0,0.0,0.09090909090909091
310084,NJ,Acute Care,0,1,Non-Profit,2.0,0.7142857142857143,0.625,0.7272727272727273,1.0,0.75,0.7633116883116884,5,0.0,0.0,0.2,0.0,0.0,0.25,-1.0,-0.05555555555555555,0.05555555555555555
310086,NJ,Acute Care,1,1,Non-Profit,2.0,0.8571428571428571,1.0,0.9090909090909091,1.0,0.9166666666666666,0.9365800865800866,5,0.0,0.0,0.125,0.0,0.0,0.3,-2.0,-0.08333333333333333,0.041666666666666664
310092,NJ,Acute Care,0,1,Non-Profit,2.0,0.7142857142857143,0.75,0.5454545454545454,1.0,0.75,0.7519480519480519,5,0.0,0.0,0.16666666666666666,0.0,0.0,0.16666666666666666,0.0,0.0,0.058823529411764705
310096,NJ,Acute Care,0,1,Non-Profit,4.0,0.42857142857142855,0.75,0.7272727272727273,1.0,0.6666666666666666,0.7145021645021645,5,0.3333333333333333,0.0,0.16666666666666666,0.0,0.0,0.0,2.0,0.11764705882352941,0.11764705882352941
310108,NJ,Acute Care,1,1,Non-Profit,3.0,0.8571428571428571,0.75,0.8181818181818182,1.0,0.9166666666666666,0.8683982683982684,5,0.16666666666666666,0.0,0.3333333333333333,0.0,0.0,0.1111111111111111,2.0,0.09523809523809523,0.14285714285714285
310110,NJ,Acute Care,0,1,Non-Profit,3.0,0.8571428571428571,0.875,0.9090909090909091,1.0,0.75,0.8782467532467532,5,0.0,0.0,0.14285714285714285,0.0,0.0,0.1,0.0,0.0,0.043478260869565216
310111,NJ,Acute Care,1,1,Non-Profit,2.0,0.8571428571428571,0.875,0.7272727272727273,1.0,0.9166666666666666,0.8752164502164502,5,0.16666666666666666,0.0,0.2857142857142857,0.14285714285714285,0.125,0.375,0.0,0.0,0.19047619047619047
310112,NJ,Acute Care,0,1,Non-Profit,3.0,0.8571428571428571,0.75,0.7272727272727273,1.0,0.6666666666666666,0.8002164502164503,5,0.0,0.0,0.3333333333333333,0.0,0.0,0.25,0.0,0.0,0.1
310113,NJ,Acute Care,1,1,Non-Profit,4.0,0.8571428571428571,0.75,0.8181818181818182,1.0,0.8333333333333334,0.8517316017316018,5,0.0,0.0,0.16666666666666666,0.0,0.0,0.0,1.0,0.047619047619047616,0.047619047619047616
310115,NJ,Acute Care,0,1,Non-Profit,3.0,0.8571428571428571,0.375,0.7272727272727273,1.0,0.8333333333333334,0.7585497835497835,5,0.0,0.0,0.0,0.0,0.0,0.125,-1.0,-0.058823529411764705,0.0
310118,NJ,Acute Care,0,1,For-Profit,1.0,0.42857142857142855,0.375,0.6363636363636364,1.0,0.6666666666666666,0.6213203463203463,5,0.0,0.3333333333333333,0.0,0.0,0.0,0.2857142857142857,-3.0,-0.23076923076923078,0.0
310119,NJ,Acute Care,1,1,Government,1.0,0.7142857142857143,0.75,0.6363636363636364,1.0,0.75,0.7701298701298701,5,0.0,0.2,0.16666666666666666,0.16666666666666666,0.0,0.14285714285714285,-2.0,-0.1111111111111111,0.05555555555555555
310130,NJ,Acute Care,1,1,For-Profit,4.0,0.7142857142857143,0.5,0.6363636363636364,1.0,0.8333333333333334,0.7367965367965368,5,0.2,0.0,0.25,0.0,0.14285714285714285,0.0,3.0,0.1875,0.1875
312024,NJ,Long-term,0,0,Non-Profit,,0.0,0.0,0.0,0.0,0.0,0.0,0,,,,,,,0.0,,
313300,NJ,Childrens,0,0,Non-Profit,,0.0,0.0,0.0,0.0,0.0,0.0,0,,,,,,,0.0,,
313302,NJ,Childrens,0,0,For-Profit,,0.0,0.0,0.0,0.0,0.0,0.0,0,,,,,,,0.0,,
314001,NJ,Psychiatric,0,0,Non-Profit,,0.0,0.0,0.0,0.0,0.0,0.0,0,,,,,,,0.0,,
314005,NJ,Psychiatric,0,0,Government,,0.0,0.0,0.0,0.0,0.0,0.0,0,,,,,,,0.0,,
314011,NJ,Psychiatric,0,1,Government,,0.0,0.0,0.0,0.0,0.0,0.0,0,,,,,,,0.0,,
314012,NJ,Psychiatric,0,0,Non-Profit,,0.0,0.0,0.0,0.0,0.0,0.0,0,,,,,,,0.0,,
314013,NJ,Psychiatric,0,0,Government,,0.0,0.0,0.0,0.0,0.0,0.0,0,,,,,,,0.0,,
314016,NJ,Psychiatric,0,0,Government,,0.0,0.0,0.0,0.0,0.0,0.0,0,,,,,,,0.0,,
314018,NJ,Psychiatric,0,0,For-Profit,,0.0,0.0,0.0,0.0,0.0,0.0,0,,,,,,,0.0,,
314019,NJ,Psychiatric,0,0,Non-Profit,,0.0,0.0,0.0,0.0,0.0,0.0,0,,,,,,,0.0,,
314020,NJ,Psychiatric,0,0,Government,,0.0,0.0,0.0,0.0,0.0,0.0,0,,,,,,,0.0,,
314021,NJ,Psychiatric,0,0,For-Profit,,0.0,0.0,0.0,0.0,0.0,0.0,0,,,,,,,0.0,,
314022,NJ,Psychiatric,0,0,Non-Profit,,0.0,0.0,0.0,0.0,0.0,0.0,0,,,,,,,0.0,,
314023,NJ,Psychiatric,0,0,For-Profit,,0.0,0.0,0.0,0.0,0.0,0.0,0,,,,,,,0.0,,
314024,NJ,Psychiatric,0,0,Government,,0.0,0.0,0.0,0.0,0.0,0.0,0,,,,,,,0.0,,
314027,NJ,Psychiatric,0,0,For-Profit,,0.0,0.0,0.0,0.0,0.0,0.0,0,,,,,,,0.0,,
320001,NM,Acute Care,1,1,Government,2.0,0.8571428571428571,0.875,0.8181818181818182,1.0,0.8333333333333334,0.8767316017316018,5,0.0,0.0,0.2857142857142857,0.14285714285714285,0.1111111111111111,0.1111111111111111,1.0,0.045454545454545456,0.13636363636363635
320002,NM,Acute Care,1,1,Non-Profit,5.0,0.8571428571428571,0.75,0.8181818181818182,1.0,0.9166666666666666,0.8683982683982684,5,0.0,0.0,0.0,0.0,0.5555555555555556,0.0,5.0,0.23809523809523808,0.23809523809523808
320004,NM,Acute Care,1,1,Non-Profit,3.0,0.8571428571428571,0.625,0.9090909090909091,1.0,0.9166666666666666,0.8615800865800866,5,0.0,0.0,0.0,0.0,0.0,0.1,-1.0,-0.047619047619047616,0.0
320005,NM,Acute Care,1,1,Non-Profit,2.0,0.8571428571428571,0.875,0.9090909090909091,1.0,1.0,0.9282467532467532,5,0.0,0.0,0.14285714285714285,0.0,0.0,0.0,1.0,0.043478260869565216,0.043478260869565216
320006,NM,Acute Care,1,1,For-Profit,2.0,0.7142857142857143,0.5,0.6363636363636364,1.0,0.9166666666666666,0.7534632034632034,5,0.0,0.0,0.0,0.0,0.0,0.0,0.0,0.0,0.0
320009,NM,Acute Care,0,1,For-Profit,3.0,1.0,0.875,0.8181818181818182,1.0,0.75,0.8886363636363637,5,0.0,0.0,0.5714285714285714,0.0,0.0,0.1111111111111111,3.0,0.13043478260869565,0.17391304347826086
320011,NM,Acute Care,1,1,Non-Profit,,0.14285714285714285,0.25,0.5454545454545454,1.0,0.8333333333333334,0.5543290043290043,5,0.0,0.0,0.0,0.0,0.0,0.16666666666666666,-1.0,-0.1111111111111111,0.0
320017,NM,Acute Care,1,1,For-Profit,2.0,0.2857142857142857,0.75,0.5454545454545454,1.0,0.75,0.6662337662337662,5,0.0,0.0,0.16666666666666666,0.0,0.0,0.0,1.0,0.07142857142857142,0.07142857142857142
320018,NM,Acute Care,1,1,For-Profit,1.0,1.0,0.625,0.9090909090909091,1.0,0.8333333333333334,0.8734848484848484,5,0.0,0.2857142857142857,0.2,0.0,0.0,0.1,-2.0,-0.09090909090909091,0.045454545454545456
320021,NM,Acute Care,1,1,Non-Profit,3.0,1.0,1.0,1.0,1.0,1.0,1.0,5,0.0,0.0,0.125,0.0,0.18181818181818182,0.0,3.0,0.11538461538461539,0.11538461538461539
320022,NM,Acute Care,1,1,Non-Profit,2.0,0.5714285714285714,0.375,0.8181818181818182,1.0,0.8333333333333334,0.7195887445887446,5,0.0,0.0,0.0,0.0,0.0,0.1111111111111111,-1.0,-0.0625,0.0
320030,NM,Acute Care,0,1,Non-Profit,,0.14285714285714285,0.25,0.45454545454545453,0.0,0.8333333333333334,0.3361471861471862,4,0.0,0.0,0.0,0.0,0.0,0.0,0.0,0.0,0.0
320033,NM,Acute Care,1,1,For-Profit,,0.14285714285714285,0.125,0.36363636363636365,1.0,0.75,0.47629870129870133,5,0.0,0.0,0.0,0.0,0.0,0.0,0.0,0.0,0.0
320057,NM,Acute Care,0,0,Government,,0.0,0.0,0.0,0.0,0.0,0.0,0,,,,,,,0.0,,
320059,NM,Acute Care,0,1,Government,,0.2857142857142857,0.25,0.2727272727272727,1.0,0.4166666666666667,0.445021645021645,5,0.0,0.0,0.0,0.0,0.0,0.0,0.0,0.0,0.0
32005F,NM,Acute Care,0,1,Government,3.0,0.7142857142857143,0.5,0.5454545454545454,1.0,0.4166666666666667,0.6352813852813852,5,0.4,0.0,0.0,0.25,0.16666666666666666,0.0,2.0,0.13333333333333333,0.2
320060,NM,Acute Care,1,0,Government,,0.0,0.0,0.09090909090909091,0.0,0.25,0.06818181818181819,2,,,,,0.0,0.0,0.0,0.0,0.0
320061,NM,Acute Care,1,1,Government,2.0,0.2857142857142857,0.375,0.2727272727272727,1.0,0.4166666666666667,0.470021645021645,5,0.0,0.0,0.0,0.0,0.0,0.0,0.0,0.0,0.0
320062,NM,Acute Care,0,1,Government,,0.0,0.0,0.09090909090909091,0.0,0.25,0.06818181818181819,2,,,,,0.0,0.0,0.0,0.0,0.0
320063,NM,Acute Care,1,1,Non-Profit,2.0,0.5714285714285714,0.375,0.6363636363636364,1.0,0.8333333333333334,0.6832251082251083,5,0.0,0.0,0.0,0.0,0.0,0.14285714285714285,-1.0,-0.07142857142857142,0.0
320065,NM,Acute Care,0,1,Non-Profit,3.0,0.42857142857142855,0.25,0.36363636363636365,0.0,0.8333333333333334,0.3751082251082251,4,0.0,0.0,0.0,0.0,0.25,0.0,1.0,0.1111111111111111,0.1111111111111111
320074,NM,Acute Care,0,1,For-Profit,,0.2857142857142857,0.25,0.45454545454545453,1.0,0.6666666666666666,0.5313852813852813,5,0.0,0.0,0.0,0.0,0.0,0.0,0.0,0.0,0.0
320084,NM,Acute Care,0,1,Government,,0.14285714285714285,0.125,0.2727272727272727,0.0,0.5833333333333334,0.22478354978354975,4,0.0,0.0,0.0,0.0,0.0,0.0,0.0,0.0,0.0
320085,NM,Acute Care,1,1,For-Profit,1.0,1.0,0.75,0.9090909090909091,1.0,0.9166666666666666,0.9151515151515153,5,0.0,0.0,0.16666666666666666,0.0,0.0,0.1,0.0,0.0,0.043478260869565216
320086,NM,Acute Care,1,1,For-Profit,,0.2857142857142857,0.25,0.5454545454545454,1.0,0.75,0.5662337662337662,5,0.0,0.0,0.0,0.0,0.0,0.0,0.0,0.0,0.0
320090,NM,Acute Care,1,1,Non-Profit,3.0,0.2857142857142857,0.375,0.45454545454545453,1.0,0.9166666666666666,0.6063852813852814,5,0.0,0.0,0.0,0.0,0.0,0.0,0.0,0.0,0.0
320091,NM,Acute Care,0,1,For-Profit,3.0,0.42857142857142855,0.375,0.45454545454545453,1.0,0.5,0.5516233766233766,5,0.0,0.0,0.0,0.0,0.0,0.0,0.0,0.0,0.0
320779,NM,Rural/Access,0,1,Government,,0.0,0.0,0.0,0.0,0.0,0.0,0,,,,,,,0.0,,
321300,NM,Rural/Access,0,0,Government,,0.14285714285714285,0.0,0.09090909090909091,0.0,0.5,0.14675324675324675,3,0.0,0.0,,,0.0,0.0,0.0,0.0,0.0
321301,NM,Rural/Access,1,1,Non-Profit,,0.14285714285714285,0.0,0.18181818181818182,0.0,0.5833333333333334,0.1816017316017316,3,0.0,0.0,,,0.0,0.0,0.0,0.0,0.0
321302,NM,Rural/Access,0,1,Non-Profit,,0.0,0.0,0.09090909090909091,0.0,0.4166666666666667,0.10151515151515152,2,,,,,0.0,0.0,0.0,0.0,0.0
321304,NM,Rural/Access,0,1,Government,,0.0,0.0,0.09090909090909091,0.0,0.08333333333333333,0.03484848484848485,2,,,,,0.0,0.0,0.0,0.0,0.0
321305,NM,Rural/Access,0,1,Government,,0.14285714285714285,0.0,0.36363636363636365,1.0,0.4166666666666667,0.38463203463203466,4,0.0,0.0,,,0.25,0.0,1.0,0.2,0.2
321306,NM,Rural/Access,1,1,Non-Profit,2.0,0.42857142857142855,0.125,0.36363636363636365,1.0,0.6666666666666666,0.5167748917748918,5,0.0,0.0,0.0,0.0,0.0,0.25,-1.0,-0.125,0.0
321307,NM,Rural/Access,0,1,Government,,0.14285714285714285,0.0,0.18181818181818182,0.0,0.4166666666666667,0.14826839826839827,3,0.0,0.0,,,0.0,0.0,0.0,0.0,0.0
321308,NM,Rural/Access,0,1,Non-Profit,,0.14285714285714285,0.0,0.2727272727272727,0.0,0.5833333333333334,0.19978354978354979,3,0.0,0.0,,,0.3333333333333333,0.0,1.0,0.25,0.25
321309,NM,Rural/Access,0,1,For-Profit,,0.2857142857142857,0.25,0.2727272727272727,0.0,0.8333333333333334,0.32835497835497834,4,0.0,0.0,0.0,0.0,0.0,0.0,0.0,0.0,0.0
321310,NM,Rural/Access,1,1,Non-Profit,3.0,0.42857142857142855,0.125,0.45454545454545453,1.0,0.9166666666666666,0.5849567099567099,5,0.0,0.0,0.0,0.0,0.0,0.0,0.0,0.0,0.0
321311,NM,Rural/Access,1,1,Government,2.0,0.2857142857142857,0.375,0.7272727272727273,1.0,0.9166666666666666,0.6609307359307359,5,0.0,0.0,0.0,0.0,0.125,0.0,1.0,0.07692307692307693,0.07692307692307693
321312,NM,Rural/Access,0,1,For-Profit,,0.0,0.0,0.0,0.0,0.08333333333333333,0.016666666666666666,1,,,,,,,0.0,,
321313,NM,Rural/Access,0,1,Non-Profit,,0.0,0.0,0.0,0.0,0.08333333333333333,0.016666666666666666,1,,,,,,,0.0,,
324010,NM,Psychiatric,0,0,For-Profit,,0.0,0.0,0.0,0.0,0.0,0.0,0,,,,,,,0.0,,
324012,NM,Psychiatric,0,0,For-Profit,,0.0,0.0,0.0,0.0,0.0,0.0,0,,,,,,,0.0,,
324013,NM,Psychiatric,0,0,For-Profit,,0.0,0.0,0.0,0.0,0.0,0.0,0,,,,,,,0.0,,
324014,NM,Psychiatric,0,0,For-Profit,,0.0,0.0,0.0,0.0,0.0,0.0,0,,,,,,,0.0,,
330005,NY,Acute Care,1,1,Non-Profit,3.0,1.0,1.0,1.0,1.0,0.8333333333333334,0.9666666666666666,5,0.2857142857142857,0.14285714285714285,0.25,0.125,0.09090909090909091,0.09090909090909091,2.0,0.07692307692307693,0.19230769230769232
330006,NY,Acute Care,0,1,Non-Profit,1.0,0.2857142857142857,0.625,0.45454545454545453,1.0,0.6666666666666666,0.6063852813852814,5,0.0,0.0,0.0,0.0,0.0,0.2,-1.0,-0.08333333333333333,0.0
330009,NY,Acute Care,1,1,Non-Profit,1.0,0.7142857142857143,0.75,0.45454545454545453,1.0,0.75,0.7337662337662338,5,0.0,0.0,0.3333333333333333,0.0,0.0,0.2,1.0,0.0625,0.125
330011,NY,Acute Care,1,1,Non-Profit,2.0,0.8571428571428571,0.875,0.8181818181818182,1.0,0.8333333333333334,0.8767316017316018,5,0.0,0.16666666666666666,0.14285714285714285,0.14285714285714285,0.0,0.0,-1.0,-0.045454545454545456,0.045454545454545456
330013,NY,Acute Care,1,1,Non-Profit,2.0,1.0,1.0,1.0,1.0,0.8333333333333334,0.9666666666666666,5,0.0,0.14285714285714285,0.375,0.125,0.09090909090909091,0.09090909090909091,1.0,0.038461538461538464,0.15384615384615385
330014,NY,Acute Care,1,1,Non-Profit,1.0,0.8571428571428571,0.75,0.5454545454545454,1.0,0.75,0.7805194805194805,5,0.0,0.0,0.16666666666666666,0.0,0.0,0.3333333333333333,-1.0,-0.05555555555555555,0.05555555555555555
330019,NY,Acute Care,0,1,Non-Profit,1.0,0.8571428571428571,0.25,0.5454545454545454,1.0,0.6666666666666666,0.6638528138528138,5,0.0,0.0,0.0,0.0,0.0,0.5,-3.0,-0.21428571428571427,0.0
330023,NY,Acute Care,1,1,Non-Profit,3.0,1.0,0.875,0.9090909090909091,1.0,0.9166666666666666,0.9401515151515152,5,0.14285714285714285,0.0,0.42857142857142855,0.0,0.0,0.2,2.0,0.08333333333333333,0.16666666666666666
330024,NY,Acute Care,1,1,Non-Profit,3.0,1.0,1.0,1.0,1.0,0.9166666666666666,0.9833333333333334,5,0.42857142857142855,0.0,0.375,0.0,0.0,0.0,6.0,0.23076923076923078,0.23076923076923078
330027,NY,Acute Care,1,1,Government,1.0,0.8571428571428571,0.625,0.5454545454545454,1.0,0.75,0.7555194805194805,5,0.0,0.0,0.4,0.0,0.0,0.5,-1.0,-0.058823529411764705,0.11764705882352941
330028,NY,Acute Care,1,1,Non-Profit,1.0,0.8571428571428571,0.875,0.9090909090909091,1.0,0.5,0.8282467532467532,5,0.0,0.0,0.0,0.0,0.0,0.1,-1.0,-0.043478260869565216,0.0
330030,NY,Acute Care,1,1,Non-Profit,2.0,0.5714285714285714,0.5,0.5454545454545454,1.0,0.8333333333333334,0.6900432900432901,5,0.0,0.0,0.0,0.0,0.0,0.3333333333333333,-2.0,-0.14285714285714285,0.0
330033,NY,Acute Care,1,1,Non-Profit,,0.2857142857142857,0.25,0.45454545454545453,1.0,0.75,0.548051948051948,5,0.0,0.0,0.0,0.0,0.0,0.2,-1.0,-0.1111111111111111,0.0
330043,NY,Acute Care,1,1,Non-Profit,3.0,1.0,1.0,1.0,1.0,0.75,0.95,5,0.14285714285714285,0.0,0.5,0.0,0.0,0.09090909090909091,4.0,0.15384615384615385,0.19230769230769232
330044,NY,Acute Care,1,1,Non-Profit,1.0,0.7142857142857143,0.75,0.7272727272727273,1.0,0.8333333333333334,0.804978354978355,5,0.0,0.2,0.16666666666666666,0.16666666666666666,0.0,0.125,-2.0,-0.10526315789473684,0.05263157894736842
330045,NY,Acute Care,1,1,Non-Profit,5.0,0.8571428571428571,0.875,0.7272727272727273,1.0,0.8333333333333334,0.8585497835497835,5,0.5,0.0,0.2857142857142857,0.0,0.0,0.25,3.0,0.14285714285714285,0.23809523809523808
330046,NY,Acute Care,1,1,Non-Profit,3.0,1.0,1.0,1.0,1.0,0.8333333333333334,0.9666666666666666,5,0.42857142857142855,0.0,0.25,0.0,0.0,0.18181818181818182,3.0,0.11538461538461539,0.19230769230769232
330047,NY,Acute Care,1,1,Non-Profit,2.0,0.7142857142857143,0.5,0.7272727272727273,1.0,0.75,0.7383116883116884,5,0.0,0.0,0.0,0.0,0.0,0.125,-1.0,-0.058823529411764705,0.0
330049,NY,Acute Care,1,1,Non-Profit,4.0,0.7142857142857143,0.75,0.8181818181818182,1.0,0.75,0.8064935064935066,5,0.0,0.0,0.16666666666666666,0.0,0.0,0.1111111111111111,0.0,0.0,0.05
330055,NY,Acute Care,1,1,Non-Profit,4.0,0.8571428571428571,0.875,0.9090909090909091,1.0,0.8333333333333334,0.89491341991342,5,0.5,0.0,0.5714285714285714,0.0,0.0,0.2,5.0,0.21739130434782608,0.30434782608695654
330056,NY,Acute Care,1,1,Non-Profit,2.0,0.7142857142857143,1.0,0.9090909090909091,1.0,0.75,0.8746753246753247,5,0.0,0.0,0.125,0.0,0.0,0.2,-1.0,-0.043478260869565216,0.043478260869565216
330057,NY,Acute Care,1,1,Non-Profit,3.0,1.0,1.0,1.0,1.0,0.9166666666666666,0.9833333333333334,5,0.14285714285714285,0.0,0.25,0.125,0.0,0.09090909090909091,1.0,0.038461538461538464,0.11538461538461539
330058,NY,Acute Care,0,1,Non-Profit,1.0,0.5714285714285714,0.75,0.6363636363636364,1.0,0.8333333333333334,0.7582251082251082,5,0.0,0.0,0.0,0.0,0.0,0.2857142857142857,-2.0,-0.11764705882352941,0.0
330059,NY,Acute Care,1,1,Non-Profit,3.0,1.0,1.0,1.0,1.0,0.8333333333333334,0.9666666666666666,5,0.42857142857142855,0.0,0.125,0.125,0.09090909090909091,0.18181818181818182,2.0,0.07692307692307693,0.19230769230769232
330060,NY,Acute Care,0,1,Non-Profit,,0.0,0.0,0.0,0.0,0.0,0.0,0,,,,,,,0.0,,
330065,NY,Acute Care,1,1,Non-Profit,1.0,0.5714285714285714,0.75,0.5454545454545454,1.0,0.75,0.7233766233766235,5,0.0,0.0,0.0,0.16666666666666666,0.0,0.0,-1.0,-0.0625,0.0
330073,NY,Acute Care,1,1,Non-Profit,3.0,0.42857142857142855,0.75,0.8181818181818182,1.0,0.75,0.7493506493506493,5,0.0,0.0,0.0,0.0,0.0,0.1111111111111111,-1.0,-0.05555555555555555,0.0
330074,NY,Acute Care,1,1,Non-Profit,2.0,0.7142857142857143,0.75,0.5454545454545454,1.0,0.8333333333333334,0.7686147186147186,5,0.0,0.0,0.0,0.16666666666666666,0.0,0.3333333333333333,-3.0,-0.17647058823529413,0.0
330078,NY,Acute Care,1,1,Non-Profit,3.0,0.5714285714285714,0.875,0.5454545454545454,1.0,0.75,0.7483766233766234,5,0.0,0.0,0.2857142857142857,0.14285714285714285,0.16666666666666666,0.0,2.0,0.11764705882352941,0.17647058823529413
330079,NY,Acute Care,1,1,Non-Profit,4.0,0.5714285714285714,0.375,0.8181818181818182,1.0,0.75,0.702922077922078,5,0.0,0.0,0.0,0.0,0.1111111111111111,0.1111111111111111,0.0,0.0,0.0625
330080,NY,Acute Care,1,1,Government,1.0,0.5714285714285714,0.75,0.45454545454545453,1.0,0.75,0.7051948051948053,5,0.0,0.0,0.5,0.0,0.0,0.0,3.0,0.2,0.2
330085,NY,Acute Care,0,1,Non-Profit,3.0,0.5714285714285714,0.375,0.6363636363636364,1.0,0.6666666666666666,0.6498917748917749,5,0.0,0.0,0.0,0.0,0.0,0.0,0.0,0.0,0.0
330086,NY,Acute Care,0,1,Non-Profit,,0.0,0.25,0.18181818181818182,0.0,0.6666666666666666,0.21969696969696967,3,,,0.0,0.0,0.0,0.0,0.0,0.0,0.0
330090,NY,Acute Care,1,1,Non-Profit,1.0,0.8571428571428571,0.875,0.9090909090909091,1.0,0.75,0.8782467532467532,5,0.0,0.0,0.14285714285714285,0.14285714285714285,0.0,0.1,-1.0,-0.043478260869565216,0.043478260869565216
330094,NY,Acute Care,0,1,Non-Profit,2.0,0.5714285714285714,0.75,0.8181818181818182,1.0,0.8333333333333334,0.7945887445887446,5,0.0,0.0,0.0,0.16666666666666666,0.0,0.0,-1.0,-0.05263157894736842,0.0
330096,NY,Acute Care,1,1,Non-Profit,4.0,0.42857142857142855,0.25,0.7272727272727273,1.0,0.8333333333333334,0.6478354978354979,5,0.0,0.0,0.0,0.0,0.125,0.0,1.0,0.07692307692307693,0.07692307692307693
33009F,NY,Acute Care,0,1,Government,3.0,0.5714285714285714,0.5,0.45454545454545453,1.0,0.3333333333333333,0.571861471861472,5,0.25,0.0,0.0,0.0,0.0,0.0,1.0,0.07692307692307693,0.07692307692307693
330100,NY,Acute Care,0,0,Non-Profit,,0.0,0.0,0.09090909090909091,0.0,0.25,0.06818181818181819,2,,,,,0.0,0.0,0.0,0.0,0.0
330101,NY,Acute Care,1,1,Non-Profit,5.0,1.0,1.0,1.0,1.0,1.0,1.0,5,0.7142857142857143,0.0,0.375,0.0,0.2727272727272727,0.18181818181818182,9.0,0.34615384615384615,0.4230769230769231
330102,NY,Acute Care,0,1,Non-Profit,2.0,0.8571428571428571,0.75,0.6363636363636364,1.0,0.6666666666666666,0.782034632034632,5,0.0,0.0,0.5,0.0,0.0,0.14285714285714285,2.0,0.10526315789473684,0.15789473684210525
330103,NY,Acute Care,1,1,For-Profit,1.0,0.8571428571428571,0.875,0.9090909090909091,1.0,0.9166666666666666,0.9115800865800866,5,0.0,0.16666666666666666,0.14285714285714285,0.0,0.0,0.1,-1.0,-0.043478260869565216,0.043478260869565216
330104,NY,Acute Care,1,0,Non-Profit,2.0,0.8571428571428571,0.875,0.9090909090909091,1.0,0.8333333333333334,0.89491341991342,5,0.0,0.0,0.14285714285714285,0.0,0.0,0.2,-1.0,-0.043478260869565216,0.043478260869565216
330106,NY,Acute Care,1,1,Non-Profit,4.0,1.0,0.875,1.0,1.0,1.0,0.975,5,0.42857142857142855,0.0,0.42857142857142855,0.0,0.0,0.18181818181818182,4.0,0.16,0.24
330107,NY,Acute Care,1,1,Non-Profit,3.0,0.8571428571428571,0.875,0.7272727272727273,1.0,0.8333333333333334,0.8585497835497835,5,0.0,0.0,0.2857142857142857,0.0,0.0,0.125,1.0,0.047619047619047616,0.09523809523809523
330111,NY,Acute Care,0,1,Non-Profit,2.0,0.42857142857142855,0.125,0.36363636363636365,1.0,0.5833333333333334,0.5001082251082252,5,0.0,0.0,0.0,0.0,0.0,0.0,0.0,0.0,0.0
330115,NY,Acute Care,1,1,Non-Profit,3.0,0.42857142857142855,0.625,0.7272727272727273,1.0,0.75,0.7061688311688312,5,0.0,0.3333333333333333,0.0,0.0,0.0,0.125,-2.0,-0.125,0.0
330119,NY,Acute Care,1,1,Non-Profit,4.0,1.0,1.0,1.0,1.0,0.8333333333333334,0.9666666666666666,5,0.42857142857142855,0.0,0.25,0.0,0.09090909090909091,0.0,6.0,0.23076923076923078,0.23076923076923078
33011F,NY,Acute Care,0,0,Government,,0.14285714285714285,0.0,0.18181818181818182,0.0,0.16666666666666666,0.09826839826839825,3,0.0,0.0,,,0.0,0.0,0.0,0.0,0.0
330125,NY,Acute Care,1,1,Non-Profit,1.0,1.0,1.0,1.0,1.0,0.8333333333333334,0.9666666666666666,5,0.0,0.0,0.25,0.125,0.0,0.18181818181818182,-1.0,-0.038461538461538464,0.07692307692307693
330126,NY,Acute Care,1,1,Non-Profit,3.0,0.8571428571428571,1.0,0.9090909090909091,1.0,0.9166666666666666,0.9365800865800866,5,0.3333333333333333,0.0,0.125,0.0,0.0,0.2,1.0,0.041666666666666664,0.125
330127,NY,Acute Care,1,1,Government,1.0,0.8571428571428571,0.75,0.5454545454545454,1.0,0.75,0.7805194805194805,5,0.0,0.0,0.16666666666666666,0.16666666666666666,0.0,0.16666666666666666,-1.0,-0.05555555555555555,0.05555555555555555
330128,NY,Acute Care,1,1,Government,2.0,0.7142857142857143,0.75,0.6363636363636364,1.0,0.75,0.7701298701298701,5,0.0,0.0,0.3333333333333333,0.0,0.0,0.0,2.0,0.1111111111111111,0.1111111111111111
33012F,NY,Acute Care,0,1,Government,4.0,0.7142857142857143,0.5,0.5454545454545454,1.0,0.4166666666666667,0.6352813852813852,5,0.4,0.0,0.0,0.0,0.0,0.0,2.0,0.13333333333333333,0.13333333333333333
330135,NY,Acute Care,0,1,Non-Profit,2.0,0.5714285714285714,0.25,0.5454545454545454,1.0,0.75,0.6233766233766234,5,0.0,0.0,0.0,0.0,0.0,0.3333333333333333,-2.0,-0.16666666666666666,0.0
330136,NY,Acute Care,1,1,Non-Profit,2.0,1.0,0.875,1.0,1.0,0.8333333333333334,0.9416666666666667,5,0.0,0.0,0.2857142857142857,0.14285714285714285,0.0,0.0,1.0,0.04,0.08
330140,NY,Acute Care,1,1,Non-Profit,2.0,1.0,0.875,0.8181818181818182,1.0,0.75,0.8886363636363637,5,0.14285714285714285,0.0,0.42857142857142855,0.0,0.0,0.4444444444444444,0.0,0.0,0.17391304347826086
330141,NY,Acute Care,0,1,Non-Profit,2.0,0.8571428571428571,0.875,0.7272727272727273,1.0,0.75,0.8418831168831169,5,0.0,0.0,0.14285714285714285,0.14285714285714285,0.0,0.25,-2.0,-0.09523809523809523,0.047619047619047616
330151,NY,Acute Care,0,1,Non-Profit,2.0,0.42857142857142855,0.125,0.5454545454545454,1.0,0.6666666666666666,0.553138528138528,5,0.0,0.0,0.0,0.0,0.0,0.0,0.0,0.0,0.0
330153,NY,Acute Care,1,1,Non-Profit,3.0,1.0,0.875,1.0,1.0,0.8333333333333334,0.9416666666666667,5,0.0,0.0,0.42857142857142855,0.14285714285714285,0.09090909090909091,0.09090909090909091,2.0,0.08,0.16
330157,NY,Acute Care,1,1,Non-Profit,3.0,0.5714285714285714,0.875,0.8181818181818182,1.0,0.8333333333333334,0.8195887445887445,5,0.0,0.0,0.0,0.0,0.0,0.1111111111111111,-1.0,-0.05,0.0
330158,NY,Acute Care,1,1,Non-Profit,2.0,1.0,0.875,1.0,1.0,0.8333333333333334,0.9416666666666667,5,0.0,0.0,0.14285714285714285,0.0,0.0,0.18181818181818182,-1.0,-0.04,0.04
33015F,NY,Acute Care,0,0,Government,5.0,0.42857142857142855,0.0,0.36363636363636365,0.0,0.25,0.20844155844155843,3,0.0,0.0,,,0.0,0.0,0.0,0.0,0.0
330160,NY,Acute Care,1,1,Non-Profit,2.0,1.0,1.0,1.0,1.0,0.8333333333333334,0.9666666666666666,5,0.0,0.0,0.25,0.125,0.0,0.18181818181818182,-1.0,-0.038461538461538464,0.07692307692307693
330162,NY,Acute Care,1,1,Non-Profit,5.0,0.8571428571428571,1.0,0.9090909090909091,1.0,0.9166666666666666,0.9365800865800866,5,0.0,0.0,0.25,0.0,0.0,0.0,2.0,0.08333333333333333,0.08333333333333333
330164,NY,Acute Care,1,1,Non-Profit,1.0,0.7142857142857143,1.0,0.8181818181818182,1.0,0.8333333333333334,0.8731601731601731,5,0.0,0.0,0.125,0.125,0.0,0.3333333333333333,-3.0,-0.13636363636363635,0.045454545454545456
330166,NY,Acute Care,0,1,Non-Profit,,0.14285714285714285,0.0,0.18181818181818182,0.0,0.5,0.16493506493506493,3,0.0,0.0,,,0.0,0.0,0.0,0.0,0.0
330169,NY,Acute Care,0,1,Non-Profit,2.0,0.8571428571428571,0.75,0.8181818181818182,1.0,0.8333333333333334,0.8517316017316018,5,0.5,0.0,0.3333333333333333,0.0,0.0,0.2222222222222222,3.0,0.14285714285714285,0.23809523809523808
33016F,NY,Acute Care,0,1,Government,3.0,0.5714285714285714,0.5,0.36363636363636365,1.0,0.4166666666666667,0.5703463203463203,5,0.0,0.0,0.0,0.0,0.0,0.0,0.0,0.0,0.0
330175,NY,Acute Care,1,1,Non-Profit,3.0,0.42857142857142855,0.375,0.7272727272727273,1.0,0.9166666666666666,0.6895021645021645,5,0.3333333333333333,0.0,0.3333333333333333,0.0,0.0,0.125,1.0,0.07142857142857142,0.14285714285714285
33017F,NY,Acute Care,0,1,Government,2.0,0.7142857142857143,0.25,0.5454545454545454,1.0,0.5,0.601948051948052,5,0.2,0.0,0.0,0.0,0.0,0.3333333333333333,-1.0,-0.07692307692307693,0.07692307692307693
330180,NY,Acute Care,1,1,Non-Profit,3.0,0.8571428571428571,0.75,0.8181818181818182,1.0,0.8333333333333334,0.8517316017316018,5,0.0,0.0,0.3333333333333333,0.0,0.0,0.0,2.0,0.09523809523809523,0.09523809523809523
330181,NY,Acute Care,0,1,Non-Profit,5.0,0.7142857142857143,0.375,0.5454545454545454,1.0,0.6666666666666666,0.6602813852813852,5,0.0,0.0,0.3333333333333333,0.0,0.16666666666666666,0.0,2.0,0.14285714285714285,0.14285714285714285
330182,NY,Acute Care,0,1,Non-Profit,5.0,1.0,0.875,1.0,1.0,0.75,0.925,5,0.5714285714285714,0.0,0.42857142857142855,0.14285714285714285,0.0,0.18181818181818182,4.0,0.16,0.28
330184,NY,Acute Care,1,1,Non-Profit,1.0,0.7142857142857143,0.75,0.6363636363636364,1.0,0.75,0.7701298701298701,5,0.0,0.0,0.16666666666666666,0.0,0.0,0.2857142857142857,-1.0,-0.05555555555555555,0.05555555555555555
330185,NY,Acute Care,0,1,Non-Profit,5.0,0.8571428571428571,0.875,0.7272727272727273,1.0,0.6666666666666666,0.8252164502164503,5,0.3333333333333333,0.0,0.42857142857142855,0.0,0.0,0.0,5.0,0.23809523809523808,0.23809523809523808
330188,NY,Acute Care,0,1,Non-Profit,3.0,0.5714285714285714,0.5,0.5454545454545454,1.0,0.9166666666666666,0.7067099567099567,5,0.0,0.0,0.25,0.0,0.0,0.3333333333333333,-1.0,-0.07142857142857142,0.07142857142857142
330191,NY,Acute Care,1,1,Non-Profit,2.0,0.8571428571428571,0.75,0.8181818181818182,1.0,0.9166666666666666,0.8683982683982684,5,0.0,0.16666666666666666,0.16666666666666666,0.16666666666666666,0.0,0.1111111111111111,-2.0,-0.09523809523809523,0.047619047619047616
330193,NY,Acute Care,1,1,Non-Profit,2.0,0.7142857142857143,0.75,0.45454545454545453,1.0,0.75,0.7337662337662338,5,0.0,0.0,0.5,0.0,0.0,0.2,2.0,0.125,0.1875
330194,NY,Acute Care,1,1,Non-Profit,2.0,1.0,1.0,1.0,1.0,0.8333333333333334,0.9666666666666666,5,0.5714285714285714,0.0,0.125,0.0,0.0,0.36363636363636365,1.0,0.038461538461538464,0.19230769230769232
330195,NY,Acute Care,1,1,Non-Profit,3.0,0.8571428571428571,1.0,0.9090909090909091,1.0,0.9166666666666666,0.9365800865800866,5,0.3333333333333333,0.0,0.375,0.0,0.1,0.4,2.0,0.08333333333333333,0.25
330196,NY,Acute Care,1,1,Non-Profit,1.0,0.8571428571428571,0.75,0.6363636363636364,1.0,0.8333333333333334,0.8153679653679653,5,0.0,0.0,0.3333333333333333,0.0,0.0,0.42857142857142855,-1.0,-0.05263157894736842,0.10526315789473684
330197,NY,Acute Care,1,1,Non-Profit,2.0,0.7142857142857143,0.5,0.7272727272727273,1.0,1.0,0.7883116883116884,5,0.0,0.0,0.0,0.0,0.125,0.125,0.0,0.0,0.058823529411764705
330198,NY,Acute Care,1,1,Non-Profit,3.0,0.8571428571428571,1.0,0.9090909090909091,1.0,0.9166666666666666,0.9365800865800866,5,0.0,0.0,0.375,0.0,0.0,0.2,1.0,0.041666666666666664,0.125
330199,NY,Acute Care,1,1,Government,3.0,0.2857142857142857,0.75,0.2727272727272727,1.0,0.6666666666666666,0.5950216450216449,5,0.0,0.0,0.3333333333333333,0.0,0.0,0.0,2.0,0.18181818181818182,0.18181818181818182
33019F,NY,Acute Care,0,1,Government,4.0,0.42857142857142855,0.5,0.45454545454545453,1.0,0.4166666666666667,0.5599567099567099,5,0.0,0.0,0.0,0.0,0.0,0.0,0.0,0.0,0.0
330202,NY,Acute Care,1,1,Government,1.0,0.7142857142857143,0.75,0.36363636363636365,1.0,0.75,0.7155844155844157,5,0.0,0.0,0.3333333333333333,0.0,0.0,0.25,1.0,0.06666666666666667,0.13333333333333333
330203,NY,Acute Care,1,1,Non-Profit,2.0,0.8571428571428571,1.0,0.7272727272727273,1.0,0.9166666666666666,0.9002164502164502,5,0.16666666666666666,0.16666666666666666,0.25,0.0,0.0,0.25,0.0,0.0,0.13636363636363635
330204,NY,Acute Care,1,1,Government,2.0,0.7142857142857143,0.75,0.5454545454545454,1.0,0.75,0.7519480519480519,5,0.0,0.0,0.16666666666666666,0.3333333333333333,0.0,0.16666666666666666,-2.0,-0.11764705882352941,0.058823529411764705
330205,NY,Acute Care,1,0,Non-Profit,5.0,0.5714285714285714,0.375,0.6363636363636364,1.0,0.75,0.6665584415584416,5,0.0,0.0,0.0,0.0,0.14285714285714285,0.0,1.0,0.07142857142857142,0.07142857142857142
330208,NY,Acute Care,1,1,Non-Profit,2.0,0.7142857142857143,0.875,0.8181818181818182,1.0,0.8333333333333334,0.8481601731601731,5,0.0,0.0,0.14285714285714285,0.0,0.0,0.3333333333333333,-2.0,-0.09523809523809523,0.047619047619047616
33020F,NY,Acute Care,0,1,Government,5.0,0.5714285714285714,0.5,0.45454545454545453,0.0,0.0,0.3051948051948052,3,0.25,0.0,0.0,0.0,0.0,0.0,1.0,0.07692307692307693,0.07692307692307693
330214,NY,Acute Care,1,1,Non-Profit,5.0,1.0,1.0,1.0,1.0,0.9166666666666666,0.9833333333333334,5,1.0,0.0,0.625,0.0,0.45454545454545453,0.09090909090909091,16.0,0.6153846153846154,0.6538461538461539
330215,NY,Acute Care,1,1,Non-Profit,1.0,0.42857142857142855,0.375,0.5454545454545454,1.0,0.8333333333333334,0.6364718614718614,5,0.0,0.0,0.0,0.0,0.0,0.16666666666666666,-1.0,-0.08333333333333333,0.0
330218,NY,Acute Care,0,1,Non-Profit,3.0,0.42857142857142855,0.375,0.5454545454545454,1.0,0.8333333333333334,0.6364718614718614,5,0.0,0.3333333333333333,0.0,0.0,0.0,0.0,-1.0,-0.08333333333333333,0.0
330219,NY,Acute Care,0,1,Non-Profit,2.0,0.5714285714285714,0.875,0.8181818181818182,1.0,0.6666666666666666,0.7862554112554112,5,0.0,0.0,0.2857142857142857,0.14285714285714285,0.0,0.1111111111111111,0.0,0.0,0.1
330221,NY,Acute Care,1,1,Non-Profit,2.0,0.7142857142857143,0.75,0.5454545454545454,1.0,0.75,0.7519480519480519,5,0.0,0.0,0.16666666666666666,0.0,0.0,0.16666666666666666,0.0,0.0,0.058823529411764705
330222,NY,Acute Care,1,1,Non-Profit,3.0,0.8571428571428571,0.875,0.9090909090909091,1.0,0.9166666666666666,0.9115800865800866,5,0.0,0.16666666666666666,0.14285714285714285,0.0,0.0,0.1,-1.0,-0.043478260869565216,0.043478260869565216
330224,NY,Acute Care,1,1,Non-Profit,2.0,0.7142857142857143,0.75,0.7272727272727273,1.0,0.75,0.7883116883116884,5,0.0,0.0,0.0,0.0,0.0,0.0,0.0,0.0,0.0
330226,NY,Acute Care,1,1,Non-Profit,1.0,0.8571428571428571,0.875,0.9090909090909091,1.0,0.8333333333333334,0.89491341991342,5,0.0,0.0,0.42857142857142855,0.0,0.0,0.3,0.0,0.0,0.13043478260869565
330229,NY,Acute Care,0,1,Non-Profit,2.0,0.42857142857142855,0.25,0.45454545454545453,1.0,0.75,0.5766233766233766,5,0.0,0.0,0.0,0.0,0.0,0.2,-1.0,-0.1,0.0
330231,NY,Acute Care,1,1,Non-Profit,2.0,0.5714285714285714,0.75,0.36363636363636365,1.0,0.75,0.687012987012987,5,0.0,0.0,0.5,0.0,0.0,0.25,2.0,0.14285714285714285,0.21428571428571427
330233,NY,Acute Care,1,1,Non-Profit,1.0,0.8571428571428571,0.75,0.5454545454545454,1.0,0.75,0.7805194805194805,5,0.0,0.0,0.16666666666666666,0.16666666666666666,0.0,0.3333333333333333,-2.0,-0.1111111111111111,0.05555555555555555
330234,NY,Acute Care,1,1,Non-Profit,1.0,1.0,1.0,1.0,1.0,0.8333333333333334,0.9666666666666666,5,0.0,0.0,0.375,0.125,0.0,0.2727272727272727,-1.0,-0.038461538461538464,0.11538461538461539
330235,NY,Acute Care,1,1,Non-Profit,2.0,0.7142857142857143,0.875,0.8181818181818182,1.0,0.8333333333333334,0.8481601731601731,5,0.0,0.0,0.0,0.0,0.0,0.2222222222222222,-2.0,-0.09523809523809523,0.0
330238,NY,Acute Care,1,1,Non-Profit,3.0,0.42857142857142855,0.5,0.6363636363636364,1.0,0.8333333333333334,0.6796536796536797,5,0.0,0.0,0.0,0.0,0.14285714285714285,0.14285714285714285,0.0,0.0,0.07142857142857142
330239,NY,Acute Care,1,1,Non-Profit,3.0,0.7142857142857143,0.75,0.8181818181818182,1.0,0.9166666666666666,0.8398268398268399,5,0.0,0.0,0.0,0.0,0.0,0.0,0.0,0.0,0.0
330240,NY,Acute Care,1,1,Government,1.0,0.42857142857142855,0.75,0.45454545454545453,1.0,0.75,0.6766233766233766,5,0.0,0.0,0.16666666666666666,0.0,0.0,0.6,-2.0,-0.14285714285714285,0.07142857142857142
330241,NY,Acute Care,1,1,Government,2.0,1.0,0.875,1.0,1.0,0.8333333333333334,0.9416666666666667,5,0.14285714285714285,0.0,0.2857142857142857,0.2857142857142857,0.0,0.2727272727272727,-2.0,-0.08,0.12
330246,NY,Acute Care,1,1,Non-Profit,4.0,0.5714285714285714,0.875,0.6363636363636364,1.0,0.75,0.7665584415584416,5,0.0,0.0,0.14285714285714285,0.0,0.0,0.14285714285714285,0.0,0.0,0.05555555555555555
33024F,NY,Acute Care,0,1,Government,2.0,0.7142857142857143,0.5,0.5454545454545454,1.0,0.3333333333333333,0.6186147186147186,5,0.0,0.0,0.0,0.25,0.0,0.3333333333333333,-3.0,-0.2,0.0
330250,NY,Acute Care,1,1,Non-Profit,2.0,0.8571428571428571,0.875,0.9090909090909091,1.0,1.0,0.9282467532467532,5,0.16666666666666666,0.0,0.14285714285714285,0.14285714285714285,0.0,0.1,0.0,0.0,0.08695652173913043
330259,NY,Acute Care,1,1,Non-Profit,3.0,0.7142857142857143,0.875,0.8181818181818182,1.0,0.8333333333333334,0.8481601731601731,5,0.0,0.2,0.42857142857142855,0.0,0.0,0.1111111111111111,1.0,0.047619047619047616,0.14285714285714285
33025F,NY,Acute Care,0,1,Government,,0.0,0.0,0.0,0.0,0.0,0.0,0,,,,,,,0.0,,
330261,NY,Acute Care,1,1,Non-Profit,3.0,0.8571428571428571,0.875,0.8181818181818182,1.0,0.9166666666666666,0.8933982683982684,5,0.0,0.0,0.14285714285714285,0.0,0.0,0.1111111111111111,0.0,0.0,0.045454545454545456
330264,NY,Acute Care,1,1,Non-Profit,3.0,0.8571428571428571,0.875,0.7272727272727273,1.0,0.8333333333333334,0.8585497835497835,5,0.0,0.0,0.0,0.0,0.0,0.125,-1.0,-0.047619047619047616,0.0
330265,NY,Acute Care,0,1,Non-Profit,,0.2857142857142857,0.25,0.7272727272727273,1.0,0.6666666666666666,0.585930735930736,5,0.0,0.0,0.5,0.0,0.0,0.0,1.0,0.08333333333333333,0.08333333333333333
330267,NY,Acute Care,1,1,Non-Profit,4.0,0.7142857142857143,0.875,0.8181818181818182,1.0,0.8333333333333334,0.8481601731601731,5,0.0,0.0,0.14285714285714285,0.0,0.2222222222222222,0.1111111111111111,2.0,0.09523809523809523,0.14285714285714285
330270,NY,Acute Care,0,1,Non-Profit,5.0,0.14285714285714285,0.625,0.2727272727272727,1.0,0.3333333333333333,0.47478354978354986,5,0.0,0.0,0.2,0.0,1.0,0.0,4.0,0.4444444444444444,0.4444444444444444
330273,NY,Acute Care,1,1,Non-Profit,3.0,0.5714285714285714,0.25,0.5454545454545454,1.0,0.75,0.6233766233766234,5,0.25,0.0,0.0,0.0,0.0,0.0,1.0,0.08333333333333333,0.08333333333333333
330276,NY,Acute Care,1,1,Non-Profit,2.0,0.42857142857142855,0.25,0.5454545454545454,1.0,0.75,0.5948051948051948,5,0.0,0.0,0.0,0.0,0.16666666666666666,0.0,1.0,0.09090909090909091,0.09090909090909091
330277,NY,Acute Care,1,1,Non-Profit,3.0,0.5714285714285714,0.625,0.8181818181818182,1.0,0.9166666666666666,0.7862554112554112,5,0.0,0.0,0.2,0.0,0.0,0.2222222222222222,-1.0,-0.05555555555555555,0.05555555555555555
330279,NY,Acute Care,1,1,Non-Profit,2.0,1.0,0.75,0.7272727272727273,1.0,0.75,0.8454545454545455,5,0.0,0.0,0.5,0.0,0.0,0.25,1.0,0.047619047619047616,0.14285714285714285
330285,NY,Acute Care,1,1,Non-Profit,2.0,1.0,0.875,0.9090909090909091,1.0,1.0,0.9568181818181818,5,0.0,0.0,0.14285714285714285,0.2857142857142857,0.1,0.2,-2.0,-0.08333333333333333,0.08333333333333333
330286,NY,Acute Care,1,1,Non-Profit,2.0,1.0,1.0,1.0,1.0,0.8333333333333334,0.9666666666666666,5,0.0,0.14285714285714285,0.375,0.125,0.0,0.2727272727272727,-2.0,-0.07692307692307693,0.11538461538461539
330304,NY,Acute Care,1,1,Non-Profit,5.0,0.8571428571428571,1.0,0.9090909090909091,1.0,0.9166666666666666,0.9365800865800866,5,0.5,0.0,0.625,0.0,0.0,0.1,7.0,0.2916666666666667,0.3333333333333333
330307,NY,Acute Care,1,1,Non-Profit,3.0,0.8571428571428571,0.875,0.9090909090909091,1.0,0.9166666666666666,0.9115800865800866,5,0.0,0.0,0.14285714285714285,0.0,0.2,0.1,2.0,0.08695652173913043,0.13043478260869565
330331,NY,Acute Care,0,1,Non-Profit,4.0,0.8571428571428571,0.875,0.6363636363636364,1.0,0.75,0.8237012987012987,5,0.0,0.0,0.14285714285714285,0.0,0.0,0.0,1.0,0.05,0.05
330332,NY,Acute Care,0,1,Non-Profit,3.0,0.7142857142857143,0.875,0.8181818181818182,1.0,0.75,0.8314935064935065,5,0.0,0.0,0.14285714285714285,0.14285714285714285,0.0,0.1111111111111111,-1.0,-0.047619047619047616,0.047619047619047616
330350,NY,Acute Care,1,1,Government,1.0,0.5714285714285714,0.75,0.5454545454545454,1.0,0.75,0.7233766233766235,5,0.0,0.0,0.16666666666666666,0.0,0.0,0.3333333333333333,-1.0,-0.0625,0.0625
330386,NY,Acute Care,1,1,Non-Profit,1.0,0.7142857142857143,0.375,0.5454545454545454,1.0,0.9166666666666666,0.7102813852813853,5,0.0,0.0,0.0,0.0,0.0,0.16666666666666666,-1.0,-0.07142857142857142,0.0
330393,NY,Acute Care,1,1,Government,4.0,1.0,1.0,1.0,1.0,0.9166666666666666,0.9833333333333334,5,0.42857142857142855,0.0,0.375,0.0,0.0,0.18181818181818182,4.0,0.15384615384615385,0.23076923076923078
330394,NY,Acute Care,1,1,Non-Profit,2.0,1.0,0.875,1.0,1.0,0.8333333333333334,0.9416666666666667,5,0.0,0.2857142857142857,0.14285714285714285,0.14285714285714285,0.0,0.09090909090909091,-3.0,-0.12,0.04
330395,NY,Acute Care,1,1,Non-Profit,1.0,0.7142857142857143,0.625,0.45454545454545453,1.0,0.75,0.7087662337662338,5,0.0,0.2,0.0,0.2,0.0,0.6,-5.0,-0.3333333333333333,0.0
330396,NY,Acute Care,1,1,Government,1.0,0.2857142857142857,0.625,0.2727272727272727,1.0,0.8333333333333334,0.6033549783549784,5,0.0,0.0,0.2,0.2,0.0,0.3333333333333333,-1.0,-0.1,0.1
330399,NY,Acute Care,1,1,Non-Profit,1.0,0.42857142857142855,0.75,0.45454545454545453,1.0,0.6666666666666666,0.6599567099567099,5,0.0,0.0,0.3333333333333333,0.16666666666666666,0.0,0.0,1.0,0.07142857142857142,0.14285714285714285
330401,NY,Acute Care,0,1,Non-Profit,4.0,0.8571428571428571,0.875,0.7272727272727273,1.0,0.75,0.8418831168831169,5,0.16666666666666666,0.0,0.2857142857142857,0.0,0.0,0.125,2.0,0.09523809523809523,0.14285714285714285
330405,NY,Acute Care,0,0,Government,,0.0,0.0,0.0,0.0,0.16666666666666666,0.03333333333333333,1,,,,,,,0.0,,
330406,NY,Acute Care,0,0,Non-Profit,,0.0,0.0,0.09090909090909091,0.0,0.25,0.06818181818181819,2,,,,,0.0,0.0,0.0,0.0,0.0
330411,NY,Acute Care,0,0,Non-Profit,,0.0,0.0,0.0,0.0,0.0,0.0,0,,,,,,,0.0,,
330799,NY,Rural/Access,0,1,Non-Profit,,0.0,0.0,0.0,0.0,0.0,0.0,0,,,,,,,0.0,,
331301,NY,Rural/Access,0,0,Non-Profit,,0.0,0.0,0.0,0.0,0.25,0.05,1,,,,,,,0.0,,
331302,NY,Rural/Access,1,1,Non-Profit,,0.14285714285714285,0.125,0.18181818181818182,0.0,0.6666666666666666,0.22326839826839828,4,0.0,0.0,0.0,0.0,0.0,0.0,0.0,0.0,0.0
331303,NY,Rural/Access,0,1,Non-Profit,,0.0,0.0,0.0,0.0,0.5,0.1,1,,,,,,,0.0,,
331304,NY,Rural/Access,0,1,Non-Profit,,0.0,0.0,0.18181818181818182,0.0,0.16666666666666666,0.0696969696969697,2,,,,,0.0,0.0,0.0,0.0,0.0
331305,NY,Rural/Access,0,1,Non-Profit,,0.0,0.0,0.18181818181818182,0.0,0.5,0.13636363636363638,2,,,,,0.0,0.0,0.0,0.0,0.0
331309,NY,Rural/Access,0,1,Non-Profit,,0.0,0.0,0.09090909090909091,0.0,0.3333333333333333,0.08484848484848484,2,,,,,0.0,0.0,0.0,0.0,0.0
331310,NY,Rural/Access,0,1,Non-Profit,,0.14285714285714285,0.0,0.2727272727272727,0.0,0.3333333333333333,0.14978354978354977,3,0.0,0.0,,,0.0,0.0,0.0,0.0,0.0
331311,NY,Rural/Access,0,1,Non-Profit,,0.2857142857142857,0.125,0.36363636363636365,1.0,0.5833333333333334,0.4715367965367966,5,0.0,0.0,0.0,0.0,0.0,0.0,0.0,0.0,0.0
331312,NY,Rural/Access,0,1,Non-Profit,,0.0,0.0,0.09090909090909091,0.0,0.5,0.1181818181818182,2,,,,,0.0,0.0,0.0,0.0,0.0
331313,NY,Rural/Access,1,1,Non-Profit,,0.14285714285714285,0.0,0.18181818181818182,0.0,0.25,0.11493506493506493,3,0.0,0.0,,,0.0,0.0,0.0,0.0,0.0
331314,NY,Rural/Access,0,1,Non-Profit,,0.14285714285714285,0.0,0.18181818181818182,0.0,0.5833333333333334,0.1816017316017316,3,0.0,0.0,,,0.0,0.0,0.0,0.0,0.0
331315,NY,Rural/Access,0,1,Non-Profit,,0.14285714285714285,0.125,0.09090909090909091,0.0,0.4166666666666667,0.15508658008658008,4,0.0,0.0,0.0,0.0,0.0,0.0,0.0,0.0,0.0
331316,NY,Rural/Access,0,1,Non-Profit,3.0,0.42857142857142855,0.125,0.6363636363636364,1.0,0.4166666666666667,0.5213203463203463,5,0.0,0.0,0.0,0.0,0.0,0.0,0.0,0.0,0.0
331317,NY,Rural/Access,0,1,Government,,0.0,0.0,0.18181818181818182,0.0,0.3333333333333333,0.10303030303030303,2,,,,,0.0,0.0,0.0,0.0,0.0
331318,NY,Rural/Access,0,1,Non-Profit,,0.0,0.0,0.0,0.0,0.0,0.0,0,,,,,,,0.0,,
331319,NY,Rural/Access,0,1,Non-Profit,,0.0,0.0,0.18181818181818182,0.0,0.5,0.13636363636363638,2,,,,,0.0,0.0,0.0,0.0,0.0
331320,NY,Rural/Access,0,1,Non-Profit,3.0,0.42857142857142855,0.125,0.45454545454545453,1.0,0.6666666666666666,0.5349567099567099,5,0.0,0.0,0.0,0.0,0.0,0.0,0.0,0.0,0.0
331321,NY,Rural/Access,0,1,Non-Profit,1.0,0.42857142857142855,0.125,0.36363636363636365,1.0,0.8333333333333334,0.5501082251082251,5,0.0,0.0,0.0,0.0,0.0,0.25,-1.0,-0.125,0.0
331322,NY,Rural/Access,0,1,Non-Profit,,0.0,0.0,0.0,0.0,0.0,0.0,0,,,,,,,0.0,,
331323,NY,Rural/Access,0,1,Government,,0.0,0.0,0.0,0.0,0.0,0.0,0,,,,,,,0.0,,
333301,NY,Childrens,0,0,Non-Profit,,0.0,0.0,0.0,0.0,0.0,0.0,0,,,,,,,0.0,,
334001,NY,Psychiatric,0,1,Government,,0.0,0.0,0.0,0.0,0.0,0.0,0,,,,,,,0.0,,
334002,NY,Psychiatric,0,0,For-Profit,,0.0,0.0,0.0,0.0,0.0,0.0,0,,,,,,,0.0,,
334003,NY,Psychiatric,0,0,Government,,0.0,0.0,0.0,0.0,0.0,0.0,0,,,,,,,0.0,,
334004,NY,Psychiatric,0,0,Government,,0.0,0.0,0.0,0.0,0.0,0.0,0,,,,,,,0.0,,
334009,NY,Psychiatric,0,0,Government,,0.0,0.0,0.0,0.0,0.0,0.0,0,,,,,,,0.0,,
334012,NY,Psychiatric,0,1,Government,,0.0,0.0,0.0,0.0,0.0,0.0,0,,,,,,,0.0,,
334013,NY,Psychiatric,0,0,Government,,0.0,0.0,0.0,0.0,0.0,0.0,0,,,,,,,0.0,,
334015,NY,Psychiatric,0,0,Government,,0.0,0.0,0.0,0.0,0.0,0.0,0,,,,,,,0.0,,
334020,NY,Psychiatric,0,1,Government,,0.0,0.0,0.0,0.0,0.0,0.0,0,,,,,,,0.0,,
334021,NY,Psychiatric,0,0,Government,,0.0,0.0,0.0,0.0,0.0,0.0,0,,,,,,,0.0,,
334022,NY,Psychiatric,0,0,For-Profit,,0.0,0.0,0.0,0.0,0.0,0.0,0,,,,,,,0.0,,
334026,NY,Psychiatric,0,0,For-Profit,,0.0,0.0,0.0,0.0,0.0,0.0,0,,,,,,,0.0,,
334027,NY,Psychiatric,0,0,Non-Profit,,0.0,0.0,0.0,0.0,0.0,0.0,0,,,,,,,0.0,,
334043,NY,Psychiatric,0,0,Government,,0.0,0.0,0.0,0.0,0.0,0.0,0,,,,,,,0.0,,
334045,NY,Psychiatric,0,0,Government,,0.0,0.0,0.0,0.0,0.0,0.0,0,,,,,,,0.0,,
334046,NY,Psychiatric,0,0,Government,,0.0,0.0,0.0,0.0,0.0,0.0,0,,,,,,,0.0,,
334048,NY,Psychiatric,0,0,Non-Profit,,0.0,0.0,0.0,0.0,0.0,0.0,0,,,,,,,0.0,,
334049,NY,Psychiatric,0,1,For-Profit,,0.0,0.0,0.0,0.0,0.0,0.0,0,,,,,,,0.0,,
334052,NY,Psychiatric,0,0,Government,,0.0,0.0,0.0,0.0,0.0,0.0,0,,,,,,,0.0,,
334053,NY,Psychiatric,0,0,Government,,0.0,0.0,0.0,0.0,0.0,0.0,0,,,,,,,0.0,,
334054,NY,Psychiatric,0,0,Government,,0.0,0.0,0.0,0.0,0.0,0.0,0,,,,,,,0.0,,
334060,NY,Psychiatric,0,0,Government,,0.0,0.0,0.0,0.0,0.0,0.0,0,,,,,,,0.0,,
334061,NY,Psychiatric,0,0,Government,,0.0,0.0,0.0,0.0,0.0,0.0,0,,,,,,,0.0,,
334063,NY,Psychiatric,0,0,Government,,0.0,0.0,0.0,0.0,0.0,0.0,0,,,,,,,0.0,,
334064,NY,Psychiatric,0,0,Government,,0.0,0.0,0.0,0.0,0.0,0.0,0,,,,,,,0.0,,
334065,NY,Psychiatric,0,1,Government,,0.0,0.0,0.0,0.0,0.0,0.0,0,,,,,,,0.0,,
334066,NY,Psychiatric,0,0,Government,,0.0,0.0,0.0,0.0,0.0,0.0,0,,,,,,,0.0,,
334067,NY,Psychiatric,0,0,Government,,0.0,0.0,0.0,0.0,0.0,0.0,0,,,,,,,0.0,,
334068,NY,Psychiatric,0,0,Non-Profit,,0.0,0.0,0.0,0.0,0.0,0.0,0,,,,,,,0.0,,
340001,NC,Acute Care,1,1,Government,3.0,1.0,0.875,1.0,1.0,1.0,0.975,5,0.14285714285714285,0.0,0.2857142857142857,0.0,0.0,0.0,3.0,0.12,0.12
340002,NC,Acute Care,1,1,Non-Profit,4.0,1.0,1.0,1.0,1.0,0.8333333333333334,0.9666666666666666,5,0.2857142857142857,0.0,0.5,0.0,0.36363636363636365,0.0,10.0,0.38461538461538464,0.38461538461538464
340003,NC,Acute Care,1,1,Government,4.0,0.5714285714285714,0.75,0.5454545454545454,1.0,0.9166666666666666,0.7567099567099567,5,0.0,0.0,0.0,0.0,0.0,0.0,0.0,0.0,0.0
340004,NC,Acute Care,1,1,Non-Profit,2.0,0.8571428571428571,1.0,0.9090909090909091,1.0,0.8333333333333334,0.91991341991342,5,0.0,0.0,0.125,0.0,0.0,0.0,1.0,0.041666666666666664,0.041666666666666664
340008,NC,Acute Care,1,1,Non-Profit,3.0,0.7142857142857143,0.625,0.8181818181818182,1.0,0.8333333333333334,0.7981601731601733,5,0.0,0.0,0.0,0.0,0.0,0.1111111111111111,-1.0,-0.05263157894736842,0.0
340010,NC,Acute Care,1,1,Non-Profit,3.0,0.8571428571428571,0.75,0.6363636363636364,1.0,1.0,0.8487012987012987,5,0.0,0.0,0.16666666666666666,0.0,0.0,0.0,1.0,0.05263157894736842,0.05263157894736842
340013,NC,Acute Care,1,1,For-Profit,3.0,0.7142857142857143,0.625,0.6363636363636364,1.0,0.8333333333333334,0.7617965367965368,5,0.0,0.2,0.2,0.0,0.0,0.0,0.0,0.0,0.058823529411764705
340014,NC,Acute Care,1,1,Non-Profit,4.0,1.0,1.0,1.0,1.0,0.9166666666666666,0.9833333333333334,5,0.14285714285714285,0.0,0.625,0.0,0.18181818181818182,0.18181818181818182,6.0,0.23076923076923078,0.3076923076923077
340015,NC,Acute Care,1,1,Non-Profit,2.0,0.8571428571428571,0.875,0.9090909090909091,1.0,0.9166666666666666,0.9115800865800866,5,0.0,0.16666666666666666,0.2857142857142857,0.0,0.0,0.1,0.0,0.0,0.08695652173913043
340016,NC,Acute Care,1,1,For-Profit,3.0,0.5714285714285714,0.75,0.8181818181818182,1.0,0.9166666666666666,0.8112554112554113,5,0.0,0.0,0.0,0.0,0.0,0.0,0.0,0.0,0.0
340017,NC,Acute Care,1,1,Government,5.0,0.8571428571428571,0.875,0.9090909090909091,1.0,0.9166666666666666,0.9115800865800866,5,0.16666666666666666,0.0,0.0,0.0,0.1,0.0,2.0,0.08695652173913043,0.08695652173913043
340020,NC,Acute Care,1,1,Non-Profit,1.0,0.7142857142857143,0.375,0.5454545454545454,1.0,0.75,0.676948051948052,5,0.0,0.0,0.0,0.3333333333333333,0.0,0.16666666666666666,-2.0,-0.14285714285714285,0.0
340021,NC,Acute Care,1,1,Government,2.0,0.7142857142857143,0.875,0.8181818181818182,1.0,0.9166666666666666,0.8648268398268399,5,0.0,0.0,0.2857142857142857,0.0,0.0,0.0,2.0,0.09523809523809523,0.09523809523809523
340023,NC,Acute Care,1,1,Non-Profit,4.0,0.5714285714285714,0.625,0.8181818181818182,1.0,0.8333333333333334,0.7695887445887446,5,0.0,0.0,0.0,0.0,0.0,0.0,0.0,0.0,0.0
340024,NC,Acute Care,1,1,Government,3.0,0.5714285714285714,0.375,0.5454545454545454,1.0,0.8333333333333334,0.6650432900432901,5,0.0,0.0,0.0,0.0,0.0,0.0,0.0,0.0,0.0
340027,NC,Acute Care,1,1,Non-Profit,3.0,0.7142857142857143,0.75,0.45454545454545453,1.0,0.75,0.7337662337662338,5,0.0,0.0,0.16666666666666666,0.0,0.0,0.0,1.0,0.0625,0.0625
340028,NC,Acute Care,1,1,Non-Profit,1.0,1.0,1.0,1.0,1.0,0.9166666666666666,0.9833333333333334,5,0.0,0.2857142857142857,0.125,0.125,0.0,0.2727272727272727,-5.0,-0.19230769230769232,0.038461538461538464
340030,NC,Acute Care,1,1,For-Profit,5.0,1.0,1.0,1.0,1.0,1.0,1.0,5,0.2857142857142857,0.14285714285714285,0.25,0.125,0.18181818181818182,0.0,4.0,0.15384615384615385,0.23076923076923078
340032,NC,Acute Care,1,1,Non-Profit,4.0,1.0,0.875,1.0,1.0,0.9166666666666666,0.9583333333333334,5,0.0,0.0,0.42857142857142855,0.0,0.0,0.09090909090909091,2.0,0.08,0.12
340039,NC,Acute Care,1,1,Non-Profit,3.0,0.8571428571428571,0.875,0.6363636363636364,1.0,0.8333333333333334,0.8403679653679653,5,0.0,0.0,0.14285714285714285,0.0,0.0,0.0,1.0,0.05,0.05
340040,NC,Acute Care,1,1,Non-Profit,2.0,1.0,1.0,1.0,1.0,1.0,1.0,5,0.0,0.0,0.375,0.0,0.09090909090909091,0.36363636363636365,0.0,0.0,0.15384615384615385
340041,NC,Acute Care,0,1,Non-Profit,1.0,0.7142857142857143,0.75,0.6363636363636364,1.0,0.8333333333333334,0.7867965367965368,5,0.0,0.0,0.0,0.0,0.14285714285714285,0.14285714285714285,0.0,0.0,0.05555555555555555
340042,NC,Acute Care,1,1,Government,1.0,0.7142857142857143,0.75,0.5454545454545454,1.0,0.8333333333333334,0.7686147186147186,5,0.0,0.2,0.16666666666666666,0.16666666666666666,0.0,0.3333333333333333,-3.0,-0.17647058823529413,0.058823529411764705
340047,NC,Acute Care,1,1,Non-Profit,3.0,1.0,1.0,1.0,1.0,0.9166666666666666,0.9833333333333334,5,0.0,0.0,0.25,0.125,0.0,0.0,1.0,0.038461538461538464,0.07692307692307693
340049,NC,Acute Care,0,0,For-Profit,,0.0,0.25,0.2727272727272727,1.0,0.25,0.35454545454545455,4,,,0.0,0.0,0.0,0.3333333333333333,-1.0,-0.2,0.0
340050,NC,Acute Care,1,1,Non-Profit,2.0,0.8571428571428571,0.75,0.8181818181818182,1.0,0.9166666666666666,0.8683982683982684,5,0.0,0.0,0.16666666666666666,0.0,0.0,0.2222222222222222,-1.0,-0.047619047619047616,0.047619047619047616
340051,NC,Acute Care,1,1,Government,4.0,0.8571428571428571,0.75,0.9090909090909091,1.0,0.8333333333333334,0.86991341991342,5,0.0,0.0,0.16666666666666666,0.0,0.0,0.0,1.0,0.045454545454545456,0.045454545454545456
340053,NC,Acute Care,1,1,Non-Profit,4.0,1.0,1.0,1.0,1.0,0.9166666666666666,0.9833333333333334,5,0.14285714285714285,0.0,0.25,0.0,0.0,0.18181818181818182,1.0,0.038461538461538464,0.11538461538461539
340060,NC,Acute Care,1,1,Non-Profit,2.0,0.5714285714285714,0.25,0.45454545454545453,1.0,0.75,0.6051948051948053,5,0.0,0.0,0.0,0.0,0.0,0.0,0.0,0.0,0.0
340061,NC,Acute Care,1,1,Government,5.0,1.0,1.0,1.0,1.0,0.9166666666666666,0.9833333333333334,5,0.14285714285714285,0.0,0.125,0.125,0.09090909090909091,0.0,2.0,0.07692307692307693,0.11538461538461539
340064,NC,Acute Care,1,1,Government,3.0,0.5714285714285714,0.625,0.7272727272727273,1.0,0.8333333333333334,0.7514069264069264,5,0.0,0.0,0.0,0.0,0.125,0.0,1.0,0.058823529411764705,0.058823529411764705
340068,NC,Acute Care,1,1,Non-Profit,1.0,0.5714285714285714,0.875,0.8181818181818182,1.0,0.8333333333333334,0.8195887445887445,5,0.0,0.25,0.0,0.0,0.0,0.2222222222222222,-3.0,-0.15,0.0
340069,NC,Acute Care,1,1,Non-Profit,4.0,1.0,1.0,1.0,1.0,0.9166666666666666,0.9833333333333334,5,0.0,0.14285714285714285,0.5,0.0,0.0,0.09090909090909091,2.0,0.07692307692307693,0.15384615384615385
340070,NC,Acute Care,1,1,Non-Profit,2.0,0.8571428571428571,0.875,0.9090909090909091,1.0,0.9166666666666666,0.9115800865800866,5,0.0,0.0,0.14285714285714285,0.0,0.0,0.1,0.0,0.0,0.043478260869565216
340071,NC,Acute Care,0,1,Non-Profit,3.0,0.7142857142857143,0.5,0.6363636363636364,1.0,0.75,0.7201298701298702,5,0.0,0.0,0.0,0.0,0.0,0.0,0.0,0.0,0.0
340075,NC,Acute Care,1,1,For-Profit,2.0,0.8571428571428571,0.75,0.7272727272727273,1.0,0.9166666666666666,0.8502164502164502,5,0.0,0.0,0.0,0.0,0.0,0.0,0.0,0.0,0.0
340084,NC,Acute Care,0,1,Government,,0.0,0.0,0.18181818181818182,0.0,0.6666666666666666,0.16969696969696968,2,,,,,0.0,0.0,0.0,0.0,0.0
340085,NC,Acute Care,1,1,Non-Profit,3.0,0.5714285714285714,0.625,0.7272727272727273,1.0,0.75,0.7347402597402597,5,0.0,0.0,0.2,0.0,0.0,0.125,0.0,0.0,0.058823529411764705
340087,NC,Acute Care,1,1,Non-Profit,3.0,0.5714285714285714,0.25,0.5454545454545454,1.0,0.8333333333333334,0.6400432900432901,5,0.0,0.0,0.0,0.0,0.16666666666666666,0.0,1.0,0.08333333333333333,0.08333333333333333
340090,NC,Acute Care,1,1,Government,3.0,0.8571428571428571,0.875,0.9090909090909091,1.0,0.8333333333333334,0.89491341991342,5,0.0,0.0,0.14285714285714285,0.0,0.0,0.0,1.0,0.043478260869565216,0.043478260869565216
340091,NC,Acute Care,1,1,Non-Profit,4.0,1.0,0.875,1.0,1.0,0.9166666666666666,0.9583333333333334,5,0.0,0.0,0.42857142857142855,0.14285714285714285,0.09090909090909091,0.0,3.0,0.12,0.16
340096,NC,Acute Care,0,1,Non-Profit,3.0,0.5714285714285714,0.75,0.6363636363636364,1.0,0.75,0.7415584415584415,5,0.0,0.0,0.0,0.0,0.0,0.0,0.0,0.0,0.0
340097,NC,Acute Care,0,1,Non-Profit,3.0,0.5714285714285714,0.5,0.8181818181818182,1.0,0.9166666666666666,0.7612554112554112,5,0.0,0.0,0.0,0.0,0.0,0.2222222222222222,-2.0,-0.11764705882352941,0.0
340098,NC,Acute Care,1,1,Government,3.0,1.0,0.875,0.8181818181818182,1.0,0.9166666666666666,0.9219696969696971,5,0.14285714285714285,0.0,0.2857142857142857,0.0,0.0,0.1111111111111111,2.0,0.08695652173913043,0.13043478260869565
340099,NC,Acute Care,1,1,Non-Profit,2.0,0.5714285714285714,0.625,0.7272727272727273,1.0,0.8333333333333334,0.7514069264069264,5,0.0,0.0,0.2,0.2,0.0,0.125,-1.0,-0.058823529411764705,0.058823529411764705
340107,NC,Acute Care,1,1,Government,2.0,0.5714285714285714,0.5,0.7272727272727273,1.0,0.8333333333333334,0.7264069264069264,5,0.0,0.0,0.0,0.0,0.0,0.125,-1.0,-0.0625,0.0
340109,NC,Acute Care,1,1,Government,3.0,0.8571428571428571,0.75,0.5454545454545454,1.0,1.0,0.8305194805194805,5,0.0,0.0,0.16666666666666666,0.0,0.0,0.0,1.0,0.05555555555555555,0.05555555555555555
340113,NC,Acute Care,1,1,Government,3.0,1.0,1.0,1.0,1.0,0.8333333333333334,0.9666666666666666,5,0.0,0.0,0.125,0.125,0.0,0.18181818181818182,-2.0,-0.07692307692307693,0.038461538461538464
340114,NC,Acute Care,1,1,Government,5.0,1.0,1.0,1.0,1.0,0.9166666666666666,0.9833333333333334,5,0.42857142857142855,0.0,0.125,0.0,0.09090909090909091,0.0,5.0,0.19230769230769232,0.19230769230769232
340115,NC,Acute Care,1,1,Non-Profit,4.0,1.0,1.0,1.0,1.0,1.0,1.0,5,0.0,0.0,0.375,0.0,0.09090909090909091,0.0,4.0,0.15384615384615385,0.15384615384615385
340116,NC,Acute Care,1,1,For-Profit,2.0,1.0,0.75,0.9090909090909091,1.0,0.9166666666666666,0.9151515151515153,5,0.0,0.14285714285714285,0.16666666666666666,0.0,0.0,0.0,0.0,0.0,0.043478260869565216
340119,NC,Acute Care,1,1,Non-Profit,3.0,0.7142857142857143,0.5,0.6363636363636364,1.0,1.0,0.7701298701298701,5,0.0,0.0,0.25,0.0,0.0,0.0,1.0,0.0625,0.0625
34011F,NC,Acute Care,0,1,Government,,0.0,0.0,0.0,0.0,0.0,0.0,0,,,,,,,0.0,,
340120,NC,Acute Care,1,1,Government,4.0,0.5714285714285714,0.375,0.45454545454545453,1.0,0.8333333333333334,0.6468614718614719,5,0.0,0.0,0.0,0.0,0.0,0.2,-1.0,-0.08333333333333333,0.0
340123,NC,Acute Care,1,1,Non-Profit,3.0,0.5714285714285714,0.375,0.5454545454545454,1.0,0.8333333333333334,0.6650432900432901,5,0.0,0.0,0.0,0.0,0.0,0.0,0.0,0.0,0.0
340126,NC,Acute Care,1,1,Non-Profit,2.0,0.7142857142857143,0.625,0.6363636363636364,1.0,0.8333333333333334,0.7617965367965368,5,0.0,0.2,0.0,0.0,0.0,0.14285714285714285,-2.0,-0.11764705882352941,0.0
340127,NC,Acute Care,1,1,Government,2.0,0.42857142857142855,0.25,0.45454545454545453,1.0,0.8333333333333334,0.5932900432900433,5,0.0,0.3333333333333333,0.0,0.0,0.2,0.0,0.0,0.0,0.1
340129,NC,Acute Care,1,1,For-Profit,2.0,0.8571428571428571,0.625,0.6363636363636364,1.0,0.9166666666666666,0.8070346320346321,5,0.0,0.16666666666666666,0.0,0.0,0.0,0.0,-1.0,-0.05555555555555555,0.0
34012F,NC,Acute Care,0,1,Government,4.0,0.7142857142857143,0.5,0.5454545454545454,1.0,0.5,0.6519480519480519,5,0.2,0.0,0.0,0.0,0.16666666666666666,0.16666666666666666,1.0,0.06666666666666667,0.13333333333333333
340130,NC,Acute Care,1,1,Government,3.0,0.8571428571428571,0.875,0.7272727272727273,1.0,0.9166666666666666,0.8752164502164502,5,0.0,0.0,0.14285714285714285,0.0,0.0,0.375,-2.0,-0.09523809523809523,0.047619047619047616
340131,NC,Acute Care,1,1,Government,3.0,1.0,0.875,1.0,1.0,0.9166666666666666,0.9583333333333334,5,0.0,0.0,0.14285714285714285,0.0,0.09090909090909091,0.0,2.0,0.08,0.08
340132,NC,Acute Care,1,1,For-Profit,2.0,0.7142857142857143,0.75,0.7272727272727273,1.0,0.8333333333333334,0.804978354978355,5,0.0,0.2,0.16666666666666666,0.0,0.0,0.125,-1.0,-0.05263157894736842,0.05263157894736842
34013F,NC,Acute Care,0,0,Government,3.0,0.42857142857142855,0.125,0.36363636363636365,1.0,0.4166666666666667,0.46677489177489173,5,0.0,0.0,0.0,0.0,0.25,0.0,1.0,0.125,0.125
340141,NC,Acute Care,1,1,Government,2.0,1.0,1.0,1.0,1.0,0.9166666666666666,0.9833333333333334,5,0.0,0.5714285714285714,0.25,0.125,0.09090909090909091,0.0,-2.0,-0.07692307692307693,0.11538461538461539
340142,NC,Acute Care,1,1,For-Profit,1.0,0.7142857142857143,0.625,0.9090909090909091,1.0,0.8333333333333334,0.8163419913419914,5,0.0,0.2,0.0,0.2,0.0,0.0,-2.0,-0.1,0.0
340143,NC,Acute Care,1,1,Non-Profit,3.0,0.8571428571428571,1.0,0.9090909090909091,1.0,0.9166666666666666,0.9365800865800866,5,0.0,0.16666666666666666,0.125,0.0,0.2,0.0,2.0,0.08333333333333333,0.125
340145,NC,Acute Care,1,1,Government,4.0,0.7142857142857143,0.625,0.5454545454545454,1.0,0.9166666666666666,0.7602813852813852,5,0.0,0.0,0.2,0.0,0.0,0.0,1.0,0.0625,0.0625
340147,NC,Acute Care,1,1,Government,3.0,0.8571428571428571,0.875,0.9090909090909091,1.0,1.0,0.9282467532467532,5,0.0,0.0,0.14285714285714285,0.0,0.0,0.0,1.0,0.043478260869565216,0.043478260869565216
340148,NC,Acute Care,0,0,Non-Profit,4.0,0.0,0.375,0.36363636363636365,1.0,0.25,0.39772727272727276,4,,,0.0,0.0,0.0,0.0,0.0,0.0,0.0
34014F,NC,Acute Care,0,1,Government,,0.0,0.0,0.0,0.0,0.0,0.0,0,,,,,,,0.0,,
340151,NC,Acute Care,1,1,Non-Profit,2.0,0.5714285714285714,0.75,0.8181818181818182,1.0,0.8333333333333334,0.7945887445887446,5,0.0,0.0,0.0,0.0,0.0,0.2222222222222222,-2.0,-0.10526315789473684,0.0
340155,NC,Acute Care,1,1,Government,4.0,1.0,0.875,1.0,1.0,0.8333333333333334,0.9416666666666667,5,0.0,0.0,0.14285714285714285,0.0,0.09090909090909091,0.0,2.0,0.08,0.08
340156,NC,Acute Care,0,1,Government,,0.0,0.125,0.09090909090909091,0.0,0.25,0.09318181818181819,3,,,0.0,0.0,0.0,0.0,0.0,0.0,0.0
340158,NC,Acute Care,1,1,Non-Profit,4.0,0.8571428571428571,0.75,0.8181818181818182,1.0,0.8333333333333334,0.8517316017316018,5,0.0,0.16666666666666666,0.16666666666666666,0.0,0.0,0.1111111111111111,-1.0,-0.047619047619047616,0.047619047619047616
340159,NC,Acute Care,0,1,For-Profit,,0.2857142857142857,0.25,0.36363636363636365,0.0,0.6666666666666666,0.31320346320346315,4,0.0,0.0,0.0,0.0,0.0,0.0,0.0,0.0,0.0
340166,NC,Acute Care,1,1,Government,3.0,0.5714285714285714,0.75,0.5454545454545454,1.0,0.9166666666666666,0.7567099567099567,5,0.0,0.0,0.16666666666666666,0.0,0.0,0.0,1.0,0.0625,0.0625
340168,NC,Acute Care,0,0,Non-Profit,,0.0,0.0,0.09090909090909091,0.0,0.08333333333333333,0.03484848484848485,2,,,,,0.0,0.0,0.0,0.0,0.0
340171,NC,Acute Care,1,1,Non-Profit,4.0,0.8571428571428571,1.0,0.7272727272727273,1.0,0.9166666666666666,0.9002164502164502,5,0.0,0.0,0.125,0.0,0.0,0.25,-1.0,-0.045454545454545456,0.045454545454545456
340173,NC,Acute Care,1,1,Non-Profit,5.0,0.8571428571428571,1.0,0.7272727272727273,1.0,0.9166666666666666,0.9002164502164502,5,0.0,0.0,0.125,0.0,0.125,0.0,2.0,0.09090909090909091,0.09090909090909091
34017F,NC,Acute Care,0,1,Government,4.0,0.5714285714285714,0.125,0.36363636363636365,1.0,0.4166666666666667,0.4953463203463203,5,0.0,0.0,0.0,1.0,0.75,0.0,2.0,0.2222222222222222,0.3333333333333333
340183,NC,Acute Care,1,1,Non-Profit,4.0,0.8571428571428571,0.875,0.7272727272727273,1.0,0.9166666666666666,0.8752164502164502,5,0.0,0.0,0.14285714285714285,0.0,0.0,0.0,1.0,0.047619047619047616,0.047619047619047616
340184,NC,Acute Care,1,1,Government,3.0,0.7142857142857143,0.75,0.8181818181818182,1.0,0.9166666666666666,0.8398268398268399,5,0.0,0.0,0.16666666666666666,0.0,0.0,0.1111111111111111,0.0,0.0,0.05
340188,NC,Acute Care,0,1,Non-Profit,4.0,0.42857142857142855,0.375,0.5454545454545454,1.0,0.6666666666666666,0.6031385281385281,5,0.0,0.0,0.0,0.0,0.0,0.16666666666666666,-1.0,-0.08333333333333333,0.0
340190,NC,Acute Care,1,1,Non-Profit,4.0,0.5714285714285714,0.25,0.5454545454545454,1.0,0.75,0.6233766233766234,5,0.0,0.0,0.5,0.0,0.0,0.0,1.0,0.08333333333333333,0.08333333333333333
340195,NC,Acute Care,1,1,Non-Profit,,0.0,0.0,0.0,0.0,0.25,0.05,1,,,,,,,0.0,,
34036F,NC,Acute Care,0,1,Government,5.0,0.7142857142857143,0.375,0.5454545454545454,1.0,0.4166666666666667,0.6102813852813853,5,0.4,0.0,0.0,0.0,0.3333333333333333,0.0,4.0,0.2857142857142857,0.2857142857142857
341303,NC,Rural/Access,0,1,Non-Profit,,0.0,0.0,0.18181818181818182,0.0,0.5,0.13636363636363638,2,,,,,0.0,0.0,0.0,0.0,0.0
341304,NC,Rural/Access,0,1,Non-Profit,5.0,0.42857142857142855,0.0,0.36363636363636365,0.0,0.5833333333333334,0.27510822510822514,3,0.0,0.0,,,0.5,0.0,2.0,0.2857142857142857,0.2857142857142857
341305,NC,Rural/Access,0,1,Non-Profit,,0.0,0.0,0.0,0.0,0.4166666666666667,0.08333333333333334,1,,,,,,,0.0,,
341307,NC,Rural/Access,0,1,Government,,0.0,0.0,0.09090909090909091,0.0,0.3333333333333333,0.08484848484848484,2,,,,,0.0,0.0,0.0,0.0,0.0
341311,NC,Rural/Access,1,1,Non-Profit,,0.14285714285714285,0.0,0.2727272727272727,1.0,0.5,0.3831168831168831,4,0.0,0.0,,,0.0,0.0,0.0,0.0,0.0
341314,NC,Rural/Access,0,1,For-Profit,,0.14285714285714285,0.0,0.2727272727272727,0.0,0.08333333333333333,0.09978354978354978,3,0.0,0.0,,,0.0,0.0,0.0,0.0,0.0
341315,NC,Rural/Access,0,1,Non-Profit,,0.14285714285714285,0.125,0.2727272727272727,0.0,0.75,0.2581168831168831,4,0.0,0.0,0.0,0.0,0.0,0.0,0.0,0.0,0.0
341316,NC,Rural/Access,0,1,Non-Profit,,0.14285714285714285,0.125,0.18181818181818182,0.0,0.5833333333333334,0.2066017316017316,4,0.0,0.0,0.0,0.0,0.0,0.0,0.0,0.0,0.0
341317,NC,Rural/Access,0,1,For-Profit,,0.0,0.0,0.09090909090909091,0.0,0.0,0.01818181818181818,1,,,,,0.0,0.0,0.0,0.0,0.0
341318,NC,Rural/Access,1,1,Government,2.0,0.5714285714285714,0.25,0.7272727272727273,1.0,0.75,0.6597402597402597,5,0.0,0.0,0.0,0.0,0.0,0.0,0.0,0.0,0.0
341319,NC,Rural/Access,0,1,Non-Profit,1.0,0.42857142857142855,0.25,0.6363636363636364,1.0,0.5833333333333334,0.5796536796536798,5,0.0,0.0,0.0,0.0,0.0,0.2857142857142857,-2.0,-0.16666666666666666,0.0
341320,NC,Rural/Access,0,1,Non-Profit,,0.14285714285714285,0.0,0.2727272727272727,0.0,0.16666666666666666,0.11645021645021644,3,0.0,0.0,,,0.0,0.0,0.0,0.0,0.0
341322,NC,Rural/Access,0,1,Non-Profit,,0.2857142857142857,0.0,0.45454545454545453,1.0,0.5,0.44805194805194803,4,0.0,0.0,,,0.2,0.0,1.0,0.14285714285714285,0.14285714285714285
341323,NC,Rural/Access,0,1,Non-Profit,,0.14285714285714285,0.0,0.2727272727272727,0.0,0.5,0.1831168831168831,3,0.0,0.0,,,0.3333333333333333,0.0,1.0,0.25,0.25
341324,NC,Rural/Access,1,1,Non-Profit,4.0,0.42857142857142855,0.125,0.7272727272727273,1.0,0.8333333333333334,0.6228354978354979,5,0.0,0.0,0.0,0.0,0.125,0.0,1.0,0.08333333333333333,0.08333333333333333
341325,NC,Rural/Access,0,1,Non-Profit,3.0,0.5714285714285714,0.0,0.7272727272727273,1.0,0.3333333333333333,0.5264069264069264,4,0.0,0.0,,,0.125,0.0,1.0,0.08333333333333333,0.08333333333333333
341326,NC,Rural/Access,0,1,Non-Profit,2.0,0.5714285714285714,0.25,0.5454545454545454,1.0,0.8333333333333334,0.6400432900432901,5,0.0,0.0,0.0,0.0,0.0,0.0,0.0,0.0,0.0
341327,NC,Rural/Access,0,1,Non-Profit,,0.2857142857142857,0.125,0.5454545454545454,1.0,0.5,0.4912337662337662,5,0.0,0.0,0.0,0.0,0.0,0.0,0.0,0.0,0.0
341328,NC,Rural/Access,0,1,Non-Profit,1.0,0.5714285714285714,0.25,0.7272727272727273,1.0,0.75,0.6597402597402597,5,0.0,0.0,0.0,0.5,0.125,0.0,0.0,0.0,0.07142857142857142
341329,NC,Rural/Access,0,1,Non-Profit,3.0,0.42857142857142855,0.125,0.5454545454545454,1.0,0.8333333333333334,0.5864718614718615,5,0.0,0.0,0.0,0.0,0.16666666666666666,0.0,1.0,0.1,0.1
344004,NC,Psychiatric,0,1,Non-Profit,,0.0,0.0,0.0,0.0,0.0,0.0,0,,,,,,,0.0,,
344007,NC,Psychiatric,0,0,For-Profit,,0.0,0.0,0.0,0.0,0.0,0.0,0,,,,,,,0.0,,
344014,NC,Psychiatric,0,0,For-Profit,,0.0,0.0,0.0,0.0,0.0,0.0,0,,,,,,,0.0,,
344016,NC,Psychiatric,0,1,Government,,0.0,0.0,0.0,0.0,0.0,0.0,0,,,,,,,0.0,,
344023,NC,Psychiatric,0,0,Government,,0.0,0.0,0.0,0.0,0.0,0.0,0,,,,,,,0.0,,
344025,NC,Psychiatric,0,0,Government,,0.0,0.0,0.0,0.0,0.0,0.0,0,,,,,,,0.0,,
344026,NC,Psychiatric,0,0,Government,,0.0,0.0,0.0,0.0,0.0,0.0,0,,,,,,,0.0,,
344029,NC,Psychiatric,0,0,Non-Profit,,0.0,0.0,0.0,0.0,0.0,0.0,0,,,,,,,0.0,,
344030,NC,Psychiatric,0,0,For-Profit,,0.0,0.0,0.0,0.0,0.0,0.0,0,,,,,,,0.0,,
344032,NC,Psychiatric,0,0,For-Profit,,0.0,0.0,0.0,0.0,0.0,0.0,0,,,,,,,0.0,,
344033,NC,Psychiatric,0,0,Government,,0.0,0.0,0.0,0.0,0.0,0.0,0,,,,,,,0.0,,
344034,NC,Psychiatric,0,0,Non-Profit,,0.0,0.0,0.0,0.0,0.0,0.0,0,,,,,,,0.0,,
344035,NC,Psychiatric,0,0,For-Profit,,0.0,0.0,0.0,0.0,0.0,0.0,0,,,,,,,0.0,,
344036,NC,Psychiatric,0,1,For-Profit,,0.0,0.0,0.0,0.0,0.0,0.0,0,,,,,,,0.0,,
350002,ND,Acute Care,1,1,Non-Profit,2.0,1.0,0.875,1.0,1.0,0.8333333333333334,0.9416666666666667,5,0.0,0.0,0.0,0.0,0.18181818181818182,0.0,2.0,0.08,0.08
350006,ND,Acute Care,1,1,Non-Profit,3.0,1.0,0.75,0.9090909090909091,1.0,0.9166666666666666,0.9151515151515153,5,0.0,0.0,0.5,0.0,0.1,0.0,4.0,0.17391304347826086,0.17391304347826086
350011,ND,Acute Care,1,1,Non-Profit,4.0,1.0,0.875,1.0,1.0,1.0,0.975,5,0.14285714285714285,0.0,0.42857142857142855,0.0,0.2727272727272727,0.09090909090909091,6.0,0.24,0.28
350015,ND,Acute Care,1,1,Non-Profit,4.0,1.0,0.75,0.9090909090909091,1.0,0.9166666666666666,0.9151515151515153,5,0.14285714285714285,0.0,0.3333333333333333,0.0,0.2,0.0,5.0,0.21739130434782608,0.21739130434782608
350019,ND,Acute Care,1,1,Government,3.0,1.0,0.875,1.0,1.0,0.9166666666666666,0.9583333333333334,5,0.0,0.0,0.2857142857142857,0.0,0.0,0.0,2.0,0.08,0.08
35002F,ND,Acute Care,0,1,Government,5.0,0.42857142857142855,0.25,0.45454545454545453,1.0,0.4166666666666667,0.5099567099567099,5,0.6666666666666666,0.0,0.0,0.0,0.2,0.0,3.0,0.3,0.3
350063,ND,Acute Care,0,1,Government,,0.14285714285714285,0.0,0.18181818181818182,0.0,0.25,0.11493506493506493,3,0.0,0.0,,,0.0,0.0,0.0,0.0,0.0
350070,ND,Acute Care,1,1,Non-Profit,4.0,1.0,0.875,1.0,1.0,0.8333333333333334,0.9416666666666667,5,0.0,0.0,0.2857142857142857,0.0,0.0,0.0,2.0,0.08,0.08
351300,ND,Rural/Access,0,1,Non-Profit,,0.0,0.0,0.09090909090909091,0.0,0.4166666666666667,0.10151515151515152,2,,,,,0.0,0.0,0.0,0.0,0.0
351301,ND,Rural/Access,0,1,Non-Profit,,0.0,0.0,0.0,0.0,0.25,0.05,1,,,,,,,0.0,,
351302,ND,Rural/Access,0,1,Non-Profit,,0.0,0.125,0.18181818181818182,0.0,0.4166666666666667,0.1446969696969697,3,,,0.0,0.0,0.0,0.0,0.0,0.0,0.0
351303,ND,Rural/Access,0,1,Non-Profit,,0.14285714285714285,0.0,0.0,0.0,0.5,0.12857142857142856,2,0.0,0.0,,,,,0.0,0.0,0.0
351304,ND,Rural/Access,0,1,Non-Profit,,0.0,0.0,0.0,0.0,0.3333333333333333,0.06666666666666667,1,,,,,,,0.0,,
351305,ND,Rural/Access,0,1,Non-Profit,,0.0,0.0,0.0,0.0,0.25,0.05,1,,,,,,,0.0,,
351306,ND,Rural/Access,0,1,Non-Profit,,0.0,0.0,0.0,0.0,0.25,0.05,1,,,,,,,0.0,,
351307,ND,Rural/Access,0,1,Non-Profit,,0.14285714285714285,0.0,0.2727272727272727,0.0,0.3333333333333333,0.14978354978354977,3,0.0,0.0,,,0.0,0.0,0.0,0.0,0.0
351308,ND,Rural/Access,0,1,Non-Profit,,0.0,0.0,0.09090909090909091,0.0,0.25,0.06818181818181819,2,,,,,0.0,0.0,0.0,0.0,0.0
351309,ND,Rural/Access,0,1,Non-Profit,,0.14285714285714285,0.0,0.2727272727272727,0.0,0.4166666666666667,0.16645021645021646,3,0.0,0.0,,,0.0,0.0,0.0,0.0,0.0
351310,ND,Rural/Access,0,1,Non-Profit,,0.14285714285714285,0.0,0.18181818181818182,0.0,0.3333333333333333,0.13160173160173158,3,0.0,0.0,,,0.5,0.0,1.0,0.3333333333333333,0.3333333333333333
351311,ND,Rural/Access,0,1,Non-Profit,,0.0,0.0,0.18181818181818182,0.0,0.4166666666666667,0.1196969696969697,2,,,,,0.0,0.0,0.0,0.0,0.0
351312,ND,Rural/Access,0,1,Non-Profit,,0.0,0.0,0.09090909090909091,0.0,0.4166666666666667,0.10151515151515152,2,,,,,0.0,0.0,0.0,0.0,0.0
351313,ND,Rural/Access,0,1,Non-Profit,,0.0,0.0,0.09090909090909091,0.0,0.16666666666666666,0.051515151515151514,2,,,,,0.0,0.0,0.0,0.0,0.0
351314,ND,Rural/Access,0,1,Non-Profit,,0.14285714285714285,0.0,0.18181818181818182,0.0,0.16666666666666666,0.09826839826839825,3,0.0,0.0,,,0.0,0.0,0.0,0.0,0.0
351315,ND,Rural/Access,0,1,Non-Profit,,0.14285714285714285,0.0,0.2727272727272727,0.0,0.5,0.1831168831168831,3,0.0,0.0,,,0.0,0.0,0.0,0.0,0.0
351316,ND,Rural/Access,0,1,Non-Profit,,0.14285714285714285,0.0,0.18181818181818182,0.0,0.25,0.11493506493506493,3,0.0,0.0,,,0.0,0.5,-1.0,-0.3333333333333333,0.0
351318,ND,Rural/Access,0,1,Non-Profit,,0.14285714285714285,0.0,0.18181818181818182,0.0,0.5833333333333334,0.1816017316017316,3,0.0,0.0,,,0.0,0.0,0.0,0.0,0.0
351319,ND,Rural/Access,0,1,Non-Profit,,0.0,0.0,0.18181818181818182,0.0,0.4166666666666667,0.1196969696969697,2,,,,,0.0,0.0,0.0,0.0,0.0
351320,ND,Rural/Access,0,1,Non-Profit,,0.14285714285714285,0.0,0.09090909090909091,0.0,0.4166666666666667,0.13008658008658008,3,0.0,0.0,,,0.0,0.0,0.0,0.0,0.0
351321,ND,Rural/Access,0,1,Government,,0.14285714285714285,0.0,0.18181818181818182,0.0,0.4166666666666667,0.14826839826839827,3,0.0,0.0,,,0.0,0.0,0.0,0.0,0.0
351322,ND,Rural/Access,0,1,Non-Profit,,0.0,0.0,0.09090909090909091,0.0,0.3333333333333333,0.08484848484848484,2,,,,,0.0,0.0,0.0,0.0,0.0
351323,ND,Rural/Access,0,1,Non-Profit,,0.14285714285714285,0.0,0.2727272727272727,0.0,0.4166666666666667,0.16645021645021646,3,0.0,0.0,,,0.0,0.0,0.0,0.0,0.0
351324,ND,Rural/Access,0,1,Non-Profit,,0.2857142857142857,0.0,0.36363636363636365,0.0,0.5833333333333334,0.24653679653679655,3,0.0,0.0,,,0.0,0.0,0.0,0.0,0.0
351325,ND,Rural/Access,0,1,Non-Profit,,0.0,0.0,0.09090909090909091,0.0,0.25,0.06818181818181819,2,,,,,0.0,0.0,0.0,0.0,0.0
351326,ND,Rural/Access,0,1,Non-Profit,,0.14285714285714285,0.0,0.2727272727272727,0.0,0.4166666666666667,0.16645021645021646,3,0.0,0.0,,,0.0,0.0,0.0,0.0,0.0
351327,ND,Rural/Access,0,1,Non-Profit,,0.2857142857142857,0.0,0.2727272727272727,0.0,0.3333333333333333,0.17835497835497835,3,0.0,0.0,,,0.0,0.6666666666666666,-2.0,-0.4,0.0
351328,ND,Rural/Access,0,1,Non-Profit,,0.0,0.0,0.09090909090909091,0.0,0.4166666666666667,0.10151515151515152,2,,,,,0.0,0.0,0.0,0.0,0.0
351329,ND,Rural/Access,0,1,Non-Profit,,0.0,0.0,0.09090909090909091,0.0,0.3333333333333333,0.08484848484848484,2,,,,,0.0,0.0,0.0,0.0,0.0
351330,ND,Rural/Access,1,1,Non-Profit,4.0,0.42857142857142855,0.0,0.36363636363636365,0.0,0.3333333333333333,0.2251082251082251,3,0.0,0.0,,,0.0,0.0,0.0,0.0,0.0
351331,ND,Rural/Access,0,1,Non-Profit,,0.14285714285714285,0.0,0.18181818181818182,0.0,0.25,0.11493506493506493,3,0.0,0.0,,,0.0,0.0,0.0,0.0,0.0
351332,ND,Rural/Access,0,1,Non-Profit,,0.14285714285714285,0.0,0.18181818181818182,0.0,0.5833333333333334,0.1816017316017316,3,0.0,0.0,,,0.0,0.0,0.0,0.0,0.0
351333,ND,Rural/Access,1,1,Non-Profit,,0.2857142857142857,0.0,0.36363636363636365,0.0,0.6666666666666666,0.26320346320346316,3,0.0,0.0,,,0.25,0.0,1.0,0.16666666666666666,0.16666666666666666
351334,ND,Rural/Access,1,1,Non-Profit,,0.2857142857142857,0.125,0.45454545454545453,1.0,0.8333333333333334,0.5397186147186147,5,0.0,0.0,0.0,0.0,0.2,0.0,1.0,0.125,0.125
351335,ND,Rural/Access,1,1,Non-Profit,3.0,0.42857142857142855,0.125,0.7272727272727273,1.0,0.6666666666666666,0.5895021645021645,5,0.0,0.0,0.0,0.0,0.0,0.0,0.0,0.0,0.0
351336,ND,Rural/Access,1,1,Non-Profit,,0.2857142857142857,0.125,0.45454545454545453,1.0,0.8333333333333334,0.5397186147186147,5,0.0,0.0,0.0,0.0,0.0,0.0,0.0,0.0,0.0
351364,ND,Rural/Access,0,1,Government,,0.0,0.0,0.0,0.0,0.16666666666666666,0.03333333333333333,1,,,,,,,0.0,,
354003,ND,Psychiatric,0,0,Government,,0.0,0.0,0.0,0.0,0.0,0.0,0,,,,,,,0.0,,
354004,ND,Psychiatric,0,0,For-Profit,,0.0,0.0,0.0,0.0,0.0,0.0,0,,,,,,,0.0,,
360001,OH,Acute Care,1,1,Non-Profit,2.0,1.0,0.875,0.8181818181818182,1.0,0.9166666666666666,0.9219696969696971,5,0.0,0.14285714285714285,0.14285714285714285,0.14285714285714285,0.0,0.1111111111111111,-2.0,-0.08695652173913043,0.043478260869565216
360002,OH,Acute Care,0,0,Non-Profit,3.0,0.5714285714285714,0.25,0.7272727272727273,1.0,0.9166666666666666,0.6930735930735931,5,0.0,0.0,0.0,0.0,0.125,0.0,1.0,0.07142857142857142,0.07142857142857142
360003,OH,Acute Care,1,1,Non-Profit,3.0,1.0,0.875,0.9090909090909091,1.0,0.9166666666666666,0.9401515151515152,5,0.14285714285714285,0.0,0.2857142857142857,0.14285714285714285,0.0,0.2,0.0,0.0,0.125
360006,OH,Acute Care,1,1,Non-Profit,4.0,1.0,1.0,1.0,1.0,1.0,1.0,5,0.0,0.0,0.375,0.0,0.2727272727272727,0.0,6.0,0.23076923076923078,0.23076923076923078
360008,OH,Acute Care,1,1,Non-Profit,4.0,1.0,0.875,1.0,1.0,0.9166666666666666,0.9583333333333334,5,0.0,0.14285714285714285,0.14285714285714285,0.0,0.0,0.0,0.0,0.0,0.04
360009,OH,Acute Care,1,1,Non-Profit,4.0,1.0,0.75,0.9090909090909091,1.0,0.8333333333333334,0.8984848484848484,5,0.0,0.0,0.16666666666666666,0.0,0.1,0.0,2.0,0.08695652173913043,0.08695652173913043
360010,OH,Acute Care,1,1,Non-Profit,3.0,0.5714285714285714,0.375,0.5454545454545454,1.0,0.9166666666666666,0.6817099567099567,5,0.0,0.0,0.0,0.0,0.16666666666666666,0.0,1.0,0.07692307692307693,0.07692307692307693
360011,OH,Acute Care,1,1,Non-Profit,4.0,0.8571428571428571,0.875,0.8181818181818182,1.0,0.8333333333333334,0.8767316017316018,5,0.0,0.0,0.14285714285714285,0.0,0.1111111111111111,0.1111111111111111,1.0,0.045454545454545456,0.09090909090909091
360012,OH,Acute Care,1,1,Non-Profit,4.0,1.0,0.875,0.8181818181818182,1.0,0.8333333333333334,0.9053030303030303,5,0.0,0.0,0.2857142857142857,0.0,0.1111111111111111,0.0,3.0,0.13043478260869565,0.13043478260869565
360013,OH,Acute Care,1,1,Non-Profit,3.0,0.5714285714285714,0.25,0.5454545454545454,1.0,0.9166666666666666,0.6567099567099567,5,0.0,0.0,0.0,0.0,0.0,0.0,0.0,0.0,0.0
360014,OH,Acute Care,1,1,Non-Profit,4.0,0.5714285714285714,0.25,0.7272727272727273,1.0,0.8333333333333334,0.6764069264069265,5,0.0,0.0,0.5,0.0,0.125,0.0,2.0,0.14285714285714285,0.14285714285714285
360016,OH,Acute Care,0,1,Non-Profit,3.0,1.0,0.875,0.8181818181818182,1.0,0.75,0.8886363636363637,5,0.14285714285714285,0.0,0.0,0.0,0.0,0.1111111111111111,0.0,0.0,0.043478260869565216
360017,OH,Acute Care,1,1,Non-Profit,3.0,1.0,1.0,1.0,1.0,1.0,1.0,5,0.0,0.0,0.125,0.125,0.0,0.09090909090909091,-1.0,-0.038461538461538464,0.038461538461538464
36001F,OH,Acute Care,0,1,Government,5.0,0.7142857142857143,0.5,0.5454545454545454,1.0,0.5,0.6519480519480519,5,0.2,0.0,0.25,0.0,0.16666666666666666,0.0,3.0,0.2,0.2
360020,OH,Acute Care,1,1,Non-Profit,2.0,1.0,0.875,0.9090909090909091,1.0,0.8333333333333334,0.9234848484848485,5,0.0,0.0,0.14285714285714285,0.0,0.0,0.2,-1.0,-0.041666666666666664,0.041666666666666664
360025,OH,Acute Care,1,1,Non-Profit,3.0,0.7142857142857143,0.875,0.9090909090909091,1.0,0.9166666666666666,0.8830086580086581,5,0.0,0.0,0.14285714285714285,0.0,0.0,0.0,1.0,0.045454545454545456,0.045454545454545456
360026,OH,Acute Care,0,1,Non-Profit,,0.2857142857142857,0.0,0.2727272727272727,0.0,0.5833333333333334,0.22835497835497837,3,0.0,0.0,,,0.0,0.0,0.0,0.0,0.0
360027,OH,Acute Care,1,1,Non-Profit,3.0,1.0,0.875,1.0,1.0,1.0,0.975,5,0.14285714285714285,0.0,0.5714285714285714,0.14285714285714285,0.09090909090909091,0.09090909090909091,4.0,0.16,0.24
360029,OH,Acute Care,1,1,Non-Profit,4.0,0.42857142857142855,0.375,0.6363636363636364,1.0,0.8333333333333334,0.6546536796536797,5,0.0,0.0,0.0,0.0,0.0,0.0,0.0,0.0,0.0
360032,OH,Acute Care,1,1,Non-Profit,3.0,0.5714285714285714,0.25,0.5454545454545454,1.0,0.9166666666666666,0.6567099567099567,5,0.0,0.0,0.0,0.0,0.0,0.0,0.0,0.0,0.0
360035,OH,Acute Care,1,1,Non-Profit,3.0,1.0,1.0,0.8181818181818182,1.0,0.9166666666666666,0.946969696969697,5,0.0,0.0,0.125,0.0,0.0,0.1111111111111111,0.0,0.0,0.041666666666666664
360036,OH,Acute Care,1,1,Government,4.0,0.7142857142857143,0.75,0.9090909090909091,1.0,0.9166666666666666,0.8580086580086581,5,0.0,0.0,0.0,0.0,0.2,0.1,1.0,0.047619047619047616,0.09523809523809523
360039,OH,Acute Care,1,1,Non-Profit,4.0,1.0,0.875,0.9090909090909091,1.0,0.9166666666666666,0.9401515151515152,5,0.0,0.0,0.14285714285714285,0.0,0.2,0.0,3.0,0.125,0.125
36003F,OH,Acute Care,0,1,Government,5.0,0.5714285714285714,0.5,0.5454545454545454,1.0,0.4166666666666667,0.6067099567099568,5,0.5,0.0,0.0,0.0,0.3333333333333333,0.0,4.0,0.2857142857142857,0.2857142857142857
360040,OH,Acute Care,1,1,Non-Profit,3.0,0.5714285714285714,0.5,0.8181818181818182,1.0,0.9166666666666666,0.7612554112554112,5,0.0,0.0,0.0,0.0,0.1111111111111111,0.0,1.0,0.058823529411764705,0.058823529411764705
360041,OH,Acute Care,0,0,Non-Profit,4.0,1.0,0.875,1.0,1.0,0.8333333333333334,0.9416666666666667,5,0.0,0.0,0.14285714285714285,0.0,0.0,0.0,1.0,0.04,0.04
360046,OH,Acute Care,1,1,Non-Profit,5.0,0.42857142857142855,0.375,0.6363636363636364,1.0,0.75,0.637987012987013,5,0.0,0.0,0.0,0.0,0.0,0.0,0.0,0.0,0.0
360048,OH,Acute Care,0,1,Government,3.0,1.0,0.75,0.9090909090909091,1.0,0.75,0.8818181818181818,5,0.0,0.0,0.16666666666666666,0.0,0.0,0.0,1.0,0.043478260869565216,0.043478260869565216
360051,OH,Acute Care,1,1,Non-Profit,3.0,1.0,1.0,1.0,1.0,1.0,1.0,5,0.14285714285714285,0.0,0.5,0.0,0.0,0.18181818181818182,3.0,0.11538461538461539,0.19230769230769232
360054,OH,Acute Care,1,1,Non-Profit,4.0,0.7142857142857143,0.5,0.8181818181818182,1.0,1.0,0.8064935064935066,5,0.0,0.0,0.0,0.0,0.0,0.0,0.0,0.0,0.0
360055,OH,Acute Care,0,1,For-Profit,2.0,0.8571428571428571,0.75,0.6363636363636364,1.0,0.75,0.7987012987012987,5,0.0,0.0,0.16666666666666666,0.0,0.0,0.14285714285714285,0.0,0.0,0.05263157894736842
360056,OH,Acute Care,1,1,Non-Profit,3.0,1.0,1.0,0.8181818181818182,1.0,0.9166666666666666,0.946969696969697,5,0.0,0.0,0.125,0.125,0.0,0.0,0.0,0.0,0.041666666666666664
360058,OH,Acute Care,1,0,Government,3.0,0.7142857142857143,0.25,0.5454545454545454,1.0,0.9166666666666666,0.6852813852813853,5,0.0,0.0,0.0,0.0,0.16666666666666666,0.0,1.0,0.07692307692307693,0.07692307692307693
360059,OH,Acute Care,1,1,Non-Profit,3.0,1.0,1.0,1.0,1.0,1.0,1.0,5,0.14285714285714285,0.0,0.25,0.125,0.0,0.09090909090909091,1.0,0.038461538461538464,0.11538461538461539
360064,OH,Acute Care,0,1,Non-Profit,2.0,1.0,0.75,1.0,1.0,0.75,0.9,5,0.0,0.0,0.3333333333333333,0.16666666666666666,0.09090909090909091,0.2727272727272727,-1.0,-0.041666666666666664,0.125
360065,OH,Acute Care,1,1,Non-Profit,4.0,0.7142857142857143,0.625,0.9090909090909091,1.0,0.9166666666666666,0.8330086580086581,5,0.0,0.0,0.0,0.0,0.2,0.0,2.0,0.1,0.1
360066,OH,Acute Care,1,1,Non-Profit,4.0,1.0,0.875,1.0,1.0,0.9166666666666666,0.9583333333333334,5,0.0,0.0,0.14285714285714285,0.0,0.09090909090909091,0.0,2.0,0.08,0.08
360068,OH,Acute Care,1,1,Non-Profit,4.0,1.0,1.0,1.0,1.0,1.0,1.0,5,0.14285714285714285,0.0,0.25,0.125,0.09090909090909091,0.0,3.0,0.11538461538461539,0.15384615384615385
36006F,OH,Acute Care,0,1,Government,,0.0,0.0,0.0,0.0,0.0,0.0,0,,,,,,,0.0,,
360070,OH,Acute Care,1,1,Non-Profit,2.0,1.0,0.75,1.0,1.0,0.9166666666666666,0.9333333333333333,5,0.0,0.0,0.16666666666666666,0.0,0.0,0.09090909090909091,0.0,0.0,0.041666666666666664
360071,OH,Acute Care,0,0,Non-Profit,4.0,0.14285714285714285,0.375,0.45454545454545453,1.0,0.8333333333333334,0.5611471861471862,5,0.0,0.0,0.0,0.0,0.2,0.0,1.0,0.1111111111111111,0.1111111111111111
360072,OH,Acute Care,1,1,Non-Profit,2.0,1.0,0.875,1.0,1.0,0.8333333333333334,0.9416666666666667,5,0.0,0.0,0.14285714285714285,0.14285714285714285,0.0,0.09090909090909091,-1.0,-0.04,0.04
360075,OH,Acute Care,1,1,For-Profit,4.0,0.7142857142857143,0.75,0.8181818181818182,1.0,0.9166666666666666,0.8398268398268399,5,0.0,0.0,0.0,0.0,0.0,0.1111111111111111,-1.0,-0.05,0.0
360076,OH,Acute Care,1,1,Non-Profit,4.0,1.0,0.75,0.6363636363636364,1.0,1.0,0.8772727272727273,5,0.0,0.0,0.3333333333333333,0.0,0.14285714285714285,0.0,3.0,0.15,0.15
360077,OH,Acute Care,1,1,Non-Profit,5.0,1.0,0.875,1.0,1.0,0.9166666666666666,0.9583333333333334,5,0.5714285714285714,0.0,0.2857142857142857,0.0,0.0,0.09090909090909091,5.0,0.2,0.24
360078,OH,Acute Care,0,1,Non-Profit,3.0,0.7142857142857143,0.75,0.6363636363636364,1.0,0.8333333333333334,0.7867965367965368,5,0.0,0.0,0.0,0.16666666666666666,0.0,0.0,-1.0,-0.05555555555555555,0.0
360079,OH,Acute Care,1,1,Non-Profit,3.0,1.0,0.875,0.7272727272727273,1.0,0.8333333333333334,0.8871212121212121,5,0.0,0.0,0.5714285714285714,0.14285714285714285,0.0,0.125,2.0,0.09090909090909091,0.18181818181818182
36007F,OH,Acute Care,0,1,Government,4.0,0.5714285714285714,0.25,0.45454545454545453,1.0,0.4166666666666667,0.5385281385281385,5,0.0,0.0,0.0,0.0,0.2,0.0,1.0,0.09090909090909091,0.09090909090909091
360080,OH,Acute Care,0,0,Non-Profit,2.0,0.42857142857142855,0.25,0.5454545454545454,1.0,0.5833333333333334,0.5614718614718615,5,0.0,0.0,0.5,0.0,0.0,0.0,1.0,0.09090909090909091,0.09090909090909091
360082,OH,Acute Care,0,0,Non-Profit,3.0,0.5714285714285714,0.75,0.6363636363636364,1.0,0.6666666666666666,0.7248917748917749,5,0.0,0.0,0.16666666666666666,0.0,0.0,0.14285714285714285,0.0,0.0,0.058823529411764705
360084,OH,Acute Care,1,1,Non-Profit,3.0,1.0,0.875,0.9090909090909091,1.0,0.9166666666666666,0.9401515151515152,5,0.0,0.0,0.42857142857142855,0.14285714285714285,0.0,0.0,2.0,0.08333333333333333,0.125
360085,OH,Acute Care,1,1,Government,3.0,1.0,1.0,1.0,1.0,0.9166666666666666,0.9833333333333334,5,0.42857142857142855,0.0,0.25,0.25,0.0,0.0,3.0,0.11538461538461539,0.19230769230769232
360086,OH,Acute Care,1,1,Non-Profit,3.0,1.0,0.875,0.9090909090909091,1.0,0.9166666666666666,0.9401515151515152,5,0.14285714285714285,0.0,0.14285714285714285,0.0,0.0,0.1,1.0,0.041666666666666664,0.08333333333333333
360087,OH,Acute Care,0,1,Non-Profit,3.0,0.2857142857142857,0.5,0.45454545454545453,1.0,0.6666666666666666,0.5813852813852813,5,0.0,0.0,0.0,0.0,0.2,0.0,1.0,0.09090909090909091,0.09090909090909091
360089,OH,Acute Care,1,1,Non-Profit,4.0,0.42857142857142855,0.25,0.8181818181818182,1.0,0.9166666666666666,0.6826839826839827,5,0.0,0.0,0.0,0.0,0.1111111111111111,0.0,1.0,0.07142857142857142,0.07142857142857142
36008F,OH,Acute Care,0,0,Government,,0.14285714285714285,0.0,0.09090909090909091,0.0,0.25,0.09675324675324674,3,0.0,0.0,,,0.0,0.0,0.0,0.0,0.0
360091,OH,Acute Care,0,1,Non-Profit,5.0,0.7142857142857143,0.875,0.6363636363636364,1.0,0.8333333333333334,0.8117965367965368,5,0.4,0.0,0.0,0.0,0.0,0.0,2.0,0.10526315789473684,0.10526315789473684
360092,OH,Acute Care,1,1,Government,5.0,0.42857142857142855,0.375,0.7272727272727273,1.0,0.9166666666666666,0.6895021645021645,5,0.0,0.0,0.0,0.0,0.125,0.0,1.0,0.07142857142857142,0.07142857142857142
360095,OH,Acute Care,1,0,Non-Profit,3.0,1.0,0.875,1.0,1.0,0.9166666666666666,0.9583333333333334,5,0.0,0.14285714285714285,0.14285714285714285,0.0,0.18181818181818182,0.09090909090909091,1.0,0.04,0.12
360096,OH,Acute Care,0,1,Non-Profit,4.0,0.7142857142857143,0.375,0.45454545454545453,1.0,0.6666666666666666,0.6420995670995671,5,0.2,0.0,0.0,0.0,0.2,0.0,2.0,0.15384615384615385,0.15384615384615385
360098,OH,Acute Care,0,1,Non-Profit,3.0,1.0,0.875,0.8181818181818182,1.0,1.0,0.9386363636363637,5,0.0,0.0,0.0,0.0,0.0,0.0,0.0,0.0,0.0
360107,OH,Acute Care,1,0,Non-Profit,3.0,0.42857142857142855,0.25,0.5454545454545454,1.0,0.8333333333333334,0.6114718614718615,5,0.0,0.0,0.0,0.0,0.16666666666666666,0.0,1.0,0.09090909090909091,0.09090909090909091
360109,OH,Acute Care,0,1,Non-Profit,,0.2857142857142857,0.25,0.36363636363636365,1.0,0.75,0.5298701298701298,5,0.0,0.0,0.0,0.0,0.25,0.0,1.0,0.125,0.125
360112,OH,Acute Care,1,1,Non-Profit,3.0,1.0,1.0,1.0,1.0,1.0,1.0,5,0.0,0.0,0.375,0.25,0.0,0.18181818181818182,-1.0,-0.038461538461538464,0.11538461538461539
360118,OH,Acute Care,1,1,Non-Profit,2.0,1.0,0.75,0.9090909090909091,1.0,0.8333333333333334,0.8984848484848484,5,0.0,0.0,0.16666666666666666,0.16666666666666666,0.1,0.1,0.0,0.0,0.08695652173913043
360121,OH,Acute Care,1,0,Non-Profit,4.0,0.42857142857142855,0.25,0.9090909090909091,1.0,0.8333333333333334,0.6841991341991343,5,0.0,0.0,0.0,0.0,0.1,0.0,1.0,0.06666666666666667,0.06666666666666667
360123,OH,Acute Care,0,1,Non-Profit,4.0,0.8571428571428571,0.875,0.9090909090909091,1.0,0.8333333333333334,0.89491341991342,5,0.0,0.0,0.0,0.0,0.0,0.0,0.0,0.0,0.0
360125,OH,Acute Care,0,1,Non-Profit,3.0,0.7142857142857143,0.625,0.8181818181818182,1.0,0.75,0.7814935064935066,5,0.0,0.0,0.2,0.0,0.0,0.1111111111111111,0.0,0.0,0.05263157894736842
360131,OH,Acute Care,0,1,Non-Profit,4.0,0.42857142857142855,0.25,0.5454545454545454,1.0,0.75,0.5948051948051948,5,0.0,0.0,0.5,0.0,0.16666666666666666,0.0,2.0,0.18181818181818182,0.18181818181818182
360132,OH,Acute Care,1,1,Non-Profit,3.0,0.8571428571428571,0.75,0.8181818181818182,1.0,0.9166666666666666,0.8683982683982684,5,0.0,0.0,0.16666666666666666,0.0,0.0,0.0,1.0,0.047619047619047616,0.047619047619047616
360133,OH,Acute Care,1,0,Non-Profit,2.0,1.0,0.875,0.9090909090909091,1.0,1.0,0.9568181818181818,5,0.0,0.0,0.2857142857142857,0.14285714285714285,0.1,0.0,2.0,0.08333333333333333,0.125
360134,OH,Acute Care,1,1,Non-Profit,3.0,0.8571428571428571,1.0,0.9090909090909091,1.0,0.9166666666666666,0.9365800865800866,5,0.16666666666666666,0.0,0.25,0.0,0.1,0.1,3.0,0.125,0.16666666666666666
360137,OH,Acute Care,1,1,Non-Profit,3.0,1.0,1.0,1.0,1.0,0.9166666666666666,0.9833333333333334,5,0.0,0.0,0.25,0.125,0.0,0.18181818181818182,-1.0,-0.038461538461538464,0.07692307692307693
360143,OH,Acute Care,0,1,Non-Profit,5.0,0.5714285714285714,0.875,0.6363636363636364,1.0,0.75,0.7665584415584416,5,0.5,0.0,0.14285714285714285,0.0,0.0,0.0,3.0,0.16666666666666666,0.16666666666666666
360144,OH,Acute Care,0,0,Non-Profit,4.0,0.5714285714285714,0.75,0.7272727272727273,1.0,0.6666666666666666,0.743073593073593,5,0.5,0.0,0.3333333333333333,0.0,0.0,0.125,3.0,0.16666666666666666,0.2222222222222222
360145,OH,Acute Care,0,0,Non-Profit,4.0,1.0,0.875,0.8181818181818182,1.0,0.9166666666666666,0.9219696969696971,5,0.0,0.0,0.14285714285714285,0.0,0.0,0.0,1.0,0.043478260869565216,0.043478260869565216
360147,OH,Acute Care,1,1,Non-Profit,3.0,1.0,0.75,0.9090909090909091,1.0,1.0,0.9318181818181819,5,0.0,0.0,0.16666666666666666,0.0,0.0,0.0,1.0,0.043478260869565216,0.043478260869565216
360148,OH,Acute Care,1,1,Non-Profit,,0.2857142857142857,0.125,0.45454545454545453,1.0,0.8333333333333334,0.5397186147186147,5,0.0,0.0,0.0,0.0,0.0,0.0,0.0,0.0,0.0
360150,OH,Acute Care,0,1,Non-Profit,4.0,0.5714285714285714,0.5,0.7272727272727273,1.0,0.75,0.7097402597402598,5,0.0,0.0,0.25,0.0,0.0,0.125,0.0,0.0,0.0625
360152,OH,Acute Care,1,1,Non-Profit,4.0,0.8571428571428571,0.875,0.8181818181818182,1.0,0.8333333333333334,0.8767316017316018,5,0.0,0.0,0.0,0.0,0.0,0.0,0.0,0.0,0.0
360155,OH,Acute Care,1,1,Non-Profit,4.0,1.0,0.875,1.0,1.0,1.0,0.975,5,0.14285714285714285,0.0,0.14285714285714285,0.14285714285714285,0.09090909090909091,0.09090909090909091,1.0,0.04,0.12
360156,OH,Acute Care,1,0,Non-Profit,3.0,0.5714285714285714,0.25,0.7272727272727273,1.0,0.9166666666666666,0.6930735930735931,5,0.0,0.0,0.0,0.0,0.25,0.0,2.0,0.14285714285714285,0.14285714285714285
360159,OH,Acute Care,1,1,Non-Profit,3.0,1.0,1.0,1.0,1.0,1.0,1.0,5,0.0,0.0,0.125,0.125,0.0,0.0,0.0,0.0,0.038461538461538464
360161,OH,Acute Care,1,1,Non-Profit,2.0,0.7142857142857143,0.75,0.8181818181818182,1.0,0.8333333333333334,0.8231601731601732,5,0.0,0.0,0.3333333333333333,0.16666666666666666,0.0,0.0,1.0,0.05,0.1
360163,OH,Acute Care,1,1,Non-Profit,5.0,1.0,1.0,1.0,1.0,1.0,1.0,5,0.14285714285714285,0.0,0.25,0.0,0.0,0.0,3.0,0.11538461538461539,0.11538461538461539
360170,OH,Acute Care,1,1,Government,2.0,0.42857142857142855,0.5,0.5454545454545454,1.0,0.8333333333333334,0.6614718614718614,5,0.0,0.0,0.0,0.0,0.0,0.0,0.0,0.0,0.0
360172,OH,Acute Care,1,1,Non-Profit,2.0,0.8571428571428571,0.875,0.7272727272727273,1.0,0.8333333333333334,0.8585497835497835,5,0.0,0.0,0.2857142857142857,0.14285714285714285,0.0,0.125,0.0,0.0,0.09523809523809523
360174,OH,Acute Care,0,1,Non-Profit,4.0,0.7142857142857143,0.75,0.6363636363636364,1.0,0.9166666666666666,0.8034632034632034,5,0.0,0.0,0.16666666666666666,0.0,0.0,0.0,1.0,0.05555555555555555,0.05555555555555555
360175,OH,Acute Care,1,0,Government,2.0,0.7142857142857143,0.25,0.7272727272727273,1.0,0.8333333333333334,0.704978354978355,5,0.0,0.0,0.0,0.0,0.0,0.0,0.0,0.0,0.0
360179,OH,Acute Care,1,1,Non-Profit,3.0,1.0,0.875,1.0,1.0,1.0,0.975,5,0.0,0.0,0.2857142857142857,0.0,0.0,0.09090909090909091,1.0,0.04,0.08
360180,OH,Acute Care,1,1,Non-Profit,5.0,1.0,1.0,1.0,1.0,0.9166666666666666,0.9833333333333334,5,0.5714285714285714,0.0,0.25,0.125,0.18181818181818182,0.09090909090909091,6.0,0.23076923076923078,0.3076923076923077
360185,OH,Acute Care,0,1,Non-Profit,2.0,0.5714285714285714,0.625,0.8181818181818182,1.0,0.8333333333333334,0.7695887445887446,5,0.0,0.0,0.0,0.0,0.0,0.0,0.0,0.0,0.0
360189,OH,Acute Care,0,1,Non-Profit,,0.2857142857142857,0.25,0.5454545454545454,1.0,0.6666666666666666,0.5495670995670995,5,0.0,0.0,0.0,0.0,0.0,0.0,0.0,0.0,0.0
360197,OH,Acute Care,1,1,Non-Profit,3.0,0.5714285714285714,0.125,0.5454545454545454,1.0,0.9166666666666666,0.6317099567099567,5,0.0,0.0,0.0,0.0,0.0,0.16666666666666666,-1.0,-0.09090909090909091,0.0
360203,OH,Acute Care,1,1,Non-Profit,3.0,0.42857142857142855,0.625,0.7272727272727273,1.0,0.9166666666666666,0.7395021645021644,5,0.0,0.0,0.0,0.2,0.0,0.0,-1.0,-0.0625,0.0
360210,OH,Acute Care,1,1,Non-Profit,4.0,0.42857142857142855,0.375,0.7272727272727273,1.0,0.8333333333333334,0.6728354978354979,5,0.0,0.0,0.0,0.0,0.0,0.0,0.0,0.0,0.0
360211,OH,Acute Care,1,1,Non-Profit,2.0,1.0,0.875,1.0,1.0,1.0,0.975,5,0.0,0.0,0.2857142857142857,0.0,0.09090909090909091,0.0,3.0,0.12,0.12
360218,OH,Acute Care,1,1,Non-Profit,2.0,0.7142857142857143,0.875,0.9090909090909091,1.0,1.0,0.8996753246753247,5,0.0,0.0,0.0,0.14285714285714285,0.0,0.0,-1.0,-0.045454545454545456,0.0
360230,OH,Acute Care,1,0,Non-Profit,5.0,1.0,0.875,1.0,1.0,1.0,0.975,5,0.42857142857142855,0.0,0.42857142857142855,0.0,0.0,0.0,6.0,0.24,0.24
360234,OH,Acute Care,1,1,Non-Profit,4.0,0.8571428571428571,0.875,0.7272727272727273,1.0,0.9166666666666666,0.8752164502164502,5,0.16666666666666666,0.0,0.14285714285714285,0.0,0.0,0.0,2.0,0.09523809523809523,0.09523809523809523
360236,OH,Acute Care,0,1,Non-Profit,4.0,0.42857142857142855,0.75,0.5454545454545454,1.0,0.8333333333333334,0.7114718614718615,5,0.0,0.0,0.16666666666666666,0.0,0.0,0.0,1.0,0.06666666666666667,0.06666666666666667
360239,OH,Acute Care,0,1,Non-Profit,3.0,0.5714285714285714,0.625,0.5454545454545454,1.0,0.8333333333333334,0.7150432900432901,5,0.0,0.0,0.0,0.0,0.0,0.0,0.0,0.0,0.0
360245,OH,Acute Care,0,0,For-Profit,,0.0,0.125,0.09090909090909091,0.0,0.16666666666666666,0.07651515151515151,3,,,1.0,0.0,0.0,0.0,1.0,0.5,0.5
360259,OH,Acute Care,1,1,Non-Profit,3.0,0.5714285714285714,0.25,0.5454545454545454,1.0,0.9166666666666666,0.6567099567099567,5,0.0,0.0,0.0,0.0,0.0,0.0,0.0,0.0,0.0
360263,OH,Acute Care,0,0,For-Profit,,0.0,0.25,0.2727272727272727,1.0,0.25,0.35454545454545455,4,,,0.0,0.0,0.0,0.0,0.0,0.0,0.0
360266,OH,Acute Care,0,0,For-Profit,,0.0,0.25,0.2727272727272727,1.0,0.3333333333333333,0.3712121212121212,4,,,0.0,0.0,0.0,0.0,0.0,0.0,0.0
360270,OH,Acute Care,0,1,For-Profit,3.0,0.42857142857142855,0.125,0.7272727272727273,1.0,0.75,0.6061688311688311,5,0.0,0.0,0.0,0.0,0.0,0.0,0.0,0.0,0.0
360276,OH,Acute Care,1,1,Non-Profit,3.0,0.8571428571428571,0.875,0.9090909090909091,1.0,0.9166666666666666,0.9115800865800866,5,0.16666666666666666,0.0,0.14285714285714285,0.14285714285714285,0.1,0.1,1.0,0.043478260869565216,0.13043478260869565
360348,OH,Acute Care,1,1,Non-Profit,3.0,0.7142857142857143,0.875,0.5454545454545454,1.0,0.8333333333333334,0.7936147186147187,5,0.0,0.0,0.14285714285714285,0.0,0.0,0.0,1.0,0.05555555555555555,0.05555555555555555
360351,OH,Acute Care,0,0,For-Profit,5.0,0.0,0.375,0.2727272727272727,1.0,0.3333333333333333,0.3962121212121212,4,,,0.3333333333333333,0.0,0.0,0.0,1.0,0.16666666666666666,0.16666666666666666
360352,OH,Acute Care,0,0,For-Profit,4.0,0.0,0.5,0.5454545454545454,1.0,0.5833333333333334,0.5257575757575758,4,,,0.0,0.0,0.0,0.0,0.0,0.0,0.0
360354,OH,Acute Care,1,1,Non-Profit,3.0,0.8571428571428571,0.75,0.9090909090909091,1.0,1.0,0.9032467532467532,5,0.0,0.0,0.16666666666666666,0.0,0.0,0.2,-1.0,-0.045454545454545456,0.045454545454545456
360355,OH,Acute Care,0,0,Non-Profit,,0.0,0.125,0.2727272727272727,0.0,0.4166666666666667,0.1628787878787879,3,,,0.0,0.0,0.0,0.0,0.0,0.0,0.0
360358,OH,Acute Care,0,1,Non-Profit,,0.0,0.0,0.0,0.0,0.5,0.1,1,,,,,,,0.0,,
360359,OH,Acute Care,0,1,Non-Profit,3.0,1.0,0.875,0.8181818181818182,1.0,0.8333333333333334,0.9053030303030303,5,0.14285714285714285,0.0,0.14285714285714285,0.0,0.0,0.0,2.0,0.08695652173913043,0.08695652173913043
360360,OH,Acute Care,1,1,Non-Profit,4.0,0.7142857142857143,0.75,0.6363636363636364,1.0,0.9166666666666666,0.8034632034632034,5,0.0,0.0,0.3333333333333333,0.0,0.0,0.14285714285714285,1.0,0.05555555555555555,0.1111111111111111
360361,OH,Acute Care,0,1,Non-Profit,,0.0,0.25,0.2727272727272727,0.0,0.5833333333333334,0.2212121212121212,3,,,0.0,0.0,0.0,0.0,0.0,0.0,0.0
360364,OH,Acute Care,0,1,Non-Profit,5.0,0.8571428571428571,0.875,0.6363636363636364,1.0,0.8333333333333334,0.8403679653679653,5,0.3333333333333333,0.0,0.14285714285714285,0.0,0.0,0.0,3.0,0.15,0.15
360365,OH,Acute Care,1,1,Non-Profit,3.0,0.42857142857142855,0.25,0.45454545454545453,1.0,0.8333333333333334,0.5932900432900433,5,0.0,0.0,0.0,0.0,0.0,0.0,0.0,0.0,0.0
360367,OH,Acute Care,0,1,For-Profit,,0.0,0.125,0.18181818181818182,1.0,0.4166666666666667,0.3446969696969697,4,,,0.0,0.0,0.0,0.0,0.0,0.0,0.0
360368,OH,Acute Care,0,1,Non-Profit,4.0,0.5714285714285714,0.25,0.45454545454545453,1.0,0.8333333333333334,0.6218614718614719,5,0.0,0.0,0.0,0.0,0.0,0.0,0.0,0.0,0.0
360374,OH,Acute Care,0,1,Non-Profit,,0.0,0.0,0.0,0.0,0.0,0.0,0,,,,,,,0.0,,
360375,OH,Acute Care,0,1,Non-Profit,,0.0,0.0,0.0,0.0,0.0,0.0,0,,,,,,,0.0,,
361300,OH,Rural/Access,0,1,Government,,0.14285714285714285,0.0,0.2727272727272727,0.0,0.3333333333333333,0.14978354978354977,3,0.0,0.0,,,0.0,0.0,0.0,0.0,0.0
361302,OH,Rural/Access,0,1,Non-Profit,,0.0,0.0,0.0,0.0,0.4166666666666667,0.08333333333333334,1,,,,,,,0.0,,
361303,OH,Rural/Access,0,1,Non-Profit,,0.0,0.0,0.0,1.0,0.5833333333333334,0.3166666666666667,2,,,,,,,0.0,,
361304,OH,Rural/Access,0,1,Non-Profit,,0.0,0.0,0.09090909090909091,0.0,0.5,0.1181818181818182,2,,,,,0.0,0.0,0.0,0.0,0.0
361306,OH,Rural/Access,0,1,Non-Profit,5.0,0.42857142857142855,0.125,0.2727272727272727,1.0,0.5,0.46525974025974026,5,0.0,0.0,0.0,0.0,0.0,0.0,0.0,0.0,0.0
361307,OH,Rural/Access,0,1,Non-Profit,3.0,0.42857142857142855,0.125,0.7272727272727273,1.0,0.75,0.6061688311688311,5,0.0,0.0,0.0,0.0,0.0,0.125,-1.0,-0.08333333333333333,0.0
361308,OH,Rural/Access,0,1,Non-Profit,,0.2857142857142857,0.0,0.45454545454545453,0.0,0.5833333333333334,0.26471861471861474,3,0.0,0.0,,,0.0,0.0,0.0,0.0,0.0
361309,OH,Rural/Access,0,1,Non-Profit,3.0,0.42857142857142855,0.0,0.45454545454545453,0.0,0.8333333333333334,0.3432900432900433,3,0.0,0.0,,,0.0,0.0,0.0,0.0,0.0
361310,OH,Rural/Access,0,1,Non-Profit,,0.14285714285714285,0.0,0.45454545454545453,0.0,0.6666666666666666,0.25281385281385277,3,0.0,0.0,,,0.0,0.0,0.0,0.0,0.0
361311,OH,Rural/Access,0,1,Non-Profit,,0.0,0.0,0.09090909090909091,0.0,0.4166666666666667,0.10151515151515152,2,,,,,0.0,0.0,0.0,0.0,0.0
361312,OH,Rural/Access,0,1,Non-Profit,5.0,0.42857142857142855,0.125,0.36363636363636365,0.0,0.6666666666666666,0.31677489177489176,4,0.0,0.0,0.0,0.0,0.0,0.0,0.0,0.0,0.0
361313,OH,Rural/Access,0,1,Government,,0.0,0.0,0.2727272727272727,0.0,0.16666666666666666,0.08787878787878786,2,,,,,0.0,0.0,0.0,0.0,0.0
361314,OH,Rural/Access,0,1,Non-Profit,,0.2857142857142857,0.0,0.6363636363636364,0.0,0.4166666666666667,0.26774891774891774,3,0.0,0.0,,,0.0,0.14285714285714285,-1.0,-0.1111111111111111,0.0
361315,OH,Rural/Access,0,1,Non-Profit,,0.2857142857142857,0.0,0.36363636363636365,0.0,0.5,0.22987012987012986,3,0.0,0.0,,,0.0,0.0,0.0,0.0,0.0
361316,OH,Rural/Access,0,1,Non-Profit,,0.14285714285714285,0.25,0.36363636363636365,0.0,0.5833333333333334,0.267965367965368,4,0.0,0.0,0.0,0.5,0.0,0.0,-1.0,-0.14285714285714285,0.0
361318,OH,Rural/Access,0,0,Non-Profit,3.0,0.42857142857142855,0.0,0.5454545454545454,1.0,0.5,0.49480519480519475,4,0.0,0.0,,,0.0,0.0,0.0,0.0,0.0
361319,OH,Rural/Access,0,1,Non-Profit,,0.0,0.125,0.2727272727272727,1.0,0.5,0.3795454545454545,4,,,0.0,0.0,0.0,0.0,0.0,0.0,0.0
361320,OH,Rural/Access,0,1,Non-Profit,5.0,0.42857142857142855,0.125,0.36363636363636365,0.0,0.6666666666666666,0.31677489177489176,4,0.0,0.0,0.0,0.0,0.0,0.0,0.0,0.0,0.0
361321,OH,Rural/Access,0,1,Non-Profit,,0.0,0.0,0.2727272727272727,0.0,0.5,0.15454545454545454,2,,,,,0.0,0.0,0.0,0.0,0.0
361322,OH,Rural/Access,0,1,Non-Profit,,0.0,0.0,0.18181818181818182,0.0,0.5,0.13636363636363638,2,,,,,0.0,0.0,0.0,0.0,0.0
361323,OH,Rural/Access,1,1,Non-Profit,,0.14285714285714285,0.125,0.45454545454545453,1.0,0.75,0.49448051948051946,5,0.0,0.0,0.0,0.0,0.0,0.0,0.0,0.0,0.0
361324,OH,Rural/Access,0,1,Non-Profit,,0.2857142857142857,0.125,0.45454545454545453,0.0,0.5,0.27305194805194805,4,0.0,0.0,0.0,0.0,0.2,0.0,1.0,0.125,0.125
361325,OH,Rural/Access,1,0,Non-Profit,,0.0,0.0,0.0,0.0,0.0,0.0,0,,,,,,,0.0,,
361326,OH,Rural/Access,0,1,Government,2.0,0.42857142857142855,0.125,0.5454545454545454,0.0,0.3333333333333333,0.28647186147186143,4,0.0,0.0,0.0,0.0,0.0,0.0,0.0,0.0,0.0
361327,OH,Rural/Access,0,1,Non-Profit,,0.0,0.0,0.0,0.0,0.3333333333333333,0.06666666666666667,1,,,,,,,0.0,,
361328,OH,Rural/Access,1,1,Non-Profit,4.0,0.42857142857142855,0.125,0.7272727272727273,1.0,0.6666666666666666,0.5895021645021645,5,0.0,0.0,0.0,0.0,0.0,0.0,0.0,0.0,0.0
361329,OH,Rural/Access,0,1,Government,4.0,0.42857142857142855,0.125,0.8181818181818182,1.0,0.25,0.5243506493506493,5,0.0,0.0,0.0,0.0,0.0,0.0,0.0,0.0,0.0
361330,OH,Rural/Access,0,1,Non-Profit,,0.14285714285714285,0.0,0.18181818181818182,0.0,0.25,0.11493506493506493,3,0.0,0.0,,,0.0,0.0,0.0,0.0,0.0
361331,OH,Rural/Access,0,1,Government,3.0,0.42857142857142855,0.125,0.6363636363636364,0.0,0.75,0.387987012987013,4,0.0,0.0,0.0,0.0,0.14285714285714285,0.0,1.0,0.09090909090909091,0.09090909090909091
361332,OH,Rural/Access,0,1,Government,3.0,0.42857142857142855,0.125,0.7272727272727273,1.0,0.5,0.5561688311688312,5,0.0,0.0,0.0,0.0,0.0,0.0,0.0,0.0,0.0
361333,OH,Rural/Access,0,1,Non-Profit,3.0,0.42857142857142855,0.125,0.7272727272727273,1.0,0.8333333333333334,0.6228354978354979,5,0.0,0.0,0.0,0.0,0.0,0.0,0.0,0.0,0.0
361334,OH,Rural/Access,0,1,Non-Profit,,0.14285714285714285,0.125,0.2727272727272727,0.0,0.5833333333333334,0.22478354978354975,4,0.0,0.0,0.0,0.0,0.0,0.0,0.0,0.0,0.0
361335,OH,Rural/Access,1,1,Non-Profit,,0.0,0.0,0.0,0.0,0.0,0.0,0,,,,,,,0.0,,
363300,OH,Childrens,0,1,Non-Profit,,0.0,0.0,0.0,0.0,0.0,0.0,0,,,,,,,0.0,,
363302,OH,Childrens,0,0,Non-Profit,,0.0,0.0,0.0,0.0,0.0,0.0,0,,,,,,,0.0,,
363303,OH,Childrens,0,0,Non-Profit,,0.0,0.0,0.0,0.0,0.0,0.0,0,,,,,,,0.0,,
363304,OH,Childrens,0,0,Non-Profit,,0.0,0.0,0.0,0.0,0.0,0.0,0,,,,,,,0.0,,
363305,OH,Childrens,0,1,Non-Profit,,0.0,0.0,0.0,0.0,0.0,0.0,0,,,,,,,0.0,,
363306,OH,Childrens,0,1,Non-Profit,,0.0,0.0,0.0,0.0,0.0,0.0,0,,,,,,,0.0,,
363308,OH,Childrens,0,0,Non-Profit,,0.0,0.0,0.0,0.0,0.0,0.0,0,,,,,,,0.0,,
363309,OH,Childrens,0,0,Non-Profit,,0.0,0.0,0.0,0.0,0.0,0.0,0,,,,,,,0.0,,
364007,OH,Psychiatric,0,1,Government,,0.0,0.0,0.0,0.0,0.0,0.0,0,,,,,,,0.0,,
364011,OH,Psychiatric,0,0,Government,,0.0,0.0,0.0,0.0,0.0,0.0,0,,,,,,,0.0,,
364014,OH,Psychiatric,0,1,Government,,0.0,0.0,0.0,0.0,0.0,0.0,0,,,,,,,0.0,,
364015,OH,Psychiatric,0,0,For-Profit,,0.0,0.0,0.0,0.0,0.0,0.0,0,,,,,,,0.0,,
364029,OH,Psychiatric,0,0,For-Profit,,0.0,0.0,0.0,0.0,0.0,0.0,0,,,,,,,0.0,,
364031,OH,Psychiatric,0,0,Government,,0.0,0.0,0.0,0.0,0.0,0.0,0,,,,,,,0.0,,
364035,OH,Psychiatric,0,0,Government,,0.0,0.0,0.0,0.0,0.0,0.0,0,,,,,,,0.0,,
364036,OH,Psychiatric,0,0,For-Profit,,0.0,0.0,0.0,0.0,0.0,0.0,0,,,,,,,0.0,,
364038,OH,Psychiatric,0,0,For-Profit,,0.0,0.0,0.0,0.0,0.0,0.0,0,,,,,,,0.0,,
364040,OH,Psychiatric,0,0,For-Profit,,0.0,0.0,0.0,0.0,0.0,0.0,0,,,,,,,0.0,,
364041,OH,Psychiatric,0,0,For-Profit,,0.0,0.0,0.0,0.0,0.0,0.0,0,,,,,,,0.0,,
364044,OH,Psychiatric,0,0,Non-Profit,,0.0,0.0,0.0,0.0,0.0,0.0,0,,,,,,,0.0,,
364047,OH,Psychiatric,0,1,For-Profit,,0.0,0.0,0.0,0.0,0.0,0.0,0,,,,,,,0.0,,
364048,OH,Psychiatric,0,0,For-Profit,,0.0,0.0,0.0,0.0,0.0,0.0,0,,,,,,,0.0,,
364049,OH,Psychiatric,0,0,For-Profit,,0.0,0.0,0.0,0.0,0.0,0.0,0,,,,,,,0.0,,
364050,OH,Psychiatric,0,0,Non-Profit,,0.0,0.0,0.0,0.0,0.0,0.0,0,,,,,,,0.0,,
364051,OH,Psychiatric,0,0,For-Profit,,0.0,0.0,0.0,0.0,0.0,0.0,0,,,,,,,0.0,,
364052,OH,Psychiatric,0,0,For-Profit,,0.0,0.0,0.0,0.0,0.0,0.0,0,,,,,,,0.0,,
364053,OH,Psychiatric,0,0,For-Profit,,0.0,0.0,0.0,0.0,0.0,0.0,0,,,,,,,0.0,,
364054,OH,Psychiatric,0,0,For-Profit,,0.0,0.0,0.0,0.0,0.0,0.0,0,,,,,,,0.0,,
364055,OH,Psychiatric,0,0,Non-Profit,,0.0,0.0,0.0,0.0,0.0,0.0,0,,,,,,,0.0,,
364056,OH,Psychiatric,0,1,Non-Profit,,0.0,0.0,0.0,0.0,0.0,0.0,0,,,,,,,0.0,,
364057,OH,Psychiatric,0,0,For-Profit,,0.0,0.0,0.0,0.0,0.0,0.0,0,,,,,,,0.0,,
364058,OH,Psychiatric,0,0,Non-Profit,,0.0,0.0,0.0,0.0,0.0,0.0,0,,,,,,,0.0,,
364059,OH,Psychiatric,0,0,For-Profit,,0.0,0.0,0.0,0.0,0.0,0.0,0,,,,,,,0.0,,
364060,OH,Psychiatric,0,0,For-Profit,,0.0,0.0,0.0,0.0,0.0,0.0,0,,,,,,,0.0,,
364061,OH,Psychiatric,0,0,For-Profit,,0.0,0.0,0.0,0.0,0.0,0.0,0,,,,,,,0.0,,
364062,OH,Psychiatric,0,0,For-Profit,,0.0,0.0,0.0,0.0,0.0,0.0,0,,,,,,,0.0,,
364063,OH,Psychiatric,0,0,For-Profit,,0.0,0.0,0.0,0.0,0.0,0.0,0,,,,,,,0.0,,
364064,OH,Psychiatric,0,0,For-Profit,,0.0,0.0,0.0,0.0,0.0,0.0,0,,,,,,,0.0,,
364065,OH,Psychiatric,0,0,For-Profit,,0.0,0.0,0.0,0.0,0.0,0.0,0,,,,,,,0.0,,
364066,OH,Psychiatric,0,0,For-Profit,,0.0,0.0,0.0,0.0,0.0,0.0,0,,,,,,,0.0,,
370001,OK,Acute Care,1,1,For-Profit,3.0,1.0,1.0,1.0,1.0,0.8333333333333334,0.9666666666666666,5,0.0,0.0,0.375,0.0,0.09090909090909091,0.0,4.0,0.15384615384615385,0.15384615384615385
370002,OK,Acute Care,1,1,For-Profit,2.0,0.5714285714285714,0.25,0.6363636363636364,1.0,0.8333333333333334,0.6582251082251083,5,0.0,0.0,0.0,0.0,0.0,0.14285714285714285,-1.0,-0.07692307692307693,0.0
370004,OK,Acute Care,1,1,Non-Profit,,0.2857142857142857,0.25,0.5454545454545454,1.0,0.75,0.5662337662337662,5,0.0,1.0,0.0,0.0,0.0,0.0,-2.0,-0.2,0.0
370006,OK,Acute Care,1,1,Non-Profit,3.0,0.5714285714285714,0.625,0.6363636363636364,1.0,0.9166666666666666,0.7498917748917748,5,0.0,0.0,0.0,0.0,0.0,0.0,0.0,0.0,0.0
370008,OK,Acute Care,1,1,Government,3.0,1.0,1.0,1.0,1.0,1.0,1.0,5,0.0,0.2857142857142857,0.25,0.0,0.09090909090909091,0.0,1.0,0.038461538461538464,0.11538461538461539
370013,OK,Acute Care,1,1,Non-Profit,4.0,0.7142857142857143,1.0,0.8181818181818182,1.0,0.9166666666666666,0.88982683982684,5,0.2,0.0,0.25,0.0,0.2222222222222222,0.0,5.0,0.22727272727272727,0.22727272727272727
370014,OK,Acute Care,1,1,For-Profit,1.0,0.8571428571428571,0.875,0.7272727272727273,1.0,0.9166666666666666,0.8752164502164502,5,0.0,0.0,0.0,0.0,0.0,0.375,-3.0,-0.14285714285714285,0.0
370015,OK,Acute Care,0,1,For-Profit,,0.2857142857142857,0.125,0.5454545454545454,0.0,0.75,0.3412337662337662,4,0.0,0.0,0.0,0.0,0.16666666666666666,0.0,1.0,0.1111111111111111,0.1111111111111111
370016,OK,Acute Care,1,1,Non-Profit,4.0,0.7142857142857143,0.5,0.8181818181818182,1.0,0.8333333333333334,0.7731601731601733,5,0.0,0.0,0.0,0.0,0.1111111111111111,0.0,1.0,0.05555555555555555,0.05555555555555555
370018,OK,Acute Care,1,1,Non-Profit,3.0,0.8571428571428571,0.625,0.7272727272727273,1.0,0.9166666666666666,0.8252164502164503,5,0.0,0.16666666666666666,0.0,0.0,0.125,0.0,0.0,0.0,0.05263157894736842
370019,OK,Acute Care,1,1,Non-Profit,2.0,0.2857142857142857,0.375,0.5454545454545454,1.0,0.75,0.5912337662337662,5,0.0,0.0,0.0,0.3333333333333333,0.0,0.0,-1.0,-0.09090909090909091,0.0
370020,OK,Acute Care,1,1,Non-Profit,4.0,0.5714285714285714,0.75,0.8181818181818182,1.0,0.8333333333333334,0.7945887445887446,5,0.25,0.0,0.16666666666666666,0.0,0.0,0.0,2.0,0.10526315789473684,0.10526315789473684
370022,OK,Acute Care,1,1,Government,4.0,0.5714285714285714,0.5,0.6363636363636364,1.0,0.75,0.6915584415584416,5,0.0,0.0,0.25,0.0,0.14285714285714285,0.0,2.0,0.13333333333333333,0.13333333333333333
370023,OK,Acute Care,1,1,Non-Profit,4.0,0.7142857142857143,0.625,0.6363636363636364,1.0,1.0,0.7951298701298701,5,0.0,0.0,0.0,0.0,0.14285714285714285,0.0,1.0,0.058823529411764705,0.058823529411764705
370025,OK,Acute Care,1,1,Non-Profit,4.0,0.8571428571428571,0.875,0.9090909090909091,1.0,1.0,0.9282467532467532,5,0.3333333333333333,0.0,0.14285714285714285,0.0,0.0,0.1,2.0,0.08695652173913043,0.13043478260869565
370026,OK,Acute Care,1,1,For-Profit,4.0,0.8571428571428571,0.5,0.8181818181818182,1.0,0.9166666666666666,0.8183982683982685,5,0.0,0.16666666666666666,0.25,0.0,0.2222222222222222,0.0,2.0,0.10526315789473684,0.15789473684210525
370028,OK,Acute Care,1,1,Non-Profit,3.0,1.0,1.0,1.0,1.0,0.8333333333333334,0.9666666666666666,5,0.0,0.0,0.375,0.125,0.18181818181818182,0.09090909090909091,3.0,0.11538461538461539,0.19230769230769232
370034,OK,Acute Care,1,1,Government,3.0,0.7142857142857143,0.625,0.7272727272727273,1.0,0.9166666666666666,0.7966450216450217,5,0.0,0.0,0.0,0.2,0.0,0.0,-1.0,-0.05555555555555555,0.0
370037,OK,Acute Care,1,1,Non-Profit,3.0,1.0,0.875,1.0,1.0,1.0,0.975,5,0.0,0.0,0.14285714285714285,0.2857142857142857,0.09090909090909091,0.18181818181818182,-2.0,-0.08,0.08
370039,OK,Acute Care,1,1,For-Profit,3.0,0.5714285714285714,0.375,0.6363636363636364,1.0,0.8333333333333334,0.6832251082251083,5,0.0,0.0,0.0,0.0,0.0,0.0,0.0,0.0,0.0
370047,OK,Acute Care,1,1,Non-Profit,4.0,0.8571428571428571,0.375,0.8181818181818182,1.0,1.0,0.8100649350649352,5,0.0,0.0,0.3333333333333333,0.0,0.0,0.0,1.0,0.05555555555555555,0.05555555555555555
370049,OK,Acute Care,1,1,Government,4.0,0.8571428571428571,0.875,0.9090909090909091,1.0,1.0,0.9282467532467532,5,0.0,0.0,0.0,0.0,0.0,0.1,-1.0,-0.043478260869565216,0.0
370054,OK,Acute Care,0,1,Government,3.0,0.42857142857142855,0.375,0.6363636363636364,1.0,0.8333333333333334,0.6546536796536797,5,0.0,0.0,0.0,0.0,0.14285714285714285,0.0,1.0,0.07692307692307693,0.07692307692307693
370056,OK,Acute Care,1,1,Government,1.0,1.0,0.875,1.0,1.0,1.0,0.975,5,0.0,0.0,0.14285714285714285,0.2857142857142857,0.0,0.36363636363636365,-5.0,-0.2,0.04
370057,OK,Acute Care,0,1,Government,,0.14285714285714285,0.0,0.2727272727272727,0.0,0.6666666666666666,0.21645021645021645,3,0.0,0.0,,,0.0,0.0,0.0,0.0,0.0
370078,OK,Acute Care,1,1,Non-Profit,2.0,1.0,0.75,0.7272727272727273,1.0,0.8333333333333334,0.8621212121212121,5,0.0,0.0,0.16666666666666666,0.16666666666666666,0.0,0.0,0.0,0.0,0.047619047619047616
370083,OK,Acute Care,0,1,Government,,0.2857142857142857,0.0,0.2727272727272727,0.0,0.5,0.2116883116883117,3,0.0,0.0,,,0.0,0.0,0.0,0.0,0.0
370089,OK,Acute Care,1,1,Government,2.0,0.8571428571428571,0.625,0.9090909090909091,1.0,0.9166666666666666,0.8615800865800866,5,0.0,0.0,0.2,0.0,0.0,0.0,1.0,0.047619047619047616,0.047619047619047616
370091,OK,Acute Care,1,1,Non-Profit,4.0,1.0,1.0,1.0,1.0,0.9166666666666666,0.9833333333333334,5,0.0,0.0,0.5,0.0,0.0,0.0,4.0,0.15384615384615385,0.15384615384615385
370093,OK,Acute Care,1,1,Non-Profit,2.0,0.8571428571428571,1.0,0.9090909090909091,1.0,0.8333333333333334,0.91991341991342,5,0.0,0.0,0.125,0.25,0.1,0.2,-2.0,-0.08333333333333333,0.08333333333333333
370094,OK,Acute Care,0,1,Non-Profit,2.0,0.8571428571428571,0.875,0.7272727272727273,1.0,0.9166666666666666,0.8752164502164502,5,0.0,0.0,0.14285714285714285,0.0,0.0,0.0,1.0,0.047619047619047616,0.047619047619047616
370097,OK,Acute Care,1,1,For-Profit,3.0,0.5714285714285714,0.25,0.5454545454545454,1.0,0.8333333333333334,0.6400432900432901,5,0.0,0.0,0.5,0.0,0.0,0.0,1.0,0.08333333333333333,0.08333333333333333
370099,OK,Acute Care,0,1,For-Profit,,0.14285714285714285,0.0,0.2727272727272727,0.0,0.75,0.2331168831168831,3,0.0,0.0,,,0.0,0.0,0.0,0.0,0.0
370100,OK,Acute Care,0,1,Government,2.0,0.42857142857142855,0.0,0.45454545454545453,0.0,0.5833333333333334,0.29329004329004327,3,0.0,0.0,,,0.0,0.0,0.0,0.0,0.0
370106,OK,Acute Care,1,1,Non-Profit,3.0,1.0,0.75,0.9090909090909091,1.0,0.9166666666666666,0.9151515151515153,5,0.14285714285714285,0.0,0.5,0.16666666666666666,0.1,0.0,4.0,0.17391304347826086,0.21739130434782608
370112,OK,Acute Care,0,1,Government,,0.2857142857142857,0.0,0.36363636363636365,0.0,0.6666666666666666,0.26320346320346316,3,0.0,0.0,,,0.0,0.0,0.0,0.0,0.0
370113,OK,Acute Care,1,1,Non-Profit,3.0,0.7142857142857143,0.25,0.7272727272727273,1.0,0.8333333333333334,0.704978354978355,5,0.0,0.0,0.0,0.0,0.0,0.0,0.0,0.0,0.0
370114,OK,Acute Care,1,1,Non-Profit,2.0,1.0,0.875,0.9090909090909091,1.0,0.8333333333333334,0.9234848484848485,5,0.0,0.14285714285714285,0.2857142857142857,0.14285714285714285,0.0,0.0,0.0,0.0,0.08333333333333333
37012F,OK,Acute Care,0,1,Government,5.0,0.42857142857142855,0.375,0.36363636363636365,1.0,0.4166666666666667,0.5167748917748918,5,0.3333333333333333,0.0,0.0,0.3333333333333333,0.5,0.0,2.0,0.2,0.3
370149,OK,Acute Care,1,1,Non-Profit,3.0,0.7142857142857143,0.625,0.7272727272727273,1.0,1.0,0.8133116883116884,5,0.0,0.2,0.2,0.0,0.25,0.0,2.0,0.1111111111111111,0.16666666666666666
37014F,OK,Acute Care,0,1,Government,2.0,0.7142857142857143,0.375,0.45454545454545453,1.0,0.4166666666666667,0.5920995670995671,5,0.2,0.0,0.0,0.6666666666666666,0.0,0.0,-1.0,-0.07692307692307693,0.07692307692307693
370158,OK,Acute Care,0,1,Government,,0.2857142857142857,0.0,0.36363636363636365,0.0,0.6666666666666666,0.26320346320346316,3,0.0,0.0,,,0.25,0.0,1.0,0.16666666666666666,0.16666666666666666
370166,OK,Acute Care,0,1,Government,,0.2857142857142857,0.125,0.36363636363636365,0.0,0.6666666666666666,0.2882034632034632,4,0.0,0.0,0.0,0.0,0.0,0.0,0.0,0.0,0.0
370170,OK,Acute Care,0,1,Government,,0.0,0.0,0.09090909090909091,0.0,0.16666666666666666,0.051515151515151514,2,,,,,0.0,0.0,0.0,0.0,0.0
370171,OK,Acute Care,1,1,Non-Profit,3.0,0.5714285714285714,0.375,0.36363636363636365,1.0,0.4166666666666667,0.5453463203463202,5,0.0,0.0,0.3333333333333333,0.0,0.0,0.0,1.0,0.09090909090909091,0.09090909090909091
370172,OK,Acute Care,1,1,Government,,0.14285714285714285,0.0,0.2727272727272727,1.0,0.3333333333333333,0.34978354978354975,4,0.0,0.0,,,0.0,0.0,0.0,0.0,0.0
370173,OK,Acute Care,1,1,Government,,0.0,0.0,0.09090909090909091,1.0,0.4166666666666667,0.3015151515151515,3,,,,,0.0,0.0,0.0,0.0,0.0
370178,OK,Acute Care,0,1,Non-Profit,4.0,0.42857142857142855,0.125,0.36363636363636365,0.0,0.5,0.28344155844155844,4,0.0,0.0,0.0,0.0,0.0,0.0,0.0,0.0,0.0
370180,OK,Acute Care,1,1,Non-Profit,5.0,0.42857142857142855,0.375,0.36363636363636365,1.0,0.4166666666666667,0.5167748917748918,5,0.0,0.0,0.0,0.0,0.0,0.0,0.0,0.0,0.0
370183,OK,Acute Care,0,1,For-Profit,,0.14285714285714285,0.125,0.2727272727272727,0.0,0.5833333333333334,0.22478354978354975,4,0.0,0.0,0.0,0.0,0.0,0.0,0.0,0.0,0.0
370192,OK,Acute Care,0,1,For-Profit,,0.0,0.125,0.18181818181818182,0.0,0.16666666666666666,0.0946969696969697,3,,,0.0,0.0,0.0,0.0,0.0,0.0,0.0
370199,OK,Acute Care,1,1,Non-Profit,,0.0,0.125,0.18181818181818182,1.0,0.5833333333333334,0.37803030303030305,4,,,0.0,0.0,0.0,0.0,0.0,0.0,0.0
370201,OK,Acute Care,0,1,For-Profit,,0.0,0.25,0.2727272727272727,1.0,0.16666666666666666,0.3378787878787879,4,,,0.0,0.0,0.0,0.0,0.0,0.0,0.0
370202,OK,Acute Care,1,1,For-Profit,4.0,0.8571428571428571,1.0,0.7272727272727273,1.0,0.8333333333333334,0.8835497835497834,5,0.0,0.0,0.375,0.0,0.125,0.0,4.0,0.18181818181818182,0.18181818181818182
370203,OK,Acute Care,0,1,For-Profit,4.0,0.0,0.5,0.36363636363636365,1.0,0.5833333333333334,0.48939393939393944,4,,,0.0,0.0,0.0,0.0,0.0,0.0,0.0
370206,OK,Acute Care,1,1,For-Profit,,0.0,0.25,0.18181818181818182,1.0,0.4166666666666667,0.36969696969696975,4,,,0.0,0.0,0.0,0.0,0.0,0.0,0.0
370210,OK,Acute Care,0,1,For-Profit,4.0,0.14285714285714285,0.625,0.5454545454545454,1.0,0.75,0.6126623376623377,5,0.0,0.0,0.2,0.0,0.16666666666666666,0.16666666666666666,1.0,0.08333333333333333,0.16666666666666666
370211,OK,Acute Care,1,1,Non-Profit,3.0,0.7142857142857143,0.625,0.5454545454545454,1.0,0.8333333333333334,0.7436147186147186,5,0.0,0.0,0.2,0.0,0.0,0.0,1.0,0.0625,0.0625
370212,OK,Acute Care,0,1,For-Profit,,0.0,0.25,0.36363636363636365,0.0,0.5833333333333334,0.2393939393939394,3,,,0.0,0.0,0.25,0.0,1.0,0.16666666666666666,0.16666666666666666
370214,OK,Acute Care,0,1,Government,,0.0,0.125,0.0,0.0,0.25,0.075,2,,,0.0,0.0,,,0.0,0.0,0.0
370215,OK,Acute Care,0,1,For-Profit,5.0,0.8571428571428571,0.625,0.6363636363636364,1.0,0.6666666666666666,0.757034632034632,5,0.0,0.3333333333333333,0.2,0.0,0.0,0.14285714285714285,-2.0,-0.1111111111111111,0.05555555555555555
370216,OK,Acute Care,0,1,For-Profit,,0.0,0.25,0.36363636363636365,1.0,0.5833333333333334,0.43939393939393945,4,,,0.0,0.0,0.0,0.0,0.0,0.0,0.0
370218,OK,Acute Care,1,1,Non-Profit,5.0,0.7142857142857143,0.625,0.6363636363636364,1.0,1.0,0.7951298701298701,5,0.2,0.0,0.0,0.0,0.0,0.0,1.0,0.058823529411764705,0.058823529411764705
370220,OK,Acute Care,0,1,Non-Profit,,0.0,0.25,0.2727272727272727,1.0,0.16666666666666666,0.3378787878787879,4,,,0.0,0.0,0.0,0.0,0.0,0.0,0.0
370222,OK,Acute Care,0,1,For-Profit,,0.14285714285714285,0.25,0.45454545454545453,1.0,0.5,0.4694805194805195,5,0.0,0.0,0.0,0.0,0.2,0.0,1.0,0.125,0.125
370225,OK,Acute Care,0,1,For-Profit,,0.0,0.125,0.09090909090909091,0.0,0.3333333333333333,0.10984848484848483,3,,,0.0,0.0,0.0,0.0,0.0,0.0,0.0
370227,OK,Acute Care,1,1,Non-Profit,,0.2857142857142857,0.25,0.45454545454545453,1.0,0.6666666666666666,0.5313852813852813,5,0.0,0.0,0.0,0.0,0.0,0.0,0.0,0.0,0.0
370228,OK,Acute Care,1,1,For-Profit,4.0,0.14285714285714285,0.375,0.45454545454545453,1.0,0.8333333333333334,0.5611471861471862,5,0.0,0.0,0.0,0.0,0.0,0.0,0.0,0.0,0.0
370234,OK,Acute Care,0,1,For-Profit,5.0,0.8571428571428571,0.375,0.6363636363636364,1.0,0.75,0.7237012987012987,5,0.0,0.0,0.0,0.0,0.2857142857142857,0.0,2.0,0.125,0.125
370235,OK,Acute Care,0,1,Non-Profit,5.0,0.2857142857142857,0.375,0.5454545454545454,1.0,0.6666666666666666,0.5745670995670995,5,0.0,0.0,0.0,0.0,0.0,0.0,0.0,0.0,0.0
370236,OK,Acute Care,1,1,Non-Profit,4.0,0.7142857142857143,0.625,0.6363636363636364,1.0,0.8333333333333334,0.7617965367965368,5,0.0,0.0,0.2,0.0,0.0,0.0,1.0,0.058823529411764705,0.058823529411764705
370237,OK,Acute Care,0,1,Non-Profit,4.0,0.42857142857142855,0.0,0.36363636363636365,1.0,0.6666666666666666,0.49177489177489175,4,0.0,0.0,,,0.0,0.0,0.0,0.0,0.0
370240,OK,Acute Care,0,0,For-Profit,,0.14285714285714285,0.0,0.18181818181818182,0.0,0.5833333333333334,0.1816017316017316,3,0.0,0.0,,,0.0,0.0,0.0,0.0,0.0
370243,OK,Acute Care,0,1,For-Profit,,0.0,0.125,0.09090909090909091,0.0,0.08333333333333333,0.05984848484848485,3,,,0.0,0.0,0.0,0.0,0.0,0.0,0.0
370244,OK,Acute Care,0,0,Government,,0.0,0.0,0.0,0.0,0.25,0.05,1,,,,,,,0.0,,
370245,OK,Acute Care,0,1,Government,,0.0,0.0,0.0,0.0,0.0,0.0,0,,,,,,,0.0,,
370246,OK,Acute Care,0,1,For-Profit,,0.0,0.0,0.0,0.0,0.0,0.0,0,,,,,,,0.0,,
370247,OK,Acute Care,0,1,For-Profit,,0.0,0.0,0.0,0.0,0.0,0.0,0,,,,,,,0.0,,
370779,OK,Rural/Access,0,1,Government,,0.0,0.0,0.0,0.0,0.0,0.0,0,,,,,,,0.0,,
370780,OK,Rural/Access,0,1,Government,,0.0,0.0,0.0,0.0,0.0,0.0,0,,,,,,,0.0,,
370781,OK,Rural/Access,0,1,Government,,0.0,0.0,0.0,0.0,0.0,0.0,0,,,,,,,0.0,,
370783,OK,Rural/Access,0,1,Government,,0.0,0.0,0.0,0.0,0.0,0.0,0,,,,,,,0.0,,
371300,OK,Rural/Access,0,1,Government,,0.42857142857142855,0.0,0.36363636363636365,0.0,0.16666666666666666,0.19177489177489176,3,0.0,0.0,,,0.0,0.0,0.0,0.0,0.0
371301,OK,Rural/Access,0,1,Government,,0.0,0.0,0.0,0.0,0.3333333333333333,0.06666666666666667,1,,,,,,,0.0,,
371302,OK,Rural/Access,0,1,For-Profit,,0.0,0.0,0.09090909090909091,0.0,0.4166666666666667,0.10151515151515152,2,,,,,0.0,0.0,0.0,0.0,0.0
371303,OK,Rural/Access,0,1,Non-Profit,,0.14285714285714285,0.0,0.18181818181818182,0.0,0.3333333333333333,0.13160173160173158,3,0.0,0.0,,,0.0,0.0,0.0,0.0,0.0
371304,OK,Rural/Access,0,1,Non-Profit,,0.0,0.0,0.0,0.0,0.3333333333333333,0.06666666666666667,1,,,,,,,0.0,,
371305,OK,Rural/Access,0,1,Non-Profit,,0.0,0.0,0.09090909090909091,0.0,0.25,0.06818181818181819,2,,,,,0.0,0.0,0.0,0.0,0.0
371306,OK,Rural/Access,0,1,Government,,0.0,0.0,0.09090909090909091,0.0,0.4166666666666667,0.10151515151515152,2,,,,,0.0,0.0,0.0,0.0,0.0
371307,OK,Rural/Access,0,1,Government,,0.0,0.0,0.09090909090909091,0.0,0.0,0.01818181818181818,1,,,,,0.0,0.0,0.0,0.0,0.0
371309,OK,Rural/Access,0,1,Non-Profit,,0.0,0.0,0.09090909090909091,0.0,0.4166666666666667,0.10151515151515152,2,,,,,0.0,0.0,0.0,0.0,0.0
371310,OK,Rural/Access,0,1,Non-Profit,,0.0,0.0,0.09090909090909091,0.0,0.4166666666666667,0.10151515151515152,2,,,,,0.0,0.0,0.0,0.0,0.0
371311,OK,Rural/Access,0,1,Non-Profit,,0.0,0.0,0.18181818181818182,0.0,0.4166666666666667,0.1196969696969697,2,,,,,0.0,0.0,0.0,0.0,0.0
371312,OK,Rural/Access,0,1,Non-Profit,,0.14285714285714285,0.0,0.18181818181818182,0.0,0.5833333333333334,0.1816017316017316,3,0.0,0.0,,,0.0,0.0,0.0,0.0,0.0
371313,OK,Rural/Access,0,1,Non-Profit,,0.14285714285714285,0.125,0.18181818181818182,0.0,0.5,0.18993506493506493,4,0.0,0.0,0.0,0.0,0.0,0.0,0.0,0.0,0.0
371314,OK,Rural/Access,0,1,For-Profit,,0.0,0.0,0.18181818181818182,0.0,0.16666666666666666,0.0696969696969697,2,,,,,0.0,0.0,0.0,0.0,0.0
371316,OK,Rural/Access,0,1,For-Profit,,0.0,0.0,0.0,0.0,0.16666666666666666,0.03333333333333333,1,,,,,,,0.0,,
371317,OK,Rural/Access,0,1,Non-Profit,,0.0,0.25,0.18181818181818182,0.0,0.5,0.18636363636363637,3,,,0.0,0.0,0.0,0.0,0.0,0.0,0.0
371318,OK,Rural/Access,0,1,For-Profit,,0.0,0.0,0.09090909090909091,0.0,0.25,0.06818181818181819,2,,,,,0.0,0.0,0.0,0.0,0.0
371319,OK,Rural/Access,0,1,Non-Profit,,0.2857142857142857,0.0,0.2727272727272727,0.0,0.3333333333333333,0.17835497835497835,3,0.0,0.0,,,0.0,0.0,0.0,0.0,0.0
371320,OK,Rural/Access,0,1,Government,,0.0,0.0,0.0,0.0,0.4166666666666667,0.08333333333333334,1,,,,,,,0.0,,
371321,OK,Rural/Access,0,1,Government,,0.14285714285714285,0.0,0.2727272727272727,0.0,0.4166666666666667,0.16645021645021646,3,0.0,0.0,,,0.3333333333333333,0.0,1.0,0.25,0.25
371322,OK,Rural/Access,0,1,Government,,0.0,0.0,0.09090909090909091,0.0,0.25,0.06818181818181819,2,,,,,0.0,0.0,0.0,0.0,0.0
371323,OK,Rural/Access,0,1,Government,,0.14285714285714285,0.0,0.2727272727272727,0.0,0.3333333333333333,0.14978354978354977,3,0.0,0.0,,,0.0,0.0,0.0,0.0,0.0
371325,OK,Rural/Access,0,1,Government,,0.0,0.0,0.09090909090909091,0.0,0.4166666666666667,0.10151515151515152,2,,,,,0.0,0.0,0.0,0.0,0.0
371326,OK,Rural/Access,0,1,Non-Profit,,0.14285714285714285,0.0,0.2727272727272727,0.0,0.5833333333333334,0.19978354978354979,3,0.0,0.0,,,0.0,0.0,0.0,0.0,0.0
371327,OK,Rural/Access,0,1,Government,,0.0,0.0,0.18181818181818182,0.0,0.25,0.08636363636363636,2,,,,,0.0,0.0,0.0,0.0,0.0
371328,OK,Rural/Access,0,1,Government,,0.2857142857142857,0.0,0.2727272727272727,0.0,0.3333333333333333,0.17835497835497835,3,0.0,0.0,,,0.0,0.0,0.0,0.0,0.0
371329,OK,Rural/Access,0,1,Government,,0.14285714285714285,0.0,0.18181818181818182,0.0,0.4166666666666667,0.14826839826839827,3,0.0,0.0,,,0.5,0.0,1.0,0.3333333333333333,0.3333333333333333
371330,OK,Rural/Access,0,1,Government,,0.14285714285714285,0.0,0.18181818181818182,0.0,0.25,0.11493506493506493,3,0.0,0.0,,,0.0,0.0,0.0,0.0,0.0
371331,OK,Rural/Access,0,1,Government,,0.0,0.0,0.09090909090909091,0.0,0.16666666666666666,0.051515151515151514,2,,,,,0.0,0.0,0.0,0.0,0.0
371332,OK,Rural/Access,0,1,Government,,0.14285714285714285,0.0,0.18181818181818182,0.0,0.25,0.11493506493506493,3,0.0,0.0,,,0.0,0.0,0.0,0.0,0.0
371333,OK,Rural/Access,0,1,Government,,0.14285714285714285,0.0,0.18181818181818182,0.0,0.25,0.11493506493506493,3,0.0,0.0,,,0.0,0.0,0.0,0.0,0.0
371334,OK,Rural/Access,0,1,Government,,0.14285714285714285,0.0,0.18181818181818182,0.0,0.3333333333333333,0.13160173160173158,3,0.0,0.0,,,0.0,0.0,0.0,0.0,0.0
371335,OK,Rural/Access,0,1,Non-Profit,,0.14285714285714285,0.0,0.18181818181818182,0.0,0.16666666666666666,0.09826839826839825,3,0.0,0.0,,,0.5,0.0,1.0,0.3333333333333333,0.3333333333333333
371336,OK,Rural/Access,0,1,Government,,0.14285714285714285,0.0,0.2727272727272727,0.0,0.3333333333333333,0.14978354978354977,3,0.0,0.0,,,0.0,0.0,0.0,0.0,0.0
371337,OK,Rural/Access,0,1,Government,,0.2857142857142857,0.0,0.2727272727272727,0.0,0.3333333333333333,0.17835497835497835,3,0.0,0.0,,,0.3333333333333333,0.0,1.0,0.2,0.2
371338,OK,Rural/Access,0,1,Non-Profit,,0.14285714285714285,0.0,0.18181818181818182,0.0,0.3333333333333333,0.13160173160173158,3,0.0,0.0,,,0.0,0.0,0.0,0.0,0.0
371340,OK,Rural/Access,0,1,Government,,0.14285714285714285,0.0,0.2727272727272727,0.0,0.5,0.1831168831168831,3,0.0,0.0,,,0.0,0.3333333333333333,-1.0,-0.25,0.0
371341,OK,Rural/Access,0,1,Government,,0.14285714285714285,0.0,0.2727272727272727,0.0,0.25,0.1331168831168831,3,0.0,0.0,,,0.0,0.0,0.0,0.0,0.0
371342,OK,Rural/Access,0,1,Non-Profit,2.0,0.42857142857142855,0.25,0.36363636363636365,0.0,0.4166666666666667,0.2917748917748918,4,0.0,0.0,0.0,0.0,0.0,0.25,-1.0,-0.1111111111111111,0.0
373300,OK,Childrens,0,0,Government,,0.0,0.0,0.0,0.0,0.0,0.0,0,,,,,,,0.0,,
373303,OK,Childrens,0,1,Non-Profit,,0.0,0.0,0.0,0.0,0.0,0.0,0,,,,,,,0.0,,
374000,OK,Psychiatric,0,0,Government,,0.0,0.0,0.0,0.0,0.0,0.0,0,,,,,,,0.0,,
374001,OK,Psychiatric,0,0,Government,,0.0,0.0,0.0,0.0,0.0,0.0,0,,,,,,,0.0,,
374006,OK,Psychiatric,0,0,Government,,0.0,0.0,0.0,0.0,0.0,0.0,0,,,,,,,0.0,,
374008,OK,Psychiatric,0,0,Government,,0.0,0.0,0.0,0.0,0.0,0.0,0,,,,,,,0.0,,
374012,OK,Psychiatric,0,0,For-Profit,,0.0,0.0,0.0,0.0,0.0,0.0,0,,,,,,,0.0,,
374016,OK,Psychiatric,0,0,For-Profit,,0.0,0.0,0.0,0.0,0.0,0.0,0,,,,,,,0.0,,
374020,OK,Psychiatric,0,0,Non-Profit,,0.0,0.0,0.0,0.0,0.0,0.0,0,,,,,,,0.0,,
374021,OK,Psychiatric,0,0,Non-Profit,,0.0,0.0,0.0,0.0,0.0,0.0,0,,,,,,,0.0,,
374023,OK,Psychiatric,0,0,For-Profit,,0.0,0.0,0.0,0.0,0.0,0.0,0,,,,,,,0.0,,
374025,OK,Psychiatric,0,0,For-Profit,,0.0,0.0,0.0,0.0,0.0,0.0,0,,,,,,,0.0,,
374026,OK,Psychiatric,0,0,Government,,0.0,0.0,0.0,0.0,0.0,0.0,0,,,,,,,0.0,,
374027,OK,Psychiatric,0,1,For-Profit,,0.0,0.0,0.0,0.0,0.0,0.0,0,,,,,,,0.0,,
380001,OR,Acute Care,1,1,Non-Profit,3.0,0.5714285714285714,0.25,0.7272727272727273,1.0,0.8333333333333334,0.6764069264069265,5,0.0,0.0,0.0,0.0,0.125,0.0,1.0,0.07142857142857142,0.07142857142857142
380002,OR,Acute Care,1,1,Non-Profit,5.0,0.7142857142857143,0.75,0.7272727272727273,1.0,1.0,0.8383116883116883,5,0.0,0.0,0.16666666666666666,0.0,0.125,0.0,2.0,0.10526315789473684,0.10526315789473684
380004,OR,Acute Care,1,1,Non-Profit,4.0,1.0,1.0,0.8181818181818182,1.0,0.9166666666666666,0.946969696969697,5,0.0,0.14285714285714285,0.375,0.0,0.0,0.1111111111111111,1.0,0.041666666666666664,0.125
380005,OR,Acute Care,1,1,Government,,0.14285714285714285,0.25,0.45454545454545453,1.0,0.75,0.5194805194805194,5,0.0,0.0,0.0,0.0,0.0,0.2,-1.0,-0.125,0.0
380007,OR,Acute Care,1,1,Non-Profit,3.0,1.0,0.75,0.7272727272727273,1.0,0.75,0.8454545454545455,5,0.0,0.14285714285714285,0.3333333333333333,0.0,0.0,0.125,0.0,0.0,0.09523809523809523
380009,OR,Acute Care,1,1,Non-Profit,3.0,1.0,1.0,0.9090909090909091,1.0,0.8333333333333334,0.9484848484848485,5,0.0,0.0,0.25,0.0,0.1,0.0,3.0,0.12,0.12
380014,OR,Acute Care,1,1,Non-Profit,3.0,1.0,0.875,1.0,1.0,0.9166666666666666,0.9583333333333334,5,0.0,0.14285714285714285,0.14285714285714285,0.0,0.0,0.0,0.0,0.0,0.04
380017,OR,Acute Care,1,1,Non-Profit,4.0,0.8571428571428571,1.0,0.9090909090909091,1.0,0.9166666666666666,0.9365800865800866,5,0.0,0.0,0.25,0.0,0.0,0.0,2.0,0.08333333333333333,0.08333333333333333
380018,OR,Acute Care,1,1,Non-Profit,4.0,1.0,0.75,1.0,1.0,1.0,0.95,5,0.14285714285714285,0.0,0.16666666666666666,0.0,0.18181818181818182,0.0,4.0,0.16666666666666666,0.16666666666666666
380020,OR,Acute Care,1,1,Non-Profit,4.0,1.0,0.75,0.8181818181818182,1.0,0.75,0.8636363636363636,5,0.0,0.0,0.0,0.16666666666666666,0.1111111111111111,0.0,0.0,0.0,0.045454545454545456
380021,OR,Acute Care,1,1,Non-Profit,2.0,0.7142857142857143,0.875,0.7272727272727273,1.0,0.8333333333333334,0.829978354978355,5,0.0,0.0,0.0,0.0,0.0,0.0,0.0,0.0,0.0
380022,OR,Acute Care,1,1,Non-Profit,3.0,0.5714285714285714,0.625,0.8181818181818182,1.0,0.8333333333333334,0.7695887445887446,5,0.0,0.0,0.0,0.2,0.0,0.0,-1.0,-0.05555555555555555,0.0
380025,OR,Acute Care,1,1,Non-Profit,3.0,0.7142857142857143,0.75,0.5454545454545454,1.0,0.9166666666666666,0.7852813852813852,5,0.0,0.0,0.16666666666666666,0.16666666666666666,0.16666666666666666,0.0,1.0,0.058823529411764705,0.11764705882352941
380027,OR,Acute Care,1,1,Government,4.0,0.8571428571428571,0.75,0.6363636363636364,1.0,1.0,0.8487012987012987,5,0.0,0.16666666666666666,0.16666666666666666,0.0,0.5714285714285714,0.0,4.0,0.21052631578947367,0.2631578947368421
380029,OR,Acute Care,1,1,Non-Profit,,0.0,0.25,0.2727272727272727,1.0,0.8333333333333334,0.4712121212121212,4,,,0.5,0.0,0.0,0.0,1.0,0.2,0.2
380037,OR,Acute Care,1,1,Non-Profit,3.0,0.7142857142857143,0.25,0.5454545454545454,1.0,1.0,0.701948051948052,5,0.0,0.0,0.0,0.0,0.0,0.0,0.0,0.0,0.0
380038,OR,Acute Care,1,1,Non-Profit,4.0,0.5714285714285714,0.5,0.5454545454545454,1.0,0.75,0.6733766233766234,5,0.0,0.0,0.25,0.0,0.16666666666666666,0.0,2.0,0.14285714285714285,0.14285714285714285
38003F,OR,Acute Care,0,1,Government,5.0,0.7142857142857143,0.5,0.5454545454545454,1.0,0.5,0.6519480519480519,5,0.4,0.0,0.25,0.25,0.16666666666666666,0.0,3.0,0.2,0.26666666666666666
380047,OR,Acute Care,1,1,Non-Profit,4.0,1.0,1.0,1.0,1.0,0.9166666666666666,0.9833333333333334,5,0.0,0.2857142857142857,0.125,0.0,0.18181818181818182,0.0,1.0,0.038461538461538464,0.11538461538461539
38004F,OR,Acute Care,0,1,Government,,0.0,0.0,0.0,0.0,0.25,0.05,1,,,,,,,0.0,,
380050,OR,Acute Care,0,1,Non-Profit,3.0,0.8571428571428571,0.875,0.9090909090909091,1.0,1.0,0.9282467532467532,5,0.0,0.16666666666666666,0.2857142857142857,0.14285714285714285,0.2,0.0,2.0,0.08695652173913043,0.17391304347826086
380051,OR,Acute Care,1,1,Non-Profit,3.0,1.0,1.0,0.8181818181818182,1.0,1.0,0.9636363636363636,5,0.0,0.14285714285714285,0.125,0.125,0.2222222222222222,0.0,1.0,0.041666666666666664,0.125
380052,OR,Acute Care,1,1,Non-Profit,3.0,0.42857142857142855,0.25,0.7272727272727273,1.0,0.8333333333333334,0.6478354978354979,5,0.0,0.0,0.0,0.0,0.0,0.0,0.0,0.0,0.0
380056,OR,Acute Care,0,1,Non-Profit,2.0,0.14285714285714285,0.375,0.45454545454545453,1.0,0.75,0.5444805194805195,5,0.0,0.0,0.0,0.0,0.0,0.0,0.0,0.0,0.0
380060,OR,Acute Care,1,1,Non-Profit,4.0,1.0,0.75,0.7272727272727273,1.0,0.9166666666666666,0.8787878787878789,5,0.0,0.0,0.16666666666666666,0.0,0.125,0.125,1.0,0.047619047619047616,0.09523809523809523
380061,OR,Acute Care,1,1,Non-Profit,4.0,0.8571428571428571,0.875,0.9090909090909091,1.0,0.9166666666666666,0.9115800865800866,5,0.0,0.0,0.42857142857142855,0.0,0.0,0.0,3.0,0.13043478260869565,0.13043478260869565
380071,OR,Acute Care,1,1,Non-Profit,2.0,0.7142857142857143,0.25,0.5454545454545454,1.0,0.9166666666666666,0.6852813852813853,5,0.0,0.0,0.5,0.0,0.16666666666666666,0.0,2.0,0.15384615384615385,0.15384615384615385
380075,OR,Acute Care,1,1,Non-Profit,3.0,0.8571428571428571,0.875,0.9090909090909091,1.0,0.8333333333333334,0.89491341991342,5,0.0,0.0,0.0,0.0,0.0,0.1,-1.0,-0.043478260869565216,0.0
380082,OR,Acute Care,0,0,Non-Profit,3.0,0.5714285714285714,0.375,0.45454545454545453,1.0,0.6666666666666666,0.6135281385281386,5,0.0,0.0,0.0,0.0,0.2,0.0,1.0,0.08333333333333333,0.08333333333333333
380089,OR,Acute Care,1,1,Non-Profit,2.0,0.8571428571428571,0.875,0.7272727272727273,1.0,1.0,0.8918831168831168,5,0.0,0.0,0.14285714285714285,0.14285714285714285,0.0,0.125,-1.0,-0.047619047619047616,0.047619047619047616
380090,OR,Acute Care,0,1,Government,2.0,0.8571428571428571,0.75,0.9090909090909091,1.0,0.8333333333333334,0.86991341991342,5,0.0,0.0,0.0,0.16666666666666666,0.0,0.0,-1.0,-0.045454545454545456,0.0
380091,OR,Acute Care,1,1,Non-Profit,4.0,0.5714285714285714,0.875,0.2727272727272727,1.0,0.5,0.6438311688311689,5,0.0,0.0,0.42857142857142855,0.0,0.0,0.0,3.0,0.21428571428571427,0.21428571428571427
380102,OR,Acute Care,1,1,Non-Profit,4.0,1.0,1.0,0.8181818181818182,1.0,0.9166666666666666,0.946969696969697,5,0.0,0.0,0.375,0.0,0.2222222222222222,0.0,5.0,0.20833333333333334,0.20833333333333334
380103,OR,Acute Care,1,1,Non-Profit,3.0,0.2857142857142857,0.625,0.18181818181818182,1.0,0.5,0.5185064935064935,5,0.0,0.0,0.0,0.2,0.0,0.0,-1.0,-0.1111111111111111,0.0
381301,OR,Rural/Access,0,1,Non-Profit,,0.0,0.0,0.09090909090909091,0.0,0.5833333333333334,0.13484848484848486,2,,,,,0.0,0.0,0.0,0.0,0.0
381302,OR,Rural/Access,1,1,Non-Profit,3.0,0.42857142857142855,0.0,0.6363636363636364,1.0,0.6666666666666666,0.5463203463203462,4,0.0,0.0,,,0.0,0.0,0.0,0.0,0.0
381303,OR,Rural/Access,1,1,Non-Profit,,0.2857142857142857,0.125,0.45454545454545453,1.0,0.75,0.523051948051948,5,0.0,0.0,0.0,0.0,0.0,0.2,-1.0,-0.125,0.0
381304,OR,Rural/Access,0,1,Government,,0.14285714285714285,0.0,0.2727272727272727,0.0,0.4166666666666667,0.16645021645021646,3,0.0,0.0,,,0.3333333333333333,0.0,1.0,0.25,0.25
381305,OR,Rural/Access,0,1,Government,,0.14285714285714285,0.0,0.18181818181818182,0.0,0.5,0.16493506493506493,3,0.0,0.0,,,0.0,0.0,0.0,0.0,0.0
381306,OR,Rural/Access,1,1,Government,,0.2857142857142857,0.0,0.2727272727272727,0.0,0.5833333333333334,0.22835497835497837,3,0.0,0.0,,,0.0,0.0,0.0,0.0,0.0
381307,OR,Rural/Access,1,1,Government,,0.14285714285714285,0.0,0.2727272727272727,0.0,0.5833333333333334,0.19978354978354979,3,0.0,0.0,,,0.0,0.0,0.0,0.0,0.0
381308,OR,Rural/Access,0,1,Non-Profit,,0.0,0.125,0.09090909090909091,0.0,0.3333333333333333,0.10984848484848483,3,,,0.0,0.0,0.0,0.0,0.0,0.0,0.0
381309,OR,Rural/Access,0,1,Government,,0.14285714285714285,0.125,0.18181818181818182,0.0,0.5,0.18993506493506493,4,0.0,0.0,0.0,0.0,0.0,0.0,0.0,0.0,0.0
381310,OR,Rural/Access,0,1,Government,,0.0,0.0,0.0,0.0,0.25,0.05,1,,,,,,,0.0,,
381311,OR,Rural/Access,0,1,Government,,0.0,0.0,0.09090909090909091,0.0,0.25,0.06818181818181819,2,,,,,0.0,0.0,0.0,0.0,0.0
381312,OR,Rural/Access,0,1,Government,,0.14285714285714285,0.125,0.36363636363636365,0.0,0.3333333333333333,0.19296536796536795,4,0.0,0.0,0.0,0.0,0.0,0.0,0.0,0.0,0.0
381313,OR,Rural/Access,0,1,Non-Profit,,0.2857142857142857,0.125,0.36363636363636365,1.0,0.75,0.5048701298701299,5,0.0,0.0,0.0,0.0,0.25,0.0,1.0,0.14285714285714285,0.14285714285714285
381314,OR,Rural/Access,1,1,Non-Profit,2.0,0.42857142857142855,0.125,0.6363636363636364,1.0,0.9166666666666666,0.6213203463203463,5,0.0,0.0,0.0,0.0,0.0,0.0,0.0,0.0,0.0
381315,OR,Rural/Access,0,1,Non-Profit,,0.0,0.0,0.0,0.0,0.0,0.0,0,,,,,,,0.0,,
381316,OR,Rural/Access,1,1,Non-Profit,,0.2857142857142857,0.0,0.36363636363636365,1.0,0.8333333333333334,0.49653679653679655,4,0.0,0.0,,,0.0,0.0,0.0,0.0,0.0
381317,OR,Rural/Access,0,1,Non-Profit,4.0,0.42857142857142855,0.25,0.5454545454545454,1.0,0.4166666666666667,0.528138528138528,5,0.0,0.0,0.0,0.0,0.0,0.0,0.0,0.0,0.0
381318,OR,Rural/Access,1,1,Non-Profit,4.0,0.5714285714285714,0.25,0.6363636363636364,1.0,1.0,0.6915584415584416,5,0.0,0.0,0.0,0.0,0.0,0.0,0.0,0.0,0.0
381319,OR,Rural/Access,1,1,Non-Profit,3.0,0.5714285714285714,0.25,0.7272727272727273,1.0,0.8333333333333334,0.6764069264069265,5,0.0,0.25,0.0,0.0,0.0,0.125,-2.0,-0.14285714285714285,0.0
381320,OR,Rural/Access,0,1,For-Profit,,0.0,0.0,0.0,1.0,0.0,0.2,1,,,,,,,0.0,,
381321,OR,Rural/Access,1,1,Non-Profit,3.0,0.5714285714285714,0.375,0.6363636363636364,1.0,0.8333333333333334,0.6832251082251083,5,0.0,0.0,0.0,0.0,0.2857142857142857,0.0,2.0,0.14285714285714285,0.14285714285714285
381322,OR,Rural/Access,0,1,Government,2.0,0.5714285714285714,0.125,0.36363636363636365,0.0,0.8333333333333334,0.37867965367965367,4,0.0,0.0,0.0,0.0,0.0,0.0,0.0,0.0,0.0
381323,OR,Rural/Access,1,1,Non-Profit,1.0,0.42857142857142855,0.25,0.7272727272727273,1.0,0.6666666666666666,0.6145021645021644,5,0.0,0.0,0.0,0.0,0.0,0.125,-1.0,-0.07692307692307693,0.0
381324,OR,Rural/Access,1,1,Non-Profit,,0.14285714285714285,0.0,0.36363636363636365,0.0,0.75,0.2512987012987013,3,0.0,0.0,,,0.0,0.0,0.0,0.0,0.0
381325,OR,Rural/Access,1,1,Non-Profit,,0.0,0.0,0.0,0.0,0.0,0.0,0,,,,,,,0.0,,
383300,OR,Childrens,0,0,Non-Profit,,0.0,0.0,0.0,0.0,0.0,0.0,0,,,,,,,0.0,,
384008,OR,Psychiatric,0,0,Government,,0.0,0.0,0.0,0.0,0.0,0.0,0,,,,,,,0.0,,
384012,OR,Psychiatric,0,0,For-Profit,,0.0,0.0,0.0,0.0,0.0,0.0,0,,,,,,,0.0,,
390001,PA,Acute Care,1,1,Non-Profit,3.0,1.0,0.875,1.0,1.0,1.0,0.975,5,0.0,0.0,0.14285714285714285,0.0,0.0,0.09090909090909091,0.0,0.0,0.04
390002,PA,Acute Care,0,1,Non-Profit,3.0,0.5714285714285714,0.625,0.7272727272727273,1.0,0.75,0.7347402597402597,5,0.0,0.0,0.0,0.0,0.0,0.0,0.0,0.0,0.0
390003,PA,Acute Care,1,1,Non-Profit,4.0,0.42857142857142855,0.25,0.7272727272727273,1.0,0.75,0.6311688311688312,5,0.0,0.0,0.5,0.0,0.125,0.0,2.0,0.15384615384615385,0.15384615384615385
390004,PA,Acute Care,0,1,Non-Profit,2.0,1.0,0.625,0.7272727272727273,1.0,0.75,0.8204545454545455,5,0.14285714285714285,0.0,0.2,0.0,0.125,0.0,3.0,0.15,0.15
390006,PA,Acute Care,1,1,Non-Profit,4.0,1.0,1.0,1.0,1.0,0.9166666666666666,0.9833333333333334,5,0.14285714285714285,0.0,0.25,0.125,0.09090909090909091,0.09090909090909091,2.0,0.07692307692307693,0.15384615384615385
390009,PA,Acute Care,1,1,Non-Profit,3.0,1.0,1.0,1.0,1.0,0.9166666666666666,0.9833333333333334,5,0.0,0.0,0.25,0.0,0.0,0.0,2.0,0.07692307692307693,0.07692307692307693
390012,PA,Acute Care,0,1,Non-Profit,2.0,0.7142857142857143,0.875,0.6363636363636364,1.0,0.75,0.7951298701298701,5,0.0,0.0,0.0,0.0,0.0,0.14285714285714285,-1.0,-0.05263157894736842,0.0
390013,PA,Acute Care,1,1,Non-Profit,5.0,0.7142857142857143,0.625,0.9090909090909091,1.0,0.9166666666666666,0.8330086580086581,5,0.0,0.0,0.0,0.2,0.2,0.0,1.0,0.05,0.1
390016,PA,Acute Care,0,1,Non-Profit,3.0,0.7142857142857143,0.875,0.9090909090909091,1.0,0.9166666666666666,0.8830086580086581,5,0.0,0.0,0.14285714285714285,0.0,0.0,0.0,1.0,0.045454545454545456,0.045454545454545456
39001F,PA,Acute Care,0,0,Government,4.0,0.42857142857142855,0.0,0.36363636363636365,1.0,0.25,0.40844155844155844,4,0.0,0.0,,,0.0,0.25,-1.0,-0.14285714285714285,0.0
390025,PA,Acute Care,0,0,Non-Profit,,0.0,0.0,0.0,0.0,0.16666666666666666,0.03333333333333333,1,,,,,,,0.0,,
390026,PA,Acute Care,0,1,Non-Profit,2.0,0.8571428571428571,0.875,0.6363636363636364,1.0,0.75,0.8237012987012987,5,0.0,0.0,0.14285714285714285,0.14285714285714285,0.0,0.14285714285714285,-1.0,-0.05,0.05
390027,PA,Acute Care,1,1,Non-Profit,3.0,1.0,1.0,1.0,1.0,0.9166666666666666,0.9833333333333334,5,0.0,0.0,0.25,0.0,0.0,0.09090909090909091,1.0,0.038461538461538464,0.07692307692307693
390028,PA,Acute Care,0,1,Non-Profit,3.0,0.8571428571428571,0.75,0.7272727272727273,1.0,0.75,0.8168831168831169,5,0.0,0.0,0.3333333333333333,0.0,0.0,0.0,2.0,0.1,0.1
390030,PA,Acute Care,1,1,Non-Profit,3.0,0.7142857142857143,0.75,0.8181818181818182,1.0,0.8333333333333334,0.8231601731601732,5,0.0,0.0,0.16666666666666666,0.0,0.0,0.1111111111111111,0.0,0.0,0.05
390032,PA,Acute Care,0,1,Non-Profit,4.0,0.42857142857142855,0.375,0.7272727272727273,1.0,0.8333333333333334,0.6728354978354979,5,0.0,0.0,0.0,0.0,0.0,0.0,0.0,0.0,0.0
390035,PA,Acute Care,1,1,For-Profit,4.0,0.5714285714285714,0.625,0.7272727272727273,1.0,0.8333333333333334,0.7514069264069264,5,0.0,0.0,0.2,0.0,0.0,0.125,0.0,0.0,0.058823529411764705
390036,PA,Acute Care,0,1,Non-Profit,3.0,1.0,0.875,1.0,1.0,0.9166666666666666,0.9583333333333334,5,0.0,0.0,0.0,0.0,0.09090909090909091,0.09090909090909091,0.0,0.0,0.04
390037,PA,Acute Care,0,1,Non-Profit,4.0,0.5714285714285714,0.5,0.8181818181818182,1.0,0.9166666666666666,0.7612554112554112,5,0.0,0.0,0.0,0.0,0.1111111111111111,0.1111111111111111,0.0,0.0,0.058823529411764705
390039,PA,Acute Care,0,1,Non-Profit,4.0,0.5714285714285714,0.5,0.7272727272727273,1.0,0.75,0.7097402597402598,5,0.0,0.0,0.0,0.0,0.0,0.0,0.0,0.0,0.0
390041,PA,Acute Care,0,1,Non-Profit,2.0,0.7142857142857143,0.75,0.8181818181818182,1.0,0.8333333333333334,0.8231601731601732,5,0.0,0.0,0.0,0.0,0.0,0.0,0.0,0.0,0.0
390042,PA,Acute Care,1,1,Non-Profit,3.0,0.8571428571428571,1.0,0.8181818181818182,1.0,0.9166666666666666,0.9183982683982684,5,0.0,0.0,0.125,0.125,0.0,0.0,0.0,0.0,0.043478260869565216
390044,PA,Acute Care,1,1,Non-Profit,3.0,1.0,1.0,1.0,1.0,0.9166666666666666,0.9833333333333334,5,0.14285714285714285,0.0,0.25,0.125,0.09090909090909091,0.18181818181818182,1.0,0.038461538461538464,0.15384615384615385
390045,PA,Acute Care,1,1,Non-Profit,3.0,1.0,0.875,1.0,1.0,1.0,0.975,5,0.0,0.0,0.14285714285714285,0.14285714285714285,0.0,0.09090909090909091,-1.0,-0.04,0.04
390046,PA,Acute Care,1,1,Non-Profit,4.0,1.0,0.875,0.9090909090909091,1.0,0.9166666666666666,0.9401515151515152,5,0.0,0.0,0.2857142857142857,0.0,0.1,0.0,3.0,0.125,0.125
390048,PA,Acute Care,1,1,Non-Profit,5.0,0.7142857142857143,0.625,0.7272727272727273,1.0,0.9166666666666666,0.7966450216450217,5,0.0,0.0,0.2,0.0,0.125,0.0,2.0,0.1111111111111111,0.1111111111111111
390049,PA,Acute Care,1,1,Non-Profit,5.0,1.0,1.0,1.0,1.0,0.9166666666666666,0.9833333333333334,5,0.14285714285714285,0.0,0.625,0.125,0.0,0.18181818181818182,3.0,0.11538461538461539,0.23076923076923078
39004F,PA,Acute Care,0,0,Government,,0.0,0.0,0.0,0.0,0.16666666666666666,0.03333333333333333,1,,,,,,,0.0,,
390050,PA,Acute Care,0,1,Non-Profit,2.0,1.0,0.875,1.0,1.0,0.75,0.925,5,0.0,0.0,0.2857142857142857,0.0,0.09090909090909091,0.09090909090909091,2.0,0.08,0.12
390056,PA,Acute Care,0,1,Non-Profit,2.0,0.5714285714285714,0.375,0.6363636363636364,1.0,0.75,0.6665584415584416,5,0.0,0.0,0.0,0.0,0.0,0.0,0.0,0.0,0.0
390057,PA,Acute Care,1,1,Non-Profit,5.0,0.8571428571428571,0.875,0.7272727272727273,1.0,0.9166666666666666,0.8752164502164502,5,0.0,0.0,0.0,0.0,0.0,0.0,0.0,0.0,0.0
390058,PA,Acute Care,1,1,Non-Profit,3.0,0.7142857142857143,0.625,0.8181818181818182,1.0,0.8333333333333334,0.7981601731601733,5,0.0,0.0,0.0,0.0,0.0,0.0,0.0,0.0,0.0
39005F,PA,Acute Care,0,0,Government,,0.0,0.0,0.09090909090909091,0.0,0.25,0.06818181818181819,2,,,,,0.0,0.0,0.0,0.0,0.0
390062,PA,Acute Care,0,1,Non-Profit,3.0,0.42857142857142855,0.25,0.5454545454545454,1.0,0.5833333333333334,0.5614718614718615,5,0.0,0.0,0.0,0.0,0.0,0.0,0.0,0.0,0.0
390063,PA,Acute Care,1,1,Non-Profit,4.0,1.0,1.0,1.0,1.0,0.9166666666666666,0.9833333333333334,5,0.0,0.0,0.25,0.0,0.18181818181818182,0.09090909090909091,3.0,0.11538461538461539,0.15384615384615385
390065,PA,Acute Care,1,1,Non-Profit,4.0,0.7142857142857143,0.75,0.8181818181818182,1.0,0.9166666666666666,0.8398268398268399,5,0.0,0.0,0.0,0.0,0.4444444444444444,0.0,4.0,0.2,0.2
390066,PA,Acute Care,1,1,Non-Profit,5.0,1.0,0.75,0.9090909090909091,1.0,0.9166666666666666,0.9151515151515153,5,0.0,0.0,0.16666666666666666,0.0,0.0,0.0,1.0,0.043478260869565216,0.043478260869565216
390067,PA,Acute Care,1,1,Non-Profit,4.0,1.0,1.0,1.0,1.0,1.0,1.0,5,0.14285714285714285,0.0,0.5,0.0,0.09090909090909091,0.09090909090909091,5.0,0.19230769230769232,0.23076923076923078
390068,PA,Acute Care,1,1,Non-Profit,3.0,0.5714285714285714,0.75,0.6363636363636364,1.0,0.75,0.7415584415584415,5,0.0,0.0,0.0,0.0,0.0,0.2857142857142857,-2.0,-0.11764705882352941,0.0
39006F,PA,Acute Care,0,1,Government,5.0,0.42857142857142855,0.25,0.45454545454545453,1.0,0.4166666666666667,0.5099567099567099,5,0.3333333333333333,0.0,0.0,0.0,0.2,0.0,2.0,0.2,0.2
390070,PA,Acute Care,0,1,For-Profit,3.0,0.42857142857142855,0.25,0.45454545454545453,1.0,0.5833333333333334,0.5432900432900433,5,0.0,0.0,0.5,0.0,0.2,0.0,2.0,0.2,0.2
390073,PA,Acute Care,1,1,Non-Profit,2.0,1.0,0.875,1.0,1.0,1.0,0.975,5,0.0,0.0,0.14285714285714285,0.0,0.09090909090909091,0.0,2.0,0.08,0.08
390079,PA,Acute Care,1,1,Non-Profit,2.0,1.0,0.875,1.0,1.0,0.9166666666666666,0.9583333333333334,5,0.0,0.0,0.2857142857142857,0.0,0.0,0.09090909090909091,1.0,0.04,0.08
390086,PA,Acute Care,1,1,Non-Profit,1.0,1.0,0.875,1.0,1.0,0.9166666666666666,0.9583333333333334,5,0.0,0.14285714285714285,0.14285714285714285,0.0,0.0,0.0,0.0,0.0,0.04
390090,PA,Acute Care,1,1,Non-Profit,3.0,0.5714285714285714,0.875,0.6363636363636364,1.0,0.8333333333333334,0.7832251082251083,5,0.0,0.0,0.14285714285714285,0.2857142857142857,0.0,0.14285714285714285,-2.0,-0.1111111111111111,0.05555555555555555
390091,PA,Acute Care,1,1,Non-Profit,4.0,0.5714285714285714,0.625,0.8181818181818182,1.0,0.9166666666666666,0.7862554112554112,5,0.0,0.0,0.2,0.0,0.1111111111111111,0.0,2.0,0.1111111111111111,0.1111111111111111
390093,PA,Acute Care,0,1,Non-Profit,2.0,0.42857142857142855,0.25,0.6363636363636364,1.0,0.75,0.612987012987013,5,0.0,0.0,0.0,0.0,0.14285714285714285,0.0,1.0,0.08333333333333333,0.08333333333333333
390096,PA,Acute Care,1,1,Non-Profit,4.0,1.0,0.75,0.9090909090909091,1.0,1.0,0.9318181818181819,5,0.0,0.0,0.16666666666666666,0.0,0.0,0.0,1.0,0.043478260869565216,0.043478260869565216
390097,PA,Acute Care,1,1,Non-Profit,2.0,0.7142857142857143,0.875,0.9090909090909091,1.0,0.75,0.8496753246753247,5,0.0,0.0,0.14285714285714285,0.0,0.0,0.1,0.0,0.0,0.045454545454545456
39009F,PA,Acute Care,0,1,Government,5.0,0.7142857142857143,0.5,0.5454545454545454,1.0,0.4166666666666667,0.6352813852813852,5,0.6,0.0,0.25,0.0,0.0,0.0,4.0,0.26666666666666666,0.26666666666666666
390100,PA,Acute Care,1,1,Non-Profit,5.0,1.0,1.0,1.0,1.0,0.9166666666666666,0.9833333333333334,5,0.42857142857142855,0.0,0.5,0.0,0.18181818181818182,0.0,9.0,0.34615384615384615,0.34615384615384615
390101,PA,Acute Care,1,1,Non-Profit,3.0,0.8571428571428571,1.0,0.7272727272727273,1.0,0.8333333333333334,0.8835497835497834,5,0.0,0.0,0.0,0.0,0.0,0.0,0.0,0.0,0.0
390102,PA,Acute Care,0,1,Non-Profit,3.0,0.7142857142857143,0.875,0.8181818181818182,1.0,0.8333333333333334,0.8481601731601731,5,0.0,0.0,0.0,0.0,0.0,0.0,0.0,0.0,0.0
390107,PA,Acute Care,0,1,Non-Profit,4.0,1.0,0.875,1.0,1.0,0.75,0.925,5,0.0,0.14285714285714285,0.42857142857142855,0.0,0.09090909090909091,0.0,3.0,0.12,0.16
390110,PA,Acute Care,1,1,For-Profit,2.0,1.0,0.75,0.7272727272727273,1.0,0.9166666666666666,0.8787878787878789,5,0.0,0.0,0.16666666666666666,0.0,0.0,0.125,0.0,0.0,0.047619047619047616
390111,PA,Acute Care,1,1,Non-Profit,5.0,1.0,0.875,0.9090909090909091,1.0,1.0,0.9568181818181818,5,0.2857142857142857,0.0,0.42857142857142855,0.0,0.2,0.2,5.0,0.20833333333333334,0.2916666666666667
390112,PA,Acute Care,0,1,Non-Profit,3.0,0.2857142857142857,0.375,0.45454545454545453,1.0,0.6666666666666666,0.5563852813852813,5,0.0,0.0,0.0,0.0,0.0,0.0,0.0,0.0,0.0
390113,PA,Acute Care,1,1,Non-Profit,3.0,0.7142857142857143,0.875,0.9090909090909091,1.0,0.9166666666666666,0.8830086580086581,5,0.0,0.0,0.0,0.0,0.0,0.0,0.0,0.0,0.0
390114,PA,Acute Care,1,1,Non-Profit,3.0,0.2857142857142857,1.0,0.7272727272727273,1.0,0.75,0.7525974025974026,5,0.0,0.0,0.0,0.0,0.125,0.0,1.0,0.05555555555555555,0.05555555555555555
390115,PA,Acute Care,0,1,Non-Profit,1.0,1.0,0.875,1.0,1.0,0.9166666666666666,0.9583333333333334,5,0.0,0.0,0.14285714285714285,0.0,0.0,0.2727272727272727,-2.0,-0.08,0.04
390116,PA,Acute Care,0,1,Non-Profit,3.0,0.2857142857142857,0.375,0.36363636363636365,1.0,0.5833333333333334,0.5215367965367965,5,0.0,0.0,0.0,0.0,0.25,0.0,1.0,0.1111111111111111,0.1111111111111111
390117,PA,Acute Care,0,1,Non-Profit,,0.2857142857142857,0.25,0.6363636363636364,1.0,0.6666666666666666,0.5677489177489178,5,0.0,0.0,0.0,0.0,0.14285714285714285,0.0,1.0,0.09090909090909091,0.09090909090909091
390123,PA,Acute Care,0,1,Non-Profit,2.0,0.8571428571428571,0.875,0.8181818181818182,1.0,0.8333333333333334,0.8767316017316018,5,0.0,0.0,0.0,0.0,0.0,0.0,0.0,0.0,0.0
390125,PA,Acute Care,1,1,Non-Profit,2.0,0.7142857142857143,0.5,0.6363636363636364,1.0,0.75,0.7201298701298702,5,0.0,0.0,0.0,0.0,0.14285714285714285,0.0,1.0,0.0625,0.0625
390127,PA,Acute Care,1,1,Non-Profit,3.0,0.8571428571428571,0.75,0.8181818181818182,1.0,0.9166666666666666,0.8683982683982684,5,0.0,0.0,0.16666666666666666,0.0,0.0,0.1111111111111111,0.0,0.0,0.047619047619047616
39012F,PA,Acute Care,0,1,Government,3.0,0.7142857142857143,0.5,0.5454545454545454,1.0,0.5,0.6519480519480519,5,0.0,0.0,0.0,0.25,0.0,0.16666666666666666,-2.0,-0.13333333333333333,0.0
390133,PA,Acute Care,1,1,Non-Profit,4.0,1.0,1.0,1.0,1.0,1.0,1.0,5,0.14285714285714285,0.0,0.125,0.0,0.0,0.18181818181818182,0.0,0.0,0.07692307692307693
390137,PA,Acute Care,0,1,For-Profit,1.0,1.0,0.875,1.0,1.0,0.9166666666666666,0.9583333333333334,5,0.0,0.14285714285714285,0.0,0.14285714285714285,0.0,0.09090909090909091,-3.0,-0.12,0.0
390138,PA,Acute Care,0,1,Non-Profit,4.0,0.7142857142857143,0.25,0.5454545454545454,1.0,0.75,0.6519480519480519,5,0.0,0.0,0.5,0.0,0.0,0.0,1.0,0.07692307692307693,0.07692307692307693
390139,PA,Acute Care,1,1,Non-Profit,4.0,0.8571428571428571,0.875,0.9090909090909091,1.0,0.8333333333333334,0.89491341991342,5,0.0,0.0,0.14285714285714285,0.0,0.0,0.1,0.0,0.0,0.043478260869565216
39013F,PA,Acute Care,0,1,Government,5.0,0.5714285714285714,0.375,0.45454545454545453,1.0,0.4166666666666667,0.5635281385281385,5,0.0,0.0,0.0,0.0,0.6,0.0,3.0,0.25,0.25
390142,PA,Acute Care,1,1,Non-Profit,2.0,0.8571428571428571,1.0,0.9090909090909091,1.0,1.0,0.9532467532467532,5,0.0,0.0,0.125,0.0,0.0,0.1,0.0,0.0,0.041666666666666664
390145,PA,Acute Care,1,1,Non-Profit,4.0,1.0,0.875,0.8181818181818182,1.0,0.9166666666666666,0.9219696969696971,5,0.0,0.0,0.0,0.14285714285714285,0.0,0.1111111111111111,-2.0,-0.08695652173913043,0.0
390146,PA,Acute Care,1,1,Non-Profit,2.0,0.5714285714285714,0.5,0.8181818181818182,1.0,0.9166666666666666,0.7612554112554112,5,0.0,0.0,0.0,0.0,0.0,0.0,0.0,0.0,0.0
390147,PA,Acute Care,0,1,Non-Profit,2.0,0.7142857142857143,0.75,0.6363636363636364,1.0,0.75,0.7701298701298701,5,0.0,0.0,0.0,0.0,0.0,0.14285714285714285,-1.0,-0.05555555555555555,0.0
390150,PA,Acute Care,0,1,Non-Profit,,0.0,0.0,0.18181818181818182,0.0,0.5833333333333334,0.15303030303030302,2,,,,,0.0,0.0,0.0,0.0,0.0
390151,PA,Acute Care,1,1,Non-Profit,3.0,0.8571428571428571,0.75,0.7272727272727273,1.0,0.9166666666666666,0.8502164502164502,5,0.0,0.0,0.3333333333333333,0.0,0.125,0.0,3.0,0.15,0.15
390153,PA,Acute Care,1,1,Non-Profit,5.0,0.8571428571428571,0.875,0.9090909090909091,1.0,0.8333333333333334,0.89491341991342,5,0.3333333333333333,0.0,0.14285714285714285,0.0,0.0,0.1,2.0,0.08695652173913043,0.13043478260869565
390156,PA,Acute Care,0,1,Non-Profit,2.0,0.8571428571428571,0.75,0.7272727272727273,1.0,0.75,0.8168831168831169,5,0.0,0.0,0.16666666666666666,0.16666666666666666,0.0,0.25,-2.0,-0.1,0.05
390160,PA,Acute Care,0,1,Non-Profit,,0.2857142857142857,0.25,0.5454545454545454,1.0,0.75,0.5662337662337662,5,0.0,0.0,0.0,0.0,0.0,0.0,0.0,0.0,0.0
390162,PA,Acute Care,0,1,Non-Profit,3.0,0.42857142857142855,0.25,0.5454545454545454,1.0,0.6666666666666666,0.5781385281385281,5,0.0,0.0,0.0,0.0,0.0,0.0,0.0,0.0,0.0
390163,PA,Acute Care,1,1,Non-Profit,2.0,0.42857142857142855,0.5,0.8181818181818182,1.0,0.9166666666666666,0.7326839826839826,5,0.0,0.0,0.25,0.0,0.0,0.0,1.0,0.0625,0.0625
390164,PA,Acute Care,0,1,Non-Profit,4.0,1.0,0.875,1.0,1.0,0.9166666666666666,0.9583333333333334,5,0.14285714285714285,0.0,0.2857142857142857,0.14285714285714285,0.18181818181818182,0.18181818181818182,2.0,0.08,0.2
390168,PA,Acute Care,1,1,Non-Profit,2.0,1.0,0.875,1.0,1.0,1.0,0.975,5,0.0,0.0,0.2857142857142857,0.0,0.0,0.09090909090909091,1.0,0.04,0.08
390173,PA,Acute Care,1,1,Non-Profit,3.0,0.7142857142857143,0.875,0.9090909090909091,1.0,0.75,0.8496753246753247,5,0.0,0.0,0.0,0.0,0.0,0.1,-1.0,-0.045454545454545456,0.0
390174,PA,Acute Care,1,1,Non-Profit,3.0,1.0,1.0,1.0,1.0,0.9166666666666666,0.9833333333333334,5,0.42857142857142855,0.0,0.125,0.0,0.09090909090909091,0.2727272727272727,2.0,0.07692307692307693,0.19230769230769232
390178,PA,Acute Care,1,1,Non-Profit,3.0,0.42857142857142855,0.5,0.7272727272727273,1.0,0.9166666666666666,0.7145021645021645,5,0.0,0.0,0.0,0.0,0.0,0.0,0.0,0.0,0.0
390179,PA,Acute Care,1,1,Non-Profit,4.0,1.0,1.0,1.0,1.0,1.0,1.0,5,0.2857142857142857,0.0,0.25,0.0,0.18181818181818182,0.0,6.0,0.23076923076923078,0.23076923076923078
390180,PA,Acute Care,0,1,Non-Profit,2.0,0.8571428571428571,0.75,0.8181818181818182,1.0,0.9166666666666666,0.8683982683982684,5,0.0,0.0,0.5,0.16666666666666666,0.0,0.0,2.0,0.09523809523809523,0.14285714285714285
390183,PA,Acute Care,0,1,Non-Profit,4.0,0.5714285714285714,0.25,0.7272727272727273,1.0,0.75,0.6597402597402597,5,0.25,0.0,0.0,0.0,0.0,0.0,1.0,0.07142857142857142,0.07142857142857142
390184,PA,Acute Care,0,1,Non-Profit,,0.0,0.125,0.18181818181818182,0.0,0.5833333333333334,0.17803030303030304,3,,,0.0,0.0,0.0,0.0,0.0,0.0,0.0
390185,PA,Acute Care,1,1,Non-Profit,1.0,0.8571428571428571,0.75,0.8181818181818182,1.0,0.9166666666666666,0.8683982683982684,5,0.0,0.0,0.0,0.16666666666666666,0.0,0.1111111111111111,-2.0,-0.09523809523809523,0.0
390195,PA,Acute Care,1,1,Non-Profit,4.0,1.0,1.0,1.0,1.0,0.9166666666666666,0.9833333333333334,5,0.14285714285714285,0.0,0.375,0.125,0.0,0.0,3.0,0.11538461538461539,0.15384615384615385
390198,PA,Acute Care,0,1,Non-Profit,2.0,0.2857142857142857,0.375,0.45454545454545453,0.0,0.6666666666666666,0.35638528138528136,4,0.0,0.0,0.3333333333333333,0.0,0.0,0.0,1.0,0.1,0.1
390199,PA,Acute Care,1,1,Non-Profit,,0.2857142857142857,0.25,0.6363636363636364,1.0,0.75,0.5844155844155845,5,0.0,0.0,0.0,0.0,0.0,0.0,0.0,0.0,0.0
390201,PA,Acute Care,1,1,Non-Profit,3.0,1.0,0.875,1.0,1.0,1.0,0.975,5,0.0,0.0,0.14285714285714285,0.0,0.0,0.09090909090909091,0.0,0.0,0.04
390203,PA,Acute Care,1,1,Non-Profit,4.0,1.0,0.875,1.0,1.0,0.9166666666666666,0.9583333333333334,5,0.0,0.0,0.42857142857142855,0.0,0.09090909090909091,0.09090909090909091,3.0,0.12,0.16
390204,PA,Acute Care,0,1,Non-Profit,2.0,0.7142857142857143,0.625,0.6363636363636364,1.0,0.75,0.7451298701298701,5,0.0,0.0,0.0,0.0,0.0,0.0,0.0,0.0,0.0
390211,PA,Acute Care,0,1,For-Profit,2.0,0.7142857142857143,0.75,0.7272727272727273,1.0,0.75,0.7883116883116884,5,0.0,0.0,0.16666666666666666,0.0,0.0,0.0,1.0,0.05263157894736842,0.05263157894736842
390217,PA,Acute Care,0,1,Non-Profit,,0.2857142857142857,0.125,0.6363636363636364,1.0,0.75,0.5594155844155845,5,0.0,0.0,0.0,0.0,0.0,0.0,0.0,0.0,0.0
390219,PA,Acute Care,0,1,Non-Profit,4.0,0.7142857142857143,0.875,0.8181818181818182,1.0,0.75,0.8314935064935065,5,0.0,0.0,0.14285714285714285,0.0,0.0,0.0,1.0,0.047619047619047616,0.047619047619047616
390222,PA,Acute Care,1,1,Non-Profit,3.0,0.8571428571428571,0.875,0.7272727272727273,1.0,1.0,0.8918831168831168,5,0.0,0.0,0.14285714285714285,0.0,0.125,0.125,1.0,0.047619047619047616,0.09523809523809523
390223,PA,Acute Care,0,1,Non-Profit,5.0,1.0,0.875,1.0,1.0,0.8333333333333334,0.9416666666666667,5,0.2857142857142857,0.0,0.2857142857142857,0.0,0.0,0.09090909090909091,3.0,0.12,0.16
390225,PA,Acute Care,1,1,Non-Profit,4.0,0.7142857142857143,0.625,0.8181818181818182,1.0,0.9166666666666666,0.8148268398268399,5,0.0,0.0,0.2,0.0,0.0,0.0,1.0,0.05263157894736842,0.05263157894736842
390226,PA,Acute Care,1,1,Non-Profit,4.0,0.8571428571428571,1.0,0.8181818181818182,1.0,0.9166666666666666,0.9183982683982684,5,0.3333333333333333,0.0,0.125,0.125,0.1111111111111111,0.0,3.0,0.13043478260869565,0.17391304347826086
390228,PA,Acute Care,1,1,Non-Profit,4.0,1.0,0.875,1.0,1.0,0.9166666666666666,0.9583333333333334,5,0.0,0.0,0.42857142857142855,0.0,0.09090909090909091,0.0,4.0,0.16,0.16
390231,PA,Acute Care,1,1,Non-Profit,2.0,1.0,1.0,1.0,1.0,0.9166666666666666,0.9833333333333334,5,0.2857142857142857,0.14285714285714285,0.125,0.0,0.0,0.18181818181818182,0.0,0.0,0.11538461538461539
390233,PA,Acute Care,1,1,Non-Profit,3.0,0.8571428571428571,0.75,0.9090909090909091,1.0,0.9166666666666666,0.8865800865800866,5,0.0,0.0,0.0,0.0,0.0,0.0,0.0,0.0,0.0
390237,PA,Acute Care,1,1,For-Profit,3.0,1.0,0.875,0.8181818181818182,1.0,0.9166666666666666,0.9219696969696971,5,0.0,0.0,0.2857142857142857,0.0,0.1111111111111111,0.1111111111111111,2.0,0.08695652173913043,0.13043478260869565
390256,PA,Acute Care,1,1,Non-Profit,4.0,1.0,1.0,1.0,1.0,0.9166666666666666,0.9833333333333334,5,0.2857142857142857,0.0,0.375,0.0,0.0,0.09090909090909091,4.0,0.15384615384615385,0.19230769230769232
390258,PA,Acute Care,1,1,Non-Profit,2.0,1.0,0.875,1.0,1.0,1.0,0.975,5,0.0,0.0,0.0,0.0,0.0,0.09090909090909091,-1.0,-0.04,0.0
390265,PA,Acute Care,1,1,Non-Profit,3.0,1.0,0.875,1.0,1.0,0.9166666666666666,0.9583333333333334,5,0.0,0.0,0.2857142857142857,0.0,0.0,0.0,2.0,0.08,0.08
390266,PA,Acute Care,0,1,Non-Profit,,0.2857142857142857,0.25,0.6363636363636364,1.0,0.75,0.5844155844155845,5,0.0,0.0,0.0,0.0,0.0,0.0,0.0,0.0,0.0
390267,PA,Acute Care,1,1,Non-Profit,3.0,1.0,0.75,1.0,1.0,0.9166666666666666,0.9333333333333333,5,0.0,0.0,0.3333333333333333,0.0,0.0,0.0,2.0,0.08333333333333333,0.08333333333333333
390268,PA,Acute Care,1,1,Non-Profit,5.0,0.8571428571428571,0.875,0.7272727272727273,1.0,0.8333333333333334,0.8585497835497835,5,0.0,0.0,0.14285714285714285,0.0,0.0,0.0,1.0,0.047619047619047616,0.047619047619047616
390270,PA,Acute Care,1,1,Non-Profit,4.0,1.0,0.875,1.0,1.0,0.9166666666666666,0.9583333333333334,5,0.14285714285714285,0.0,0.2857142857142857,0.0,0.0,0.0,3.0,0.12,0.12
390272,PA,Acute Care,0,0,For-Profit,,0.0,0.0,0.0,0.0,0.16666666666666666,0.03333333333333333,1,,,,,,,0.0,,
390278,PA,Acute Care,0,0,Non-Profit,,0.0,0.25,0.0,0.0,0.08333333333333333,0.06666666666666667,2,,,0.5,0.0,,,1.0,0.5,0.5
390304,PA,Acute Care,0,1,For-Profit,,0.2857142857142857,0.25,0.45454545454545453,1.0,0.5833333333333334,0.5147186147186147,5,0.0,0.0,0.0,0.0,0.0,0.2,-1.0,-0.1111111111111111,0.0
390307,PA,Acute Care,0,0,For-Profit,,0.0,0.25,0.2727272727272727,0.0,0.25,0.15454545454545454,3,,,0.0,0.0,0.0,0.3333333333333333,-1.0,-0.2,0.0
390316,PA,Acute Care,0,0,For-Profit,,0.0,0.25,0.36363636363636365,1.0,0.3333333333333333,0.3893939393939394,4,,,0.0,0.0,0.0,0.0,0.0,0.0,0.0
390322,PA,Acute Care,0,0,For-Profit,,0.0,0.25,0.2727272727272727,1.0,0.25,0.35454545454545455,4,,,0.0,0.0,0.3333333333333333,0.0,1.0,0.2,0.2
390323,PA,Acute Care,0,0,For-Profit,,0.0,0.25,0.2727272727272727,1.0,0.25,0.35454545454545455,4,,,0.0,0.0,0.0,0.3333333333333333,-1.0,-0.2,0.0
390324,PA,Acute Care,0,0,For-Profit,,0.0,0.25,0.2727272727272727,1.0,0.16666666666666666,0.3378787878787879,4,,,0.5,0.0,0.3333333333333333,0.0,2.0,0.4,0.4
390325,PA,Acute Care,0,0,For-Profit,,0.0,0.25,0.2727272727272727,1.0,0.25,0.35454545454545455,4,,,0.0,0.0,0.6666666666666666,0.0,2.0,0.4,0.4
390326,PA,Acute Care,1,0,Non-Profit,5.0,0.8571428571428571,0.875,0.9090909090909091,1.0,0.9166666666666666,0.9115800865800866,5,0.16666666666666666,0.0,0.2857142857142857,0.0,0.0,0.1,2.0,0.08695652173913043,0.13043478260869565
390327,PA,Acute Care,0,0,Non-Profit,,0.0,0.125,0.18181818181818182,0.0,0.25,0.11136363636363637,3,,,0.0,0.0,0.5,0.0,1.0,0.3333333333333333,0.3333333333333333
390328,PA,Acute Care,0,1,Non-Profit,4.0,0.7142857142857143,0.875,0.7272727272727273,1.0,0.8333333333333334,0.829978354978355,5,0.2,0.0,0.0,0.0,0.0,0.0,1.0,0.05,0.05
390329,PA,Acute Care,1,1,Non-Profit,4.0,1.0,1.0,1.0,1.0,0.9166666666666666,0.9833333333333334,5,0.0,0.0,0.375,0.0,0.0,0.09090909090909091,2.0,0.07692307692307693,0.11538461538461539
390330,PA,Acute Care,0,1,Non-Profit,4.0,0.7142857142857143,0.875,0.9090909090909091,1.0,0.75,0.8496753246753247,5,0.4,0.0,0.14285714285714285,0.0,0.0,0.1,2.0,0.09090909090909091,0.13636363636363635
390331,PA,Acute Care,0,0,Non-Profit,,0.0,0.0,0.09090909090909091,0.0,0.16666666666666666,0.051515151515151514,2,,,,,0.0,0.0,0.0,0.0,0.0
390332,PA,Acute Care,0,0,Non-Profit,4.0,0.5714285714285714,0.25,0.5454545454545454,1.0,0.75,0.6233766233766234,5,0.0,0.0,0.5,0.0,0.0,0.0,1.0,0.08333333333333333,0.08333333333333333
390333,PA,Acute Care,0,1,For-Profit,,0.0,0.0,0.09090909090909091,0.0,0.6666666666666666,0.15151515151515152,2,,,,,0.0,0.0,0.0,0.0,0.0
390334,PA,Acute Care,1,1,Non-Profit,5.0,0.2857142857142857,0.75,0.5454545454545454,1.0,0.75,0.6662337662337662,5,0.0,0.0,0.16666666666666666,0.0,0.0,0.0,1.0,0.07142857142857142,0.07142857142857142
390335,PA,Acute Care,0,1,Non-Profit,4.0,0.5714285714285714,0.75,0.6363636363636364,1.0,0.75,0.7415584415584415,5,0.0,0.0,0.16666666666666666,0.0,0.14285714285714285,0.14285714285714285,1.0,0.058823529411764705,0.11764705882352941
390336,PA,Acute Care,1,1,Non-Profit,,0.2857142857142857,0.25,0.36363636363636365,1.0,0.6666666666666666,0.5132034632034632,5,0.0,0.0,0.0,0.0,0.0,0.25,-1.0,-0.125,0.0
390337,PA,Acute Care,0,1,Non-Profit,,0.0,0.25,0.2727272727272727,1.0,0.5833333333333334,0.4212121212121212,4,,,0.0,0.0,0.0,0.0,0.0,0.0,0.0
390338,PA,Acute Care,0,1,Non-Profit,4.0,0.14285714285714285,0.375,0.2727272727272727,1.0,0.5833333333333334,0.47478354978354975,5,0.0,0.0,0.0,0.0,0.0,0.0,0.0,0.0,0.0
390339,PA,Acute Care,1,1,Non-Profit,3.0,0.14285714285714285,0.5,0.18181818181818182,1.0,0.5,0.464935064935065,5,0.0,0.0,0.25,0.0,0.0,0.0,1.0,0.14285714285714285,0.14285714285714285
390430,PA,Acute Care,0,1,For-Profit,,0.0,0.0,0.0,0.0,0.0,0.0,0,,,,,,,0.0,,
391300,PA,Rural/Access,0,1,Non-Profit,4.0,0.5714285714285714,0.125,0.45454545454545453,1.0,0.6666666666666666,0.5635281385281385,5,0.0,0.0,0.0,0.0,0.0,0.0,0.0,0.0,0.0
391301,PA,Rural/Access,0,1,Non-Profit,,0.2857142857142857,0.0,0.45454545454545453,1.0,0.5,0.44805194805194803,4,0.0,0.0,,,0.0,0.0,0.0,0.0,0.0
391302,PA,Rural/Access,0,1,For-Profit,,0.0,0.0,0.18181818181818182,0.0,0.5,0.13636363636363638,2,,,,,0.0,0.0,0.0,0.0,0.0
391303,PA,Rural/Access,0,1,Non-Profit,3.0,0.42857142857142855,0.0,0.45454545454545453,0.0,0.4166666666666667,0.25995670995670994,3,0.0,0.0,,,0.0,0.0,0.0,0.0,0.0
391304,PA,Rural/Access,0,1,Non-Profit,,0.0,0.0,0.0,0.0,0.16666666666666666,0.03333333333333333,1,,,,,,,0.0,,
391305,PA,Rural/Access,0,1,Non-Profit,3.0,0.42857142857142855,0.125,0.45454545454545453,1.0,0.6666666666666666,0.5349567099567099,5,0.0,0.0,0.0,0.0,0.0,0.0,0.0,0.0,0.0
391306,PA,Rural/Access,0,1,Non-Profit,3.0,0.42857142857142855,0.0,0.45454545454545453,0.0,0.25,0.2266233766233766,3,0.0,0.0,,,0.0,0.0,0.0,0.0,0.0
391307,PA,Rural/Access,0,1,Non-Profit,,0.0,0.0,0.2727272727272727,0.0,0.5,0.15454545454545454,2,,,,,0.0,0.0,0.0,0.0,0.0
391308,PA,Rural/Access,0,1,Government,,0.2857142857142857,0.0,0.2727272727272727,0.0,0.6666666666666666,0.245021645021645,3,0.0,0.0,,,0.0,0.0,0.0,0.0,0.0
391309,PA,Rural/Access,0,1,Non-Profit,,0.14285714285714285,0.0,0.2727272727272727,0.0,0.3333333333333333,0.14978354978354977,3,0.0,0.0,,,0.0,0.0,0.0,0.0,0.0
391312,PA,Rural/Access,0,1,Non-Profit,,0.14285714285714285,0.0,0.5454545454545454,0.0,0.5833333333333334,0.25432900432900435,3,0.0,0.0,,,0.16666666666666666,0.0,1.0,0.14285714285714285,0.14285714285714285
391313,PA,Rural/Access,1,1,Non-Profit,4.0,0.42857142857142855,0.25,0.6363636363636364,1.0,0.5833333333333334,0.5796536796536798,5,0.0,0.0,0.0,0.0,0.0,0.0,0.0,0.0,0.0
391314,PA,Rural/Access,0,1,Non-Profit,,0.2857142857142857,0.125,0.2727272727272727,1.0,0.5,0.4366883116883117,5,0.0,0.0,0.0,0.0,0.0,0.0,0.0,0.0,0.0
391315,PA,Rural/Access,0,1,Non-Profit,3.0,0.5714285714285714,0.125,0.6363636363636364,1.0,0.6666666666666666,0.5998917748917749,5,0.0,0.0,0.0,0.0,0.14285714285714285,0.0,1.0,0.08333333333333333,0.08333333333333333
391316,PA,Rural/Access,1,1,Non-Profit,3.0,0.5714285714285714,0.25,0.8181818181818182,1.0,0.6666666666666666,0.6612554112554112,5,0.0,0.0,0.0,0.0,0.0,0.0,0.0,0.0,0.0
391317,PA,Rural/Access,0,1,For-Profit,,0.0,0.0,0.18181818181818182,1.0,0.5833333333333334,0.353030303030303,3,,,,,0.0,0.0,0.0,0.0,0.0
391318,PA,Rural/Access,0,1,Non-Profit,,0.0,0.0,0.0,0.0,0.0,0.0,0,,,,,,,0.0,,
393302,PA,Childrens,0,1,Non-Profit,,0.0,0.0,0.0,0.0,0.0,0.0,0,,,,,,,0.0,,
393303,PA,Childrens,0,1,Non-Profit,,0.0,0.0,0.0,0.0,0.0,0.0,0,,,,,,,0.0,,
393304,PA,Childrens,0,0,Non-Profit,,0.0,0.0,0.0,0.0,0.0,0.0,0,,,,,,,0.0,,
393307,PA,Childrens,0,1,For-Profit,,0.0,0.0,0.0,0.0,0.0,0.0,0,,,,,,,0.0,,
393309,PA,Childrens,0,0,Non-Profit,,0.0,0.0,0.0,0.0,0.0,0.0,0,,,,,,,0.0,,
394001,PA,Psychiatric,0,0,Government,,0.0,0.0,0.0,0.0,0.0,0.0,0,,,,,,,0.0,,
394004,PA,Psychiatric,0,0,Government,,0.0,0.0,0.0,0.0,0.0,0.0,0,,,,,,,0.0,,
394008,PA,Psychiatric,0,0,For-Profit,,0.0,0.0,0.0,0.0,0.0,0.0,0,,,,,,,0.0,,
394012,PA,Psychiatric,0,0,Government,,0.0,0.0,0.0,0.0,0.0,0.0,0,,,,,,,0.0,,
394014,PA,Psychiatric,0,0,Government,,0.0,0.0,0.0,0.0,0.0,0.0,0,,,,,,,0.0,,
394016,PA,Psychiatric,0,0,Government,,0.0,0.0,0.0,0.0,0.0,0.0,0,,,,,,,0.0,,
394020,PA,Psychiatric,0,0,Non-Profit,,0.0,0.0,0.0,0.0,0.0,0.0,0,,,,,,,0.0,,
394023,PA,Psychiatric,0,0,Non-Profit,,0.0,0.0,0.0,0.0,0.0,0.0,0,,,,,,,0.0,,
394026,PA,Psychiatric,0,0,Government,,0.0,0.0,0.0,0.0,0.0,0.0,0,,,,,,,0.0,,
394027,PA,Psychiatric,0,0,For-Profit,,0.0,0.0,0.0,0.0,0.0,0.0,0,,,,,,,0.0,,
394033,PA,Psychiatric,0,0,Non-Profit,,0.0,0.0,0.0,0.0,0.0,0.0,0,,,,,,,0.0,,
394034,PA,Psychiatric,0,1,For-Profit,,0.0,0.0,0.0,0.0,0.0,0.0,0,,,,,,,0.0,,
394038,PA,Psychiatric,0,0,Non-Profit,,0.0,0.0,0.0,0.0,0.0,0.0,0,,,,,,,0.0,,
394040,PA,Psychiatric,0,1,For-Profit,,0.0,0.0,0.0,0.0,0.0,0.0,0,,,,,,,0.0,,
394043,PA,Psychiatric,0,1,For-Profit,,0.0,0.0,0.0,0.0,0.0,0.0,0,,,,,,,0.0,,
394049,PA,Psychiatric,0,0,Non-Profit,,0.0,0.0,0.0,0.0,0.0,0.0,0,,,,,,,0.0,,
394050,PA,Psychiatric,0,0,For-Profit,,0.0,0.0,0.0,0.0,0.0,0.0,0,,,,,,,0.0,,
394051,PA,Psychiatric,0,1,For-Profit,,0.0,0.0,0.0,0.0,0.0,0.0,0,,,,,,,0.0,,
394052,PA,Psychiatric,0,0,For-Profit,,0.0,0.0,0.0,0.0,0.0,0.0,0,,,,,,,0.0,,
394053,PA,Psychiatric,0,0,For-Profit,,0.0,0.0,0.0,0.0,0.0,0.0,0,,,,,,,0.0,,
394055,PA,Psychiatric,0,0,Non-Profit,,0.0,0.0,0.0,0.0,0.0,0.0,0,,,,,,,0.0,,
394056,PA,Psychiatric,0,0,For-Profit,,0.0,0.0,0.0,0.0,0.0,0.0,0,,,,,,,0.0,,
394057,PA,Psychiatric,0,0,Non-Profit,,0.0,0.0,0.0,0.0,0.0,0.0,0,,,,,,,0.0,,
394058,PA,Psychiatric,0,0,For-Profit,,0.0,0.0,0.0,0.0,0.0,0.0,0,,,,,,,0.0,,
394059,PA,Psychiatric,0,0,For-Profit,,0.0,0.0,0.0,0.0,0.0,0.0,0,,,,,,,0.0,,
394062,PA,Psychiatric,0,0,For-Profit,,0.0,0.0,0.0,0.0,0.0,0.0,0,,,,,,,0.0,,
400001,PR,Acute Care,0,1,Non-Profit,,0.2857142857142857,0.125,0.18181818181818182,0.0,0.08333333333333333,0.13517316017316017,4,0.0,0.5,0.0,0.0,0.0,0.0,-1.0,-0.2,0.0
400003,PR,Acute Care,0,1,For-Profit,,0.0,0.0,0.09090909090909091,0.0,0.16666666666666666,0.051515151515151514,2,,,,,0.0,0.0,0.0,0.0,0.0
400004,PR,Acute Care,0,1,Non-Profit,,0.14285714285714285,0.0,0.18181818181818182,0.0,0.0,0.06493506493506493,2,0.0,0.0,,,0.0,0.5,-1.0,-0.3333333333333333,0.0
400005,PR,Acute Care,0,1,Non-Profit,,0.0,0.0,0.09090909090909091,0.0,0.0,0.01818181818181818,1,,,,,0.0,0.0,0.0,0.0,0.0
400006,PR,Acute Care,0,1,For-Profit,,0.14285714285714285,0.25,0.18181818181818182,1.0,0.3333333333333333,0.3816017316017316,5,0.0,0.0,0.0,0.0,0.0,1.0,-2.0,-0.4,0.0
400007,PR,Acute Care,0,1,Non-Profit,,0.0,0.25,0.09090909090909091,0.0,0.16666666666666666,0.10151515151515152,3,,,0.0,0.0,0.0,0.0,0.0,0.0,0.0
400010,PR,Acute Care,0,1,Non-Profit,,0.0,0.0,0.0,0.0,0.0,0.0,0,,,,,,,0.0,,
400011,PR,Acute Care,0,1,For-Profit,,0.0,0.0,0.09090909090909091,0.0,0.25,0.06818181818181819,2,,,,,0.0,0.0,0.0,0.0,0.0
400012,PR,Acute Care,0,0,Non-Profit,,0.0,0.0,0.09090909090909091,0.0,0.0,0.01818181818181818,1,,,,,0.0,0.0,0.0,0.0,0.0
400013,PR,Acute Care,1,1,Non-Profit,,0.0,0.25,0.09090909090909091,0.0,0.16666666666666666,0.10151515151515152,3,,,0.0,0.0,0.0,0.0,0.0,0.0,0.0
400014,PR,Acute Care,0,1,Non-Profit,,0.0,0.5,0.18181818181818182,0.0,0.3333333333333333,0.20303030303030303,3,,,0.25,0.25,0.0,0.0,0.0,0.0,0.16666666666666666
400015,PR,Acute Care,0,1,Government,,0.0,0.0,0.09090909090909091,0.0,0.0,0.01818181818181818,1,,,,,0.0,0.0,0.0,0.0,0.0
400016,PR,Acute Care,0,1,Non-Profit,3.0,0.7142857142857143,0.625,0.5454545454545454,0.0,0.08333333333333333,0.39361471861471864,4,0.0,0.0,0.6,0.0,0.0,0.3333333333333333,1.0,0.0625,0.1875
400018,PR,Acute Care,1,1,Non-Profit,,0.0,0.0,0.09090909090909091,0.0,0.08333333333333333,0.03484848484848485,2,,,,,0.0,0.0,0.0,0.0,0.0
400019,PR,Acute Care,0,1,For-Profit,1.0,0.5714285714285714,0.25,0.2727272727272727,0.0,0.3333333333333333,0.2854978354978355,4,0.0,0.25,0.0,1.0,0.0,0.0,-3.0,-0.3333333333333333,0.0
400021,PR,Acute Care,0,1,Non-Profit,3.0,0.2857142857142857,0.625,0.2727272727272727,0.0,0.4166666666666667,0.32002164502164504,4,0.0,0.0,0.4,0.0,0.0,0.3333333333333333,1.0,0.1,0.2
400022,PR,Acute Care,0,1,Non-Profit,2.0,0.0,0.5,0.18181818181818182,1.0,0.3333333333333333,0.403030303030303,4,,,0.0,0.25,0.0,0.0,-1.0,-0.16666666666666666,0.0
400032,PR,Acute Care,1,1,For-Profit,,0.0,0.25,0.09090909090909091,1.0,0.4166666666666667,0.3515151515151515,4,,,0.0,1.0,0.0,0.0,-2.0,-0.6666666666666666,0.0
40003F,PR,Acute Care,0,1,Government,2.0,0.7142857142857143,0.5,0.5454545454545454,1.0,0.4166666666666667,0.6352813852813852,5,0.4,0.0,0.25,0.25,0.0,0.6666666666666666,-2.0,-0.13333333333333333,0.2
400044,PR,Acute Care,0,1,Non-Profit,,0.2857142857142857,0.0,0.18181818181818182,0.0,0.3333333333333333,0.16017316017316016,3,0.0,0.0,,,0.0,0.5,-1.0,-0.25,0.0
400048,PR,Acute Care,0,1,Non-Profit,,0.0,0.0,0.09090909090909091,0.0,0.3333333333333333,0.08484848484848484,2,,,,,0.0,0.0,0.0,0.0,0.0
400061,PR,Acute Care,0,1,Government,,0.0,0.25,0.09090909090909091,0.0,0.16666666666666666,0.10151515151515152,3,,,0.0,1.0,0.0,0.0,-2.0,-0.6666666666666666,0.0
400079,PR,Acute Care,0,1,Non-Profit,,0.0,0.0,0.09090909090909091,0.0,0.0,0.01818181818181818,1,,,,,0.0,0.0,0.0,0.0,0.0
400087,PR,Acute Care,0,1,For-Profit,,0.0,0.25,0.09090909090909091,0.0,0.4166666666666667,0.15151515151515152,3,,,0.0,1.0,0.0,0.0,-2.0,-0.6666666666666666,0.0
400098,PR,Acute Care,0,1,For-Profit,,0.0,0.25,0.09090909090909091,0.0,0.08333333333333333,0.08484848484848485,3,,,0.0,0.5,0.0,0.0,-1.0,-0.3333333333333333,0.0
400102,PR,Acute Care,0,1,For-Profit,,0.14285714285714285,0.0,0.09090909090909091,1.0,0.16666666666666666,0.2800865800865801,4,0.0,0.0,,,0.0,0.0,0.0,0.0,0.0
400103,PR,Acute Care,0,1,For-Profit,,0.2857142857142857,0.0,0.18181818181818182,1.0,0.4166666666666667,0.37683982683982686,4,0.0,0.0,,,0.0,0.0,0.0,0.0,0.0
400104,PR,Acute Care,1,1,Non-Profit,,0.14285714285714285,0.25,0.18181818181818182,0.0,0.25,0.16493506493506493,4,0.0,0.0,0.5,0.0,0.0,0.0,1.0,0.2,0.2
400105,PR,Acute Care,0,1,Government,,0.0,0.0,0.09090909090909091,0.0,0.08333333333333333,0.03484848484848485,2,,,,,0.0,0.0,0.0,0.0,0.0
400106,PR,Acute Care,0,1,For-Profit,,0.0,0.0,0.09090909090909091,0.0,0.08333333333333333,0.03484848484848485,2,,,,,0.0,0.0,0.0,0.0,0.0
400109,PR,Acute Care,0,1,Non-Profit,1.0,0.5714285714285714,0.0,0.36363636363636365,1.0,0.0,0.387012987012987,3,0.0,0.0,,,0.0,0.5,-2.0,-0.25,0.0
400110,PR,Acute Care,0,1,For-Profit,,0.0,0.0,0.09090909090909091,0.0,0.25,0.06818181818181819,2,,,,,0.0,0.0,0.0,0.0,0.0
400111,PR,Acute Care,0,1,Non-Profit,,0.0,0.125,0.09090909090909091,0.0,0.08333333333333333,0.05984848484848485,3,,,0.0,0.0,0.0,0.0,0.0,0.0,0.0
400112,PR,Acute Care,0,1,Non-Profit,,0.0,0.0,0.09090909090909091,0.0,0.25,0.06818181818181819,2,,,,,0.0,0.0,0.0,0.0,0.0
400113,PR,Acute Care,1,1,Non-Profit,,0.0,0.0,0.09090909090909091,0.0,0.08333333333333333,0.03484848484848485,2,,,,,0.0,0.0,0.0,0.0,0.0
400114,PR,Acute Care,1,1,Non-Profit,3.0,0.0,0.5,0.18181818181818182,1.0,0.8333333333333334,0.503030303030303,4,,,0.5,0.0,0.0,0.0,2.0,0.3333333333333333,0.3333333333333333
400115,PR,Acute Care,0,1,For-Profit,,0.0,0.25,0.09090909090909091,0.0,0.08333333333333333,0.08484848484848485,3,,,0.0,1.0,0.0,0.0,-2.0,-0.6666666666666666,0.0
400117,PR,Acute Care,0,1,Non-Profit,,0.0,0.25,0.09090909090909091,0.0,0.16666666666666666,0.10151515151515152,3,,,0.5,0.0,0.0,0.0,1.0,0.3333333333333333,0.3333333333333333
400118,PR,Acute Care,1,1,For-Profit,2.0,0.0,0.5,0.09090909090909091,1.0,0.5,0.41818181818181815,4,,,0.75,0.0,0.0,0.0,3.0,0.6,0.6
400120,PR,Acute Care,0,1,For-Profit,,0.2857142857142857,0.25,0.18181818181818182,1.0,0.0,0.3435064935064935,4,0.0,0.0,0.0,1.0,0.0,0.0,-2.0,-0.3333333333333333,0.0
400122,PR,Acute Care,0,1,For-Profit,,0.0,0.0,0.0,0.0,0.0,0.0,0,,,,,,,0.0,,
400123,PR,Acute Care,0,1,For-Profit,,0.0,0.0,0.09090909090909091,0.0,0.16666666666666666,0.051515151515151514,2,,,,,0.0,0.0,0.0,0.0,0.0
400124,PR,Acute Care,0,1,Government,,0.2857142857142857,0.0,0.2727272727272727,0.0,0.0,0.11168831168831168,2,0.0,0.0,,,0.0,0.0,0.0,0.0,0.0
400126,PR,Acute Care,0,1,For-Profit,,0.0,0.0,0.09090909090909091,0.0,0.08333333333333333,0.03484848484848485,2,,,,,0.0,0.0,0.0,0.0,0.0
400127,PR,Acute Care,0,1,Government,,0.0,0.25,0.0,0.0,0.0,0.05,1,,,0.0,1.0,,,-2.0,-1.0,0.0
400128,PR,Acute Care,0,1,For-Profit,,0.0,0.0,0.09090909090909091,0.0,0.08333333333333333,0.03484848484848485,2,,,,,0.0,0.0,0.0,0.0,0.0
400130,PR,Acute Care,0,1,For-Profit,,0.0,0.0,0.0,0.0,0.0,0.0,0,,,,,,,0.0,,
400131,PR,Acute Care,0,1,For-Profit,,0.0,0.0,0.0,0.0,0.0,0.0,0,,,,,,,0.0,,
400132,PR,Acute Care,0,1,For-Profit,,0.0,0.0,0.09090909090909091,1.0,0.16666666666666666,0.2515151515151515,3,,,,,0.0,0.0,0.0,0.0,0.0
400134,PR,Acute Care,0,1,For-Profit,,0.0,0.0,0.0,0.0,0.0,0.0,0,,,,,,,0.0,,
400135,PR,Acute Care,0,1,Government,,0.0,0.0,0.0,0.0,0.0,0.0,0,,,,,,,0.0,,
400136,PR,Acute Care,0,1,For-Profit,,0.0,0.0,0.0,0.0,0.0,0.0,0,,,,,,,0.0,,
400137,PR,Acute Care,0,1,For-Profit,,0.0,0.125,0.0,0.0,0.25,0.075,2,,,0.0,0.0,,,0.0,0.0,0.0
400138,PR,Acute Care,0,1,For-Profit,,0.0,0.0,0.0,0.0,0.0,0.0,0,,,,,,,0.0,,
400139,PR,Acute Care,0,1,Non-Profit,,0.0,0.0,0.0,0.0,0.0,0.0,0,,,,,,,0.0,,
400140,PR,Acute Care,0,1,For-Profit,,0.0,0.0,0.0,0.0,0.0,0.0,0,,,,,,,0.0,,
403301,PR,Childrens,0,1,Government,,0.0,0.0,0.0,0.0,0.0,0.0,0,,,,,,,0.0,,
404004,PR,Psychiatric,0,0,For-Profit,,0.0,0.0,0.0,0.0,0.0,0.0,0,,,,,,,0.0,,
404005,PR,Psychiatric,0,0,For-Profit,,0.0,0.0,0.0,0.0,0.0,0.0,0,,,,,,,0.0,,
404007,PR,Psychiatric,0,0,For-Profit,,0.0,0.0,0.0,0.0,0.0,0.0,0,,,,,,,0.0,,
404009,PR,Psychiatric,0,0,Non-Profit,,0.0,0.0,0.0,0.0,0.0,0.0,0,,,,,,,0.0,,
410004,RI,Acute Care,0,1,For-Profit,3.0,0.42857142857142855,0.75,0.7272727272727273,1.0,0.6666666666666666,0.7145021645021645,5,0.0,0.0,0.16666666666666666,0.0,0.125,0.0,2.0,0.11764705882352941,0.11764705882352941
410005,RI,Acute Care,0,1,For-Profit,4.0,0.7142857142857143,0.375,0.5454545454545454,1.0,0.6666666666666666,0.6602813852813852,5,0.0,0.0,0.3333333333333333,0.0,0.0,0.0,1.0,0.07142857142857142,0.07142857142857142
410006,RI,Acute Care,1,1,Non-Profit,4.0,0.5714285714285714,0.75,0.6363636363636364,1.0,0.8333333333333334,0.7582251082251082,5,0.0,0.0,0.16666666666666666,0.0,0.0,0.0,1.0,0.058823529411764705,0.058823529411764705
410007,RI,Acute Care,0,1,Non-Profit,3.0,1.0,0.875,1.0,1.0,0.8333333333333334,0.9416666666666667,5,0.0,0.0,0.14285714285714285,0.0,0.09090909090909091,0.09090909090909091,1.0,0.04,0.08
410008,RI,Acute Care,1,1,Non-Profit,4.0,0.7142857142857143,0.5,0.8181818181818182,1.0,0.9166666666666666,0.7898268398268399,5,0.0,0.0,0.25,0.0,0.0,0.1111111111111111,0.0,0.0,0.05555555555555555
410009,RI,Acute Care,1,1,For-Profit,2.0,0.8571428571428571,0.75,0.9090909090909091,1.0,0.8333333333333334,0.86991341991342,5,0.0,0.0,0.16666666666666666,0.0,0.0,0.3,-2.0,-0.09090909090909091,0.045454545454545456
410010,RI,Acute Care,1,1,Non-Profit,3.0,0.0,0.625,0.45454545454545453,1.0,0.75,0.5659090909090909,4,,,0.4,0.0,0.0,0.0,2.0,0.2,0.2
410011,RI,Acute Care,1,1,Non-Profit,2.0,0.7142857142857143,0.625,0.7272727272727273,1.0,0.75,0.7633116883116884,5,0.0,0.0,0.2,0.0,0.0,0.0,1.0,0.05555555555555555,0.05555555555555555
410012,RI,Acute Care,0,1,Non-Profit,4.0,0.8571428571428571,0.875,0.9090909090909091,1.0,0.8333333333333334,0.89491341991342,5,0.16666666666666666,0.0,0.42857142857142855,0.0,0.0,0.0,4.0,0.17391304347826086,0.17391304347826086
410013,RI,Acute Care,0,1,Non-Profit,5.0,0.5714285714285714,0.5,0.7272727272727273,1.0,0.75,0.7097402597402598,5,0.0,0.0,0.0,0.0,0.0,0.0,0.0,0.0,0.0
41005F,RI,Acute Care,0,1,Government,3.0,0.5714285714285714,0.375,0.45454545454545453,1.0,0.3333333333333333,0.5468614718614719,5,0.25,0.0,0.0,0.0,0.0,0.4,-1.0,-0.08333333333333333,0.08333333333333333
414000,RI,Psychiatric,0,0,Non-Profit,,0.0,0.0,0.0,0.0,0.0,0.0,0,,,,,,,0.0,,
414003,RI,Psychiatric,0,1,Non-Profit,,0.0,0.0,0.0,0.0,0.0,0.0,0,,,,,,,0.0,,
420002,SC,Acute Care,1,1,For-Profit,2.0,1.0,0.875,0.8181818181818182,1.0,0.9166666666666666,0.9219696969696971,5,0.0,0.2857142857142857,0.2857142857142857,0.0,0.0,0.0,0.0,0.0,0.08695652173913043
420004,SC,Acute Care,1,1,Government,3.0,1.0,1.0,1.0,1.0,1.0,1.0,5,0.0,0.0,0.25,0.125,0.09090909090909091,0.0,2.0,0.07692307692307693,0.11538461538461539
420005,SC,Acute Care,1,1,Non-Profit,3.0,0.5714285714285714,0.25,0.5454545454545454,1.0,0.8333333333333334,0.6400432900432901,5,0.0,0.0,0.0,0.0,0.0,0.0,0.0,0.0,0.0
420007,SC,Acute Care,1,1,Government,2.0,1.0,0.875,1.0,1.0,1.0,0.975,5,0.0,0.42857142857142855,0.2857142857142857,0.0,0.0,0.18181818181818182,-3.0,-0.12,0.08
420009,SC,Acute Care,1,1,Non-Profit,3.0,0.7142857142857143,0.875,0.6363636363636364,1.0,0.9166666666666666,0.8284632034632035,5,0.0,0.0,0.14285714285714285,0.0,0.0,0.0,1.0,0.05263157894736842,0.05263157894736842
420010,SC,Acute Care,1,1,For-Profit,3.0,0.7142857142857143,0.25,0.5454545454545454,1.0,1.0,0.701948051948052,5,0.0,0.0,0.0,0.0,0.0,0.16666666666666666,-1.0,-0.07692307692307693,0.0
420011,SC,Acute Care,0,1,Non-Profit,,0.14285714285714285,0.125,0.2727272727272727,0.0,0.6666666666666666,0.24145021645021644,4,0.0,0.0,0.0,0.0,0.0,0.0,0.0,0.0,0.0
420015,SC,Acute Care,0,1,Non-Profit,2.0,0.5714285714285714,0.75,0.5454545454545454,1.0,0.75,0.7233766233766235,5,0.0,0.0,0.16666666666666666,0.0,0.0,0.0,1.0,0.0625,0.0625
420018,SC,Acute Care,1,1,Non-Profit,3.0,1.0,0.875,0.7272727272727273,1.0,0.9166666666666666,0.9037878787878789,5,0.0,0.0,0.14285714285714285,0.0,0.0,0.125,0.0,0.0,0.045454545454545456
420019,SC,Acute Care,0,1,For-Profit,,0.14285714285714285,0.25,0.36363636363636365,0.0,0.6666666666666666,0.2846320346320346,4,0.0,0.0,0.0,0.0,0.0,0.25,-1.0,-0.14285714285714285,0.0
420020,SC,Acute Care,0,1,Non-Profit,2.0,0.7142857142857143,0.25,0.8181818181818182,1.0,0.75,0.7064935064935065,5,0.0,0.0,0.5,0.0,0.0,0.0,1.0,0.0625,0.0625
420023,SC,Acute Care,1,1,Non-Profit,3.0,1.0,1.0,1.0,1.0,1.0,1.0,5,0.0,0.0,0.375,0.0,0.0,0.09090909090909091,2.0,0.07692307692307693,0.11538461538461539
420026,SC,Acute Care,0,1,Non-Profit,3.0,1.0,0.875,0.8181818181818182,1.0,0.75,0.8886363636363637,5,0.0,0.0,0.14285714285714285,0.0,0.1111111111111111,0.1111111111111111,1.0,0.043478260869565216,0.08695652173913043
420027,SC,Acute Care,1,1,Non-Profit,4.0,1.0,0.875,0.9090909090909091,1.0,0.9166666666666666,0.9401515151515152,5,0.0,0.0,0.42857142857142855,0.0,0.0,0.1,2.0,0.08333333333333333,0.125
420030,SC,Acute Care,1,1,For-Profit,2.0,0.5714285714285714,0.5,0.6363636363636364,1.0,0.9166666666666666,0.7248917748917749,5,0.0,0.0,0.0,0.0,0.0,0.14285714285714285,-1.0,-0.06666666666666667,0.0
420033,SC,Acute Care,1,1,Non-Profit,5.0,0.5714285714285714,0.75,0.5454545454545454,1.0,0.9166666666666666,0.7567099567099567,5,0.0,0.0,0.16666666666666666,0.0,0.0,0.0,1.0,0.0625,0.0625
420036,SC,Acute Care,1,1,For-Profit,2.0,0.7142857142857143,0.75,0.5454545454545454,1.0,0.75,0.7519480519480519,5,0.0,0.2,0.16666666666666666,0.0,0.0,0.0,0.0,0.0,0.058823529411764705
420037,SC,Acute Care,0,1,Non-Profit,4.0,0.42857142857142855,0.375,0.5454545454545454,1.0,0.8333333333333334,0.6364718614718614,5,0.0,0.0,0.0,0.0,0.16666666666666666,0.0,1.0,0.08333333333333333,0.08333333333333333
420038,SC,Acute Care,0,1,Non-Profit,2.0,0.5714285714285714,0.25,0.45454545454545453,1.0,0.6666666666666666,0.5885281385281386,5,0.0,0.0,0.0,0.0,0.0,0.0,0.0,0.0,0.0
420043,SC,Acute Care,0,1,Government,2.0,0.42857142857142855,0.25,0.45454545454545453,0.0,0.75,0.37662337662337664,4,0.0,0.0,0.0,0.0,0.0,0.0,0.0,0.0,0.0
420048,SC,Acute Care,1,1,For-Profit,3.0,0.5714285714285714,0.75,0.8181818181818182,1.0,0.8333333333333334,0.7945887445887446,5,0.0,0.0,0.0,0.0,0.1111111111111111,0.0,1.0,0.05263157894736842,0.05263157894736842
420049,SC,Acute Care,1,1,Non-Profit,2.0,0.8571428571428571,1.0,0.9090909090909091,1.0,1.0,0.9532467532467532,5,0.0,0.16666666666666666,0.125,0.0,0.0,0.1,-1.0,-0.041666666666666664,0.041666666666666664
420051,SC,Acute Care,1,1,Non-Profit,3.0,1.0,0.875,1.0,1.0,1.0,0.975,5,0.0,0.14285714285714285,0.2857142857142857,0.14285714285714285,0.09090909090909091,0.18181818181818182,-1.0,-0.04,0.12
420053,SC,Acute Care,1,1,Non-Profit,3.0,0.2857142857142857,0.375,0.7272727272727273,1.0,0.6666666666666666,0.6109307359307359,5,0.0,0.5,0.0,0.0,0.0,0.0,-1.0,-0.07692307692307693,0.0
420055,SC,Acute Care,0,1,Government,3.0,0.5714285714285714,0.25,0.5454545454545454,1.0,0.8333333333333334,0.6400432900432901,5,0.0,0.0,0.0,0.0,0.0,0.0,0.0,0.0,0.0
420065,SC,Acute Care,1,1,Non-Profit,4.0,0.7142857142857143,0.875,0.7272727272727273,1.0,0.9166666666666666,0.8466450216450218,5,0.0,0.0,0.14285714285714285,0.0,0.125,0.0,2.0,0.1,0.1
420067,SC,Acute Care,1,1,Government,3.0,0.8571428571428571,0.875,0.9090909090909091,1.0,1.0,0.9282467532467532,5,0.0,0.0,0.0,0.0,0.0,0.0,0.0,0.0,0.0
420070,SC,Acute Care,1,1,Non-Profit,2.0,0.7142857142857143,0.75,0.5454545454545454,1.0,0.9166666666666666,0.7852813852813852,5,0.0,0.2,0.16666666666666666,0.0,0.0,0.16666666666666666,-1.0,-0.058823529411764705,0.058823529411764705
420071,SC,Acute Care,1,1,Non-Profit,3.0,1.0,1.0,0.9090909090909091,1.0,0.9166666666666666,0.9651515151515152,5,0.0,0.0,0.125,0.0,0.0,0.1,0.0,0.0,0.04
420072,SC,Acute Care,0,1,Non-Profit,,0.2857142857142857,0.25,0.36363636363636365,0.0,0.6666666666666666,0.31320346320346315,4,0.0,0.0,0.0,0.0,0.25,0.0,1.0,0.125,0.125
420073,SC,Acute Care,1,1,Non-Profit,4.0,1.0,1.0,1.0,1.0,0.9166666666666666,0.9833333333333334,5,0.0,0.14285714285714285,0.5,0.0,0.09090909090909091,0.09090909090909091,3.0,0.11538461538461539,0.19230769230769232
420078,SC,Acute Care,1,0,Non-Profit,4.0,1.0,0.875,0.9090909090909091,1.0,0.9166666666666666,0.9401515151515152,5,0.14285714285714285,0.0,0.5714285714285714,0.0,0.0,0.0,5.0,0.20833333333333334,0.20833333333333334
420079,SC,Acute Care,1,1,For-Profit,3.0,1.0,1.0,1.0,1.0,0.9166666666666666,0.9833333333333334,5,0.14285714285714285,0.0,0.125,0.0,0.0,0.09090909090909091,1.0,0.038461538461538464,0.07692307692307693
420080,SC,Acute Care,1,1,Non-Profit,3.0,1.0,0.75,1.0,1.0,1.0,0.95,5,0.0,0.0,0.16666666666666666,0.0,0.0,0.0,1.0,0.041666666666666664,0.041666666666666664
420082,SC,Acute Care,1,1,For-Profit,1.0,1.0,1.0,0.8181818181818182,1.0,0.9166666666666666,0.946969696969697,5,0.0,0.14285714285714285,0.25,0.0,0.1111111111111111,0.0,2.0,0.08333333333333333,0.125
420085,SC,Acute Care,1,1,For-Profit,2.0,1.0,0.875,0.8181818181818182,1.0,1.0,0.9386363636363637,5,0.14285714285714285,0.0,0.42857142857142855,0.0,0.0,0.1111111111111111,3.0,0.13043478260869565,0.17391304347826086
420086,SC,Acute Care,1,1,Non-Profit,5.0,0.7142857142857143,1.0,0.6363636363636364,1.0,0.75,0.82012987012987,5,0.0,0.0,0.375,0.0,0.0,0.0,3.0,0.15,0.15
420087,SC,Acute Care,0,1,Non-Profit,4.0,1.0,1.0,1.0,1.0,0.8333333333333334,0.9666666666666666,5,0.0,0.0,0.25,0.0,0.09090909090909091,0.09090909090909091,2.0,0.07692307692307693,0.11538461538461539
420089,SC,Acute Care,1,1,For-Profit,5.0,0.5714285714285714,0.375,0.6363636363636364,1.0,0.75,0.6665584415584416,5,0.0,0.0,0.3333333333333333,0.0,0.0,0.0,1.0,0.07142857142857142,0.07142857142857142
420091,SC,Acute Care,1,1,Government,2.0,1.0,0.75,0.9090909090909091,1.0,0.8333333333333334,0.8984848484848484,5,0.0,0.0,0.16666666666666666,0.16666666666666666,0.0,0.0,0.0,0.0,0.043478260869565216
420098,SC,Acute Care,1,1,Non-Profit,4.0,0.8571428571428571,0.625,0.9090909090909091,1.0,0.9166666666666666,0.8615800865800866,5,0.0,0.0,0.2,0.0,0.0,0.0,1.0,0.047619047619047616,0.047619047619047616
42009F,SC,Acute Care,0,0,Government,,0.0,0.0,0.0,0.0,0.0,0.0,0,,,,,,,0.0,,
420101,SC,Acute Care,1,1,For-Profit,4.0,0.5714285714285714,0.375,0.7272727272727273,1.0,0.8333333333333334,0.7014069264069265,5,0.0,0.0,0.0,0.0,0.125,0.0,1.0,0.06666666666666667,0.06666666666666667
420102,SC,Acute Care,1,0,Non-Profit,4.0,0.0,0.375,0.36363636363636365,1.0,0.5,0.44772727272727275,4,,,0.0,0.0,0.25,0.0,1.0,0.14285714285714285,0.14285714285714285
420103,SC,Acute Care,0,1,Government,5.0,0.5714285714285714,0.375,0.5454545454545454,1.0,0.75,0.6483766233766234,5,0.0,0.0,0.0,0.0,0.0,0.0,0.0,0.0,0.0
420104,SC,Acute Care,0,1,Non-Profit,5.0,0.5714285714285714,0.5,0.6363636363636364,1.0,0.8333333333333334,0.7082251082251083,5,0.0,0.0,0.25,0.0,0.0,0.14285714285714285,0.0,0.0,0.06666666666666667
420105,SC,Acute Care,1,0,Non-Profit,4.0,0.8571428571428571,0.875,0.7272727272727273,1.0,1.0,0.8918831168831168,5,0.0,0.0,0.14285714285714285,0.0,0.0,0.0,1.0,0.047619047619047616,0.047619047619047616
420106,SC,Acute Care,1,1,Non-Profit,4.0,0.42857142857142855,0.625,0.5454545454545454,1.0,0.8333333333333334,0.6864718614718615,5,0.0,0.0,0.2,0.0,0.0,0.0,1.0,0.07142857142857142,0.07142857142857142
420107,SC,Acute Care,0,1,Non-Profit,3.0,0.42857142857142855,0.25,0.5454545454545454,1.0,0.75,0.5948051948051948,5,0.0,0.0,0.5,0.0,0.0,0.16666666666666666,0.0,0.0,0.09090909090909091
420108,SC,Acute Care,0,1,Non-Profit,,0.14285714285714285,0.0,0.18181818181818182,0.0,0.5,0.16493506493506493,3,0.0,0.0,,,0.0,0.0,0.0,0.0,0.0
420109,SC,Acute Care,1,1,Non-Profit,3.0,0.5714285714285714,0.25,0.5454545454545454,1.0,0.9166666666666666,0.6567099567099567,5,0.0,0.0,0.0,0.0,0.0,0.0,0.0,0.0,0.0
420110,SC,Acute Care,1,1,Non-Profit,5.0,0.5714285714285714,0.5,0.6363636363636364,1.0,0.9166666666666666,0.7248917748917749,5,0.0,0.0,0.0,0.0,0.0,0.0,0.0,0.0,0.0
42011F,SC,Acute Care,0,1,Government,5.0,0.42857142857142855,0.375,0.45454545454545453,1.0,0.4166666666666667,0.5349567099567099,5,0.0,0.0,0.0,0.0,0.0,0.0,0.0,0.0,0.0
42029F,SC,Acute Care,0,1,Government,5.0,0.7142857142857143,0.5,0.5454545454545454,1.0,0.5,0.6519480519480519,5,0.2,0.0,0.0,0.0,0.0,0.0,1.0,0.06666666666666667,0.06666666666666667
421300,SC,Rural/Access,0,1,Government,,0.0,0.0,0.0,0.0,0.08333333333333333,0.016666666666666666,1,,,,,,,0.0,,
421301,SC,Rural/Access,0,1,Non-Profit,,0.14285714285714285,0.0,0.2727272727272727,0.0,0.5833333333333334,0.19978354978354979,3,0.0,0.0,,,0.0,0.3333333333333333,-1.0,-0.25,0.0
421304,SC,Rural/Access,0,1,Non-Profit,,0.0,0.0,0.09090909090909091,0.0,0.4166666666666667,0.10151515151515152,2,,,,,0.0,0.0,0.0,0.0,0.0
423300,SC,Childrens,0,0,Non-Profit,,0.0,0.0,0.0,0.0,0.0,0.0,0,,,,,,,0.0,,
424002,SC,Psychiatric,0,1,For-Profit,,0.0,0.0,0.0,0.0,0.0,0.0,0,,,,,,,0.0,,
424005,SC,Psychiatric,0,0,Government,,0.0,0.0,0.0,0.0,0.0,0.0,0,,,,,,,0.0,,
424006,SC,Psychiatric,0,0,For-Profit,,0.0,0.0,0.0,0.0,0.0,0.0,0,,,,,,,0.0,,
424007,SC,Psychiatric,0,0,For-Profit,,0.0,0.0,0.0,0.0,0.0,0.0,0,,,,,,,0.0,,
424008,SC,Psychiatric,0,0,For-Profit,,0.0,0.0,0.0,0.0,0.0,0.0,0,,,,,,,0.0,,
424010,SC,Psychiatric,0,0,For-Profit,,0.0,0.0,0.0,0.0,0.0,0.0,0,,,,,,,0.0,,
424011,SC,Psychiatric,0,0,Government,,0.0,0.0,0.0,0.0,0.0,0.0,0,,,,,,,0.0,,
424014,SC,Psychiatric,0,1,For-Profit,,0.0,0.0,0.0,0.0,0.0,0.0,0,,,,,,,0.0,,
430005,SD,Acute Care,1,1,Non-Profit,4.0,0.7142857142857143,0.5,0.8181818181818182,1.0,1.0,0.8064935064935066,5,0.0,0.0,0.25,0.0,0.1111111111111111,0.0,2.0,0.1111111111111111,0.1111111111111111
430008,SD,Acute Care,1,1,Government,4.0,0.42857142857142855,0.375,0.7272727272727273,1.0,0.8333333333333334,0.6728354978354979,5,0.0,0.0,0.0,0.0,0.125,0.0,1.0,0.07142857142857142,0.07142857142857142
430012,SD,Acute Care,1,1,Non-Profit,4.0,0.42857142857142855,0.5,0.5454545454545454,1.0,0.8333333333333334,0.6614718614718614,5,0.0,0.0,0.25,0.0,0.0,0.0,1.0,0.07692307692307693,0.07692307692307693
430014,SD,Acute Care,1,1,Non-Profit,5.0,0.8571428571428571,0.75,0.8181818181818182,1.0,0.8333333333333334,0.8517316017316018,5,0.0,0.0,0.0,0.0,0.1111111111111111,0.0,1.0,0.047619047619047616,0.047619047619047616
430015,SD,Acute Care,1,1,Non-Profit,3.0,0.5714285714285714,0.375,0.8181818181818182,1.0,0.8333333333333334,0.7195887445887446,5,0.0,0.0,0.0,0.0,0.0,0.0,0.0,0.0,0.0
430016,SD,Acute Care,1,1,Non-Profit,3.0,0.8571428571428571,1.0,0.8181818181818182,1.0,0.8333333333333334,0.9017316017316018,5,0.0,0.0,0.125,0.125,0.0,0.0,0.0,0.0,0.043478260869565216
430027,SD,Acute Care,1,1,Non-Profit,4.0,1.0,1.0,1.0,1.0,0.9166666666666666,0.9833333333333334,5,0.0,0.0,0.5,0.0,0.09090909090909091,0.0,5.0,0.19230769230769232,0.19230769230769232
43002F,SD,Acute Care,0,1,Government,4.0,0.42857142857142855,0.125,0.36363636363636365,1.0,0.4166666666666667,0.46677489177489173,5,0.0,0.0,0.0,0.0,0.0,0.0,0.0,0.0,0.0
430048,SD,Acute Care,0,1,Non-Profit,,0.2857142857142857,0.25,0.45454545454545453,1.0,0.9166666666666666,0.5813852813852813,5,0.0,0.0,0.0,0.0,0.2,0.0,1.0,0.1111111111111111,0.1111111111111111
43005F,SD,Acute Care,0,1,Government,5.0,0.42857142857142855,0.25,0.45454545454545453,1.0,0.4166666666666667,0.5099567099567099,5,0.0,0.0,0.0,0.0,0.4,0.0,2.0,0.2,0.2
430077,SD,Acute Care,1,1,Non-Profit,4.0,1.0,1.0,1.0,1.0,0.8333333333333334,0.9666666666666666,5,0.0,0.0,0.25,0.0,0.18181818181818182,0.0,4.0,0.15384615384615385,0.15384615384615385
430084,SD,Acute Care,0,1,Government,,0.0,0.0,0.09090909090909091,0.0,0.25,0.06818181818181819,2,,,,,0.0,0.0,0.0,0.0,0.0
430089,SD,Acute Care,0,0,For-Profit,,0.0,0.25,0.36363636363636365,1.0,0.3333333333333333,0.3893939393939394,4,,,0.0,0.0,0.25,0.0,1.0,0.16666666666666666,0.16666666666666666
430090,SD,Acute Care,0,0,For-Profit,,0.0,0.25,0.36363636363636365,1.0,0.4166666666666667,0.40606060606060607,4,,,0.0,0.0,0.25,0.0,1.0,0.16666666666666666,0.16666666666666666
430091,SD,Acute Care,0,0,For-Profit,,0.0,0.25,0.2727272727272727,1.0,0.3333333333333333,0.3712121212121212,4,,,0.0,0.0,0.3333333333333333,0.0,1.0,0.2,0.2
430093,SD,Acute Care,0,0,For-Profit,,0.0,0.25,0.18181818181818182,0.0,0.3333333333333333,0.15303030303030302,3,,,0.0,0.0,0.0,0.0,0.0,0.0,0.0
430095,SD,Acute Care,0,1,For-Profit,5.0,0.5714285714285714,0.25,0.45454545454545453,1.0,0.5833333333333334,0.571861471861472,5,0.0,0.0,0.5,0.0,0.2,0.0,2.0,0.18181818181818182,0.18181818181818182
430097,SD,Acute Care,1,1,Non-Profit,4.0,0.42857142857142855,0.25,0.7272727272727273,1.0,0.8333333333333334,0.6478354978354979,5,0.0,0.0,0.0,0.0,0.0,0.0,0.0,0.0,0.0
430098,SD,Acute Care,1,1,Government,,0.14285714285714285,0.125,0.2727272727272727,0.0,0.3333333333333333,0.17478354978354976,4,0.0,0.0,0.0,0.0,0.0,0.0,0.0,0.0,0.0
431300,SD,Rural/Access,0,1,Non-Profit,,0.2857142857142857,0.0,0.18181818181818182,1.0,0.5,0.39350649350649347,4,0.0,0.0,,,0.0,0.0,0.0,0.0,0.0
431301,SD,Rural/Access,0,1,Non-Profit,,0.14285714285714285,0.0,0.18181818181818182,0.0,0.16666666666666666,0.09826839826839825,3,0.0,0.0,,,0.5,0.0,1.0,0.3333333333333333,0.3333333333333333
431302,SD,Rural/Access,0,1,Non-Profit,,0.14285714285714285,0.0,0.09090909090909091,0.0,0.3333333333333333,0.11341991341991342,3,0.0,0.0,,,0.0,0.0,0.0,0.0,0.0
431305,SD,Rural/Access,0,1,Non-Profit,,0.0,0.0,0.09090909090909091,0.0,0.25,0.06818181818181819,2,,,,,0.0,0.0,0.0,0.0,0.0
431306,SD,Rural/Access,0,1,Non-Profit,,0.14285714285714285,0.0,0.2727272727272727,0.0,0.3333333333333333,0.14978354978354977,3,0.0,0.0,,,0.0,0.0,0.0,0.0,0.0
431307,SD,Rural/Access,0,1,Non-Profit,,0.0,0.0,0.0,0.0,0.25,0.05,1,,,,,,,0.0,,
431308,SD,Rural/Access,0,1,Non-Profit,,0.0,0.0,0.18181818181818182,0.0,0.25,0.08636363636363636,2,,,,,0.0,0.0,0.0,0.0,0.0
431309,SD,Rural/Access,0,1,Non-Profit,,0.0,0.0,0.09090909090909091,0.0,0.16666666666666666,0.051515151515151514,2,,,,,0.0,0.0,0.0,0.0,0.0
431310,SD,Rural/Access,0,1,Non-Profit,,0.0,0.0,0.2727272727272727,0.0,0.25,0.10454545454545454,2,,,,,0.3333333333333333,0.0,1.0,0.3333333333333333,0.3333333333333333
431311,SD,Rural/Access,0,1,Non-Profit,,0.0,0.0,0.18181818181818182,0.0,0.3333333333333333,0.10303030303030303,2,,,,,0.0,0.0,0.0,0.0,0.0
431312,SD,Rural/Access,0,1,Non-Profit,,0.0,0.0,0.18181818181818182,0.0,0.4166666666666667,0.1196969696969697,2,,,,,0.0,0.0,0.0,0.0,0.0
431313,SD,Rural/Access,0,1,Non-Profit,,0.0,0.0,0.09090909090909091,0.0,0.3333333333333333,0.08484848484848484,2,,,,,0.0,0.0,0.0,0.0,0.0
431314,SD,Rural/Access,0,1,Non-Profit,,0.0,0.0,0.0,0.0,0.16666666666666666,0.03333333333333333,1,,,,,,,0.0,,
431315,SD,Rural/Access,0,1,Non-Profit,,0.0,0.0,0.09090909090909091,0.0,0.3333333333333333,0.08484848484848484,2,,,,,0.0,0.0,0.0,0.0,0.0
431316,SD,Rural/Access,0,1,Government,,0.2857142857142857,0.0,0.36363636363636365,0.0,0.4166666666666667,0.21320346320346323,3,0.0,0.0,,,0.0,0.0,0.0,0.0,0.0
431317,SD,Rural/Access,0,1,Non-Profit,,0.0,0.0,0.0,0.0,0.25,0.05,1,,,,,,,0.0,,
431318,SD,Rural/Access,0,1,Government,,0.0,0.0,0.0,0.0,0.16666666666666666,0.03333333333333333,1,,,,,,,0.0,,
431319,SD,Rural/Access,0,1,Non-Profit,,0.14285714285714285,0.125,0.18181818181818182,0.0,0.4166666666666667,0.1732683982683983,4,0.0,0.0,0.0,0.0,0.0,0.0,0.0,0.0,0.0
431320,SD,Rural/Access,0,1,Non-Profit,,0.0,0.0,0.09090909090909091,0.0,0.4166666666666667,0.10151515151515152,2,,,,,0.0,0.0,0.0,0.0,0.0
431321,SD,Rural/Access,0,1,Non-Profit,,0.14285714285714285,0.125,0.36363636363636365,0.0,0.5,0.2262987012987013,4,0.0,0.0,0.0,0.0,0.25,0.0,1.0,0.16666666666666666,0.16666666666666666
431322,SD,Rural/Access,0,1,Government,,0.14285714285714285,0.0,0.18181818181818182,0.0,0.5,0.16493506493506493,3,0.0,0.0,,,0.0,0.0,0.0,0.0,0.0
431323,SD,Rural/Access,0,1,Non-Profit,,0.14285714285714285,0.0,0.18181818181818182,0.0,0.5,0.16493506493506493,3,0.0,0.0,,,0.0,0.0,0.0,0.0,0.0
431324,SD,Rural/Access,0,1,Non-Profit,,0.0,0.0,0.09090909090909091,0.0,0.25,0.06818181818181819,2,,,,,0.0,0.0,0.0,0.0,0.0
431325,SD,Rural/Access,0,1,Non-Profit,,0.14285714285714285,0.0,0.18181818181818182,0.0,0.4166666666666667,0.14826839826839827,3,0.0,0.0,,,0.0,0.0,0.0,0.0,0.0
431326,SD,Rural/Access,0,1,Non-Profit,,0.0,0.0,0.18181818181818182,0.0,0.3333333333333333,0.10303030303030303,2,,,,,0.0,0.0,0.0,0.0,0.0
431327,SD,Rural/Access,0,1,Government,,0.0,0.0,0.18181818181818182,0.0,0.25,0.08636363636363636,2,,,,,0.0,0.0,0.0,0.0,0.0
431328,SD,Rural/Access,0,1,Non-Profit,,0.0,0.0,0.0,0.0,0.25,0.05,1,,,,,,,0.0,,
431329,SD,Rural/Access,0,1,Non-Profit,,0.14285714285714285,0.0,0.18181818181818182,0.0,0.4166666666666667,0.14826839826839827,3,0.0,0.0,,,0.0,0.0,0.0,0.0,0.0
431330,SD,Rural/Access,0,0,Non-Profit,,0.14285714285714285,0.125,0.2727272727272727,0.0,0.5,0.2081168831168831,4,0.0,0.0,0.0,0.0,0.0,0.0,0.0,0.0,0.0
431331,SD,Rural/Access,0,1,Non-Profit,,0.0,0.0,0.18181818181818182,0.0,0.25,0.08636363636363636,2,,,,,0.0,0.0,0.0,0.0,0.0
431332,SD,Rural/Access,0,1,Non-Profit,,0.0,0.0,0.0,0.0,0.25,0.05,1,,,,,,,0.0,,
431333,SD,Rural/Access,0,1,Non-Profit,,0.0,0.0,0.09090909090909091,0.0,0.25,0.06818181818181819,2,,,,,0.0,0.0,0.0,0.0,0.0
431334,SD,Rural/Access,0,1,Non-Profit,,0.14285714285714285,0.0,0.2727272727272727,0.0,0.4166666666666667,0.16645021645021646,3,0.0,0.0,,,0.0,0.0,0.0,0.0,0.0
431335,SD,Rural/Access,0,1,Non-Profit,,0.2857142857142857,0.0,0.36363636363636365,1.0,0.5833333333333334,0.44653679653679657,4,0.0,0.0,,,0.0,0.0,0.0,0.0,0.0
431336,SD,Rural/Access,0,1,Non-Profit,,0.0,0.0,0.18181818181818182,0.0,0.4166666666666667,0.1196969696969697,2,,,,,0.0,0.0,0.0,0.0,0.0
431337,SD,Rural/Access,0,1,Non-Profit,,0.2857142857142857,0.0,0.36363636363636365,0.0,0.4166666666666667,0.21320346320346323,3,0.0,0.0,,,0.0,0.0,0.0,0.0,0.0
431338,SD,Rural/Access,0,1,Non-Profit,,0.2857142857142857,0.0,0.36363636363636365,0.0,0.4166666666666667,0.21320346320346323,3,0.0,0.0,,,0.0,0.0,0.0,0.0,0.0
431339,SD,Rural/Access,0,1,Non-Profit,,0.2857142857142857,0.0,0.2727272727272727,0.0,0.5,0.2116883116883117,3,0.0,0.0,,,0.3333333333333333,0.0,1.0,0.2,0.2
431340,SD,Rural/Access,1,1,Non-Profit,,0.0,0.0,0.09090909090909091,1.0,0.75,0.36818181818181817,3,,,,,0.0,0.0,0.0,0.0,0.0
431383,SD,Rural/Access,0,1,Government,,0.0,0.0,0.0,0.0,0.16666666666666666,0.03333333333333333,1,,,,,,,0.0,,
433300,SD,Childrens,0,0,Non-Profit,,0.0,0.0,0.0,0.0,0.0,0.0,0,,,,,,,0.0,,
434003,SD,Psychiatric,0,0,Government,,0.0,0.0,0.0,0.0,0.0,0.0,0,,,,,,,0.0,,
440002,TN,Acute Care,1,1,Government,3.0,1.0,0.75,0.9090909090909091,1.0,1.0,0.9318181818181819,5,0.14285714285714285,0.14285714285714285,0.5,0.16666666666666666,0.1,0.1,2.0,0.08695652173913043,0.21739130434782608
440003,TN,Acute Care,1,1,For-Profit,2.0,0.7142857142857143,0.75,0.6363636363636364,1.0,0.9166666666666666,0.8034632034632034,5,0.0,0.0,0.16666666666666666,0.16666666666666666,0.14285714285714285,0.0,1.0,0.05555555555555555,0.1111111111111111
440006,TN,Acute Care,0,1,Non-Profit,2.0,0.8571428571428571,0.875,0.7272727272727273,1.0,0.75,0.8418831168831169,5,0.0,0.16666666666666666,0.42857142857142855,0.0,0.0,0.25,0.0,0.0,0.14285714285714285
440007,TN,Acute Care,0,1,Non-Profit,,0.2857142857142857,0.125,0.45454545454545453,1.0,0.6666666666666666,0.5063852813852814,5,0.0,0.0,0.0,0.0,0.2,0.0,1.0,0.125,0.125
440008,TN,Acute Care,0,1,For-Profit,,0.0,0.25,0.18181818181818182,1.0,0.4166666666666667,0.36969696969696975,4,,,0.0,0.0,0.0,0.0,0.0,0.0,0.0
440009,TN,Acute Care,1,1,Non-Profit,4.0,0.7142857142857143,0.625,0.6363636363636364,1.0,1.0,0.7951298701298701,5,0.0,0.0,0.2,0.0,0.0,0.0,1.0,0.058823529411764705,0.058823529411764705
440011,TN,Acute Care,1,1,Government,4.0,0.8571428571428571,0.75,0.8181818181818182,1.0,1.0,0.8850649350649352,5,0.0,0.0,0.3333333333333333,0.0,0.0,0.0,2.0,0.09523809523809523,0.09523809523809523
440012,TN,Acute Care,1,1,Government,1.0,1.0,0.875,0.8181818181818182,1.0,1.0,0.9386363636363637,5,0.0,0.2857142857142857,0.14285714285714285,0.0,0.0,0.3333333333333333,-4.0,-0.17391304347826086,0.043478260869565216
440015,TN,Acute Care,1,1,Non-Profit,4.0,1.0,1.0,1.0,1.0,1.0,1.0,5,0.0,0.0,0.375,0.125,0.09090909090909091,0.0,3.0,0.11538461538461539,0.15384615384615385
440016,TN,Acute Care,0,1,Non-Profit,,0.2857142857142857,0.25,0.45454545454545453,0.0,0.6666666666666666,0.33138528138528134,4,0.0,0.0,0.0,0.0,0.0,0.0,0.0,0.0,0.0
440017,TN,Acute Care,0,1,Non-Profit,3.0,1.0,0.875,0.8181818181818182,1.0,0.9166666666666666,0.9219696969696971,5,0.0,0.14285714285714285,0.14285714285714285,0.0,0.0,0.0,0.0,0.0,0.043478260869565216
440018,TN,Acute Care,0,1,Non-Profit,2.0,0.42857142857142855,0.375,0.6363636363636364,1.0,0.75,0.637987012987013,5,0.0,0.0,0.0,0.0,0.0,0.14285714285714285,-1.0,-0.07692307692307693,0.0
440020,TN,Acute Care,1,1,For-Profit,3.0,0.2857142857142857,0.375,0.5454545454545454,1.0,0.75,0.5912337662337662,5,0.0,0.0,0.0,0.0,0.0,0.0,0.0,0.0,0.0
440029,TN,Acute Care,1,1,Government,4.0,0.8571428571428571,1.0,0.7272727272727273,1.0,1.0,0.9168831168831169,5,0.0,0.0,0.125,0.0,0.375,0.0,4.0,0.18181818181818182,0.18181818181818182
440030,TN,Acute Care,1,1,Government,2.0,0.7142857142857143,0.75,0.8181818181818182,1.0,0.75,0.8064935064935066,5,0.0,0.0,0.3333333333333333,0.0,0.0,0.0,2.0,0.1,0.1
440031,TN,Acute Care,0,1,Government,4.0,0.5714285714285714,0.375,0.5454545454545454,1.0,0.8333333333333334,0.6650432900432901,5,0.0,0.0,0.3333333333333333,0.0,0.0,0.0,1.0,0.07692307692307693,0.07692307692307693
440032,TN,Acute Care,0,1,Non-Profit,,0.0,0.0,0.18181818181818182,0.0,0.6666666666666666,0.16969696969696968,2,,,,,0.0,0.0,0.0,0.0,0.0
440033,TN,Acute Care,0,1,Non-Profit,,0.2857142857142857,0.25,0.45454545454545453,1.0,0.5833333333333334,0.5147186147186147,5,0.0,0.0,0.0,0.0,0.0,0.0,0.0,0.0,0.0
440034,TN,Acute Care,1,1,Non-Profit,3.0,1.0,0.875,0.8181818181818182,1.0,0.8333333333333334,0.9053030303030303,5,0.0,0.0,0.14285714285714285,0.0,0.0,0.0,1.0,0.043478260869565216,0.043478260869565216
440035,TN,Acute Care,1,1,For-Profit,1.0,0.8571428571428571,0.75,0.6363636363636364,1.0,0.9166666666666666,0.8320346320346321,5,0.0,0.3333333333333333,0.16666666666666666,0.0,0.0,0.14285714285714285,-2.0,-0.10526315789473684,0.05263157894736842
440039,TN,Acute Care,1,1,Non-Profit,4.0,1.0,1.0,1.0,1.0,0.8333333333333334,0.9666666666666666,5,0.14285714285714285,0.0,0.25,0.25,0.09090909090909091,0.09090909090909091,1.0,0.038461538461538464,0.15384615384615385
440046,TN,Acute Care,1,1,For-Profit,4.0,0.8571428571428571,0.625,0.7272727272727273,1.0,0.8333333333333334,0.8085497835497835,5,0.0,0.0,0.2,0.0,0.125,0.0,2.0,0.10526315789473684,0.10526315789473684
440048,TN,Acute Care,1,1,Non-Profit,2.0,1.0,1.0,1.0,1.0,1.0,1.0,5,0.0,0.0,0.25,0.125,0.0,0.2727272727272727,-2.0,-0.07692307692307693,0.07692307692307693
440049,TN,Acute Care,1,1,Non-Profit,4.0,1.0,1.0,1.0,1.0,1.0,1.0,5,0.0,0.0,0.5,0.0,0.0,0.0,4.0,0.15384615384615385,0.15384615384615385
440050,TN,Acute Care,1,1,Non-Profit,3.0,0.8571428571428571,0.75,0.5454545454545454,1.0,1.0,0.8305194805194805,5,0.0,0.0,0.16666666666666666,0.0,0.0,0.0,1.0,0.05555555555555555,0.05555555555555555
440053,TN,Acute Care,1,1,Non-Profit,2.0,0.8571428571428571,0.875,0.7272727272727273,1.0,0.8333333333333334,0.8585497835497835,5,0.0,0.0,0.2857142857142857,0.0,0.0,0.25,0.0,0.0,0.09523809523809523
440056,TN,Acute Care,0,1,For-Profit,2.0,0.5714285714285714,0.375,0.5454545454545454,1.0,0.8333333333333334,0.6650432900432901,5,0.0,0.0,0.3333333333333333,0.0,0.16666666666666666,0.0,2.0,0.15384615384615385,0.15384615384615385
440057,TN,Acute Care,0,1,Government,,0.14285714285714285,0.25,0.2727272727272727,1.0,0.6666666666666666,0.46645021645021645,5,0.0,0.0,0.0,0.0,0.0,0.0,0.0,0.0,0.0
440058,TN,Acute Care,1,1,For-Profit,2.0,0.7142857142857143,0.5,0.6363636363636364,1.0,0.9166666666666666,0.7534632034632034,5,0.0,0.0,0.25,0.25,0.0,0.0,0.0,0.0,0.0625
440059,TN,Acute Care,1,1,Government,2.0,1.0,0.875,1.0,1.0,1.0,0.975,5,0.0,0.0,0.14285714285714285,0.0,0.0,0.18181818181818182,-1.0,-0.04,0.04
440060,TN,Acute Care,0,1,Government,,0.14285714285714285,0.125,0.36363636363636365,0.0,0.5833333333333334,0.242965367965368,4,0.0,0.0,0.0,0.0,0.0,0.0,0.0,0.0,0.0
440061,TN,Acute Care,1,1,For-Profit,2.0,0.42857142857142855,0.25,0.5454545454545454,1.0,0.9166666666666666,0.6281385281385281,5,0.0,0.3333333333333333,0.0,0.0,0.0,0.0,-1.0,-0.09090909090909091,0.0
440063,TN,Acute Care,1,1,Non-Profit,,1.0,0.875,1.0,1.0,0.0,0.775,4,0.0,0.7142857142857143,0.14285714285714285,0.14285714285714285,0.0,0.18181818181818182,-7.0,-0.28,0.04
440065,TN,Acute Care,1,1,Non-Profit,3.0,0.7142857142857143,0.375,0.6363636363636364,1.0,0.8333333333333334,0.7117965367965369,5,0.0,0.0,0.3333333333333333,0.0,0.0,0.0,1.0,0.06666666666666667,0.06666666666666667
440068,TN,Acute Care,1,1,For-Profit,3.0,0.5714285714285714,0.5,0.7272727272727273,1.0,0.9166666666666666,0.743073593073593,5,0.0,0.25,0.0,0.0,0.0,0.0,-1.0,-0.0625,0.0
440072,TN,Acute Care,1,1,For-Profit,4.0,0.42857142857142855,0.375,0.5454545454545454,1.0,1.0,0.6698051948051947,5,0.0,0.3333333333333333,0.3333333333333333,0.0,0.0,0.16666666666666666,-1.0,-0.08333333333333333,0.08333333333333333
440073,TN,Acute Care,1,1,Government,3.0,0.8571428571428571,0.875,0.9090909090909091,1.0,1.0,0.9282467532467532,5,0.0,0.3333333333333333,0.14285714285714285,0.0,0.0,0.0,-1.0,-0.043478260869565216,0.043478260869565216
440081,TN,Acute Care,1,1,Non-Profit,4.0,0.5714285714285714,0.625,0.7272727272727273,1.0,1.0,0.7847402597402597,5,0.0,0.0,0.2,0.0,0.0,0.0,1.0,0.058823529411764705,0.058823529411764705
440082,TN,Acute Care,1,1,Non-Profit,3.0,1.0,1.0,1.0,1.0,0.8333333333333334,0.9666666666666666,5,0.42857142857142855,0.0,0.5,0.0,0.18181818181818182,0.09090909090909091,8.0,0.3076923076923077,0.34615384615384615
440084,TN,Acute Care,1,1,Non-Profit,2.0,0.5714285714285714,0.375,0.5454545454545454,1.0,0.8333333333333334,0.6650432900432901,5,0.0,0.0,0.3333333333333333,0.0,0.0,0.16666666666666666,0.0,0.0,0.07692307692307693
440091,TN,Acute Care,0,0,Non-Profit,4.0,1.0,1.0,1.0,1.0,0.8333333333333334,0.9666666666666666,5,0.0,0.14285714285714285,0.5,0.0,0.18181818181818182,0.0,5.0,0.19230769230769232,0.23076923076923078
440102,TN,Acute Care,1,1,Government,2.0,0.42857142857142855,0.25,0.45454545454545453,1.0,0.8333333333333334,0.5932900432900433,5,0.0,0.6666666666666666,0.0,0.0,0.0,0.0,-2.0,-0.2,0.0
440104,TN,Acute Care,1,1,Government,3.0,1.0,1.0,1.0,1.0,1.0,1.0,5,0.0,0.0,0.25,0.0,0.0,0.09090909090909091,1.0,0.038461538461538464,0.07692307692307693
440109,TN,Acute Care,1,1,Government,,0.2857142857142857,0.125,0.5454545454545454,1.0,0.75,0.5412337662337662,5,0.0,0.5,0.0,0.0,0.0,0.0,-1.0,-0.1111111111111111,0.0
440110,TN,Acute Care,0,1,Non-Profit,5.0,0.5714285714285714,0.375,0.5454545454545454,1.0,0.75,0.6483766233766234,5,0.0,0.0,0.0,0.0,0.0,0.0,0.0,0.0,0.0
440111,TN,Acute Care,0,1,Government,,0.0,0.5,0.09090909090909091,0.0,0.6666666666666666,0.2515151515151515,3,,,0.0,0.0,0.0,0.0,0.0,0.0,0.0
440120,TN,Acute Care,1,1,For-Profit,3.0,1.0,0.875,0.8181818181818182,1.0,0.9166666666666666,0.9219696969696971,5,0.0,0.0,0.42857142857142855,0.0,0.0,0.0,3.0,0.13043478260869565,0.13043478260869565
440125,TN,Acute Care,1,1,Non-Profit,3.0,1.0,1.0,1.0,1.0,0.9166666666666666,0.9833333333333334,5,0.0,0.0,0.25,0.0,0.09090909090909091,0.2727272727272727,0.0,0.0,0.11538461538461539
440130,TN,Acute Care,1,1,Non-Profit,5.0,0.5714285714285714,0.375,0.5454545454545454,1.0,0.8333333333333334,0.6650432900432901,5,0.0,0.0,0.3333333333333333,0.0,0.16666666666666666,0.0,2.0,0.15384615384615385,0.15384615384615385
440131,TN,Acute Care,1,1,Non-Profit,3.0,0.5714285714285714,0.0,0.6363636363636364,1.0,0.75,0.5915584415584416,4,0.0,0.0,,,0.0,0.14285714285714285,-1.0,-0.09090909090909091,0.0
440132,TN,Acute Care,0,1,Government,3.0,0.5714285714285714,0.25,0.5454545454545454,1.0,0.9166666666666666,0.6567099567099567,5,0.0,0.0,0.0,0.0,0.16666666666666666,0.0,1.0,0.08333333333333333,0.08333333333333333
440137,TN,Acute Care,0,1,For-Profit,,0.2857142857142857,0.25,0.45454545454545453,1.0,0.6666666666666666,0.5313852813852813,5,0.0,0.0,0.0,0.0,0.0,0.0,0.0,0.0,0.0
44013F,TN,Acute Care,0,1,Government,3.0,0.7142857142857143,0.375,0.45454545454545453,1.0,0.5,0.6087662337662338,5,0.6,0.0,0.0,0.0,0.0,0.2,2.0,0.15384615384615385,0.23076923076923078
440144,TN,Acute Care,1,1,Non-Profit,2.0,0.7142857142857143,0.625,0.6363636363636364,1.0,0.8333333333333334,0.7617965367965368,5,0.0,0.0,0.2,0.2,0.0,0.0,0.0,0.0,0.058823529411764705
440148,TN,Acute Care,0,1,Non-Profit,,0.14285714285714285,0.0,0.2727272727272727,0.0,0.5833333333333334,0.19978354978354979,3,0.0,0.0,,,0.0,0.0,0.0,0.0,0.0
440150,TN,Acute Care,1,1,For-Profit,2.0,0.8571428571428571,0.875,0.7272727272727273,1.0,0.8333333333333334,0.8585497835497835,5,0.0,0.0,0.42857142857142855,0.14285714285714285,0.0,0.0,2.0,0.09523809523809523,0.14285714285714285
440151,TN,Acute Care,1,1,Non-Profit,4.0,0.42857142857142855,0.375,0.5454545454545454,1.0,0.8333333333333334,0.6364718614718614,5,0.0,0.0,0.0,0.0,0.0,0.0,0.0,0.0,0.0
440152,TN,Acute Care,1,1,Government,2.0,0.14285714285714285,0.75,0.45454545454545453,1.0,0.75,0.6194805194805195,5,0.0,0.0,0.6666666666666666,0.16666666666666666,0.0,0.0,3.0,0.25,0.3333333333333333
440153,TN,Acute Care,1,1,For-Profit,2.0,0.2857142857142857,0.375,0.36363636363636365,1.0,0.8333333333333334,0.5715367965367966,5,0.0,0.0,0.0,0.0,0.0,0.0,0.0,0.0,0.0
440156,TN,Acute Care,1,1,For-Profit,3.0,1.0,1.0,0.8181818181818182,1.0,0.9166666666666666,0.946969696969697,5,0.0,0.0,0.125,0.0,0.0,0.0,1.0,0.041666666666666664,0.041666666666666664
440159,TN,Acute Care,0,1,For-Profit,,0.0,0.125,0.0,0.0,0.16666666666666666,0.05833333333333333,2,,,0.0,0.0,,,0.0,0.0,0.0
440161,TN,Acute Care,1,1,For-Profit,4.0,1.0,1.0,1.0,1.0,0.8333333333333334,0.9666666666666666,5,0.0,0.0,0.5,0.0,0.09090909090909091,0.18181818181818182,3.0,0.11538461538461539,0.19230769230769232
44016F,TN,Acute Care,0,1,Government,5.0,0.7142857142857143,0.5,0.5454545454545454,1.0,0.4166666666666667,0.6352813852813852,5,0.4,0.0,0.0,0.0,0.16666666666666666,0.0,3.0,0.2,0.2
440173,TN,Acute Care,1,1,Non-Profit,3.0,1.0,0.875,0.8181818181818182,1.0,0.9166666666666666,0.9219696969696971,5,0.0,0.14285714285714285,0.2857142857142857,0.0,0.1111111111111111,0.2222222222222222,0.0,0.0,0.13043478260869565
440175,TN,Acute Care,1,1,Non-Profit,3.0,0.5714285714285714,0.25,0.5454545454545454,1.0,0.75,0.6233766233766234,5,0.0,0.0,0.0,0.0,0.0,0.0,0.0,0.0,0.0
440176,TN,Acute Care,1,1,Non-Profit,3.0,0.14285714285714285,0.375,0.45454545454545453,1.0,0.6666666666666666,0.5278138528138527,5,0.0,0.0,0.0,0.0,0.0,0.0,0.0,0.0,0.0
44017F,TN,Acute Care,0,0,Government,,0.42857142857142855,0.125,0.36363636363636365,0.0,0.0,0.18344155844155846,3,0.6666666666666666,0.0,0.0,0.0,0.25,0.0,3.0,0.375,0.375
440183,TN,Acute Care,1,1,For-Profit,2.0,1.0,1.0,0.9090909090909091,1.0,0.75,0.9318181818181819,5,0.0,0.0,0.25,0.0,0.0,0.1,1.0,0.04,0.08
440184,TN,Acute Care,1,1,Non-Profit,4.0,0.42857142857142855,0.625,0.45454545454545453,1.0,0.8333333333333334,0.6682900432900433,5,0.0,0.0,0.2,0.0,0.0,0.0,1.0,0.07692307692307693,0.07692307692307693
440185,TN,Acute Care,1,1,For-Profit,2.0,0.8571428571428571,0.875,0.7272727272727273,1.0,0.9166666666666666,0.8752164502164502,5,0.0,0.0,0.14285714285714285,0.0,0.125,0.125,1.0,0.047619047619047616,0.09523809523809523
440187,TN,Acute Care,1,1,For-Profit,2.0,0.42857142857142855,0.375,0.45454545454545453,1.0,0.6666666666666666,0.5849567099567099,5,0.0,0.0,0.0,0.0,0.0,0.0,0.0,0.0,0.0
44018F,TN,Acute Care,0,1,Government,5.0,0.7142857142857143,0.5,0.5454545454545454,1.0,0.5,0.6519480519480519,5,0.4,0.0,0.0,0.0,0.0,0.0,2.0,0.13333333333333333,0.13333333333333333
440192,TN,Acute Care,0,1,For-Profit,,0.14285714285714285,0.125,0.36363636363636365,1.0,0.5833333333333334,0.442965367965368,5,0.0,0.0,0.0,0.0,0.0,0.0,0.0,0.0,0.0
440193,TN,Acute Care,1,1,Non-Profit,4.0,0.7142857142857143,0.75,0.8181818181818182,1.0,0.75,0.8064935064935066,5,0.0,0.0,0.16666666666666666,0.0,0.0,0.0,1.0,0.05,0.05
440194,TN,Acute Care,1,1,For-Profit,4.0,0.8571428571428571,0.875,0.7272727272727273,1.0,0.9166666666666666,0.8752164502164502,5,0.0,0.0,0.14285714285714285,0.0,0.125,0.0,2.0,0.09523809523809523,0.09523809523809523
440197,TN,Acute Care,0,1,For-Profit,4.0,0.5714285714285714,0.75,0.45454545454545453,1.0,0.6666666666666666,0.6885281385281385,5,0.0,0.0,0.16666666666666666,0.0,0.2,0.0,2.0,0.13333333333333333,0.13333333333333333
440200,TN,Acute Care,0,1,For-Profit,,0.14285714285714285,0.0,0.18181818181818182,0.0,0.4166666666666667,0.14826839826839827,3,0.0,0.0,,,0.0,0.0,0.0,0.0,0.0
440218,TN,Acute Care,0,0,Non-Profit,,0.0,0.25,0.2727272727272727,1.0,0.25,0.35454545454545455,4,,,0.0,0.0,0.3333333333333333,0.0,1.0,0.2,0.2
440227,TN,Acute Care,1,1,For-Profit,3.0,0.7142857142857143,0.625,0.6363636363636364,1.0,0.8333333333333334,0.7617965367965368,5,0.0,0.0,0.2,0.0,0.0,0.0,1.0,0.058823529411764705,0.058823529411764705
440228,TN,Acute Care,0,1,For-Profit,2.0,0.8571428571428571,0.625,0.6363636363636364,1.0,0.5833333333333334,0.7403679653679653,5,0.0,0.16666666666666666,0.2,0.0,0.2857142857142857,0.0,2.0,0.1111111111111111,0.16666666666666666
440231,TN,Acute Care,0,0,For-Profit,,0.0,0.0,0.0,0.0,0.16666666666666666,0.03333333333333333,1,,,,,,,0.0,,
440238,TN,Acute Care,0,1,For-Profit,,0.0,0.0,0.0,0.0,0.0,0.0,0,,,,,,,0.0,,
440779,TN,Rural/Access,0,1,For-Profit,,0.0,0.0,0.0,0.0,0.0,0.0,0,,,,,,,0.0,,
440780,TN,Rural/Access,0,1,Non-Profit,,0.0,0.0,0.0,0.0,0.0,0.0,0,,,,,,,0.0,,
441300,TN,Rural/Access,0,0,Non-Profit,,0.0,0.0,0.0,0.0,0.4166666666666667,0.08333333333333334,1,,,,,,,0.0,,
441301,TN,Rural/Access,0,1,Non-Profit,,0.0,0.0,0.0,0.0,0.4166666666666667,0.08333333333333334,1,,,,,,,0.0,,
441303,TN,Rural/Access,0,1,Non-Profit,,0.14285714285714285,0.0,0.18181818181818182,0.0,0.5,0.16493506493506493,3,0.0,0.0,,,0.0,0.0,0.0,0.0,0.0
441304,TN,Rural/Access,0,1,Non-Profit,,0.0,0.0,0.0,0.0,0.25,0.05,1,,,,,,,0.0,,
441305,TN,Rural/Access,0,1,Non-Profit,3.0,0.42857142857142855,0.0,0.45454545454545453,1.0,0.5,0.4766233766233766,4,0.0,0.0,,,0.0,0.0,0.0,0.0,0.0
441306,TN,Rural/Access,0,1,Government,,0.14285714285714285,0.0,0.18181818181818182,0.0,0.5,0.16493506493506493,3,0.0,0.0,,,0.5,0.0,1.0,0.3333333333333333,0.3333333333333333
441307,TN,Rural/Access,1,1,For-Profit,3.0,0.42857142857142855,0.125,0.45454545454545453,1.0,0.75,0.5516233766233766,5,0.0,0.0,0.0,0.0,0.0,0.0,0.0,0.0,0.0
441309,TN,Rural/Access,0,1,Government,,0.0,0.0,0.36363636363636365,0.0,0.5833333333333334,0.1893939393939394,2,,,,,0.25,0.0,1.0,0.25,0.25
441310,TN,Rural/Access,0,1,Government,3.0,0.42857142857142855,0.125,0.2727272727272727,0.0,0.4166666666666667,0.24859307359307362,4,0.0,0.0,0.0,0.0,0.3333333333333333,0.0,1.0,0.14285714285714285,0.14285714285714285
441313,TN,Rural/Access,0,1,Non-Profit,,0.0,0.0,0.0,0.0,0.4166666666666667,0.08333333333333334,1,,,,,,,0.0,,
441314,TN,Rural/Access,0,1,For-Profit,,0.0,0.0,0.09090909090909091,0.0,0.4166666666666667,0.10151515151515152,2,,,,,0.0,0.0,0.0,0.0,0.0
441316,TN,Rural/Access,0,1,Government,,0.14285714285714285,0.0,0.18181818181818182,0.0,0.5,0.16493506493506493,3,0.0,0.0,,,0.0,0.0,0.0,0.0,0.0
441320,TN,Rural/Access,0,1,Government,,0.0,0.0,0.0,0.0,0.4166666666666667,0.08333333333333334,1,,,,,,,0.0,,
441322,TN,Rural/Access,0,1,Government,,0.0,0.125,0.09090909090909091,0.0,0.3333333333333333,0.10984848484848483,3,,,0.0,1.0,0.0,0.0,-1.0,-0.5,0.0
441323,TN,Rural/Access,0,1,For-Profit,,0.0,0.0,0.0,0.0,0.16666666666666666,0.03333333333333333,1,,,,,,,0.0,,
443302,TN,Childrens,0,0,Non-Profit,,0.0,0.0,0.0,0.0,0.0,0.0,0,,,,,,,0.0,,
443303,TN,Childrens,0,1,Non-Profit,,0.0,0.0,0.0,0.0,0.0,0.0,0,,,,,,,0.0,,
444001,TN,Psychiatric,0,1,Government,,0.0,0.0,0.0,0.0,0.0,0.0,0,,,,,,,0.0,,
444002,TN,Psychiatric,0,0,Government,,0.0,0.0,0.0,0.0,0.0,0.0,0,,,,,,,0.0,,
444003,TN,Psychiatric,0,0,Non-Profit,,0.0,0.0,0.0,0.0,0.0,0.0,0,,,,,,,0.0,,
444004,TN,Psychiatric,0,0,Non-Profit,,0.0,0.0,0.0,0.0,0.0,0.0,0,,,,,,,0.0,,
444005,TN,Psychiatric,0,0,For-Profit,,0.0,0.0,0.0,0.0,0.0,0.0,0,,,,,,,0.0,,
444007,TN,Psychiatric,0,1,Non-Profit,,0.0,0.0,0.0,0.0,0.0,0.0,0,,,,,,,0.0,,
444008,TN,Psychiatric,0,0,Government,,0.0,0.0,0.0,0.0,0.0,0.0,0,,,,,,,0.0,,
444010,TN,Psychiatric,0,0,Non-Profit,,0.0,0.0,0.0,0.0,0.0,0.0,0,,,,,,,0.0,,
444014,TN,Psychiatric,0,0,Government,,0.0,0.0,0.0,0.0,0.0,0.0,0,,,,,,,0.0,,
444019,TN,Psychiatric,0,0,For-Profit,,0.0,0.0,0.0,0.0,0.0,0.0,0,,,,,,,0.0,,
444021,TN,Psychiatric,0,1,For-Profit,,0.0,0.0,0.0,0.0,0.0,0.0,0,,,,,,,0.0,,
444023,TN,Psychiatric,0,0,For-Profit,,0.0,0.0,0.0,0.0,0.0,0.0,0,,,,,,,0.0,,
444024,TN,Psychiatric,0,0,For-Profit,,0.0,0.0,0.0,0.0,0.0,0.0,0,,,,,,,0.0,,
444025,TN,Psychiatric,0,1,For-Profit,,0.0,0.0,0.0,0.0,0.0,0.0,0,,,,,,,0.0,,
444026,TN,Psychiatric,0,0,For-Profit,,0.0,0.0,0.0,0.0,0.0,0.0,0,,,,,,,0.0,,
444027,TN,Psychiatric,0,0,For-Profit,,0.0,0.0,0.0,0.0,0.0,0.0,0,,,,,,,0.0,,
444029,TN,Psychiatric,0,0,For-Profit,,0.0,0.0,0.0,0.0,0.0,0.0,0,,,,,,,0.0,,
444030,TN,Psychiatric,0,0,For-Profit,,0.0,0.0,0.0,0.0,0.0,0.0,0,,,,,,,0.0,,
444031,TN,Psychiatric,0,0,Non-Profit,,0.0,0.0,0.0,0.0,0.0,0.0,0,,,,,,,0.0,,
444032,TN,Psychiatric,0,0,For-Profit,,0.0,0.0,0.0,0.0,0.0,0.0,0,,,,,,,0.0,,
444033,TN,Psychiatric,0,0,For-Profit,,0.0,0.0,0.0,0.0,0.0,0.0,0,,,,,,,0.0,,
450002,TX,Acute Care,1,1,For-Profit,2.0,0.5714285714285714,0.75,0.7272727272727273,1.0,0.75,0.7597402597402597,5,0.0,0.0,0.6666666666666666,0.0,0.0,0.125,3.0,0.16666666666666666,0.2222222222222222
450007,TX,Acute Care,1,1,Non-Profit,4.0,0.7142857142857143,0.625,0.7272727272727273,1.0,1.0,0.8133116883116884,5,0.0,0.0,0.2,0.2,0.0,0.0,0.0,0.0,0.05555555555555555
450010,TX,Acute Care,1,1,Non-Profit,3.0,1.0,0.875,1.0,1.0,0.9166666666666666,0.9583333333333334,5,0.0,0.14285714285714285,0.2857142857142857,0.0,0.0,0.0,1.0,0.04,0.08
450011,TX,Acute Care,1,1,Non-Profit,3.0,1.0,0.875,1.0,1.0,0.8333333333333334,0.9416666666666667,5,0.0,0.0,0.2857142857142857,0.0,0.09090909090909091,0.09090909090909091,2.0,0.08,0.12
450015,TX,Acute Care,1,1,Government,2.0,0.8571428571428571,0.875,0.7272727272727273,1.0,0.8333333333333334,0.8585497835497835,5,0.16666666666666666,0.0,0.14285714285714285,0.14285714285714285,0.0,0.0,1.0,0.047619047619047616,0.09523809523809523
450018,TX,Acute Care,1,1,Government,3.0,1.0,0.875,0.9090909090909091,1.0,1.0,0.9568181818181818,5,0.2857142857142857,0.0,0.14285714285714285,0.0,0.0,0.3,0.0,0.0,0.125
450021,TX,Acute Care,1,1,Non-Profit,3.0,1.0,1.0,1.0,1.0,0.8333333333333334,0.9666666666666666,5,0.14285714285714285,0.0,0.375,0.125,0.09090909090909091,0.2727272727272727,1.0,0.038461538461538464,0.19230769230769232
450023,TX,Acute Care,1,1,Non-Profit,3.0,0.8571428571428571,0.75,0.9090909090909091,1.0,0.9166666666666666,0.8865800865800866,5,0.0,0.16666666666666666,0.3333333333333333,0.0,0.0,0.0,1.0,0.045454545454545456,0.09090909090909091
450024,TX,Acute Care,1,1,For-Profit,1.0,0.7142857142857143,0.75,0.45454545454545453,1.0,0.8333333333333334,0.7504329004329005,5,0.0,0.2,0.3333333333333333,0.0,0.0,0.2,0.0,0.0,0.125
450028,TX,Acute Care,1,1,For-Profit,3.0,0.7142857142857143,0.875,0.6363636363636364,1.0,0.8333333333333334,0.8117965367965368,5,0.0,0.0,0.2857142857142857,0.0,0.0,0.14285714285714285,1.0,0.05263157894736842,0.10526315789473684
450029,TX,Acute Care,1,1,For-Profit,2.0,0.8571428571428571,0.75,0.8181818181818182,1.0,0.8333333333333334,0.8517316017316018,5,0.0,0.0,0.16666666666666666,0.0,0.0,0.0,1.0,0.047619047619047616,0.047619047619047616
450032,TX,Acute Care,1,1,Non-Profit,3.0,1.0,0.75,0.9090909090909091,1.0,1.0,0.9318181818181819,5,0.0,0.0,0.3333333333333333,0.0,0.0,0.0,2.0,0.08695652173913043,0.08695652173913043
450033,TX,Acute Care,1,1,For-Profit,2.0,0.8571428571428571,0.875,0.7272727272727273,1.0,0.75,0.8418831168831169,5,0.0,0.16666666666666666,0.42857142857142855,0.14285714285714285,0.0,0.0,1.0,0.047619047619047616,0.14285714285714285
450034,TX,Acute Care,1,1,Non-Profit,3.0,1.0,1.0,0.8181818181818182,1.0,1.0,0.9636363636363636,5,0.0,0.0,0.125,0.0,0.1111111111111111,0.0,2.0,0.08333333333333333,0.08333333333333333
450035,TX,Acute Care,1,1,For-Profit,2.0,0.2857142857142857,0.75,0.5454545454545454,1.0,0.75,0.6662337662337662,5,0.0,0.0,0.16666666666666666,0.0,0.0,0.0,1.0,0.07142857142857142,0.07142857142857142
450039,TX,Acute Care,1,1,Government,4.0,0.7142857142857143,0.875,0.7272727272727273,1.0,0.8333333333333334,0.829978354978355,5,0.0,0.0,0.14285714285714285,0.0,0.0,0.0,1.0,0.05,0.05
450040,TX,Acute Care,0,1,Non-Profit,2.0,1.0,0.875,0.8181818181818182,1.0,0.75,0.8886363636363637,5,0.0,0.2857142857142857,0.5714285714285714,0.0,0.2222222222222222,0.0,4.0,0.17391304347826086,0.2608695652173913
450042,TX,Acute Care,0,1,Non-Profit,2.0,1.0,0.875,0.8181818181818182,1.0,0.75,0.8886363636363637,5,0.0,0.14285714285714285,0.5714285714285714,0.0,0.0,0.1111111111111111,2.0,0.08695652173913043,0.17391304347826086
450044,TX,Acute Care,1,1,Government,4.0,1.0,1.0,1.0,1.0,0.9166666666666666,0.9833333333333334,5,0.42857142857142855,0.0,0.375,0.0,0.0,0.18181818181818182,4.0,0.15384615384615385,0.23076923076923078
450046,TX,Acute Care,1,1,Non-Profit,3.0,1.0,0.75,0.9090909090909091,1.0,0.8333333333333334,0.8984848484848484,5,0.0,0.0,0.3333333333333333,0.0,0.0,0.0,2.0,0.08695652173913043,0.08695652173913043
450051,TX,Acute Care,1,1,Non-Profit,3.0,1.0,0.875,0.7272727272727273,1.0,0.9166666666666666,0.9037878787878789,5,0.0,0.0,0.14285714285714285,0.14285714285714285,0.0,0.0,0.0,0.0,0.045454545454545456
450054,TX,Acute Care,1,1,Non-Profit,4.0,1.0,1.0,1.0,1.0,0.9166666666666666,0.9833333333333334,5,0.14285714285714285,0.0,0.625,0.125,0.09090909090909091,0.0,6.0,0.23076923076923078,0.2692307692307692
450055,TX,Acute Care,1,1,Government,,0.14285714285714285,0.25,0.36363636363636365,0.0,0.75,0.3012987012987013,4,0.0,0.0,0.0,0.0,0.0,0.0,0.0,0.0,0.0
450056,TX,Acute Care,1,1,Non-Profit,4.0,1.0,1.0,1.0,1.0,0.75,0.95,5,0.14285714285714285,0.0,0.5,0.0,0.0,0.09090909090909091,4.0,0.15384615384615385,0.19230769230769232
450058,TX,Acute Care,1,1,For-Profit,3.0,1.0,1.0,0.8181818181818182,1.0,0.8333333333333334,0.9303030303030303,5,0.0,0.14285714285714285,0.5,0.0,0.1111111111111111,0.0,4.0,0.16666666666666666,0.20833333333333334
450064,TX,Acute Care,1,1,Non-Profit,2.0,0.8571428571428571,0.75,0.5454545454545454,1.0,0.8333333333333334,0.7971861471861472,5,0.0,0.0,0.16666666666666666,0.0,0.0,0.0,1.0,0.05555555555555555,0.05555555555555555
450068,TX,Acute Care,1,1,Non-Profit,3.0,1.0,0.875,0.9090909090909091,1.0,1.0,0.9568181818181818,5,0.14285714285714285,0.0,0.5714285714285714,0.0,0.1,0.0,6.0,0.25,0.25
450072,TX,Acute Care,0,1,Non-Profit,4.0,0.7142857142857143,0.375,0.7272727272727273,1.0,0.75,0.7133116883116883,5,0.0,0.0,0.0,0.0,0.0,0.125,-1.0,-0.0625,0.0
450079,TX,Acute Care,1,1,Non-Profit,5.0,0.8571428571428571,0.75,0.6363636363636364,1.0,0.9166666666666666,0.8320346320346321,5,0.0,0.0,0.3333333333333333,0.0,0.0,0.0,2.0,0.10526315789473684,0.10526315789473684
450080,TX,Acute Care,1,1,Government,3.0,0.7142857142857143,0.25,0.6363636363636364,1.0,1.0,0.7201298701298702,5,0.0,0.0,0.5,0.0,0.14285714285714285,0.14285714285714285,1.0,0.07142857142857142,0.14285714285714285
450082,TX,Acute Care,1,1,Non-Profit,,0.2857142857142857,0.25,0.36363636363636365,1.0,0.75,0.5298701298701298,5,0.0,0.0,0.0,0.0,0.25,0.0,1.0,0.125,0.125
450083,TX,Acute Care,1,1,For-Profit,1.0,1.0,0.875,1.0,1.0,0.9166666666666666,0.9583333333333334,5,0.0,0.2857142857142857,0.14285714285714285,0.0,0.0,0.36363636363636365,-5.0,-0.2,0.04
450087,TX,Acute Care,0,1,For-Profit,2.0,1.0,0.75,0.7272727272727273,1.0,0.5833333333333334,0.8121212121212121,5,0.0,0.0,0.3333333333333333,0.0,0.0,0.125,1.0,0.047619047619047616,0.09523809523809523
450090,TX,Acute Care,1,1,Non-Profit,4.0,0.5714285714285714,0.25,0.6363636363636364,1.0,0.8333333333333334,0.6582251082251083,5,0.0,0.0,0.5,0.0,0.14285714285714285,0.0,2.0,0.15384615384615385,0.15384615384615385
450092,TX,Acute Care,1,1,For-Profit,3.0,0.42857142857142855,0.5,0.36363636363636365,1.0,0.8333333333333334,0.6251082251082252,5,0.0,0.0,0.25,0.0,0.25,0.0,2.0,0.18181818181818182,0.18181818181818182
450097,TX,Acute Care,1,1,For-Profit,3.0,0.8571428571428571,0.875,0.5454545454545454,1.0,0.8333333333333334,0.8221861471861471,5,0.0,0.0,0.2857142857142857,0.0,0.0,0.0,2.0,0.10526315789473684,0.10526315789473684
450101,TX,Acute Care,1,1,Non-Profit,4.0,0.8571428571428571,1.0,0.9090909090909091,1.0,1.0,0.9532467532467532,5,0.0,0.0,0.25,0.0,0.0,0.0,2.0,0.08333333333333333,0.08333333333333333
450102,TX,Acute Care,1,1,Non-Profit,4.0,1.0,1.0,1.0,1.0,1.0,1.0,5,0.0,0.2857142857142857,0.375,0.0,0.2727272727272727,0.09090909090909091,3.0,0.11538461538461539,0.23076923076923078
450104,TX,Acute Care,1,1,Government,2.0,0.7142857142857143,0.75,0.6363636363636364,1.0,0.8333333333333334,0.7867965367965368,5,0.0,0.0,0.0,0.0,0.0,0.14285714285714285,-1.0,-0.05555555555555555,0.0
450107,TX,Acute Care,1,1,For-Profit,1.0,1.0,1.0,0.8181818181818182,1.0,0.9166666666666666,0.946969696969697,5,0.0,0.0,0.375,0.0,0.0,0.3333333333333333,0.0,0.0,0.125
450108,TX,Acute Care,0,1,Government,,0.2857142857142857,0.125,0.45454545454545453,0.0,0.6666666666666666,0.3063852813852813,4,0.0,0.0,0.0,0.0,0.0,0.0,0.0,0.0,0.0
450119,TX,Acute Care,1,1,For-Profit,4.0,1.0,0.75,0.7272727272727273,1.0,0.8333333333333334,0.8621212121212121,5,0.0,0.0,0.16666666666666666,0.0,0.0,0.0,1.0,0.047619047619047616,0.047619047619047616
450124,TX,Acute Care,0,0,Non-Profit,2.0,0.5714285714285714,0.875,0.5454545454545454,1.0,0.5833333333333334,0.7150432900432901,5,0.0,0.0,0.14285714285714285,0.0,0.0,0.16666666666666666,0.0,0.0,0.058823529411764705
450128,TX,Acute Care,1,1,Non-Profit,4.0,0.7142857142857143,0.625,0.45454545454545453,1.0,0.8333333333333334,0.7254329004329005,5,0.0,0.0,0.2,0.0,0.0,0.0,1.0,0.06666666666666667,0.06666666666666667
450132,TX,Acute Care,1,1,Government,2.0,1.0,1.0,0.8181818181818182,1.0,1.0,0.9636363636363636,5,0.0,0.0,0.125,0.0,0.0,0.0,1.0,0.041666666666666664,0.041666666666666664
450133,TX,Acute Care,1,1,Government,1.0,1.0,0.75,0.7272727272727273,1.0,1.0,0.8954545454545455,5,0.0,0.42857142857142855,0.3333333333333333,0.0,0.125,0.25,-2.0,-0.09523809523809523,0.14285714285714285
450135,TX,Acute Care,1,1,Non-Profit,4.0,1.0,0.875,0.7272727272727273,1.0,0.75,0.8704545454545455,5,0.0,0.14285714285714285,0.5714285714285714,0.0,0.0,0.0,3.0,0.13636363636363635,0.18181818181818182
450137,TX,Acute Care,1,0,Non-Profit,4.0,1.0,0.875,0.9090909090909091,1.0,0.9166666666666666,0.9401515151515152,5,0.14285714285714285,0.0,0.2857142857142857,0.0,0.0,0.1,2.0,0.08333333333333333,0.125
450143,TX,Acute Care,0,1,Non-Profit,,0.0,0.0,0.18181818181818182,0.0,0.5,0.13636363636363638,2,,,,,0.0,0.0,0.0,0.0,0.0
450144,TX,Acute Care,1,1,Government,,0.14285714285714285,0.0,0.2727272727272727,1.0,0.75,0.4331168831168831,4,0.0,0.0,,,0.0,0.0,0.0,0.0,0.0
450147,TX,Acute Care,0,1,For-Profit,4.0,0.8571428571428571,0.75,0.8181818181818182,1.0,0.9166666666666666,0.8683982683982684,5,0.0,0.0,0.0,0.0,0.1111111111111111,0.0,1.0,0.047619047619047616,0.047619047619047616
450148,TX,Acute Care,0,1,Non-Profit,3.0,0.42857142857142855,0.25,0.5454545454545454,1.0,0.75,0.5948051948051948,5,0.0,0.0,0.0,0.0,0.16666666666666666,0.0,1.0,0.09090909090909091,0.09090909090909091
450152,TX,Acute Care,1,1,Non-Profit,3.0,0.7142857142857143,0.875,0.6363636363636364,1.0,1.0,0.8451298701298701,5,0.0,0.2,0.0,0.0,0.0,0.14285714285714285,-2.0,-0.10526315789473684,0.0
450154,TX,Acute Care,1,1,Government,,0.2857142857142857,0.25,0.45454545454545453,1.0,0.9166666666666666,0.5813852813852813,5,0.0,0.0,0.0,0.0,0.0,0.2,-1.0,-0.1111111111111111,0.0
450155,TX,Acute Care,1,1,Government,,0.14285714285714285,0.0,0.18181818181818182,0.0,0.5833333333333334,0.1816017316017316,3,0.0,0.0,,,0.0,0.0,0.0,0.0,0.0
450162,TX,Acute Care,0,1,Non-Profit,3.0,0.0,0.375,0.36363636363636365,0.0,0.5833333333333334,0.2643939393939394,3,,,0.0,0.0,0.0,0.0,0.0,0.0,0.0
450163,TX,Acute Care,1,1,Non-Profit,2.0,0.5714285714285714,0.25,0.36363636363636365,1.0,0.8333333333333334,0.6036796536796537,5,0.0,0.0,0.0,0.0,0.0,0.0,0.0,0.0,0.0
450165,TX,Acute Care,0,1,For-Profit,,0.2857142857142857,0.25,0.36363636363636365,1.0,0.6666666666666666,0.5132034632034632,5,0.0,0.0,0.0,0.0,0.0,0.0,0.0,0.0,0.0
450176,TX,Acute Care,1,1,Non-Profit,3.0,0.7142857142857143,0.75,0.6363636363636364,1.0,0.75,0.7701298701298701,5,0.2,0.0,0.16666666666666666,0.0,0.0,0.14285714285714285,1.0,0.05555555555555555,0.1111111111111111
450184,TX,Acute Care,1,1,Non-Profit,3.0,1.0,1.0,0.8181818181818182,1.0,1.0,0.9636363636363636,5,0.2857142857142857,0.0,0.25,0.0,0.1111111111111111,0.3333333333333333,2.0,0.08333333333333333,0.20833333333333334
450193,TX,Acute Care,0,1,Non-Profit,3.0,1.0,0.75,0.9090909090909091,1.0,0.75,0.8818181818181818,5,0.14285714285714285,0.0,0.3333333333333333,0.0,0.0,0.2,1.0,0.043478260869565216,0.13043478260869565
450194,TX,Acute Care,1,1,For-Profit,,0.2857142857142857,0.25,0.45454545454545453,1.0,0.8333333333333334,0.5647186147186147,5,0.0,0.0,0.0,0.0,0.0,0.2,-1.0,-0.1111111111111111,0.0
450196,TX,Acute Care,1,1,For-Profit,1.0,0.8571428571428571,0.875,0.7272727272727273,1.0,0.8333333333333334,0.8585497835497835,5,0.0,0.3333333333333333,0.2857142857142857,0.0,0.0,0.0,0.0,0.0,0.09523809523809523
450200,TX,Acute Care,0,1,For-Profit,3.0,0.8571428571428571,0.625,0.6363636363636364,1.0,1.0,0.8237012987012987,5,0.0,0.0,0.2,0.0,0.0,0.0,1.0,0.05555555555555555,0.05555555555555555
450203,TX,Acute Care,1,1,For-Profit,2.0,0.8571428571428571,0.625,0.7272727272727273,1.0,0.8333333333333334,0.8085497835497835,5,0.0,0.0,0.2,0.0,0.0,0.125,0.0,0.0,0.05263157894736842
450209,TX,Acute Care,1,1,Non-Profit,3.0,1.0,0.875,0.7272727272727273,1.0,0.8333333333333334,0.8871212121212121,5,0.0,0.0,0.2857142857142857,0.0,0.25,0.0,4.0,0.18181818181818182,0.18181818181818182
450210,TX,Acute Care,0,1,For-Profit,,0.2857142857142857,0.0,0.36363636363636365,0.0,0.6666666666666666,0.26320346320346316,3,0.0,0.0,,,0.0,0.0,0.0,0.0,0.0
450211,TX,Acute Care,1,1,Non-Profit,3.0,1.0,0.75,0.7272727272727273,1.0,0.9166666666666666,0.8787878787878789,5,0.0,0.0,0.16666666666666666,0.0,0.0,0.125,0.0,0.0,0.047619047619047616
450213,TX,Acute Care,1,1,Government,3.0,1.0,0.875,0.9090909090909091,1.0,0.8333333333333334,0.9234848484848485,5,0.0,0.0,0.5714285714285714,0.0,0.0,0.0,4.0,0.16666666666666666,0.16666666666666666
450222,TX,Acute Care,1,1,For-Profit,2.0,1.0,0.875,0.8181818181818182,1.0,0.75,0.8886363636363637,5,0.0,0.0,0.2857142857142857,0.0,0.0,0.2222222222222222,0.0,0.0,0.08695652173913043
450229,TX,Acute Care,1,1,Non-Profit,2.0,1.0,1.0,1.0,1.0,1.0,1.0,5,0.0,0.0,0.125,0.0,0.09090909090909091,0.0,2.0,0.07692307692307693,0.07692307692307693
450231,TX,Acute Care,1,1,For-Profit,2.0,1.0,1.0,1.0,1.0,0.8333333333333334,0.9666666666666666,5,0.0,0.2857142857142857,0.5,0.125,0.0,0.09090909090909091,0.0,0.0,0.15384615384615385
450235,TX,Acute Care,1,0,Government,,0.14285714285714285,0.125,0.36363636363636365,0.0,0.6666666666666666,0.2596320346320346,4,0.0,0.0,0.0,0.0,0.0,0.0,0.0,0.0,0.0
450236,TX,Acute Care,1,1,Non-Profit,4.0,0.7142857142857143,0.375,0.8181818181818182,1.0,0.9166666666666666,0.7648268398268399,5,0.0,0.2,0.3333333333333333,0.0,0.0,0.0,0.0,0.0,0.058823529411764705
450237,TX,Acute Care,1,1,Non-Profit,3.0,1.0,1.0,1.0,1.0,0.9166666666666666,0.9833333333333334,5,0.0,0.0,0.125,0.125,0.0,0.0,0.0,0.0,0.038461538461538464
450241,TX,Acute Care,1,1,Government,,0.14285714285714285,0.125,0.18181818181818182,0.0,0.5833333333333334,0.2066017316017316,4,0.0,0.0,0.0,0.0,0.0,0.0,0.0,0.0,0.0
450253,TX,Acute Care,0,1,Government,,0.0,0.125,0.18181818181818182,0.0,0.4166666666666667,0.1446969696969697,3,,,0.0,0.0,0.0,0.0,0.0,0.0,0.0
450271,TX,Acute Care,0,1,Government,,0.0,0.0,0.0,0.0,0.0,0.0,0,,,,,,,0.0,,
450272,TX,Acute Care,1,1,Non-Profit,4.0,0.7142857142857143,0.375,0.5454545454545454,1.0,0.6666666666666666,0.6602813852813852,5,0.0,0.0,0.0,0.0,0.0,0.16666666666666666,-1.0,-0.07142857142857142,0.0
450289,TX,Acute Care,1,1,Government,3.0,0.2857142857142857,0.875,0.5454545454545454,1.0,0.8333333333333334,0.7079004329004329,5,0.0,0.0,0.2857142857142857,0.0,0.0,0.0,2.0,0.13333333333333333,0.13333333333333333
450292,TX,Acute Care,0,1,Non-Profit,,0.2857142857142857,0.25,0.45454545454545453,1.0,0.75,0.548051948051948,5,0.0,0.0,0.0,0.0,0.0,0.0,0.0,0.0,0.0
450324,TX,Acute Care,1,1,For-Profit,3.0,1.0,0.875,0.8181818181818182,1.0,0.9166666666666666,0.9219696969696971,5,0.2857142857142857,0.0,0.42857142857142855,0.0,0.0,0.2222222222222222,3.0,0.13043478260869565,0.21739130434782608
450330,TX,Acute Care,1,1,Government,2.0,0.5714285714285714,0.5,0.5454545454545454,1.0,0.75,0.6733766233766234,5,0.0,0.0,0.0,0.25,0.0,0.0,-1.0,-0.07142857142857142,0.0
450346,TX,Acute Care,1,1,Non-Profit,2.0,1.0,0.75,0.9090909090909091,1.0,0.9166666666666666,0.9151515151515153,5,0.0,0.14285714285714285,0.16666666666666666,0.0,0.0,0.2,-2.0,-0.08695652173913043,0.043478260869565216
450347,TX,Acute Care,1,1,Non-Profit,3.0,0.7142857142857143,0.625,0.5454545454545454,1.0,0.8333333333333334,0.7436147186147186,5,0.0,0.0,0.0,0.0,0.0,0.0,0.0,0.0,0.0
450351,TX,Acute Care,1,1,Non-Profit,,0.2857142857142857,0.25,0.45454545454545453,1.0,0.8333333333333334,0.5647186147186147,5,0.0,0.0,0.0,0.0,0.2,0.0,1.0,0.1111111111111111,0.1111111111111111
450352,TX,Acute Care,1,1,Government,3.0,0.8571428571428571,0.875,0.7272727272727273,1.0,0.9166666666666666,0.8752164502164502,5,0.0,0.0,0.0,0.0,0.0,0.125,-1.0,-0.047619047619047616,0.0
450358,TX,Acute Care,1,1,Non-Profit,5.0,1.0,1.0,1.0,1.0,0.9166666666666666,0.9833333333333334,5,0.7142857142857143,0.0,0.5,0.0,0.09090909090909091,0.18181818181818182,8.0,0.3076923076923077,0.38461538461538464
450369,TX,Acute Care,1,1,Government,,0.14285714285714285,0.25,0.5454545454545454,0.0,0.75,0.33766233766233766,4,0.0,0.0,0.0,0.0,0.16666666666666666,0.0,1.0,0.1111111111111111,0.1111111111111111
450370,TX,Acute Care,1,1,Non-Profit,,0.2857142857142857,0.125,0.45454545454545453,1.0,0.75,0.523051948051948,5,0.0,0.0,0.0,0.0,0.4,0.0,2.0,0.25,0.25
450372,TX,Acute Care,1,1,Non-Profit,5.0,0.8571428571428571,0.5,0.7272727272727273,1.0,0.8333333333333334,0.7835497835497836,5,0.16666666666666666,0.0,0.0,0.0,0.0,0.0,1.0,0.05555555555555555,0.05555555555555555
450379,TX,Acute Care,0,1,For-Profit,,0.2857142857142857,0.25,0.2727272727272727,1.0,0.5833333333333334,0.4783549783549784,5,0.0,0.0,0.5,0.0,0.0,0.0,1.0,0.14285714285714285,0.14285714285714285
450388,TX,Acute Care,1,1,For-Profit,3.0,1.0,1.0,1.0,1.0,0.9166666666666666,0.9833333333333334,5,0.2857142857142857,0.0,0.5,0.0,0.0,0.2727272727272727,3.0,0.11538461538461539,0.23076923076923078
450389,TX,Acute Care,1,1,For-Profit,3.0,0.7142857142857143,0.75,0.6363636363636364,1.0,1.0,0.82012987012987,5,0.0,0.0,0.16666666666666666,0.0,0.0,0.0,1.0,0.05555555555555555,0.05555555555555555
450395,TX,Acute Care,1,1,Non-Profit,4.0,0.42857142857142855,0.25,0.5454545454545454,1.0,0.9166666666666666,0.6281385281385281,5,0.0,0.0,0.0,0.0,0.0,0.0,0.0,0.0,0.0
450399,TX,Acute Care,0,1,Government,,0.14285714285714285,0.0,0.18181818181818182,0.0,0.6666666666666666,0.19826839826839826,3,0.0,0.0,,,0.0,0.0,0.0,0.0,0.0
450400,TX,Acute Care,0,1,For-Profit,,0.14285714285714285,0.125,0.2727272727272727,0.0,0.5833333333333334,0.22478354978354975,4,0.0,0.0,0.0,0.0,0.0,0.3333333333333333,-1.0,-0.2,0.0
450403,TX,Acute Care,1,1,For-Profit,3.0,0.8571428571428571,0.875,0.7272727272727273,1.0,0.9166666666666666,0.8752164502164502,5,0.0,0.0,0.14285714285714285,0.0,0.0,0.125,0.0,0.0,0.047619047619047616
450411,TX,Acute Care,0,1,Government,,0.14285714285714285,0.125,0.18181818181818182,0.0,0.5833333333333334,0.2066017316017316,4,0.0,0.0,0.0,0.0,0.0,0.0,0.0,0.0,0.0
450419,TX,Acute Care,0,1,Non-Profit,,0.2857142857142857,0.25,0.45454545454545453,1.0,0.75,0.548051948051948,5,0.0,0.0,0.0,0.0,0.2,0.0,1.0,0.1111111111111111,0.1111111111111111
450422,TX,Acute Care,0,1,For-Profit,,0.0,0.125,0.18181818181818182,0.0,0.4166666666666667,0.1446969696969697,3,,,0.0,0.0,0.0,0.0,0.0,0.0,0.0
450424,TX,Acute Care,1,1,Non-Profit,5.0,1.0,0.75,0.9090909090909091,1.0,1.0,0.9318181818181819,5,0.14285714285714285,0.0,0.5,0.0,0.0,0.0,4.0,0.17391304347826086,0.17391304347826086
450431,TX,Acute Care,1,1,Non-Profit,5.0,1.0,0.875,0.8181818181818182,1.0,0.9166666666666666,0.9219696969696971,5,0.14285714285714285,0.0,0.14285714285714285,0.14285714285714285,0.1111111111111111,0.0,2.0,0.08695652173913043,0.13043478260869565
450447,TX,Acute Care,1,1,Government,2.0,0.42857142857142855,0.5,0.5454545454545454,1.0,0.8333333333333334,0.6614718614718614,5,0.0,0.0,0.0,0.0,0.16666666666666666,0.0,1.0,0.07692307692307693,0.07692307692307693
450451,TX,Acute Care,0,1,Government,,0.14285714285714285,0.125,0.36363636363636365,0.0,0.75,0.2762987012987013,4,0.0,0.0,0.0,0.0,0.0,0.25,-1.0,-0.16666666666666666,0.0
450460,TX,Acute Care,0,1,Government,,0.14285714285714285,0.0,0.18181818181818182,0.0,0.4166666666666667,0.14826839826839827,3,0.0,0.0,,,0.0,0.0,0.0,0.0,0.0
450462,TX,Acute Care,1,1,Non-Profit,4.0,1.0,1.0,0.8181818181818182,1.0,0.8333333333333334,0.9303030303030303,5,0.0,0.0,0.375,0.0,0.3333333333333333,0.1111111111111111,5.0,0.20833333333333334,0.25
450465,TX,Acute Care,1,1,Government,4.0,0.5714285714285714,0.25,0.5454545454545454,1.0,0.75,0.6233766233766234,5,0.0,0.0,0.0,0.0,0.0,0.0,0.0,0.0,0.0
450469,TX,Acute Care,0,1,For-Profit,4.0,0.7142857142857143,0.25,0.45454545454545453,0.0,0.6666666666666666,0.4170995670995671,4,0.0,0.0,0.5,0.0,0.0,0.2,0.0,0.0,0.08333333333333333
450475,TX,Acute Care,1,1,For-Profit,,0.2857142857142857,0.25,0.2727272727272727,0.0,0.9166666666666666,0.345021645021645,4,0.0,0.0,0.0,0.0,0.0,0.0,0.0,0.0,0.0
450484,TX,Acute Care,1,1,For-Profit,3.0,1.0,0.75,0.8181818181818182,1.0,0.8333333333333334,0.8803030303030303,5,0.0,0.0,0.16666666666666666,0.0,0.0,0.0,1.0,0.045454545454545456,0.045454545454545456
450489,TX,Acute Care,0,1,Government,,0.14285714285714285,0.0,0.18181818181818182,0.0,0.5,0.16493506493506493,3,0.0,0.0,,,0.0,0.0,0.0,0.0,0.0
450508,TX,Acute Care,0,1,For-Profit,1.0,0.7142857142857143,0.625,0.5454545454545454,1.0,0.6666666666666666,0.7102813852813853,5,0.0,0.2,0.2,0.0,0.0,0.16666666666666666,-1.0,-0.0625,0.0625
450518,TX,Acute Care,1,1,For-Profit,3.0,0.8571428571428571,0.625,0.7272727272727273,1.0,0.8333333333333334,0.8085497835497835,5,0.0,0.0,0.2,0.0,0.0,0.0,1.0,0.05263157894736842,0.05263157894736842
450537,TX,Acute Care,1,1,Government,4.0,1.0,0.75,0.9090909090909091,1.0,0.9166666666666666,0.9151515151515153,5,0.0,0.0,0.5,0.0,0.0,0.1,2.0,0.08695652173913043,0.13043478260869565
450539,TX,Acute Care,1,1,Non-Profit,,0.2857142857142857,0.25,0.45454545454545453,1.0,0.8333333333333334,0.5647186147186147,5,0.0,0.0,0.0,0.0,0.0,0.0,0.0,0.0,0.0
450563,TX,Acute Care,1,1,Non-Profit,5.0,0.8571428571428571,1.0,0.7272727272727273,1.0,0.8333333333333334,0.8835497835497834,5,0.3333333333333333,0.0,0.125,0.0,0.125,0.125,3.0,0.13636363636363635,0.18181818181818182
450565,TX,Acute Care,1,1,Government,3.0,0.42857142857142855,0.25,0.5454545454545454,1.0,0.9166666666666666,0.6281385281385281,5,0.0,0.0,0.0,0.0,0.0,0.0,0.0,0.0,0.0
450571,TX,Acute Care,1,1,Non-Profit,3.0,1.0,1.0,1.0,1.0,1.0,1.0,5,0.0,0.14285714285714285,0.375,0.0,0.0,0.0,2.0,0.07692307692307693,0.11538461538461539
450573,TX,Acute Care,0,1,Non-Profit,5.0,0.42857142857142855,0.0,0.36363636363636365,0.0,0.6666666666666666,0.29177489177489174,3,0.0,0.0,,,0.0,0.0,0.0,0.0,0.0
450584,TX,Acute Care,0,1,Government,,0.2857142857142857,0.125,0.36363636363636365,0.0,0.6666666666666666,0.2882034632034632,4,0.0,0.0,0.0,0.0,0.0,0.0,0.0,0.0,0.0
450587,TX,Acute Care,1,1,For-Profit,1.0,0.7142857142857143,0.375,0.8181818181818182,1.0,0.9166666666666666,0.7648268398268399,5,0.0,0.0,0.3333333333333333,0.0,0.0,0.0,1.0,0.058823529411764705,0.058823529411764705
450596,TX,Acute Care,1,1,For-Profit,4.0,0.7142857142857143,0.375,0.6363636363636364,1.0,0.9166666666666666,0.7284632034632035,5,0.0,0.0,0.0,0.0,0.14285714285714285,0.0,1.0,0.06666666666666667,0.06666666666666667
450597,TX,Acute Care,1,1,Government,,0.2857142857142857,0.25,0.45454545454545453,0.0,0.75,0.34805194805194806,4,0.0,0.0,0.0,0.0,0.2,0.0,1.0,0.1111111111111111,0.1111111111111111
450604,TX,Acute Care,1,1,For-Profit,4.0,0.2857142857142857,0.5,0.5454545454545454,1.0,1.0,0.6662337662337662,5,0.0,0.0,0.25,0.0,0.16666666666666666,0.0,2.0,0.16666666666666666,0.16666666666666666
45060F,TX,Acute Care,0,1,Government,4.0,0.42857142857142855,0.25,0.45454545454545453,1.0,0.4166666666666667,0.5099567099567099,5,0.0,0.0,0.0,0.0,0.2,0.0,1.0,0.1,0.1
450610,TX,Acute Care,1,1,Non-Profit,3.0,1.0,0.875,0.7272727272727273,1.0,1.0,0.9204545454545455,5,0.2857142857142857,0.0,0.14285714285714285,0.0,0.125,0.125,3.0,0.13636363636363635,0.18181818181818182
450617,TX,Acute Care,1,1,For-Profit,3.0,1.0,1.0,0.8181818181818182,1.0,0.75,0.9136363636363637,5,0.14285714285714285,0.0,0.375,0.0,0.0,0.2222222222222222,2.0,0.08333333333333333,0.16666666666666666
450634,TX,Acute Care,1,1,For-Profit,4.0,0.8571428571428571,0.875,0.7272727272727273,1.0,0.75,0.8418831168831169,5,0.0,0.0,0.7142857142857143,0.0,0.0,0.375,2.0,0.09523809523809523,0.23809523809523808
450638,TX,Acute Care,1,1,For-Profit,3.0,0.8571428571428571,0.75,0.5454545454545454,1.0,0.6666666666666666,0.7638528138528138,5,0.0,0.0,0.16666666666666666,0.0,0.0,0.0,1.0,0.05555555555555555,0.05555555555555555
450639,TX,Acute Care,1,1,Non-Profit,3.0,1.0,0.875,0.7272727272727273,1.0,0.8333333333333334,0.8871212121212121,5,0.0,0.0,0.2857142857142857,0.0,0.0,0.0,2.0,0.09090909090909091,0.09090909090909091
450641,TX,Acute Care,0,1,Government,,0.14285714285714285,0.0,0.2727272727272727,0.0,0.6666666666666666,0.21645021645021645,3,0.0,0.0,,,0.0,0.0,0.0,0.0,0.0
450643,TX,Acute Care,1,1,For-Profit,3.0,0.8571428571428571,0.75,0.6363636363636364,1.0,0.8333333333333334,0.8153679653679653,5,0.0,0.0,0.16666666666666666,0.16666666666666666,0.14285714285714285,0.14285714285714285,0.0,0.0,0.10526315789473684
450644,TX,Acute Care,1,1,For-Profit,2.0,0.8571428571428571,0.625,0.5454545454545454,1.0,0.6666666666666666,0.7388528138528139,5,0.0,0.0,0.4,0.0,0.0,0.16666666666666666,1.0,0.058823529411764705,0.11764705882352941
450647,TX,Acute Care,1,1,For-Profit,3.0,1.0,1.0,1.0,1.0,0.8333333333333334,0.9666666666666666,5,0.0,0.0,0.125,0.0,0.0,0.09090909090909091,0.0,0.0,0.038461538461538464
450651,TX,Acute Care,1,1,For-Profit,2.0,1.0,1.0,0.8181818181818182,1.0,0.8333333333333334,0.9303030303030303,5,0.14285714285714285,0.0,0.25,0.0,0.0,0.2222222222222222,1.0,0.041666666666666664,0.125
450653,TX,Acute Care,1,1,For-Profit,,0.2857142857142857,0.25,0.36363636363636365,0.0,0.75,0.32987012987012987,4,0.0,0.0,0.0,0.0,0.0,0.0,0.0,0.0,0.0
450654,TX,Acute Care,1,1,Government,,0.14285714285714285,0.125,0.2727272727272727,0.0,0.75,0.2581168831168831,4,0.0,0.0,0.0,0.0,0.0,0.0,0.0,0.0,0.0
450656,TX,Acute Care,1,1,Non-Profit,3.0,0.8571428571428571,0.75,0.8181818181818182,1.0,0.75,0.8350649350649352,5,0.0,0.0,0.16666666666666666,0.0,0.0,0.0,1.0,0.047619047619047616,0.047619047619047616
450658,TX,Acute Care,0,1,Government,,0.14285714285714285,0.0,0.36363636363636365,0.0,0.6666666666666666,0.2346320346320346,3,0.0,0.0,,,0.0,0.0,0.0,0.0,0.0
450659,TX,Acute Care,0,1,For-Profit,4.0,0.42857142857142855,0.875,0.45454545454545453,1.0,0.6666666666666666,0.6849567099567099,5,0.0,0.0,0.14285714285714285,0.0,0.0,0.0,1.0,0.06666666666666667,0.06666666666666667
450661,TX,Acute Care,1,1,For-Profit,3.0,0.8571428571428571,0.5,0.7272727272727273,1.0,0.8333333333333334,0.7835497835497836,5,0.0,0.0,0.5,0.0,0.125,0.0,3.0,0.16666666666666666,0.16666666666666666
450662,TX,Acute Care,1,1,For-Profit,2.0,0.7142857142857143,0.875,0.5454545454545454,1.0,0.8333333333333334,0.7936147186147187,5,0.0,0.0,0.14285714285714285,0.0,0.0,0.3333333333333333,-1.0,-0.05555555555555555,0.05555555555555555
450668,TX,Acute Care,0,1,For-Profit,2.0,0.8571428571428571,0.875,0.7272727272727273,1.0,0.6666666666666666,0.8252164502164503,5,0.0,0.0,0.2857142857142857,0.0,0.0,0.0,2.0,0.09523809523809523,0.09523809523809523
450669,TX,Acute Care,1,1,Non-Profit,4.0,0.8571428571428571,0.625,0.6363636363636364,1.0,0.8333333333333334,0.7903679653679654,5,0.0,0.0,0.2,0.0,0.0,0.0,1.0,0.05555555555555555,0.05555555555555555
45066F,TX,Acute Care,0,1,Government,4.0,0.7142857142857143,0.375,0.45454545454545453,1.0,0.5,0.6087662337662338,5,0.6,0.0,0.3333333333333333,0.0,0.0,0.4,2.0,0.15384615384615385,0.3076923076923077
450670,TX,Acute Care,1,1,For-Profit,2.0,1.0,0.875,0.7272727272727273,1.0,0.75,0.8704545454545455,5,0.0,0.14285714285714285,0.42857142857142855,0.0,0.0,0.25,0.0,0.0,0.13636363636363635
450672,TX,Acute Care,0,1,For-Profit,2.0,1.0,0.875,0.8181818181818182,1.0,0.6666666666666666,0.8719696969696971,5,0.0,0.0,0.2857142857142857,0.0,0.0,0.2222222222222222,0.0,0.0,0.08695652173913043
450674,TX,Acute Care,1,1,For-Profit,3.0,0.0,0.75,0.18181818181818182,1.0,0.5833333333333334,0.503030303030303,4,,,0.3333333333333333,0.0,0.0,0.0,2.0,0.25,0.25
450675,TX,Acute Care,1,1,For-Profit,2.0,1.0,1.0,0.7272727272727273,1.0,0.75,0.8954545454545455,5,0.14285714285714285,0.0,0.125,0.0,0.0,0.25,0.0,0.0,0.08695652173913043
450677,TX,Acute Care,1,1,Non-Profit,3.0,0.8571428571428571,0.75,0.6363636363636364,1.0,0.8333333333333334,0.8153679653679653,5,0.16666666666666666,0.0,0.16666666666666666,0.0,0.0,0.14285714285714285,1.0,0.05263157894736842,0.10526315789473684
450678,TX,Acute Care,0,1,For-Profit,2.0,0.8571428571428571,0.5,0.45454545454545453,1.0,0.5833333333333334,0.679004329004329,5,0.0,0.0,0.0,0.0,0.0,0.0,0.0,0.0,0.0
450684,TX,Acute Care,1,1,Non-Profit,3.0,0.8571428571428571,0.875,0.8181818181818182,1.0,0.9166666666666666,0.8933982683982684,5,0.0,0.0,0.14285714285714285,0.14285714285714285,0.0,0.1111111111111111,-1.0,-0.045454545454545456,0.045454545454545456
450686,TX,Acute Care,1,1,Government,3.0,1.0,0.875,0.9090909090909091,1.0,0.8333333333333334,0.9234848484848485,5,0.0,0.0,0.5714285714285714,0.0,0.0,0.2,2.0,0.08333333333333333,0.16666666666666666
450688,TX,Acute Care,1,1,For-Profit,2.0,0.7142857142857143,0.625,0.45454545454545453,1.0,0.8333333333333334,0.7254329004329005,5,0.0,0.0,0.2,0.0,0.0,0.2,0.0,0.0,0.06666666666666667
45068F,TX,Acute Care,0,1,Government,,0.0,0.0,0.0,0.0,0.0,0.0,0,,,,,,,0.0,,
450690,TX,Acute Care,0,1,Government,3.0,0.42857142857142855,0.25,0.6363636363636364,1.0,0.75,0.612987012987013,5,0.0,0.0,0.0,0.0,0.0,0.14285714285714285,-1.0,-0.08333333333333333,0.0
450694,TX,Acute Care,0,1,Non-Profit,,0.2857142857142857,0.125,0.36363636363636365,1.0,0.75,0.5048701298701299,5,0.0,0.0,0.0,0.0,0.25,0.0,1.0,0.14285714285714285,0.14285714285714285
450698,TX,Acute Care,1,1,Government,,0.0,0.0,0.0,0.0,0.5,0.1,1,,,,,,,0.0,,
45069F,TX,Acute Care,0,1,Government,,0.0,0.0,0.0,0.0,0.0,0.0,0,,,,,,,0.0,,
450702,TX,Acute Care,1,1,For-Profit,3.0,1.0,0.875,0.8181818181818182,1.0,1.0,0.9386363636363637,5,0.0,0.14285714285714285,0.42857142857142855,0.0,0.0,0.1111111111111111,1.0,0.043478260869565216,0.13043478260869565
450709,TX,Acute Care,1,1,Non-Profit,5.0,0.7142857142857143,0.75,0.8181818181818182,1.0,0.9166666666666666,0.8398268398268399,5,0.2,0.0,0.3333333333333333,0.0,0.0,0.0,3.0,0.15,0.15
45070F,TX,Acute Care,0,1,Government,,0.0,0.0,0.0,0.0,0.0,0.0,0,,,,,,,0.0,,
450711,TX,Acute Care,1,1,For-Profit,4.0,0.8571428571428571,0.75,0.6363636363636364,1.0,0.8333333333333334,0.8153679653679653,5,0.0,0.0,0.16666666666666666,0.0,0.0,0.14285714285714285,0.0,0.0,0.05263157894736842
450713,TX,Acute Care,1,1,For-Profit,4.0,1.0,0.875,0.8181818181818182,1.0,0.8333333333333334,0.9053030303030303,5,0.0,0.0,0.42857142857142855,0.0,0.1111111111111111,0.1111111111111111,3.0,0.13043478260869565,0.17391304347826086
450718,TX,Acute Care,1,1,For-Profit,3.0,1.0,0.75,0.7272727272727273,1.0,0.8333333333333334,0.8621212121212121,5,0.0,0.0,0.5,0.0,0.0,0.125,2.0,0.09523809523809523,0.14285714285714285
450723,TX,Acute Care,1,1,Non-Profit,3.0,1.0,0.875,0.7272727272727273,1.0,0.9166666666666666,0.9037878787878789,5,0.0,0.0,0.2857142857142857,0.0,0.0,0.125,1.0,0.045454545454545456,0.09090909090909091
450730,TX,Acute Care,0,1,For-Profit,2.0,0.7142857142857143,0.5,0.45454545454545453,1.0,0.75,0.6837662337662338,5,0.0,0.0,0.0,0.0,0.0,0.2,-1.0,-0.07142857142857142,0.0
450742,TX,Acute Care,1,1,Non-Profit,3.0,0.8571428571428571,0.875,0.6363636363636364,1.0,0.8333333333333334,0.8403679653679653,5,0.0,0.0,0.14285714285714285,0.14285714285714285,0.0,0.0,0.0,0.0,0.05
450743,TX,Acute Care,1,1,Non-Profit,5.0,1.0,0.75,0.7272727272727273,1.0,0.9166666666666666,0.8787878787878789,5,0.0,0.0,0.16666666666666666,0.0,0.125,0.0,2.0,0.09523809523809523,0.09523809523809523
450747,TX,Acute Care,1,1,For-Profit,2.0,0.7142857142857143,0.5,0.5454545454545454,1.0,0.8333333333333334,0.7186147186147187,5,0.0,0.0,0.25,0.0,0.0,0.0,1.0,0.06666666666666667,0.06666666666666667
45074F,TX,Acute Care,0,1,Government,4.0,0.7142857142857143,0.5,0.5454545454545454,1.0,0.5833333333333334,0.6686147186147187,5,0.6,0.0,0.25,0.0,0.0,0.16666666666666666,3.0,0.2,0.26666666666666666
450755,TX,Acute Care,1,1,Non-Profit,,0.0,0.0,0.18181818181818182,0.0,0.6666666666666666,0.16969696969696968,2,,,,,0.0,0.0,0.0,0.0,0.0
450771,TX,Acute Care,1,1,Non-Profit,3.0,1.0,1.0,0.8181818181818182,1.0,0.8333333333333334,0.9303030303030303,5,0.0,0.0,0.5,0.0,0.0,0.1111111111111111,3.0,0.125,0.16666666666666666
450774,TX,Acute Care,0,0,For-Profit,,0.0,0.25,0.36363636363636365,1.0,0.3333333333333333,0.3893939393939394,4,,,0.0,0.0,0.0,0.25,-1.0,-0.16666666666666666,0.0
450775,TX,Acute Care,1,1,For-Profit,2.0,1.0,0.875,0.8181818181818182,1.0,0.8333333333333334,0.9053030303030303,5,0.42857142857142855,0.0,0.5714285714285714,0.0,0.0,0.1111111111111111,6.0,0.2608695652173913,0.30434782608695654
450779,TX,Acute Care,1,1,Non-Profit,4.0,0.8571428571428571,1.0,0.7272727272727273,1.0,0.8333333333333334,0.8835497835497834,5,0.0,0.0,0.375,0.0,0.125,0.0,4.0,0.18181818181818182,0.18181818181818182
450788,TX,Acute Care,1,1,Non-Profit,4.0,1.0,0.875,0.7272727272727273,1.0,0.8333333333333334,0.8871212121212121,5,0.0,0.0,0.5714285714285714,0.0,0.0,0.0,4.0,0.18181818181818182,0.18181818181818182
450801,TX,Acute Care,1,1,Non-Profit,4.0,1.0,1.0,1.0,1.0,1.0,1.0,5,0.0,0.14285714285714285,0.375,0.0,0.0,0.0,2.0,0.07692307692307693,0.11538461538461539
450804,TX,Acute Care,0,1,Non-Profit,,0.0,0.25,0.2727272727272727,1.0,0.5,0.4045454545454545,4,,,0.5,0.0,0.3333333333333333,0.0,2.0,0.4,0.4
450808,TX,Acute Care,0,1,Non-Profit,,0.0,0.125,0.2727272727272727,1.0,0.3333333333333333,0.3462121212121212,4,,,0.0,0.0,0.0,0.0,0.0,0.0,0.0
450809,TX,Acute Care,1,1,For-Profit,3.0,0.8571428571428571,1.0,0.7272727272727273,1.0,0.8333333333333334,0.8835497835497834,5,0.0,0.0,0.25,0.0,0.0,0.125,1.0,0.045454545454545456,0.09090909090909091
450820,TX,Acute Care,1,1,Non-Profit,4.0,1.0,1.0,1.0,1.0,1.0,1.0,5,0.42857142857142855,0.0,0.375,0.0,0.09090909090909091,0.2727272727272727,4.0,0.15384615384615385,0.2692307692307692
450822,TX,Acute Care,1,1,For-Profit,2.0,0.2857142857142857,0.375,0.45454545454545453,1.0,0.8333333333333334,0.5897186147186148,5,0.0,0.0,0.0,0.0,0.0,0.0,0.0,0.0,0.0
450825,TX,Acute Care,0,1,For-Profit,,0.0,0.0,0.09090909090909091,0.0,0.4166666666666667,0.10151515151515152,2,,,,,0.0,0.0,0.0,0.0,0.0
450827,TX,Acute Care,0,1,For-Profit,,0.14285714285714285,0.25,0.36363636363636365,1.0,0.5833333333333334,0.46796536796536803,5,0.0,0.0,0.0,0.0,0.0,0.0,0.0,0.0,0.0
450828,TX,Acute Care,1,1,Non-Profit,5.0,0.42857142857142855,0.375,0.2727272727272727,1.0,0.8333333333333334,0.581926406926407,5,0.0,0.0,0.0,0.0,0.3333333333333333,0.0,1.0,0.1111111111111111,0.1111111111111111
450831,TX,Acute Care,0,1,For-Profit,,0.0,0.125,0.0,0.0,0.25,0.075,2,,,0.0,0.0,,,0.0,0.0,0.0
450833,TX,Acute Care,0,1,For-Profit,,0.14285714285714285,0.125,0.36363636363636365,0.0,0.6666666666666666,0.2596320346320346,4,0.0,0.0,0.0,0.0,0.0,0.0,0.0,0.0,0.0
450834,TX,Acute Care,0,1,For-Profit,,0.0,0.25,0.2727272727272727,1.0,0.4166666666666667,0.3878787878787879,4,,,0.0,0.0,0.0,0.3333333333333333,-1.0,-0.2,0.0
450840,TX,Acute Care,1,1,Non-Profit,5.0,0.7142857142857143,0.5,0.7272727272727273,1.0,0.75,0.7383116883116884,5,0.0,0.2,0.25,0.0,0.125,0.0,1.0,0.058823529411764705,0.11764705882352941
450844,TX,Acute Care,1,1,Non-Profit,5.0,1.0,1.0,1.0,1.0,1.0,1.0,5,0.42857142857142855,0.0,0.375,0.0,0.0,0.0,6.0,0.23076923076923078,0.23076923076923078
450847,TX,Acute Care,1,1,Non-Profit,3.0,0.8571428571428571,0.875,0.6363636363636364,1.0,1.0,0.8737012987012986,5,0.0,0.0,0.2857142857142857,0.0,0.0,0.0,2.0,0.1,0.1
450848,TX,Acute Care,1,1,Non-Profit,3.0,0.8571428571428571,0.875,0.6363636363636364,1.0,0.9166666666666666,0.857034632034632,5,0.0,0.0,0.14285714285714285,0.14285714285714285,0.0,0.0,0.0,0.0,0.05
450851,TX,Acute Care,0,1,For-Profit,4.0,0.42857142857142855,0.25,0.36363636363636365,1.0,0.3333333333333333,0.47510822510822515,5,0.0,0.0,0.0,0.0,0.0,0.0,0.0,0.0,0.0
450853,TX,Acute Care,1,1,For-Profit,2.0,0.0,0.5,0.36363636363636365,1.0,0.75,0.5227272727272727,4,,,0.25,0.0,0.0,0.0,1.0,0.125,0.125
450855,TX,Acute Care,1,1,For-Profit,4.0,0.7142857142857143,0.875,0.7272727272727273,1.0,0.8333333333333334,0.829978354978355,5,0.0,0.0,0.14285714285714285,0.0,0.0,0.0,1.0,0.05,0.05
450856,TX,Acute Care,0,1,For-Profit,,0.0,0.25,0.2727272727272727,1.0,0.4166666666666667,0.3878787878787879,4,,,0.0,0.0,0.0,0.0,0.0,0.0,0.0
450860,TX,Acute Care,0,1,For-Profit,,0.0,0.25,0.2727272727272727,0.0,0.4166666666666667,0.1878787878787879,3,,,0.0,0.0,0.0,0.0,0.0,0.0,0.0
450862,TX,Acute Care,1,1,Non-Profit,4.0,1.0,0.875,0.9090909090909091,1.0,0.75,0.9068181818181819,5,0.0,0.0,0.14285714285714285,0.0,0.0,0.0,1.0,0.041666666666666664,0.041666666666666664
450864,TX,Acute Care,0,1,For-Profit,5.0,0.0,0.375,0.2727272727272727,1.0,0.5,0.4295454545454545,4,,,0.0,0.0,0.3333333333333333,0.3333333333333333,0.0,0.0,0.16666666666666666
450865,TX,Acute Care,0,1,Non-Profit,,0.14285714285714285,0.125,0.36363636363636365,0.0,0.5833333333333334,0.242965367965368,4,0.0,0.0,0.0,0.0,0.0,0.0,0.0,0.0,0.0
450867,TX,Acute Care,1,1,Non-Profit,4.0,0.5714285714285714,0.75,0.6363636363636364,1.0,0.6666666666666666,0.7248917748917749,5,0.0,0.0,0.16666666666666666,0.0,0.0,0.0,1.0,0.058823529411764705,0.058823529411764705
450869,TX,Acute Care,1,1,For-Profit,3.0,0.8571428571428571,1.0,1.0,1.0,0.8333333333333334,0.9380952380952381,5,0.0,0.0,0.25,0.0,0.0,0.09090909090909091,1.0,0.04,0.08
45086F,TX,Acute Care,0,1,Government,4.0,0.7142857142857143,0.375,0.5454545454545454,1.0,0.5,0.6269480519480519,5,0.2,0.0,0.0,0.0,0.16666666666666666,0.0,2.0,0.14285714285714285,0.14285714285714285
450872,TX,Acute Care,0,1,For-Profit,,0.0,0.25,0.2727272727272727,0.0,0.5833333333333334,0.2212121212121212,3,,,0.0,0.0,0.0,0.0,0.0,0.0,0.0
450874,TX,Acute Care,0,1,For-Profit,,0.0,0.25,0.2727272727272727,1.0,0.4166666666666667,0.3878787878787879,4,,,0.0,0.0,0.0,0.0,0.0,0.0,0.0
450875,TX,Acute Care,0,1,For-Profit,,0.0,0.25,0.2727272727272727,1.0,0.3333333333333333,0.3712121212121212,4,,,0.0,0.0,0.0,0.0,0.0,0.0,0.0
450876,TX,Acute Care,0,1,Government,2.0,0.8571428571428571,0.375,0.7272727272727273,1.0,0.75,0.7418831168831168,5,0.0,0.0,0.0,0.0,0.0,0.125,-1.0,-0.058823529411764705,0.0
450880,TX,Acute Care,0,1,For-Profit,,0.0,0.25,0.2727272727272727,1.0,0.4166666666666667,0.3878787878787879,4,,,0.0,0.0,0.0,0.0,0.0,0.0,0.0
450883,TX,Acute Care,0,1,For-Profit,,0.0,0.25,0.2727272727272727,0.0,0.4166666666666667,0.1878787878787879,3,,,0.0,0.0,0.0,0.3333333333333333,-1.0,-0.2,0.0
450885,TX,Acute Care,1,1,Non-Profit,5.0,0.7142857142857143,0.375,0.6363636363636364,1.0,0.8333333333333334,0.7117965367965369,5,0.0,0.0,0.0,0.0,0.0,0.0,0.0,0.0,0.0
450888,TX,Acute Care,0,1,For-Profit,,0.0,0.25,0.2727272727272727,0.0,0.4166666666666667,0.1878787878787879,3,,,0.0,0.0,0.0,0.0,0.0,0.0,0.0
450889,TX,Acute Care,0,1,For-Profit,,0.0,0.25,0.2727272727272727,1.0,0.25,0.35454545454545455,4,,,0.0,0.0,0.0,0.0,0.0,0.0,0.0
450890,TX,Acute Care,0,1,Non-Profit,4.0,0.8571428571428571,0.875,0.6363636363636364,1.0,0.6666666666666666,0.8070346320346321,5,0.0,0.0,0.2857142857142857,0.0,0.0,0.0,2.0,0.1,0.1
450891,TX,Acute Care,0,1,For-Profit,,0.0,0.25,0.2727272727272727,1.0,0.4166666666666667,0.3878787878787879,4,,,0.0,0.0,0.0,0.0,0.0,0.0,0.0
450893,TX,Acute Care,0,1,For-Profit,5.0,0.42857142857142855,0.125,0.45454545454545453,1.0,0.5833333333333334,0.5182900432900432,5,0.0,0.0,0.0,0.0,0.0,0.2,-1.0,-0.1111111111111111,0.0
45090F,TX,Acute Care,0,1,Government,5.0,0.7142857142857143,0.5,0.5454545454545454,1.0,0.5,0.6519480519480519,5,0.4,0.0,0.0,0.0,0.0,0.0,2.0,0.13333333333333333,0.13333333333333333
451300,TX,Rural/Access,0,1,Non-Profit,,0.14285714285714285,0.0,0.18181818181818182,0.0,0.25,0.11493506493506493,3,0.0,0.0,,,0.0,0.0,0.0,0.0,0.0
451301,TX,Rural/Access,0,1,Government,,0.0,0.0,0.0,0.0,0.16666666666666666,0.03333333333333333,1,,,,,,,0.0,,
451303,TX,Rural/Access,0,1,Government,,0.14285714285714285,0.0,0.09090909090909091,0.0,0.25,0.09675324675324674,3,0.0,0.0,,,0.0,0.0,0.0,0.0,0.0
451304,TX,Rural/Access,0,1,For-Profit,,0.0,0.0,0.0,0.0,0.16666666666666666,0.03333333333333333,1,,,,,,,0.0,,
451305,TX,Rural/Access,0,1,Non-Profit,,0.0,0.0,0.0,0.0,0.4166666666666667,0.08333333333333334,1,,,,,,,0.0,,
451306,TX,Rural/Access,0,1,For-Profit,,0.0,0.0,0.09090909090909091,0.0,0.25,0.06818181818181819,2,,,,,0.0,0.0,0.0,0.0,0.0
451307,TX,Rural/Access,0,1,Government,,0.0,0.0,0.0,0.0,0.16666666666666666,0.03333333333333333,1,,,,,,,0.0,,
451308,TX,Rural/Access,0,1,Non-Profit,,0.0,0.0,0.09090909090909091,0.0,0.16666666666666666,0.051515151515151514,2,,,,,0.0,0.0,0.0,0.0,0.0
451309,TX,Rural/Access,0,1,Government,,0.0,0.0,0.0,0.0,0.0,0.0,0,,,,,,,0.0,,
451310,TX,Rural/Access,0,1,Government,,0.0,0.0,0.09090909090909091,0.0,0.08333333333333333,0.03484848484848485,2,,,,,0.0,0.0,0.0,0.0,0.0
451311,TX,Rural/Access,0,1,Government,,0.0,0.0,0.0,0.0,0.3333333333333333,0.06666666666666667,1,,,,,,,0.0,,
451312,TX,Rural/Access,0,1,For-Profit,,0.0,0.0,0.09090909090909091,0.0,0.08333333333333333,0.03484848484848485,2,,,,,0.0,0.0,0.0,0.0,0.0
451313,TX,Rural/Access,0,1,Government,,0.0,0.0,0.0,0.0,0.25,0.05,1,,,,,,,0.0,,
451314,TX,Rural/Access,0,1,Government,,0.0,0.0,0.0,0.0,0.08333333333333333,0.016666666666666666,1,,,,,,,0.0,,
451315,TX,Rural/Access,0,1,Government,,0.14285714285714285,0.0,0.18181818181818182,0.0,0.16666666666666666,0.09826839826839825,3,0.0,0.0,,,0.5,0.0,1.0,0.3333333333333333,0.3333333333333333
451316,TX,Rural/Access,0,1,Non-Profit,,0.0,0.0,0.0,0.0,0.3333333333333333,0.06666666666666667,1,,,,,,,0.0,,
451317,TX,Rural/Access,0,1,Government,,0.0,0.0,0.0,0.0,0.16666666666666666,0.03333333333333333,1,,,,,,,0.0,,
451318,TX,Rural/Access,0,1,Government,,0.0,0.0,0.0,0.0,0.08333333333333333,0.016666666666666666,1,,,,,,,0.0,,
451319,TX,Rural/Access,0,1,Non-Profit,,0.14285714285714285,0.25,0.36363636363636365,1.0,0.6666666666666666,0.48463203463203464,5,0.0,0.0,0.0,0.0,0.0,0.0,0.0,0.0,0.0
451320,TX,Rural/Access,0,1,Government,,0.0,0.0,0.0,0.0,0.4166666666666667,0.08333333333333334,1,,,,,,,0.0,,
451322,TX,Rural/Access,0,1,Non-Profit,,0.0,0.0,0.0,0.0,0.3333333333333333,0.06666666666666667,1,,,,,,,0.0,,
451323,TX,Rural/Access,0,1,Non-Profit,,0.2857142857142857,0.0,0.36363636363636365,0.0,0.6666666666666666,0.26320346320346316,3,0.0,0.0,,,0.25,0.0,1.0,0.16666666666666666,0.16666666666666666
451324,TX,Rural/Access,0,1,Government,,0.0,0.0,0.0,0.0,0.16666666666666666,0.03333333333333333,1,,,,,,,0.0,,
451325,TX,Rural/Access,0,1,Government,,0.0,0.0,0.0,0.0,0.0,0.0,0,,,,,,,0.0,,
451328,TX,Rural/Access,0,1,For-Profit,,0.0,0.0,0.0,0.0,0.0,0.0,0,,,,,,,0.0,,
451329,TX,Rural/Access,0,1,Government,,0.0,0.0,0.0,0.0,0.08333333333333333,0.016666666666666666,1,,,,,,,0.0,,
451330,TX,Rural/Access,1,1,Government,,0.14285714285714285,0.0,0.18181818181818182,0.0,0.25,0.11493506493506493,3,0.0,0.0,,,0.0,0.0,0.0,0.0,0.0
451331,TX,Rural/Access,0,1,Government,,0.14285714285714285,0.0,0.18181818181818182,0.0,0.25,0.11493506493506493,3,0.0,0.0,,,0.5,0.0,1.0,0.3333333333333333,0.3333333333333333
451332,TX,Rural/Access,0,1,Non-Profit,,0.0,0.0,0.0,0.0,0.3333333333333333,0.06666666666666667,1,,,,,,,0.0,,
451333,TX,Rural/Access,0,1,Government,,0.0,0.0,0.09090909090909091,0.0,0.3333333333333333,0.08484848484848484,2,,,,,0.0,0.0,0.0,0.0,0.0
451334,TX,Rural/Access,0,1,Government,,0.0,0.0,0.0,0.0,0.16666666666666666,0.03333333333333333,1,,,,,,,0.0,,
451335,TX,Rural/Access,0,1,Government,,0.0,0.0,0.0,0.0,0.0,0.0,0,,,,,,,0.0,,
451337,TX,Rural/Access,0,1,Government,,0.14285714285714285,0.0,0.18181818181818182,0.0,0.16666666666666666,0.09826839826839825,3,0.0,0.0,,,0.0,0.0,0.0,0.0,0.0
451338,TX,Rural/Access,0,1,Non-Profit,,0.0,0.0,0.0,0.0,0.25,0.05,1,,,,,,,0.0,,
451339,TX,Rural/Access,0,1,Government,,0.0,0.0,0.0,0.0,0.0,0.0,0,,,,,,,0.0,,
451340,TX,Rural/Access,0,1,Government,,0.0,0.0,0.0,0.0,0.25,0.05,1,,,,,,,0.0,,
451341,TX,Rural/Access,0,1,Government,,0.14285714285714285,0.0,0.09090909090909091,0.0,0.25,0.09675324675324674,3,0.0,0.0,,,0.0,0.0,0.0,0.0,0.0
451342,TX,Rural/Access,0,1,Government,,0.0,0.0,0.09090909090909091,0.0,0.25,0.06818181818181819,2,,,,,0.0,0.0,0.0,0.0,0.0
451343,TX,Rural/Access,0,1,Government,,0.2857142857142857,0.0,0.2727272727272727,0.0,0.5,0.2116883116883117,3,0.0,0.0,,,0.0,0.0,0.0,0.0,0.0
451344,TX,Rural/Access,0,1,Government,,0.14285714285714285,0.0,0.18181818181818182,0.0,0.25,0.11493506493506493,3,0.0,0.0,,,0.0,0.0,0.0,0.0,0.0
451346,TX,Rural/Access,0,1,Non-Profit,,0.2857142857142857,0.0,0.36363636363636365,0.0,0.5,0.22987012987012986,3,0.0,0.5,,,0.0,0.0,-1.0,-0.16666666666666666,0.0
451347,TX,Rural/Access,0,1,For-Profit,,0.14285714285714285,0.0,0.2727272727272727,0.0,0.25,0.1331168831168831,3,0.0,0.0,,,0.0,0.0,0.0,0.0,0.0
451348,TX,Rural/Access,0,1,Non-Profit,,0.0,0.0,0.0,0.0,0.0,0.0,0,,,,,,,0.0,,
451349,TX,Rural/Access,0,1,Non-Profit,,0.0,0.0,0.09090909090909091,0.0,0.08333333333333333,0.03484848484848485,2,,,,,0.0,0.0,0.0,0.0,0.0
451350,TX,Rural/Access,0,0,Government,,0.14285714285714285,0.0,0.09090909090909091,0.0,0.16666666666666666,0.08008658008658008,3,0.0,0.0,,,0.0,0.0,0.0,0.0,0.0
451351,TX,Rural/Access,0,1,Government,,0.0,0.0,0.09090909090909091,0.0,0.25,0.06818181818181819,2,,,,,0.0,0.0,0.0,0.0,0.0
451352,TX,Rural/Access,0,1,Government,,0.0,0.0,0.0,0.0,0.25,0.05,1,,,,,,,0.0,,
451353,TX,Rural/Access,0,1,Government,,0.0,0.0,0.0,0.0,0.16666666666666666,0.03333333333333333,1,,,,,,,0.0,,
451354,TX,Rural/Access,0,1,Government,,0.14285714285714285,0.0,0.18181818181818182,0.0,0.4166666666666667,0.14826839826839827,3,0.0,0.0,,,0.0,0.0,0.0,0.0,0.0
451355,TX,Rural/Access,0,1,For-Profit,,0.0,0.0,0.09090909090909091,0.0,0.3333333333333333,0.08484848484848484,2,,,,,0.0,0.0,0.0,0.0,0.0
451356,TX,Rural/Access,0,1,Government,,0.2857142857142857,0.0,0.36363636363636365,0.0,0.25,0.17987012987012987,3,0.0,0.0,,,0.0,0.0,0.0,0.0,0.0
451358,TX,Rural/Access,0,1,Government,,0.0,0.0,0.0,0.0,0.0,0.0,0,,,,,,,0.0,,
451359,TX,Rural/Access,1,1,Government,,0.14285714285714285,0.0,0.18181818181818182,0.0,0.5,0.16493506493506493,3,0.0,0.0,,,0.0,0.0,0.0,0.0,0.0
451361,TX,Rural/Access,0,1,For-Profit,,0.14285714285714285,0.0,0.2727272727272727,0.0,0.4166666666666667,0.16645021645021646,3,0.0,0.0,,,0.0,0.0,0.0,0.0,0.0
451362,TX,Rural/Access,0,1,Government,,0.0,0.0,0.18181818181818182,0.0,0.08333333333333333,0.053030303030303025,2,,,,,0.5,0.0,1.0,0.5,0.5
451363,TX,Rural/Access,0,1,Government,,0.14285714285714285,0.0,0.09090909090909091,0.0,0.25,0.09675324675324674,3,0.0,0.0,,,0.0,0.0,0.0,0.0,0.0
451364,TX,Rural/Access,0,1,Government,,0.0,0.0,0.0,0.0,0.3333333333333333,0.06666666666666667,1,,,,,,,0.0,,
451365,TX,Rural/Access,0,1,Non-Profit,,0.2857142857142857,0.125,0.5454545454545454,0.0,0.5833333333333334,0.3079004329004329,4,0.0,0.0,0.0,0.0,0.0,0.0,0.0,0.0,0.0
451366,TX,Rural/Access,0,1,Government,,0.0,0.0,0.0,0.0,0.16666666666666666,0.03333333333333333,1,,,,,,,0.0,,
451367,TX,Rural/Access,0,1,For-Profit,2.0,0.42857142857142855,0.125,0.5454545454545454,0.0,0.75,0.3698051948051948,4,0.0,0.0,0.0,0.0,0.0,0.0,0.0,0.0,0.0
451369,TX,Rural/Access,0,1,For-Profit,,0.0,0.0,0.09090909090909091,0.0,0.16666666666666666,0.051515151515151514,2,,,,,0.0,0.0,0.0,0.0,0.0
451370,TX,Rural/Access,0,1,Government,,0.14285714285714285,0.125,0.36363636363636365,0.0,0.5,0.2262987012987013,4,0.0,0.0,0.0,0.0,0.0,0.25,-1.0,-0.16666666666666666,0.0
451371,TX,Rural/Access,0,1,Non-Profit,,0.0,0.0,0.09090909090909091,0.0,0.5,0.1181818181818182,2,,,,,0.0,0.0,0.0,0.0,0.0
451372,TX,Rural/Access,0,1,For-Profit,,0.0,0.0,0.0,0.0,0.16666666666666666,0.03333333333333333,1,,,,,,,0.0,,
451373,TX,Rural/Access,0,1,Government,,0.14285714285714285,0.0,0.18181818181818182,0.0,0.3333333333333333,0.13160173160173158,3,0.0,0.0,,,0.0,0.0,0.0,0.0,0.0
451374,TX,Rural/Access,0,1,Non-Profit,,0.14285714285714285,0.0,0.18181818181818182,0.0,0.5,0.16493506493506493,3,0.0,0.0,,,0.0,0.0,0.0,0.0,0.0
451375,TX,Rural/Access,0,1,Government,,0.0,0.0,0.09090909090909091,0.0,0.4166666666666667,0.10151515151515152,2,,,,,0.0,0.0,0.0,0.0,0.0
451376,TX,Rural/Access,0,1,Government,,0.2857142857142857,0.0,0.2727272727272727,0.0,0.3333333333333333,0.17835497835497835,3,0.0,0.0,,,0.0,0.0,0.0,0.0,0.0
451377,TX,Rural/Access,0,1,Government,,0.14285714285714285,0.0,0.18181818181818182,0.0,0.25,0.11493506493506493,3,0.0,0.0,,,0.5,0.0,1.0,0.3333333333333333,0.3333333333333333
451378,TX,Rural/Access,1,1,For-Profit,,0.14285714285714285,0.0,0.2727272727272727,0.0,0.6666666666666666,0.21645021645021645,3,0.0,0.0,,,0.0,0.0,0.0,0.0,0.0
451379,TX,Rural/Access,0,1,Government,,0.14285714285714285,0.25,0.2727272727272727,1.0,0.4166666666666667,0.41645021645021646,5,0.0,0.0,0.0,0.0,0.0,0.0,0.0,0.0,0.0
451380,TX,Rural/Access,0,1,For-Profit,4.0,0.42857142857142855,0.375,0.5454545454545454,0.0,0.8333333333333334,0.43647186147186146,4,0.0,0.0,0.0,0.0,0.16666666666666666,0.0,1.0,0.08333333333333333,0.08333333333333333
451381,TX,Rural/Access,0,1,Non-Profit,,0.0,0.0,0.09090909090909091,0.0,0.16666666666666666,0.051515151515151514,2,,,,,0.0,0.0,0.0,0.0,0.0
451382,TX,Rural/Access,0,1,Non-Profit,1.0,0.5714285714285714,0.125,0.45454545454545453,0.0,0.5833333333333334,0.34686147186147187,4,0.0,0.0,0.0,0.0,0.0,0.0,0.0,0.0,0.0
451384,TX,Rural/Access,0,1,Government,,0.14285714285714285,0.125,0.2727272727272727,0.0,0.5833333333333334,0.22478354978354975,4,0.0,0.0,0.0,0.0,0.0,0.0,0.0,0.0,0.0
451385,TX,Rural/Access,1,1,Government,,0.14285714285714285,0.0,0.18181818181818182,0.0,0.5833333333333334,0.1816017316017316,3,0.0,0.0,,,0.5,0.0,1.0,0.3333333333333333,0.3333333333333333
451386,TX,Rural/Access,0,1,Government,,0.0,0.0,0.45454545454545453,0.0,0.5833333333333334,0.20757575757575758,2,,,,,0.0,0.2,-1.0,-0.2,0.0
451387,TX,Rural/Access,1,1,Government,3.0,0.42857142857142855,0.25,0.8181818181818182,1.0,0.5833333333333334,0.616017316017316,5,0.0,0.0,0.0,0.0,0.0,0.1111111111111111,-1.0,-0.07142857142857142,0.0
451389,TX,Rural/Access,0,1,Government,,0.0,0.0,0.0,0.0,0.16666666666666666,0.03333333333333333,1,,,,,,,0.0,,
451390,TX,Rural/Access,0,1,Non-Profit,,0.0,0.0,0.0,0.0,0.16666666666666666,0.03333333333333333,1,,,,,,,0.0,,
451391,TX,Rural/Access,0,1,Non-Profit,,0.0,0.0,0.18181818181818182,0.0,0.5833333333333334,0.15303030303030302,2,,,,,0.0,0.0,0.0,0.0,0.0
451392,TX,Rural/Access,0,1,Government,,0.14285714285714285,0.125,0.2727272727272727,0.0,0.5833333333333334,0.22478354978354975,4,0.0,0.0,0.0,0.0,0.0,0.0,0.0,0.0,0.0
451393,TX,Rural/Access,0,1,For-Profit,,0.0,0.0,0.09090909090909091,0.0,0.16666666666666666,0.051515151515151514,2,,,,,0.0,0.0,0.0,0.0,0.0
451394,TX,Rural/Access,0,1,Government,,0.0,0.0,0.0,0.0,0.08333333333333333,0.016666666666666666,1,,,,,,,0.0,,
451395,TX,Rural/Access,0,1,Non-Profit,4.0,0.42857142857142855,0.125,0.45454545454545453,1.0,0.16666666666666666,0.4349567099567099,5,0.0,0.3333333333333333,0.0,0.0,0.0,0.0,-1.0,-0.1111111111111111,0.0
451396,TX,Rural/Access,0,1,For-Profit,,0.0,0.0,0.0,0.0,0.25,0.05,1,,,,,,,0.0,,
451397,TX,Rural/Access,1,1,Non-Profit,,0.2857142857142857,0.0,0.18181818181818182,0.0,0.6666666666666666,0.22683982683982684,3,0.0,0.0,,,0.5,0.0,1.0,0.25,0.25
451398,TX,Rural/Access,0,1,Non-Profit,,0.0,0.0,0.18181818181818182,0.0,0.3333333333333333,0.10303030303030303,2,,,,,0.0,0.0,0.0,0.0,0.0
451399,TX,Rural/Access,0,1,Government,,0.0,0.0,0.0,0.0,0.25,0.05,1,,,,,,,0.0,,
453300,TX,Childrens,0,1,Non-Profit,,0.0,0.0,0.0,0.0,0.0,0.0,0,,,,,,,0.0,,
453301,TX,Childrens,0,1,Non-Profit,,0.0,0.0,0.0,0.0,0.0,0.0,0,,,,,,,0.0,,
453302,TX,Childrens,0,1,Non-Profit,,0.0,0.0,0.0,0.0,0.0,0.0,0,,,,,,,0.0,,
453304,TX,Childrens,0,1,Non-Profit,,0.0,0.0,0.0,0.0,0.0,0.0,0,,,,,,,0.0,,
453306,TX,Childrens,0,1,Non-Profit,,0.0,0.0,0.0,0.0,0.0,0.0,0,,,,,,,0.0,,
453309,TX,Childrens,0,0,Non-Profit,,0.0,0.0,0.0,0.0,0.0,0.0,0,,,,,,,0.0,,
453310,TX,Childrens,0,1,Non-Profit,,0.0,0.0,0.0,0.0,0.0,0.0,0,,,,,,,0.0,,
453311,TX,Childrens,0,0,Non-Profit,,0.0,0.0,0.0,0.0,0.0,0.0,0,,,,,,,0.0,,
453313,TX,Childrens,0,1,Non-Profit,,0.0,0.0,0.0,0.0,0.0,0.0,0,,,,,,,0.0,,
453314,TX,Childrens,0,0,Non-Profit,,0.0,0.0,0.0,0.0,0.0,0.0,0,,,,,,,0.0,,
453315,TX,Childrens,0,1,Non-Profit,,0.0,0.0,0.0,0.0,0.0,0.0,0,,,,,,,0.0,,
453316,TX,Childrens,0,1,Non-Profit,,0.0,0.0,0.0,0.0,0.0,0.0,0,,,,,,,0.0,,
453317,TX,Childrens,0,1,Non-Profit,,0.0,0.0,0.0,0.0,0.0,0.0,0,,,,,,,0.0,,
453318,TX,Childrens,0,0,For-Profit,,0.0,0.0,0.0,0.0,0.0,0.0,0,,,,,,,0.0,,
453319,TX,Childrens,0,1,Non-Profit,,0.0,0.0,0.0,0.0,0.0,0.0,0,,,,,,,0.0,,
453321,TX,Childrens,0,1,Non-Profit,,0.0,0.0,0.0,0.0,0.0,0.0,0,,,,,,,0.0,,
454000,TX,Psychiatric,0,0,Government,,0.0,0.0,0.0,0.0,0.0,0.0,0,,,,,,,0.0,,
454006,TX,Psychiatric,0,0,Government,,0.0,0.0,0.0,0.0,0.0,0.0,0,,,,,,,0.0,,
454008,TX,Psychiatric,0,0,Government,,0.0,0.0,0.0,0.0,0.0,0.0,0,,,,,,,0.0,,
454009,TX,Psychiatric,0,0,Government,,0.0,0.0,0.0,0.0,0.0,0.0,0,,,,,,,0.0,,
454011,TX,Psychiatric,0,0,Government,,0.0,0.0,0.0,0.0,0.0,0.0,0,,,,,,,0.0,,
454012,TX,Psychiatric,0,0,For-Profit,,0.0,0.0,0.0,0.0,0.0,0.0,0,,,,,,,0.0,,
454018,TX,Psychiatric,0,0,For-Profit,,0.0,0.0,0.0,0.0,0.0,0.0,0,,,,,,,0.0,,
454026,TX,Psychiatric,0,0,For-Profit,,0.0,0.0,0.0,0.0,0.0,0.0,0,,,,,,,0.0,,
454050,TX,Psychiatric,0,0,For-Profit,,0.0,0.0,0.0,0.0,0.0,0.0,0,,,,,,,0.0,,
454060,TX,Psychiatric,0,0,For-Profit,,0.0,0.0,0.0,0.0,0.0,0.0,0,,,,,,,0.0,,
454064,TX,Psychiatric,0,0,For-Profit,,0.0,0.0,0.0,0.0,0.0,0.0,0,,,,,,,0.0,,
454065,TX,Psychiatric,0,0,For-Profit,,0.0,0.0,0.0,0.0,0.0,0.0,0,,,,,,,0.0,,
454076,TX,Psychiatric,0,0,Government,,0.0,0.0,0.0,0.0,0.0,0.0,0,,,,,,,0.0,,
454079,TX,Psychiatric,0,0,For-Profit,,0.0,0.0,0.0,0.0,0.0,0.0,0,,,,,,,0.0,,
454084,TX,Psychiatric,0,0,Government,,0.0,0.0,0.0,0.0,0.0,0.0,0,,,,,,,0.0,,
454088,TX,Psychiatric,0,0,Government,,0.0,0.0,0.0,0.0,0.0,0.0,0,,,,,,,0.0,,
454093,TX,Psychiatric,0,0,Non-Profit,,0.0,0.0,0.0,0.0,0.0,0.0,0,,,,,,,0.0,,
454094,TX,Psychiatric,0,0,Non-Profit,,0.0,0.0,0.0,0.0,0.0,0.0,0,,,,,,,0.0,,
454100,TX,Psychiatric,0,0,Government,,0.0,0.0,0.0,0.0,0.0,0.0,0,,,,,,,0.0,,
454101,TX,Psychiatric,0,0,For-Profit,,0.0,0.0,0.0,0.0,0.0,0.0,0,,,,,,,0.0,,
454103,TX,Psychiatric,0,0,For-Profit,,0.0,0.0,0.0,0.0,0.0,0.0,0,,,,,,,0.0,,
454104,TX,Psychiatric,0,0,Government,,0.0,0.0,0.0,0.0,0.0,0.0,0,,,,,,,0.0,,
454107,TX,Psychiatric,0,0,For-Profit,,0.0,0.0,0.0,0.0,0.0,0.0,0,,,,,,,0.0,,
454108,TX,Psychiatric,0,1,For-Profit,,0.0,0.0,0.0,0.0,0.0,0.0,0,,,,,,,0.0,,
454109,TX,Psychiatric,0,1,For-Profit,,0.0,0.0,0.0,0.0,0.0,0.0,0,,,,,,,0.0,,
454110,TX,Psychiatric,0,0,For-Profit,,0.0,0.0,0.0,0.0,0.0,0.0,0,,,,,,,0.0,,
454114,TX,Psychiatric,0,0,For-Profit,,0.0,0.0,0.0,0.0,0.0,0.0,0,,,,,,,0.0,,
454117,TX,Psychiatric,0,0,For-Profit,,0.0,0.0,0.0,0.0,0.0,0.0,0,,,,,,,0.0,,
454118,TX,Psychiatric,0,0,For-Profit,,0.0,0.0,0.0,0.0,0.0,0.0,0,,,,,,,0.0,,
454119,TX,Psychiatric,0,0,For-Profit,,0.0,0.0,0.0,0.0,0.0,0.0,0,,,,,,,0.0,,
454121,TX,Psychiatric,0,0,For-Profit,,0.0,0.0,0.0,0.0,0.0,0.0,0,,,,,,,0.0,,
454122,TX,Psychiatric,0,0,For-Profit,,0.0,0.0,0.0,0.0,0.0,0.0,0,,,,,,,0.0,,
454123,TX,Psychiatric,0,0,For-Profit,,0.0,0.0,0.0,0.0,0.0,0.0,0,,,,,,,0.0,,
454124,TX,Psychiatric,0,0,For-Profit,,0.0,0.0,0.0,0.0,0.0,0.0,0,,,,,,,0.0,,
454126,TX,Psychiatric,0,0,Non-Profit,,0.0,0.0,0.0,0.0,0.0,0.0,0,,,,,,,0.0,,
454127,TX,Psychiatric,0,0,For-Profit,,0.0,0.0,0.0,0.0,0.0,0.0,0,,,,,,,0.0,,
454128,TX,Psychiatric,0,0,For-Profit,,0.0,0.0,0.0,0.0,0.0,0.0,0,,,,,,,0.0,,
454129,TX,Psychiatric,0,0,For-Profit,,0.0,0.0,0.0,0.0,0.0,0.0,0,,,,,,,0.0,,
454131,TX,Psychiatric,0,1,For-Profit,,0.0,0.0,0.0,0.0,0.0,0.0,0,,,,,,,0.0,,
454132,TX,Psychiatric,0,0,For-Profit,,0.0,0.0,0.0,0.0,0.0,0.0,0,,,,,,,0.0,,
454133,TX,Psychiatric,0,0,For-Profit,,0.0,0.0,0.0,0.0,0.0,0.0,0,,,,,,,0.0,,
454135,TX,Psychiatric,0,0,For-Profit,,0.0,0.0,0.0,0.0,0.0,0.0,0,,,,,,,0.0,,
454136,TX,Psychiatric,0,0,For-Profit,,0.0,0.0,0.0,0.0,0.0,0.0,0,,,,,,,0.0,,
454139,TX,Psychiatric,0,1,For-Profit,,0.0,0.0,0.0,0.0,0.0,0.0,0,,,,,,,0.0,,
454141,TX,Psychiatric,0,0,For-Profit,,0.0,0.0,0.0,0.0,0.0,0.0,0,,,,,,,0.0,,
454144,TX,Psychiatric,0,0,For-Profit,,0.0,0.0,0.0,0.0,0.0,0.0,0,,,,,,,0.0,,
454146,TX,Psychiatric,0,0,For-Profit,,0.0,0.0,0.0,0.0,0.0,0.0,0,,,,,,,0.0,,
454147,TX,Psychiatric,0,0,For-Profit,,0.0,0.0,0.0,0.0,0.0,0.0,0,,,,,,,0.0,,
454148,TX,Psychiatric,0,0,For-Profit,,0.0,0.0,0.0,0.0,0.0,0.0,0,,,,,,,0.0,,
454149,TX,Psychiatric,0,0,For-Profit,,0.0,0.0,0.0,0.0,0.0,0.0,0,,,,,,,0.0,,
454150,TX,Psychiatric,0,0,For-Profit,,0.0,0.0,0.0,0.0,0.0,0.0,0,,,,,,,0.0,,
454151,TX,Psychiatric,0,0,For-Profit,,0.0,0.0,0.0,0.0,0.0,0.0,0,,,,,,,0.0,,
454152,TX,Psychiatric,0,0,For-Profit,,0.0,0.0,0.0,0.0,0.0,0.0,0,,,,,,,0.0,,
454153,TX,Psychiatric,0,0,For-Profit,,0.0,0.0,0.0,0.0,0.0,0.0,0,,,,,,,0.0,,
454154,TX,Psychiatric,0,0,For-Profit,,0.0,0.0,0.0,0.0,0.0,0.0,0,,,,,,,0.0,,
454155,TX,Psychiatric,0,0,For-Profit,,0.0,0.0,0.0,0.0,0.0,0.0,0,,,,,,,0.0,,
454156,TX,Psychiatric,0,0,For-Profit,,0.0,0.0,0.0,0.0,0.0,0.0,0,,,,,,,0.0,,
454157,TX,Psychiatric,0,0,For-Profit,,0.0,0.0,0.0,0.0,0.0,0.0,0,,,,,,,0.0,,
454158,TX,Psychiatric,0,0,For-Profit,,0.0,0.0,0.0,0.0,0.0,0.0,0,,,,,,,0.0,,
454159,TX,Psychiatric,0,1,Non-Profit,,0.0,0.0,0.0,0.0,0.0,0.0,0,,,,,,,0.0,,
454161,TX,Psychiatric,0,0,For-Profit,,0.0,0.0,0.0,0.0,0.0,0.0,0,,,,,,,0.0,,
460001,UT,Acute Care,1,1,Non-Profit,5.0,0.8571428571428571,1.0,0.9090909090909091,1.0,0.9166666666666666,0.9365800865800866,5,0.0,0.0,0.5,0.0,0.2,0.0,6.0,0.25,0.25
460003,UT,Acute Care,0,1,For-Profit,2.0,0.42857142857142855,0.625,0.6363636363636364,1.0,0.6666666666666666,0.6713203463203463,5,0.0,0.0,0.0,0.0,0.0,0.0,0.0,0.0,0.0
460004,UT,Acute Care,1,1,Non-Profit,5.0,1.0,0.875,1.0,1.0,1.0,0.975,5,0.0,0.0,0.2857142857142857,0.0,0.36363636363636365,0.0,6.0,0.24,0.24
460005,UT,Acute Care,0,1,For-Profit,3.0,0.8571428571428571,0.875,0.6363636363636364,1.0,0.75,0.8237012987012987,5,0.0,0.0,0.0,0.0,0.0,0.0,0.0,0.0,0.0
460006,UT,Acute Care,1,1,Non-Profit,4.0,0.2857142857142857,1.0,0.7272727272727273,1.0,0.75,0.7525974025974026,5,0.0,0.0,0.0,0.0,0.0,0.0,0.0,0.0,0.0
460007,UT,Acute Care,1,1,Non-Profit,,0.2857142857142857,0.25,0.6363636363636364,1.0,1.0,0.6344155844155844,5,0.0,0.0,0.0,0.0,0.14285714285714285,0.0,1.0,0.09090909090909091,0.09090909090909091
460009,UT,Acute Care,1,1,Government,5.0,1.0,1.0,1.0,1.0,0.9166666666666666,0.9833333333333334,5,0.14285714285714285,0.0,0.125,0.125,0.09090909090909091,0.0,2.0,0.07692307692307693,0.11538461538461539
460010,UT,Acute Care,1,1,Non-Profit,5.0,1.0,0.875,0.9090909090909091,1.0,0.9166666666666666,0.9401515151515152,5,0.2857142857142857,0.0,0.2857142857142857,0.0,0.4,0.0,8.0,0.3333333333333333,0.3333333333333333
460011,UT,Acute Care,1,1,For-Profit,3.0,0.2857142857142857,0.375,0.5454545454545454,1.0,0.9166666666666666,0.6245670995670995,5,0.0,0.0,0.0,0.0,0.3333333333333333,0.0,2.0,0.18181818181818182,0.18181818181818182
460013,UT,Acute Care,1,1,For-Profit,5.0,0.42857142857142855,0.375,0.5454545454545454,1.0,0.8333333333333334,0.6364718614718614,5,0.0,0.0,0.3333333333333333,0.0,0.0,0.16666666666666666,0.0,0.0,0.08333333333333333
460014,UT,Acute Care,1,1,For-Profit,,0.2857142857142857,0.125,0.5454545454545454,1.0,0.8333333333333334,0.5579004329004329,5,0.0,0.0,0.0,0.0,0.0,0.16666666666666666,-1.0,-0.1111111111111111,0.0
460015,UT,Acute Care,1,1,Non-Profit,5.0,0.42857142857142855,0.625,0.6363636363636364,1.0,1.0,0.737987012987013,5,0.0,0.0,0.0,0.0,0.2857142857142857,0.0,2.0,0.13333333333333333,0.13333333333333333
460017,UT,Acute Care,1,1,For-Profit,,0.2857142857142857,0.125,0.45454545454545453,1.0,0.8333333333333334,0.5397186147186147,5,0.0,0.0,0.0,0.0,0.0,0.0,0.0,0.0,0.0
460019,UT,Acute Care,1,1,Non-Profit,2.0,0.2857142857142857,0.375,0.5454545454545454,1.0,0.9166666666666666,0.6245670995670995,5,0.0,0.0,0.0,0.0,0.16666666666666666,0.0,1.0,0.09090909090909091,0.09090909090909091
460021,UT,Acute Care,1,1,Non-Profit,4.0,1.0,1.0,1.0,1.0,1.0,1.0,5,0.14285714285714285,0.0,0.375,0.0,0.18181818181818182,0.0,6.0,0.23076923076923078,0.23076923076923078
460023,UT,Acute Care,1,1,Non-Profit,4.0,0.2857142857142857,0.5,0.45454545454545453,1.0,0.8333333333333334,0.6147186147186148,5,0.0,0.0,0.25,0.0,0.4,0.0,3.0,0.2727272727272727,0.2727272727272727
460026,UT,Acute Care,1,1,Non-Profit,,0.14285714285714285,0.125,0.5454545454545454,1.0,0.9166666666666666,0.5459956709956709,5,0.0,0.0,0.0,0.0,0.0,0.0,0.0,0.0,0.0
46002F,UT,Acute Care,0,1,Government,5.0,0.7142857142857143,0.5,0.5454545454545454,1.0,0.4166666666666667,0.6352813852813852,5,0.4,0.0,0.0,0.0,0.16666666666666666,0.0,3.0,0.2,0.2
460030,UT,Acute Care,1,1,For-Profit,,0.2857142857142857,0.25,0.45454545454545453,1.0,0.75,0.548051948051948,5,0.0,0.0,0.0,0.0,0.0,0.0,0.0,0.0,0.0
460039,UT,Acute Care,1,1,Non-Profit,,0.0,0.0,0.18181818181818182,0.0,0.75,0.18636363636363637,2,,,,,0.0,0.0,0.0,0.0,0.0
460041,UT,Acute Care,1,1,Non-Profit,4.0,0.7142857142857143,0.75,0.6363636363636364,1.0,0.8333333333333334,0.7867965367965368,5,0.0,0.0,0.0,0.0,0.14285714285714285,0.0,1.0,0.05555555555555555,0.05555555555555555
460042,UT,Acute Care,0,1,Non-Profit,5.0,0.5714285714285714,0.25,0.36363636363636365,1.0,0.75,0.587012987012987,5,0.0,0.0,0.5,0.0,0.5,0.0,3.0,0.3,0.3
460043,UT,Acute Care,1,1,Non-Profit,,0.0,0.0,0.09090909090909091,0.0,0.5833333333333334,0.13484848484848486,2,,,,,0.0,0.0,0.0,0.0,0.0
460044,UT,Acute Care,1,1,Non-Profit,4.0,0.2857142857142857,0.375,0.5454545454545454,1.0,0.8333333333333334,0.6079004329004329,5,0.0,0.0,0.0,0.0,0.16666666666666666,0.0,1.0,0.09090909090909091,0.09090909090909091
460047,UT,Acute Care,1,1,For-Profit,4.0,1.0,1.0,0.8181818181818182,1.0,0.9166666666666666,0.946969696969697,5,0.0,0.0,0.25,0.0,0.2222222222222222,0.0,4.0,0.16666666666666666,0.16666666666666666
460051,UT,Acute Care,1,1,Non-Profit,3.0,0.8571428571428571,0.75,0.7272727272727273,1.0,1.0,0.8668831168831168,5,0.0,0.0,0.16666666666666666,0.0,0.0,0.0,1.0,0.05,0.05
460052,UT,Acute Care,1,1,For-Profit,4.0,0.42857142857142855,0.5,0.5454545454545454,1.0,0.8333333333333334,0.6614718614718614,5,0.0,0.0,0.25,0.0,0.16666666666666666,0.0,2.0,0.15384615384615385,0.15384615384615385
460054,UT,Acute Care,1,1,For-Profit,,0.0,0.125,0.18181818181818182,0.0,0.6666666666666666,0.19469696969696967,3,,,0.0,0.0,0.0,0.0,0.0,0.0,0.0
460057,UT,Acute Care,1,1,For-Profit,4.0,0.14285714285714285,0.375,0.45454545454545453,1.0,0.75,0.5444805194805195,5,0.0,0.0,0.0,0.0,0.0,0.0,0.0,0.0,0.0
460058,UT,Acute Care,1,1,Non-Profit,4.0,0.2857142857142857,0.375,0.45454545454545453,1.0,0.9166666666666666,0.6063852813852814,5,0.0,0.0,0.0,0.0,0.0,0.0,0.0,0.0,0.0
460060,UT,Acute Care,1,1,For-Profit,5.0,0.2857142857142857,0.375,0.5454545454545454,1.0,0.8333333333333334,0.6079004329004329,5,0.0,0.0,0.0,0.0,0.3333333333333333,0.0,2.0,0.18181818181818182,0.18181818181818182
460061,UT,Acute Care,1,1,Non-Profit,,0.2857142857142857,0.25,0.45454545454545453,1.0,0.9166666666666666,0.5813852813852813,5,0.0,0.0,0.0,0.0,0.0,0.0,0.0,0.0,0.0
460062,UT,Acute Care,1,1,Non-Profit,,0.14285714285714285,0.25,0.36363636363636365,1.0,0.75,0.5012987012987014,5,0.0,0.0,0.0,0.0,0.25,0.0,1.0,0.14285714285714285,0.14285714285714285
461300,UT,Rural/Access,1,1,Non-Profit,,0.0,0.0,0.18181818181818182,0.0,0.6666666666666666,0.16969696969696968,2,,,,,0.0,0.0,0.0,0.0,0.0
461301,UT,Rural/Access,1,1,Non-Profit,,0.0,0.0,0.18181818181818182,0.0,0.6666666666666666,0.16969696969696968,2,,,,,0.0,0.0,0.0,0.0,0.0
461302,UT,Rural/Access,0,1,Non-Profit,,0.0,0.0,0.09090909090909091,0.0,0.08333333333333333,0.03484848484848485,2,,,,,0.0,0.0,0.0,0.0,0.0
461303,UT,Rural/Access,1,1,Non-Profit,,0.0,0.0,0.2727272727272727,0.0,0.75,0.20454545454545453,2,,,,,0.0,0.0,0.0,0.0,0.0
461304,UT,Rural/Access,1,1,Non-Profit,,0.2857142857142857,0.125,0.5454545454545454,1.0,0.4166666666666667,0.4745670995670995,5,0.0,0.0,0.0,0.0,0.0,0.0,0.0,0.0,0.0
461305,UT,Rural/Access,0,1,Non-Profit,,0.0,0.0,0.0,0.0,0.16666666666666666,0.03333333333333333,1,,,,,,,0.0,,
461306,UT,Rural/Access,0,1,Non-Profit,,0.14285714285714285,0.125,0.45454545454545453,0.0,0.3333333333333333,0.21114718614718614,4,0.0,0.0,0.0,0.0,0.2,0.0,1.0,0.14285714285714285,0.14285714285714285
461307,UT,Rural/Access,1,1,Non-Profit,,0.0,0.0,0.36363636363636365,1.0,0.8333333333333334,0.43939393939393945,3,,,,,0.0,0.0,0.0,0.0,0.0
461308,UT,Rural/Access,0,1,Non-Profit,,0.0,0.125,0.18181818181818182,0.0,0.5,0.16136363636363638,3,,,0.0,0.0,0.0,0.0,0.0,0.0,0.0
461309,UT,Rural/Access,0,1,Government,,0.0,0.0,0.18181818181818182,0.0,0.25,0.08636363636363636,2,,,,,0.0,0.0,0.0,0.0,0.0
461310,UT,Rural/Access,0,1,Non-Profit,,0.0,0.0,0.09090909090909091,0.0,0.25,0.06818181818181819,2,,,,,0.0,0.0,0.0,0.0,0.0
461333,UT,Rural/Access,1,1,Non-Profit,,0.14285714285714285,0.0,0.18181818181818182,0.0,0.6666666666666666,0.19826839826839826,3,0.0,0.0,,,0.0,0.0,0.0,0.0,0.0
461335,UT,Rural/Access,0,1,Government,,0.14285714285714285,0.0,0.2727272727272727,0.0,0.25,0.1331168831168831,3,0.0,0.0,,,0.0,0.0,0.0,0.0,0.0
463301,UT,Childrens,0,1,Non-Profit,,0.0,0.0,0.0,0.0,0.0,0.0,0,,,,,,,0.0,,
464001,UT,Psychiatric,0,1,Government,,0.0,0.0,0.0,0.0,0.0,0.0,0,,,,,,,0.0,,
464012,UT,Psychiatric,0,0,For-Profit,,0.0,0.0,0.0,0.0,0.0,0.0,0,,,,,,,0.0,,
464013,UT,Psychiatric,0,0,For-Profit,,0.0,0.0,0.0,0.0,0.0,0.0,0,,,,,,,0.0,,
464014,UT,Psychiatric,0,0,For-Profit,,0.0,0.0,0.0,0.0,0.0,0.0,0,,,,,,,0.0,,
470001,VT,Acute Care,1,1,Non-Profit,2.0,0.7142857142857143,0.5,0.8181818181818182,1.0,0.9166666666666666,0.7898268398268399,5,0.0,0.0,0.0,0.25,0.0,0.1111111111111111,-2.0,-0.1111111111111111,0.0
470003,VT,Acute Care,1,1,Non-Profit,3.0,1.0,1.0,1.0,1.0,1.0,1.0,5,0.2857142857142857,0.14285714285714285,0.125,0.25,0.09090909090909091,0.09090909090909091,0.0,0.0,0.15384615384615385
470005,VT,Acute Care,1,1,Non-Profit,1.0,0.7142857142857143,0.875,0.8181818181818182,1.0,1.0,0.8814935064935066,5,0.0,0.2,0.0,0.0,0.2222222222222222,0.0,1.0,0.047619047619047616,0.09523809523809523
470011,VT,Acute Care,1,1,Non-Profit,3.0,0.5714285714285714,0.375,0.8181818181818182,1.0,0.75,0.702922077922078,5,0.0,0.0,0.0,0.0,0.0,0.0,0.0,0.0,0.0
470012,VT,Acute Care,1,1,Non-Profit,4.0,0.7142857142857143,0.375,0.8181818181818182,1.0,1.0,0.7814935064935066,5,0.0,0.0,0.0,0.0,0.1111111111111111,0.0,1.0,0.058823529411764705,0.058823529411764705
47001F,VT,Acute Care,0,1,Government,4.0,0.42857142857142855,0.25,0.45454545454545453,1.0,0.4166666666666667,0.5099567099567099,5,0.0,0.0,0.0,0.0,0.2,0.0,1.0,0.1,0.1
470024,VT,Acute Care,1,1,Non-Profit,3.0,0.7142857142857143,0.375,0.6363636363636364,1.0,0.9166666666666666,0.7284632034632035,5,0.0,0.2,0.0,0.0,0.14285714285714285,0.0,0.0,0.0,0.06666666666666667
471300,VT,Rural/Access,0,0,Non-Profit,,0.0,0.0,0.09090909090909091,0.0,0.3333333333333333,0.08484848484848484,2,,,,,0.0,0.0,0.0,0.0,0.0
471301,VT,Rural/Access,0,1,Non-Profit,4.0,0.5714285714285714,0.125,0.45454545454545453,1.0,0.3333333333333333,0.49686147186147195,5,0.0,0.0,0.0,0.0,0.0,0.0,0.0,0.0,0.0
471302,VT,Rural/Access,0,1,Non-Profit,,0.2857142857142857,0.125,0.2727272727272727,1.0,0.16666666666666666,0.37002164502164503,5,0.0,0.0,0.0,0.0,0.0,0.0,0.0,0.0,0.0
471303,VT,Rural/Access,1,1,Non-Profit,3.0,0.7142857142857143,0.25,0.36363636363636365,1.0,0.16666666666666666,0.49891774891774887,5,0.0,0.0,0.0,0.0,0.0,0.0,0.0,0.0,0.0
471304,VT,Rural/Access,0,1,Non-Profit,2.0,0.7142857142857143,0.125,0.5454545454545454,1.0,0.25,0.5269480519480519,5,0.0,0.2,0.0,0.0,0.0,0.0,-1.0,-0.08333333333333333,0.0
471305,VT,Rural/Access,0,1,Non-Profit,3.0,0.5714285714285714,0.25,0.8181818181818182,1.0,0.3333333333333333,0.5945887445887446,5,0.0,0.0,0.0,0.0,0.0,0.1111111111111111,-1.0,-0.06666666666666667,0.0
471306,VT,Rural/Access,0,1,Non-Profit,2.0,0.5714285714285714,0.125,0.36363636363636365,0.0,0.25,0.262012987012987,4,0.0,0.0,0.0,0.0,0.0,0.0,0.0,0.0,0.0
471307,VT,Rural/Access,1,1,Non-Profit,3.0,0.5714285714285714,0.25,0.6363636363636364,1.0,0.5,0.5915584415584416,5,0.0,0.0,0.0,0.0,0.0,0.0,0.0,0.0,0.0
474001,VT,Psychiatric,0,1,Non-Profit,,0.0,0.0,0.0,0.0,0.0,0.0,0,,,,,,,0.0,,
474004,VT,Psychiatric,0,0,Government,,0.0,0.0,0.0,0.0,0.0,0.0,0,,,,,,,0.0,,
480001,VI,Acute Care,0,1,Government,1.0,0.42857142857142855,0.25,0.45454545454545453,1.0,0.4166666666666667,0.5099567099567099,5,0.0,0.3333333333333333,0.5,0.0,0.0,0.0,0.0,0.0,0.1
480002,VI,Acute Care,0,1,Government,1.0,0.42857142857142855,0.0,0.2727272727272727,1.0,0.08333333333333333,0.3569264069264069,4,0.0,0.0,,,0.0,0.0,0.0,0.0,0.0
490002,VA,Acute Care,0,1,Non-Profit,3.0,0.42857142857142855,0.125,0.36363636363636365,1.0,0.5833333333333334,0.5001082251082252,5,0.0,0.0,0.0,0.0,0.0,0.0,0.0,0.0,0.0
490004,VA,Acute Care,1,1,Non-Profit,4.0,1.0,0.875,1.0,1.0,1.0,0.975,5,0.14285714285714285,0.0,0.14285714285714285,0.0,0.0,0.0,2.0,0.08,0.08
490005,VA,Acute Care,1,1,Non-Profit,4.0,1.0,0.875,1.0,1.0,0.9166666666666666,0.9583333333333334,5,0.0,0.14285714285714285,0.2857142857142857,0.0,0.0,0.18181818181818182,-1.0,-0.04,0.08
490007,VA,Acute Care,1,1,Non-Profit,3.0,1.0,0.75,0.9090909090909091,1.0,0.9166666666666666,0.9151515151515153,5,0.0,0.0,0.5,0.16666666666666666,0.0,0.2,0.0,0.0,0.13043478260869565
490009,VA,Acute Care,1,1,Government,4.0,1.0,1.0,1.0,1.0,0.9166666666666666,0.9833333333333334,5,0.0,0.0,0.125,0.0,0.36363636363636365,0.18181818181818182,3.0,0.11538461538461539,0.19230769230769232
490013,VA,Acute Care,0,1,Non-Profit,3.0,0.5714285714285714,0.25,0.7272727272727273,1.0,0.75,0.6597402597402597,5,0.0,0.0,0.5,0.0,0.0,0.0,1.0,0.07142857142857142,0.07142857142857142
490017,VA,Acute Care,0,1,Non-Profit,3.0,1.0,0.875,1.0,1.0,0.8333333333333334,0.9416666666666667,5,0.0,0.14285714285714285,0.42857142857142855,0.0,0.0,0.0,2.0,0.08,0.12
490018,VA,Acute Care,1,1,Non-Profit,4.0,0.8571428571428571,1.0,0.9090909090909091,1.0,1.0,0.9532467532467532,5,0.0,0.16666666666666666,0.125,0.0,0.2,0.1,1.0,0.041666666666666664,0.125
490019,VA,Acute Care,1,1,Non-Profit,3.0,0.7142857142857143,0.375,0.7272727272727273,1.0,0.8333333333333334,0.7299783549783551,5,0.0,0.0,0.3333333333333333,0.0,0.0,0.0,1.0,0.0625,0.0625
49001F,VA,Acute Care,0,1,Government,,0.0,0.0,0.0,0.0,0.0,0.0,0,,,,,,,0.0,,
490020,VA,Acute Care,0,1,For-Profit,3.0,0.7142857142857143,0.625,0.6363636363636364,1.0,0.75,0.7451298701298701,5,0.0,0.0,0.2,0.0,0.0,0.0,1.0,0.058823529411764705,0.058823529411764705
490021,VA,Acute Care,1,1,Non-Profit,3.0,1.0,1.0,1.0,1.0,0.8333333333333334,0.9666666666666666,5,0.0,0.0,0.25,0.125,0.09090909090909091,0.18181818181818182,0.0,0.0,0.11538461538461539
490022,VA,Acute Care,1,1,Non-Profit,2.0,1.0,0.875,1.0,1.0,0.9166666666666666,0.9583333333333334,5,0.0,0.0,0.2857142857142857,0.14285714285714285,0.0,0.36363636363636365,-3.0,-0.12,0.08
490023,VA,Acute Care,1,1,For-Profit,3.0,0.7142857142857143,0.375,0.6363636363636364,1.0,0.9166666666666666,0.7284632034632035,5,0.0,0.0,0.3333333333333333,0.0,0.14285714285714285,0.0,2.0,0.13333333333333333,0.13333333333333333
490024,VA,Acute Care,1,1,Non-Profit,4.0,1.0,1.0,1.0,1.0,0.9166666666666666,0.9833333333333334,5,0.0,0.2857142857142857,0.125,0.0,0.09090909090909091,0.0,0.0,0.0,0.07692307692307693
490032,VA,Acute Care,1,1,Government,4.0,1.0,1.0,1.0,1.0,0.9166666666666666,0.9833333333333334,5,0.14285714285714285,0.0,0.375,0.0,0.0,0.0,4.0,0.15384615384615385,0.15384615384615385
490033,VA,Acute Care,0,1,Non-Profit,3.0,0.7142857142857143,0.25,0.5454545454545454,1.0,0.8333333333333334,0.6686147186147187,5,0.0,0.0,0.0,0.0,0.16666666666666666,0.0,1.0,0.07692307692307693,0.07692307692307693
490037,VA,Acute Care,1,1,Non-Profit,3.0,0.7142857142857143,0.25,0.7272727272727273,1.0,0.9166666666666666,0.7216450216450216,5,0.0,0.0,0.5,0.0,0.0,0.0,1.0,0.06666666666666667,0.06666666666666667
490038,VA,Acute Care,0,1,Non-Profit,3.0,0.42857142857142855,0.125,0.7272727272727273,1.0,0.6666666666666666,0.5895021645021645,5,0.0,0.0,0.0,0.0,0.0,0.125,-1.0,-0.08333333333333333,0.0
490040,VA,Acute Care,1,1,Non-Profit,4.0,0.8571428571428571,0.875,0.7272727272727273,1.0,0.9166666666666666,0.8752164502164502,5,0.16666666666666666,0.0,0.2857142857142857,0.0,0.125,0.375,1.0,0.047619047619047616,0.19047619047619047
490041,VA,Acute Care,1,1,Non-Profit,3.0,0.7142857142857143,0.625,0.7272727272727273,1.0,0.75,0.7633116883116884,5,0.0,0.0,0.2,0.0,0.125,0.0,2.0,0.1111111111111111,0.1111111111111111
490042,VA,Acute Care,1,1,Non-Profit,4.0,0.8571428571428571,0.75,0.8181818181818182,1.0,1.0,0.8850649350649352,5,0.0,0.0,0.16666666666666666,0.0,0.0,0.0,1.0,0.047619047619047616,0.047619047619047616
490043,VA,Acute Care,1,1,Non-Profit,5.0,0.8571428571428571,0.875,0.9090909090909091,1.0,1.0,0.9282467532467532,5,0.3333333333333333,0.0,0.14285714285714285,0.0,0.0,0.1,2.0,0.08695652173913043,0.13043478260869565
490044,VA,Acute Care,1,1,Non-Profit,4.0,0.8571428571428571,1.0,0.7272727272727273,1.0,1.0,0.9168831168831169,5,0.0,0.0,0.125,0.0,0.0,0.125,0.0,0.0,0.045454545454545456
490045,VA,Acute Care,1,1,Non-Profit,4.0,0.8571428571428571,0.625,0.6363636363636364,1.0,0.6666666666666666,0.757034632034632,5,0.0,0.0,0.2,0.0,0.0,0.0,1.0,0.05555555555555555,0.05555555555555555
490046,VA,Acute Care,1,0,Non-Profit,4.0,0.8571428571428571,0.875,0.7272727272727273,1.0,1.0,0.8918831168831168,5,0.0,0.0,0.42857142857142855,0.0,0.125,0.25,2.0,0.09523809523809523,0.19047619047619047
490048,VA,Acute Care,0,1,For-Profit,2.0,1.0,0.875,1.0,1.0,0.9166666666666666,0.9583333333333334,5,0.0,0.0,0.14285714285714285,0.0,0.0,0.18181818181818182,-1.0,-0.04,0.04
490050,VA,Acute Care,1,1,Non-Profit,5.0,1.0,1.0,0.8181818181818182,1.0,0.9166666666666666,0.946969696969697,5,0.0,0.0,0.125,0.0,0.1111111111111111,0.1111111111111111,1.0,0.041666666666666664,0.08333333333333333
490052,VA,Acute Care,1,1,Non-Profit,3.0,1.0,0.875,0.9090909090909091,1.0,1.0,0.9568181818181818,5,0.0,0.14285714285714285,0.42857142857142855,0.0,0.0,0.0,2.0,0.08333333333333333,0.125
490053,VA,Acute Care,1,1,Non-Profit,3.0,0.8571428571428571,0.75,0.8181818181818182,1.0,0.9166666666666666,0.8683982683982684,5,0.0,0.0,0.16666666666666666,0.0,0.0,0.1111111111111111,0.0,0.0,0.047619047619047616
490057,VA,Acute Care,0,1,Non-Profit,4.0,1.0,0.75,0.7272727272727273,1.0,0.9166666666666666,0.8787878787878789,5,0.0,0.0,0.3333333333333333,0.0,0.0,0.25,0.0,0.0,0.09523809523809523
490059,VA,Acute Care,1,1,Non-Profit,3.0,1.0,1.0,1.0,1.0,0.9166666666666666,0.9833333333333334,5,0.14285714285714285,0.0,0.25,0.125,0.18181818181818182,0.0,4.0,0.15384615384615385,0.19230769230769232
490060,VA,Acute Care,1,1,For-Profit,3.0,0.7142857142857143,0.5,0.7272727272727273,1.0,0.9166666666666666,0.7716450216450217,5,0.0,0.0,0.25,0.0,0.0,0.0,1.0,0.058823529411764705,0.058823529411764705
490063,VA,Acute Care,1,1,Non-Profit,5.0,1.0,1.0,1.0,1.0,0.9166666666666666,0.9833333333333334,5,0.2857142857142857,0.0,0.5,0.0,0.0,0.09090909090909091,5.0,0.19230769230769232,0.23076923076923078
490066,VA,Acute Care,1,1,Non-Profit,4.0,0.8571428571428571,0.75,0.7272727272727273,1.0,1.0,0.8668831168831168,5,0.16666666666666666,0.0,0.16666666666666666,0.0,0.125,0.125,2.0,0.1,0.15
490067,VA,Acute Care,1,1,For-Profit,1.0,0.8571428571428571,0.75,0.6363636363636364,1.0,0.8333333333333334,0.8153679653679653,5,0.0,0.0,0.16666666666666666,0.16666666666666666,0.0,0.2857142857142857,-2.0,-0.10526315789473684,0.05263157894736842
490069,VA,Acute Care,1,1,Non-Profit,4.0,1.0,0.875,1.0,1.0,0.9166666666666666,0.9583333333333334,5,0.0,0.0,0.14285714285714285,0.0,0.09090909090909091,0.0,2.0,0.08,0.08
49006F,VA,Acute Care,0,1,Government,4.0,0.42857142857142855,0.25,0.45454545454545453,1.0,0.4166666666666667,0.5099567099567099,5,0.0,0.0,0.0,0.0,0.0,0.2,-1.0,-0.1,0.0
490075,VA,Acute Care,1,1,For-Profit,2.0,0.8571428571428571,0.875,0.9090909090909091,1.0,0.9166666666666666,0.9115800865800866,5,0.0,0.0,0.14285714285714285,0.0,0.0,0.1,0.0,0.0,0.043478260869565216
490077,VA,Acute Care,1,1,Non-Profit,5.0,0.8571428571428571,0.875,0.9090909090909091,1.0,0.9166666666666666,0.9115800865800866,5,0.0,0.0,0.14285714285714285,0.14285714285714285,0.2,0.0,2.0,0.08695652173913043,0.13043478260869565
490084,VA,Acute Care,0,1,Non-Profit,4.0,0.5714285714285714,0.375,0.8181818181818182,1.0,0.75,0.702922077922078,5,0.0,0.0,0.0,0.0,0.0,0.0,0.0,0.0,0.0
490088,VA,Acute Care,0,1,Non-Profit,4.0,0.5714285714285714,0.25,0.5454545454545454,1.0,0.8333333333333334,0.6400432900432901,5,0.0,0.0,0.0,0.0,0.0,0.0,0.0,0.0,0.0
490089,VA,Acute Care,0,1,Non-Profit,4.0,0.5714285714285714,0.25,0.5454545454545454,1.0,0.75,0.6233766233766234,5,0.0,0.0,0.0,0.0,0.0,0.0,0.0,0.0,0.0
49008F,VA,Acute Care,0,1,Government,,0.0,0.0,0.0,0.0,0.0,0.0,0,,,,,,,0.0,,
490090,VA,Acute Care,1,1,Non-Profit,4.0,0.7142857142857143,0.375,0.7272727272727273,1.0,0.8333333333333334,0.7299783549783551,5,0.0,0.0,0.0,0.0,0.0,0.0,0.0,0.0,0.0
490092,VA,Acute Care,0,1,Non-Profit,3.0,0.42857142857142855,0.25,0.45454545454545453,1.0,0.8333333333333334,0.5932900432900433,5,0.0,0.0,0.0,0.0,0.0,0.0,0.0,0.0,0.0
490093,VA,Acute Care,1,1,Non-Profit,4.0,0.8571428571428571,0.75,0.6363636363636364,1.0,0.9166666666666666,0.8320346320346321,5,0.0,0.0,0.16666666666666666,0.0,0.0,0.14285714285714285,0.0,0.0,0.05263157894736842
490094,VA,Acute Care,0,1,Non-Profit,,0.0,0.125,0.2727272727272727,0.0,0.6666666666666666,0.2128787878787879,3,,,1.0,0.0,0.0,0.0,1.0,0.25,0.25
490097,VA,Acute Care,0,1,For-Profit,,0.2857142857142857,0.0,0.36363636363636365,0.0,0.6666666666666666,0.26320346320346316,3,0.0,0.0,,,0.0,0.0,0.0,0.0,0.0
490098,VA,Acute Care,1,1,Government,3.0,0.5714285714285714,0.375,0.7272727272727273,1.0,0.9166666666666666,0.7180735930735931,5,0.0,0.0,0.3333333333333333,0.0,0.125,0.125,1.0,0.06666666666666667,0.13333333333333333
490101,VA,Acute Care,1,0,Non-Profit,5.0,0.8571428571428571,0.875,0.6363636363636364,1.0,1.0,0.8737012987012986,5,0.0,0.0,0.2857142857142857,0.0,0.0,0.14285714285714285,1.0,0.05,0.1
490104,VA,Acute Care,0,0,Government,,0.0,0.0,0.0,0.0,0.08333333333333333,0.016666666666666666,1,,,,,,,0.0,,
490107,VA,Acute Care,0,1,Non-Profit,3.0,0.8571428571428571,0.875,0.7272727272727273,1.0,0.8333333333333334,0.8585497835497835,5,0.0,0.0,0.5714285714285714,0.0,0.0,0.25,2.0,0.09523809523809523,0.19047619047619047
49010F,VA,Acute Care,0,1,Government,5.0,0.7142857142857143,0.5,0.5454545454545454,1.0,0.5,0.6519480519480519,5,0.4,0.0,0.0,0.0,0.3333333333333333,0.0,4.0,0.26666666666666666,0.26666666666666666
490110,VA,Acute Care,0,1,For-Profit,3.0,0.8571428571428571,0.875,0.7272727272727273,1.0,0.9166666666666666,0.8752164502164502,5,0.0,0.0,0.0,0.0,0.125,0.125,0.0,0.0,0.047619047619047616
490111,VA,Acute Care,1,1,For-Profit,4.0,0.5714285714285714,0.375,0.6363636363636364,1.0,0.8333333333333334,0.6832251082251083,5,0.0,0.0,0.0,0.0,0.0,0.0,0.0,0.0,0.0
490112,VA,Acute Care,0,1,For-Profit,4.0,1.0,1.0,1.0,1.0,0.9166666666666666,0.9833333333333334,5,0.2857142857142857,0.0,0.375,0.0,0.0,0.09090909090909091,4.0,0.15384615384615385,0.19230769230769232
490113,VA,Acute Care,1,1,Non-Profit,3.0,0.8571428571428571,0.75,0.6363636363636364,1.0,0.9166666666666666,0.8320346320346321,5,0.0,0.0,0.16666666666666666,0.0,0.0,0.14285714285714285,0.0,0.0,0.05263157894736842
490114,VA,Acute Care,0,1,Non-Profit,2.0,0.42857142857142855,0.375,0.7272727272727273,0.0,0.9166666666666666,0.4895021645021645,4,0.0,0.0,0.0,0.0,0.125,0.0,1.0,0.07142857142857142,0.07142857142857142
490115,VA,Acute Care,1,1,For-Profit,2.0,0.5714285714285714,0.25,0.5454545454545454,1.0,0.8333333333333334,0.6400432900432901,5,0.0,0.25,0.5,0.0,0.0,0.16666666666666666,-1.0,-0.08333333333333333,0.08333333333333333
490116,VA,Acute Care,0,1,For-Profit,3.0,0.5714285714285714,0.25,0.7272727272727273,1.0,0.75,0.6597402597402597,5,0.0,0.0,0.0,0.0,0.0,0.0,0.0,0.0,0.0
490117,VA,Acute Care,0,1,Non-Profit,,0.2857142857142857,0.0,0.2727272727272727,0.0,0.5833333333333334,0.22835497835497837,3,0.0,0.0,,,0.0,0.3333333333333333,-1.0,-0.2,0.0
490118,VA,Acute Care,0,1,Non-Profit,3.0,1.0,1.0,1.0,1.0,1.0,1.0,5,0.0,0.0,0.75,0.0,0.0,0.09090909090909091,5.0,0.19230769230769232,0.23076923076923078
490119,VA,Acute Care,1,0,Non-Profit,4.0,0.8571428571428571,0.875,0.7272727272727273,1.0,1.0,0.8918831168831168,5,0.0,0.0,0.14285714285714285,0.0,0.0,0.0,1.0,0.047619047619047616,0.047619047619047616
49011F,VA,Acute Care,0,1,Government,5.0,0.5714285714285714,0.5,0.5454545454545454,1.0,0.4166666666666667,0.6067099567099568,5,0.25,0.0,0.0,0.0,0.16666666666666666,0.0,2.0,0.14285714285714285,0.14285714285714285
490120,VA,Acute Care,1,1,Government,3.0,0.8571428571428571,1.0,0.7272727272727273,1.0,0.8333333333333334,0.8835497835497834,5,0.3333333333333333,0.0,0.25,0.0,0.0,0.25,2.0,0.09090909090909091,0.18181818181818182
490122,VA,Acute Care,0,1,Non-Profit,3.0,0.8571428571428571,0.75,0.6363636363636364,1.0,0.8333333333333334,0.8153679653679653,5,0.0,0.0,0.0,0.0,0.0,0.14285714285714285,-1.0,-0.05263157894736842,0.0
490126,VA,Acute Care,0,1,For-Profit,3.0,0.5714285714285714,0.25,0.5454545454545454,1.0,0.9166666666666666,0.6567099567099567,5,0.0,0.0,0.0,0.0,0.3333333333333333,0.0,2.0,0.16666666666666666,0.16666666666666666
490127,VA,Acute Care,0,1,Non-Profit,2.0,0.42857142857142855,0.25,0.36363636363636365,1.0,0.75,0.5584415584415584,5,0.0,0.0,0.0,0.0,0.0,0.25,-1.0,-0.1111111111111111,0.0
490130,VA,Acute Care,0,1,Non-Profit,4.0,0.7142857142857143,0.375,0.6363636363636364,1.0,0.8333333333333334,0.7117965367965369,5,0.0,0.0,0.0,0.0,0.0,0.0,0.0,0.0,0.0
490136,VA,Acute Care,1,1,Non-Profit,3.0,0.8571428571428571,0.875,0.7272727272727273,1.0,1.0,0.8918831168831168,5,0.0,0.0,0.14285714285714285,0.0,0.0,0.125,0.0,0.0,0.047619047619047616
490140,VA,Acute Care,1,1,Non-Profit,3.0,0.7142857142857143,0.25,0.5454545454545454,1.0,0.75,0.6519480519480519,5,0.0,0.0,0.5,0.0,0.0,0.16666666666666666,0.0,0.0,0.07692307692307693
490141,VA,Acute Care,1,1,For-Profit,3.0,0.7142857142857143,0.75,0.7272727272727273,1.0,0.9166666666666666,0.8216450216450217,5,0.0,0.0,0.16666666666666666,0.0,0.0,0.125,0.0,0.0,0.05263157894736842
490143,VA,Acute Care,0,1,Non-Profit,4.0,0.7142857142857143,0.375,0.6363636363636364,1.0,0.6666666666666666,0.6784632034632034,5,0.0,0.0,0.0,0.0,0.0,0.0,0.0,0.0,0.0
490144,VA,Acute Care,0,1,Non-Profit,4.0,0.5714285714285714,0.625,0.6363636363636364,1.0,0.75,0.7165584415584416,5,0.0,0.25,0.2,0.0,0.0,0.0,0.0,0.0,0.0625
490145,VA,Acute Care,1,1,For-Profit,3.0,0.42857142857142855,0.25,0.45454545454545453,1.0,0.6666666666666666,0.5599567099567099,5,0.0,0.0,0.0,0.0,0.2,0.0,1.0,0.1,0.1
491300,VA,Rural/Access,0,1,Non-Profit,,0.14285714285714285,0.0,0.2727272727272727,0.0,0.4166666666666667,0.16645021645021646,3,0.0,0.0,,,0.0,0.0,0.0,0.0,0.0
491302,VA,Rural/Access,0,1,Non-Profit,4.0,0.42857142857142855,0.125,0.36363636363636365,1.0,0.5833333333333334,0.5001082251082252,5,0.0,0.0,0.0,0.0,0.0,0.0,0.0,0.0,0.0
491303,VA,Rural/Access,0,1,Non-Profit,,0.0,0.0,0.0,0.0,0.4166666666666667,0.08333333333333334,1,,,,,,,0.0,,
491304,VA,Rural/Access,0,1,Non-Profit,3.0,0.5714285714285714,0.125,0.5454545454545454,1.0,0.6666666666666666,0.5817099567099567,5,0.0,0.0,0.0,0.0,0.0,0.0,0.0,0.0,0.0
491305,VA,Rural/Access,0,1,Non-Profit,3.0,0.42857142857142855,0.125,0.5454545454545454,1.0,0.6666666666666666,0.553138528138528,5,0.0,0.0,0.0,0.0,0.16666666666666666,0.0,1.0,0.1,0.1
491307,VA,Rural/Access,0,1,Non-Profit,,0.2857142857142857,0.125,0.45454545454545453,1.0,0.5833333333333334,0.4897186147186147,5,0.0,0.0,0.0,0.0,0.2,0.0,1.0,0.125,0.125
491308,VA,Rural/Access,0,1,Non-Profit,4.0,0.5714285714285714,0.125,0.7272727272727273,1.0,0.75,0.6347402597402597,5,0.0,0.0,0.0,0.0,0.0,0.125,-1.0,-0.07692307692307693,0.0
491309,VA,Rural/Access,0,1,Non-Profit,,0.0,0.0,0.0,0.0,0.25,0.05,1,,,,,,,0.0,,
493300,VA,Childrens,0,0,For-Profit,,0.0,0.0,0.0,0.0,0.0,0.0,0,,,,,,,0.0,,
493301,VA,Childrens,0,1,Non-Profit,,0.0,0.0,0.0,0.0,0.0,0.0,0,,,,,,,0.0,,
494010,VA,Psychiatric,0,0,Government,,0.0,0.0,0.0,0.0,0.0,0.0,0,,,,,,,0.0,,
494017,VA,Psychiatric,0,1,Government,,0.0,0.0,0.0,0.0,0.0,0.0,0,,,,,,,0.0,,
494021,VA,Psychiatric,0,1,Government,,0.0,0.0,0.0,0.0,0.0,0.0,0,,,,,,,0.0,,
494022,VA,Psychiatric,0,0,For-Profit,,0.0,0.0,0.0,0.0,0.0,0.0,0,,,,,,,0.0,,
494023,VA,Psychiatric,0,0,For-Profit,,0.0,0.0,0.0,0.0,0.0,0.0,0,,,,,,,0.0,,
494025,VA,Psychiatric,0,0,For-Profit,,0.0,0.0,0.0,0.0,0.0,0.0,0,,,,,,,0.0,,
494029,VA,Psychiatric,0,0,Government,,0.0,0.0,0.0,0.0,0.0,0.0,0,,,,,,,0.0,,
494032,VA,Psychiatric,0,0,For-Profit,,0.0,0.0,0.0,0.0,0.0,0.0,0,,,,,,,0.0,,
494033,VA,Psychiatric,0,0,Government,,0.0,0.0,0.0,0.0,0.0,0.0,0,,,,,,,0.0,,
500002,WA,Acute Care,1,1,Non-Profit,3.0,0.8571428571428571,0.75,0.9090909090909091,1.0,1.0,0.9032467532467532,5,0.0,0.0,0.16666666666666666,0.0,0.0,0.0,1.0,0.045454545454545456,0.045454545454545456
500003,WA,Acute Care,1,1,Government,3.0,0.8571428571428571,0.875,0.9090909090909091,1.0,1.0,0.9282467532467532,5,0.0,0.16666666666666666,0.14285714285714285,0.0,0.1,0.1,0.0,0.0,0.08695652173913043
500005,WA,Acute Care,1,1,Non-Profit,5.0,1.0,1.0,1.0,1.0,0.9166666666666666,0.9833333333333334,5,0.14285714285714285,0.0,0.5,0.0,0.09090909090909091,0.0,6.0,0.23076923076923078,0.23076923076923078
500007,WA,Acute Care,1,1,Government,5.0,0.7142857142857143,0.375,0.8181818181818182,1.0,1.0,0.7814935064935066,5,0.0,0.0,0.0,0.0,0.1111111111111111,0.0,1.0,0.058823529411764705,0.058823529411764705
500008,WA,Acute Care,1,1,Government,3.0,1.0,1.0,1.0,1.0,1.0,1.0,5,0.0,0.0,0.0,0.125,0.09090909090909091,0.0,0.0,0.0,0.038461538461538464
500011,WA,Acute Care,1,1,Non-Profit,2.0,0.7142857142857143,0.75,0.7272727272727273,1.0,0.8333333333333334,0.804978354978355,5,0.0,0.0,0.16666666666666666,0.0,0.0,0.0,1.0,0.05263157894736842,0.05263157894736842
500014,WA,Acute Care,1,1,Non-Profit,2.0,1.0,1.0,0.8181818181818182,1.0,0.9166666666666666,0.946969696969697,5,0.0,0.0,0.125,0.0,0.1111111111111111,0.0,2.0,0.08333333333333333,0.08333333333333333
500015,WA,Acute Care,1,1,Non-Profit,2.0,0.7142857142857143,0.75,0.6363636363636364,1.0,0.6666666666666666,0.7534632034632034,5,0.0,0.0,0.16666666666666666,0.0,0.0,0.14285714285714285,0.0,0.0,0.05555555555555555
500016,WA,Acute Care,1,1,Non-Profit,4.0,1.0,0.875,0.9090909090909091,1.0,0.8333333333333334,0.9234848484848485,5,0.0,0.0,0.2857142857142857,0.0,0.3,0.1,4.0,0.16666666666666666,0.20833333333333334
500019,WA,Acute Care,1,1,Non-Profit,4.0,0.7142857142857143,0.75,0.8181818181818182,1.0,0.9166666666666666,0.8398268398268399,5,0.0,0.0,0.16666666666666666,0.0,0.0,0.0,1.0,0.05,0.05
500021,WA,Acute Care,0,1,Non-Profit,5.0,0.5714285714285714,0.75,0.6363636363636364,1.0,0.75,0.7415584415584415,5,0.0,0.0,0.3333333333333333,0.0,0.14285714285714285,0.0,3.0,0.17647058823529413,0.17647058823529413
500024,WA,Acute Care,1,1,Non-Profit,3.0,1.0,1.0,1.0,1.0,0.9166666666666666,0.9833333333333334,5,0.0,0.0,0.375,0.0,0.09090909090909091,0.18181818181818182,2.0,0.07692307692307693,0.15384615384615385
500025,WA,Acute Care,0,1,Non-Profit,4.0,0.8571428571428571,0.625,0.5454545454545454,1.0,0.75,0.7555194805194805,5,0.16666666666666666,0.0,0.0,0.0,0.0,0.0,1.0,0.058823529411764705,0.058823529411764705
500026,WA,Acute Care,1,1,Non-Profit,2.0,0.8571428571428571,0.75,0.6363636363636364,1.0,0.9166666666666666,0.8320346320346321,5,0.0,0.0,0.16666666666666666,0.0,0.14285714285714285,0.0,2.0,0.10526315789473684,0.10526315789473684
500027,WA,Acute Care,1,1,Non-Profit,4.0,0.8571428571428571,1.0,0.8181818181818182,1.0,0.9166666666666666,0.9183982683982684,5,0.0,0.0,0.125,0.0,0.0,0.0,1.0,0.043478260869565216,0.043478260869565216
500030,WA,Acute Care,1,1,Non-Profit,4.0,1.0,0.875,1.0,1.0,0.9166666666666666,0.9583333333333334,5,0.0,0.0,0.2857142857142857,0.0,0.09090909090909091,0.09090909090909091,2.0,0.08,0.12
500031,WA,Acute Care,1,1,Non-Profit,2.0,0.7142857142857143,0.5,0.7272727272727273,1.0,1.0,0.7883116883116884,5,0.0,0.2,0.0,0.0,0.0,0.125,-2.0,-0.11764705882352941,0.0
500033,WA,Acute Care,1,1,For-Profit,3.0,0.5714285714285714,0.375,0.6363636363636364,1.0,0.8333333333333334,0.6832251082251083,5,0.0,0.0,0.0,0.0,0.14285714285714285,0.0,1.0,0.07142857142857142,0.07142857142857142
500036,WA,Acute Care,1,1,Non-Profit,1.0,0.8571428571428571,0.75,0.9090909090909091,1.0,1.0,0.9032467532467532,5,0.0,0.6666666666666666,0.16666666666666666,0.0,0.0,0.0,-3.0,-0.13636363636363635,0.045454545454545456
500037,WA,Acute Care,0,1,Non-Profit,,0.14285714285714285,0.0,0.36363636363636365,0.0,0.6666666666666666,0.2346320346320346,3,0.0,0.0,,,0.0,0.0,0.0,0.0,0.0
500039,WA,Acute Care,1,1,Non-Profit,4.0,1.0,0.875,1.0,1.0,1.0,0.975,5,0.0,0.14285714285714285,0.2857142857142857,0.0,0.09090909090909091,0.0,2.0,0.08,0.12
500041,WA,Acute Care,1,1,Non-Profit,3.0,0.8571428571428571,0.875,0.9090909090909091,1.0,0.9166666666666666,0.9115800865800866,5,0.0,0.16666666666666666,0.14285714285714285,0.14285714285714285,0.1,0.0,0.0,0.0,0.08695652173913043
500044,WA,Acute Care,1,1,Non-Profit,3.0,1.0,0.875,1.0,1.0,0.9166666666666666,0.9583333333333334,5,0.0,0.0,0.42857142857142855,0.0,0.09090909090909091,0.0,4.0,0.16,0.16
500050,WA,Acute Care,1,1,Non-Profit,4.0,1.0,0.875,1.0,1.0,1.0,0.975,5,0.14285714285714285,0.0,0.42857142857142855,0.0,0.09090909090909091,0.0,5.0,0.2,0.2
500051,WA,Acute Care,1,1,Non-Profit,3.0,1.0,0.875,1.0,1.0,0.9166666666666666,0.9583333333333334,5,0.0,0.0,0.14285714285714285,0.2857142857142857,0.09090909090909091,0.09090909090909091,-1.0,-0.04,0.08
500052,WA,Acute Care,0,1,Non-Profit,,0.0,0.125,0.0,0.0,0.16666666666666666,0.05833333333333333,2,,,0.0,0.0,,,0.0,0.0,0.0
500053,WA,Acute Care,1,1,Government,1.0,0.7142857142857143,0.375,0.9090909090909091,1.0,0.9166666666666666,0.783008658008658,5,0.0,0.4,0.0,0.0,0.0,0.0,-2.0,-0.1111111111111111,0.0
500054,WA,Acute Care,1,1,Non-Profit,2.0,1.0,1.0,1.0,1.0,0.9166666666666666,0.9833333333333334,5,0.0,0.2857142857142857,0.5,0.25,0.18181818181818182,0.09090909090909091,1.0,0.038461538461538464,0.23076923076923078
500058,WA,Acute Care,1,1,Non-Profit,4.0,1.0,1.0,1.0,1.0,1.0,1.0,5,0.0,0.14285714285714285,0.125,0.0,0.18181818181818182,0.18181818181818182,0.0,0.0,0.11538461538461539
50005F,WA,Acute Care,0,1,Government,,0.0,0.0,0.0,0.0,0.0,0.0,0,,,,,,,0.0,,
500060,WA,Acute Care,1,1,Government,1.0,0.2857142857142857,0.375,0.45454545454545453,1.0,0.8333333333333334,0.5897186147186148,5,0.0,0.0,0.0,0.3333333333333333,0.0,0.0,-1.0,-0.1,0.0
500064,WA,Acute Care,0,1,Government,1.0,0.8571428571428571,0.75,0.5454545454545454,1.0,0.75,0.7805194805194805,5,0.0,0.16666666666666666,0.0,0.5,0.0,0.3333333333333333,-6.0,-0.3333333333333333,0.0
500072,WA,Acute Care,1,1,Government,3.0,0.7142857142857143,0.625,0.7272727272727273,1.0,1.0,0.8133116883116884,5,0.0,0.2,0.0,0.0,0.375,0.0,2.0,0.1111111111111111,0.16666666666666666
500077,WA,Acute Care,1,1,Non-Profit,2.0,0.8571428571428571,0.875,0.8181818181818182,1.0,0.8333333333333334,0.8767316017316018,5,0.0,0.0,0.14285714285714285,0.0,0.0,0.1111111111111111,0.0,0.0,0.045454545454545456
500079,WA,Acute Care,1,1,Non-Profit,2.0,0.8571428571428571,0.875,0.7272727272727273,1.0,0.8333333333333334,0.8585497835497835,5,0.0,0.16666666666666666,0.5714285714285714,0.0,0.0,0.0,3.0,0.14285714285714285,0.19047619047619047
500084,WA,Acute Care,0,1,Government,,0.2857142857142857,0.125,0.36363636363636365,1.0,0.75,0.5048701298701299,5,0.0,0.0,0.0,0.0,0.0,0.0,0.0,0.0,0.0
500088,WA,Acute Care,1,1,Government,2.0,0.8571428571428571,0.625,0.8181818181818182,1.0,1.0,0.8600649350649352,5,0.0,0.0,0.2,0.2,0.1111111111111111,0.0,1.0,0.05,0.1
500108,WA,Acute Care,1,1,Non-Profit,4.0,1.0,0.875,0.9090909090909091,1.0,0.8333333333333334,0.9234848484848485,5,0.0,0.0,0.5714285714285714,0.0,0.1,0.1,4.0,0.16666666666666666,0.20833333333333334
500119,WA,Acute Care,1,1,Non-Profit,5.0,0.7142857142857143,0.75,0.6363636363636364,1.0,0.9166666666666666,0.8034632034632034,5,0.0,0.0,0.3333333333333333,0.0,0.14285714285714285,0.0,3.0,0.16666666666666666,0.16666666666666666
50011F,WA,Acute Care,0,1,Government,5.0,0.42857142857142855,0.0,0.36363636363636365,1.0,0.3333333333333333,0.4251082251082251,4,0.0,0.0,,,0.5,0.0,2.0,0.2857142857142857,0.2857142857142857
500124,WA,Acute Care,1,1,Government,5.0,0.8571428571428571,0.875,0.9090909090909091,1.0,0.9166666666666666,0.9115800865800866,5,0.0,0.0,0.2857142857142857,0.0,0.1,0.0,3.0,0.13043478260869565,0.13043478260869565
500129,WA,Acute Care,1,1,Non-Profit,2.0,1.0,1.0,1.0,1.0,0.9166666666666666,0.9833333333333334,5,0.0,0.0,0.125,0.0,0.0,0.18181818181818182,-1.0,-0.038461538461538464,0.038461538461538464
500139,WA,Acute Care,1,1,Non-Profit,4.0,0.7142857142857143,0.75,0.7272727272727273,1.0,0.6666666666666666,0.7716450216450217,5,0.0,0.0,0.16666666666666666,0.0,0.0,0.0,1.0,0.05263157894736842,0.05263157894736842
500141,WA,Acute Care,1,1,Non-Profit,3.0,0.8571428571428571,0.75,0.6363636363636364,1.0,0.8333333333333334,0.8153679653679653,5,0.0,0.0,0.0,0.0,0.0,0.0,0.0,0.0,0.0
500150,WA,Acute Care,1,1,Non-Profit,4.0,0.8571428571428571,0.875,0.9090909090909091,1.0,1.0,0.9282467532467532,5,0.0,0.0,0.14285714285714285,0.0,0.0,0.1,0.0,0.0,0.043478260869565216
500151,WA,Acute Care,0,1,Non-Profit,4.0,0.8571428571428571,0.875,0.8181818181818182,1.0,0.75,0.8600649350649352,5,0.0,0.0,0.2857142857142857,0.0,0.0,0.0,2.0,0.09090909090909091,0.09090909090909091
500152,WA,Acute Care,1,1,Non-Profit,5.0,0.5714285714285714,0.75,0.5454545454545454,1.0,1.0,0.7733766233766234,5,0.25,0.0,0.16666666666666666,0.0,0.16666666666666666,0.0,3.0,0.1875,0.1875
500154,WA,Acute Care,0,1,Non-Profit,4.0,0.42857142857142855,0.25,0.5454545454545454,1.0,0.6666666666666666,0.5781385281385281,5,0.0,0.0,0.0,0.0,0.0,0.0,0.0,0.0,0.0
50030F,WA,Acute Care,0,1,Government,5.0,0.7142857142857143,0.375,0.45454545454545453,1.0,0.5,0.6087662337662338,5,0.4,0.0,0.3333333333333333,0.0,0.2,0.0,4.0,0.3076923076923077,0.3076923076923077
501301,WA,Rural/Access,0,1,Government,,0.0,0.0,0.0,0.0,0.0,0.0,0,,,,,,,0.0,,
501302,WA,Rural/Access,0,1,Government,,0.0,0.0,0.09090909090909091,0.0,0.16666666666666666,0.051515151515151514,2,,,,,0.0,0.0,0.0,0.0,0.0
501303,WA,Rural/Access,0,1,Government,,0.14285714285714285,0.0,0.18181818181818182,0.0,0.4166666666666667,0.14826839826839827,3,0.0,0.0,,,0.0,0.0,0.0,0.0,0.0
501304,WA,Rural/Access,0,1,Government,2.0,0.42857142857142855,0.0,0.36363636363636365,0.0,0.25,0.20844155844155843,3,0.0,0.0,,,0.0,0.0,0.0,0.0,0.0
501305,WA,Rural/Access,0,1,Government,,0.14285714285714285,0.0,0.18181818181818182,0.0,0.08333333333333333,0.08160173160173159,3,0.0,0.0,,,0.0,0.0,0.0,0.0,0.0
501307,WA,Rural/Access,0,1,Government,,0.0,0.0,0.0,0.0,0.08333333333333333,0.016666666666666666,1,,,,,,,0.0,,
501308,WA,Rural/Access,0,1,Government,,0.14285714285714285,0.125,0.09090909090909091,0.0,0.5833333333333334,0.18841991341991343,4,0.0,0.0,0.0,0.0,0.0,0.0,0.0,0.0,0.0
501309,WA,Rural/Access,0,1,Non-Profit,,0.0,0.0,0.09090909090909091,0.0,0.5,0.1181818181818182,2,,,,,0.0,0.0,0.0,0.0,0.0
501310,WA,Rural/Access,1,1,Government,,0.14285714285714285,0.0,0.2727272727272727,1.0,0.4166666666666667,0.36645021645021647,4,0.0,0.0,,,0.3333333333333333,0.0,1.0,0.25,0.25
501311,WA,Rural/Access,0,1,Government,,0.0,0.0,0.0,0.0,0.0,0.0,0,,,,,,,0.0,,
501312,WA,Rural/Access,1,1,Government,5.0,0.42857142857142855,0.125,0.2727272727272727,1.0,0.5833333333333334,0.481926406926407,5,0.0,0.0,0.0,0.0,0.0,0.0,0.0,0.0,0.0
501313,WA,Rural/Access,0,1,Government,,0.0,0.0,0.09090909090909091,0.0,0.16666666666666666,0.051515151515151514,2,,,,,0.0,0.0,0.0,0.0,0.0
501314,WA,Rural/Access,0,1,Government,3.0,0.42857142857142855,0.0,0.36363636363636365,0.0,0.3333333333333333,0.2251082251082251,3,0.0,0.0,,,0.0,0.0,0.0,0.0,0.0
501315,WA,Rural/Access,0,1,Government,,0.0,0.0,0.18181818181818182,0.0,0.25,0.08636363636363636,2,,,,,0.0,0.0,0.0,0.0,0.0
501316,WA,Rural/Access,0,1,Government,,0.0,0.0,0.09090909090909091,0.0,0.3333333333333333,0.08484848484848484,2,,,,,0.0,0.0,0.0,0.0,0.0
501317,WA,Rural/Access,0,1,Government,,0.14285714285714285,0.0,0.09090909090909091,0.0,0.4166666666666667,0.13008658008658008,3,0.0,0.0,,,0.0,0.0,0.0,0.0,0.0
501318,WA,Rural/Access,0,1,Government,,0.0,0.0,0.09090909090909091,0.0,0.16666666666666666,0.051515151515151514,2,,,,,0.0,0.0,0.0,0.0,0.0
501319,WA,Rural/Access,0,1,Government,,0.0,0.0,0.09090909090909091,0.0,0.5,0.1181818181818182,2,,,,,0.0,0.0,0.0,0.0,0.0
501320,WA,Rural/Access,0,1,Government,,0.0,0.0,0.0,0.0,0.16666666666666666,0.03333333333333333,1,,,,,,,0.0,,
501321,WA,Rural/Access,0,1,Government,,0.14285714285714285,0.0,0.09090909090909091,0.0,0.3333333333333333,0.11341991341991342,3,0.0,0.0,,,0.0,0.0,0.0,0.0,0.0
501322,WA,Rural/Access,0,1,Government,,0.0,0.0,0.09090909090909091,0.0,0.16666666666666666,0.051515151515151514,2,,,,,0.0,0.0,0.0,0.0,0.0
501323,WA,Rural/Access,1,1,Government,3.0,0.5714285714285714,0.25,0.6363636363636364,1.0,0.6666666666666666,0.6248917748917748,5,0.0,0.0,0.0,0.0,0.0,0.0,0.0,0.0,0.0
501324,WA,Rural/Access,0,1,Government,,0.0,0.0,0.09090909090909091,0.0,0.08333333333333333,0.03484848484848485,2,,,,,0.0,0.0,0.0,0.0,0.0
501325,WA,Rural/Access,1,1,Government,,0.0,0.0,0.18181818181818182,0.0,0.4166666666666667,0.1196969696969697,2,,,,,0.0,0.0,0.0,0.0,0.0
501326,WA,Rural/Access,1,1,Non-Profit,3.0,0.42857142857142855,0.0,0.45454545454545453,0.0,0.75,0.3266233766233766,3,0.0,0.0,,,0.2,0.0,1.0,0.125,0.125
501327,WA,Rural/Access,1,1,Government,,0.0,0.0,0.2727272727272727,0.0,0.5,0.15454545454545454,2,,,,,0.0,0.0,0.0,0.0,0.0
501328,WA,Rural/Access,0,1,Government,,0.14285714285714285,0.125,0.18181818181818182,1.0,0.6666666666666666,0.4232683982683983,5,0.0,0.0,0.0,0.0,0.0,0.0,0.0,0.0,0.0
501329,WA,Rural/Access,0,1,Government,4.0,0.42857142857142855,0.125,0.7272727272727273,0.0,0.75,0.4061688311688312,4,0.0,0.0,0.0,0.0,0.0,0.0,0.0,0.0,0.0
501330,WA,Rural/Access,0,1,Non-Profit,1.0,0.42857142857142855,0.25,0.36363636363636365,1.0,0.6666666666666666,0.5417748917748917,5,0.0,0.0,0.0,0.0,0.0,0.0,0.0,0.0,0.0
501331,WA,Rural/Access,0,1,Government,3.0,0.42857142857142855,0.25,0.5454545454545454,1.0,0.4166666666666667,0.528138528138528,5,0.0,0.0,0.0,0.0,0.3333333333333333,0.0,2.0,0.18181818181818182,0.18181818181818182
501332,WA,Rural/Access,0,1,Non-Profit,3.0,0.5714285714285714,0.0,0.7272727272727273,1.0,0.5,0.5597402597402598,4,0.0,0.0,,,0.125,0.0,1.0,0.08333333333333333,0.08333333333333333
501333,WA,Rural/Access,1,1,Government,,0.0,0.0,0.0,0.0,0.0,0.0,0,,,,,,,0.0,,
501334,WA,Rural/Access,0,1,Government,,0.0,0.0,0.18181818181818182,0.0,0.5,0.13636363636363638,2,,,,,0.0,0.0,0.0,0.0,0.0
501335,WA,Rural/Access,1,1,Non-Profit,3.0,0.42857142857142855,0.125,0.45454545454545453,1.0,0.75,0.5516233766233766,5,0.0,0.0,0.0,0.0,0.0,0.0,0.0,0.0,0.0
501336,WA,Rural/Access,0,1,Government,1.0,0.7142857142857143,0.125,0.36363636363636365,1.0,0.6666666666666666,0.5739177489177488,5,0.0,0.0,0.0,0.0,0.0,0.0,0.0,0.0,0.0
501337,WA,Rural/Access,0,1,Non-Profit,3.0,0.5714285714285714,0.125,0.6363636363636364,1.0,0.5833333333333334,0.5832251082251083,5,0.0,0.0,0.0,0.0,0.0,0.0,0.0,0.0,0.0
501338,WA,Rural/Access,0,1,Government,,0.0,0.125,0.0,0.0,0.3333333333333333,0.09166666666666666,2,,,0.0,0.0,,,0.0,0.0,0.0
501339,WA,Rural/Access,0,1,Government,1.0,0.5714285714285714,0.125,0.7272727272727273,1.0,0.25,0.5347402597402597,5,0.0,0.0,0.0,0.0,0.0,0.0,0.0,0.0,0.0
501340,WA,Rural/Access,0,1,Non-Profit,,0.0,0.0,0.36363636363636365,0.0,0.5,0.17272727272727273,2,,,,,0.0,0.0,0.0,0.0,0.0
503300,WA,Childrens,0,1,Non-Profit,,0.0,0.0,0.0,0.0,0.0,0.0,0,,,,,,,0.0,,
503301,WA,Childrens,0,1,Non-Profit,,0.0,0.0,0.0,0.0,0.0,0.0,0,,,,,,,0.0,,
503302,WA,Childrens,0,0,Non-Profit,,0.0,0.0,0.0,0.0,0.0,0.0,0,,,,,,,0.0,,
504002,WA,Psychiatric,0,0,For-Profit,,0.0,0.0,0.0,0.0,0.0,0.0,0,,,,,,,0.0,,
504004,WA,Psychiatric,0,0,Government,,0.0,0.0,0.0,0.0,0.0,0.0,0,,,,,,,0.0,,
504008,WA,Psychiatric,0,0,Non-Profit,,0.0,0.0,0.0,0.0,0.0,0.0,0,,,,,,,0.0,,
504009,WA,Psychiatric,0,0,Non-Profit,,0.0,0.0,0.0,0.0,0.0,0.0,0,,,,,,,0.0,,
504012,WA,Psychiatric,0,0,For-Profit,,0.0,0.0,0.0,0.0,0.0,0.0,0,,,,,,,0.0,,
504013,WA,Psychiatric,0,0,For-Profit,,0.0,0.0,0.0,0.0,0.0,0.0,0,,,,,,,0.0,,
504014,WA,Psychiatric,0,0,For-Profit,,0.0,0.0,0.0,0.0,0.0,0.0,0,,,,,,,0.0,,
504015,WA,Psychiatric,0,0,For-Profit,,0.0,0.0,0.0,0.0,0.0,0.0,0,,,,,,,0.0,,
504016,WA,Psychiatric,0,0,Non-Profit,,0.0,0.0,0.0,0.0,0.0,0.0,0,,,,,,,0.0,,
510001,WV,Acute Care,1,1,Non-Profit,2.0,1.0,1.0,1.0,1.0,0.8333333333333334,0.9666666666666666,5,0.14285714285714285,0.0,0.125,0.125,0.0,0.09090909090909091,0.0,0.0,0.07692307692307693
510002,WV,Acute Care,1,1,For-Profit,2.0,0.5714285714285714,0.375,0.5454545454545454,1.0,0.8333333333333334,0.6650432900432901,5,0.0,0.0,0.0,0.0,0.0,0.0,0.0,0.0,0.0
510006,WV,Acute Care,1,1,Non-Profit,4.0,0.8571428571428571,0.875,0.9090909090909091,1.0,1.0,0.9282467532467532,5,0.0,0.0,0.2857142857142857,0.0,0.1,0.2,1.0,0.043478260869565216,0.13043478260869565
510007,WV,Acute Care,0,1,Non-Profit,2.0,1.0,0.875,1.0,1.0,0.9166666666666666,0.9583333333333334,5,0.0,0.14285714285714285,0.2857142857142857,0.14285714285714285,0.0,0.18181818181818182,-2.0,-0.08,0.08
510008,WV,Acute Care,1,1,Non-Profit,1.0,0.8571428571428571,0.75,0.9090909090909091,1.0,0.9166666666666666,0.8865800865800866,5,0.0,0.0,0.0,0.16666666666666666,0.0,0.1,-2.0,-0.09090909090909091,0.0
510012,WV,Acute Care,0,1,Non-Profit,1.0,0.42857142857142855,0.25,0.5454545454545454,1.0,0.6666666666666666,0.5781385281385281,5,0.0,0.0,0.0,0.0,0.0,0.16666666666666666,-1.0,-0.09090909090909091,0.0
510013,WV,Acute Care,1,1,Non-Profit,3.0,0.7142857142857143,0.375,0.7272727272727273,1.0,0.8333333333333334,0.7299783549783551,5,0.0,0.0,0.3333333333333333,0.0,0.0,0.0,1.0,0.0625,0.0625
510022,WV,Acute Care,1,1,Non-Profit,1.0,1.0,1.0,1.0,1.0,1.0,1.0,5,0.0,0.2857142857142857,0.25,0.25,0.0,0.18181818181818182,-4.0,-0.15384615384615385,0.07692307692307693
510023,WV,Acute Care,0,1,Government,2.0,0.8571428571428571,0.75,0.8181818181818182,1.0,0.8333333333333334,0.8517316017316018,5,0.0,0.0,0.0,0.0,0.0,0.0,0.0,0.0,0.0
510024,WV,Acute Care,1,1,Non-Profit,4.0,1.0,0.875,1.0,1.0,0.8333333333333334,0.9416666666666667,5,0.0,0.0,0.0,0.0,0.09090909090909091,0.0,1.0,0.04,0.04
510029,WV,Acute Care,1,1,Non-Profit,,0.0,0.0,0.36363636363636365,0.0,0.4166666666666667,0.15606060606060607,2,,,,,0.0,0.0,0.0,0.0,0.0
51002F,WV,Acute Care,0,1,Government,5.0,0.42857142857142855,0.125,0.36363636363636365,1.0,0.4166666666666667,0.46677489177489173,5,0.0,0.0,0.0,0.0,0.5,0.0,2.0,0.25,0.25
510030,WV,Acute Care,1,1,Non-Profit,3.0,0.7142857142857143,0.375,0.7272727272727273,1.0,0.8333333333333334,0.7299783549783551,5,0.0,0.0,0.0,0.0,0.0,0.0,0.0,0.0,0.0
510038,WV,Acute Care,1,1,Non-Profit,2.0,0.42857142857142855,0.375,0.6363636363636364,1.0,0.75,0.637987012987013,5,0.0,0.0,0.0,0.0,0.0,0.0,0.0,0.0,0.0
51003F,WV,Acute Care,0,1,Government,4.0,0.5714285714285714,0.25,0.45454545454545453,1.0,0.4166666666666667,0.5385281385281385,5,0.0,0.0,0.0,0.0,0.4,0.0,2.0,0.18181818181818182,0.18181818181818182
510046,WV,Acute Care,1,1,Government,1.0,0.8571428571428571,0.875,0.8181818181818182,1.0,0.9166666666666666,0.8933982683982684,5,0.0,0.16666666666666666,0.0,0.14285714285714285,0.0,0.0,-2.0,-0.09090909090909091,0.0
510048,WV,Acute Care,1,1,For-Profit,4.0,0.42857142857142855,0.625,0.5454545454545454,1.0,0.8333333333333334,0.6864718614718615,5,0.0,0.0,0.0,0.0,0.0,0.0,0.0,0.0,0.0
51004F,WV,Acute Care,0,1,Government,5.0,0.5714285714285714,0.375,0.45454545454545453,1.0,0.4166666666666667,0.5635281385281385,5,0.75,0.0,0.0,0.0,0.4,0.0,5.0,0.4166666666666667,0.4166666666666667
510050,WV,Acute Care,1,1,Non-Profit,1.0,1.0,0.875,1.0,1.0,1.0,0.975,5,0.0,0.14285714285714285,0.0,0.0,0.0,0.2727272727272727,-4.0,-0.16,0.0
510055,WV,Acute Care,1,1,Non-Profit,2.0,0.8571428571428571,1.0,0.8181818181818182,1.0,0.8333333333333334,0.9017316017316018,5,0.0,0.0,0.125,0.0,0.0,0.1111111111111111,0.0,0.0,0.043478260869565216
510058,WV,Acute Care,1,1,Non-Profit,3.0,1.0,1.0,1.0,1.0,0.9166666666666666,0.9833333333333334,5,0.0,0.0,0.25,0.0,0.0,0.18181818181818182,0.0,0.0,0.07692307692307693
51005F,WV,Acute Care,0,1,Government,4.0,0.5714285714285714,0.25,0.45454545454545453,1.0,0.4166666666666667,0.5385281385281385,5,0.25,0.0,0.0,0.0,0.0,0.0,1.0,0.09090909090909091,0.09090909090909091
510062,WV,Acute Care,0,1,Non-Profit,1.0,0.8571428571428571,0.625,0.7272727272727273,1.0,0.6666666666666666,0.7752164502164501,5,0.0,0.0,0.2,0.2,0.0,0.25,-2.0,-0.10526315789473684,0.05263157894736842
510070,WV,Acute Care,1,1,For-Profit,1.0,0.8571428571428571,0.625,0.6363636363636364,1.0,0.9166666666666666,0.8070346320346321,5,0.0,0.16666666666666666,0.2,0.0,0.0,0.2857142857142857,-2.0,-0.1111111111111111,0.05555555555555555
510072,WV,Acute Care,0,1,Government,,0.2857142857142857,0.125,0.36363636363636365,1.0,0.6666666666666666,0.4882034632034632,5,0.0,0.0,0.0,0.0,0.0,0.0,0.0,0.0,0.0
510086,WV,Acute Care,0,1,Government,,0.14285714285714285,0.125,0.09090909090909091,0.0,0.3333333333333333,0.13841991341991342,4,0.0,0.0,0.0,0.0,0.0,0.0,0.0,0.0,0.0
510091,WV,Acute Care,0,0,For-Profit,,0.0,0.25,0.36363636363636365,0.0,0.25,0.17272727272727273,3,,,0.0,0.0,0.0,0.0,0.0,0.0,0.0
510093,WV,Acute Care,0,1,Non-Profit,,0.0,0.0,0.09090909090909091,0.0,0.4166666666666667,0.10151515151515152,2,,,,,0.0,0.0,0.0,0.0,0.0
510094,WV,Acute Care,0,0,Non-Profit,,0.0,0.0,0.0,0.0,0.0,0.0,0,,,,,,,0.0,,
511300,WV,Rural/Access,0,1,Non-Profit,,0.0,0.0,0.0,0.0,0.4166666666666667,0.08333333333333334,1,,,,,,,0.0,,
511301,WV,Rural/Access,0,1,Non-Profit,,0.0,0.0,0.0,0.0,0.25,0.05,1,,,,,,,0.0,,
511303,WV,Rural/Access,0,1,Non-Profit,,0.0,0.0,0.0,0.0,0.3333333333333333,0.06666666666666667,1,,,,,,,0.0,,
511304,WV,Rural/Access,0,1,For-Profit,,0.0,0.0,0.0,0.0,0.4166666666666667,0.08333333333333334,1,,,,,,,0.0,,
511306,WV,Rural/Access,0,1,Non-Profit,,0.0,0.0,0.09090909090909091,0.0,0.5,0.1181818181818182,2,,,,,0.0,0.0,0.0,0.0,0.0
511307,WV,Rural/Access,0,1,Government,,0.14285714285714285,0.0,0.2727272727272727,0.0,0.4166666666666667,0.16645021645021646,3,0.0,0.0,,,0.0,0.0,0.0,0.0,0.0
511308,WV,Rural/Access,0,1,Non-Profit,,0.14285714285714285,0.0,0.09090909090909091,0.0,0.4166666666666667,0.13008658008658008,3,0.0,0.0,,,0.0,0.0,0.0,0.0,0.0
511309,WV,Rural/Access,0,1,Non-Profit,,0.2857142857142857,0.0,0.2727272727272727,1.0,0.5833333333333334,0.4283549783549784,4,0.0,0.0,,,0.0,0.0,0.0,0.0,0.0
511310,WV,Rural/Access,0,1,Non-Profit,,0.14285714285714285,0.125,0.09090909090909091,0.0,0.5,0.17175324675324674,4,0.0,0.0,0.0,0.0,0.0,0.0,0.0,0.0,0.0
511311,WV,Rural/Access,0,1,Non-Profit,,0.14285714285714285,0.0,0.18181818181818182,0.0,0.5833333333333334,0.1816017316017316,3,0.0,0.0,,,0.0,0.0,0.0,0.0,0.0
511312,WV,Rural/Access,0,1,For-Profit,,0.14285714285714285,0.125,0.18181818181818182,0.0,0.5833333333333334,0.2066017316017316,4,0.0,0.0,0.0,0.0,0.0,0.0,0.0,0.0,0.0
511313,WV,Rural/Access,0,1,Government,,0.2857142857142857,0.0,0.36363636363636365,1.0,0.5,0.42987012987012985,4,0.0,0.0,,,0.25,0.0,1.0,0.16666666666666666,0.16666666666666666
511314,WV,Rural/Access,0,1,Government,,0.14285714285714285,0.0,0.18181818181818182,0.0,0.25,0.11493506493506493,3,0.0,0.0,,,0.0,0.0,0.0,0.0,0.0
511315,WV,Rural/Access,0,1,Non-Profit,4.0,0.5714285714285714,0.125,0.36363636363636365,1.0,0.75,0.562012987012987,5,0.0,0.0,0.0,0.0,0.0,0.0,0.0,0.0,0.0
511316,WV,Rural/Access,1,1,Non-Profit,4.0,0.42857142857142855,0.25,0.36363636363636365,1.0,0.3333333333333333,0.47510822510822515,5,0.0,0.0,0.0,0.0,0.25,0.0,1.0,0.1111111111111111,0.1111111111111111
511317,WV,Rural/Access,1,1,For-Profit,,0.2857142857142857,0.25,0.5454545454545454,0.0,0.6666666666666666,0.3495670995670995,4,0.0,0.0,0.0,0.0,0.0,0.16666666666666666,-1.0,-0.1,0.0
511318,WV,Rural/Access,0,1,Non-Profit,,0.0,0.0,0.0,0.0,0.25,0.05,1,,,,,,,0.0,,
511319,WV,Rural/Access,0,1,Non-Profit,2.0,0.42857142857142855,0.125,0.5454545454545454,1.0,0.8333333333333334,0.5864718614718615,5,0.0,0.0,0.0,0.0,0.0,0.0,0.0,0.0,0.0
511320,WV,Rural/Access,0,1,Non-Profit,3.0,0.42857142857142855,0.25,0.36363636363636365,1.0,0.5,0.5084415584415585,5,0.0,0.0,0.0,0.0,0.0,0.0,0.0,0.0,0.0
511321,WV,Rural/Access,1,1,Non-Profit,,0.2857142857142857,0.125,0.45454545454545453,1.0,0.8333333333333334,0.5397186147186147,5,0.0,0.5,0.0,0.0,0.2,0.0,0.0,0.0,0.125
511322,WV,Rural/Access,0,1,Non-Profit,,0.0,0.0,0.0,0.0,0.25,0.05,1,,,,,,,0.0,,
514001,WV,Psychiatric,0,0,Non-Profit,,0.0,0.0,0.0,0.0,0.0,0.0,0,,,,,,,0.0,,
514008,WV,Psychiatric,0,0,For-Profit,,0.0,0.0,0.0,0.0,0.0,0.0,0,,,,,,,0.0,,
514009,WV,Psychiatric,0,0,Government,,0.0,0.0,0.0,0.0,0.0,0.0,0,,,,,,,0.0,,
514011,WV,Psychiatric,0,1,Non-Profit,,0.0,0.0,0.0,0.0,0.0,0.0,0,,,,,,,0.0,,
514012,WV,Psychiatric,0,0,Government,,0.0,0.0,0.0,0.0,0.0,0.0,0,,,,,,,0.0,,
520002,WI,Acute Care,1,1,Non-Profit,3.0,0.7142857142857143,0.25,0.7272727272727273,1.0,0.8333333333333334,0.704978354978355,5,0.0,0.0,0.0,0.0,0.0,0.0,0.0,0.0,0.0
520004,WI,Acute Care,1,1,Non-Profit,5.0,0.8571428571428571,0.75,0.8181818181818182,1.0,0.9166666666666666,0.8683982683982684,5,0.0,0.0,0.16666666666666666,0.0,0.2222222222222222,0.1111111111111111,2.0,0.09523809523809523,0.14285714285714285
520008,WI,Acute Care,1,1,Non-Profit,5.0,1.0,0.875,0.9090909090909091,1.0,1.0,0.9568181818181818,5,0.0,0.0,0.2857142857142857,0.0,0.1,0.0,3.0,0.125,0.125
520009,WI,Acute Care,1,1,Non-Profit,4.0,0.8571428571428571,0.875,1.0,1.0,0.8333333333333334,0.9130952380952382,5,0.0,0.0,0.14285714285714285,0.0,0.09090909090909091,0.0,2.0,0.08333333333333333,0.08333333333333333
520011,WI,Acute Care,1,1,Non-Profit,2.0,0.42857142857142855,0.25,0.6363636363636364,1.0,0.8333333333333334,0.6296536796536797,5,0.0,0.0,0.0,0.0,0.0,0.14285714285714285,-1.0,-0.08333333333333333,0.0
520019,WI,Acute Care,1,1,Non-Profit,3.0,0.7142857142857143,0.25,0.7272727272727273,1.0,0.8333333333333334,0.704978354978355,5,0.0,0.0,0.5,0.0,0.0,0.0,1.0,0.06666666666666667,0.06666666666666667
520021,WI,Acute Care,0,1,Government,1.0,1.0,0.75,0.9090909090909091,1.0,0.9166666666666666,0.9151515151515153,5,0.0,0.2857142857142857,0.0,0.0,0.0,0.2,-4.0,-0.17391304347826086,0.0
520028,WI,Acute Care,1,1,Non-Profit,4.0,0.7142857142857143,0.375,0.8181818181818182,1.0,1.0,0.7814935064935066,5,0.0,0.0,0.0,0.0,0.0,0.0,0.0,0.0,0.0
52002F,WI,Acute Care,0,0,Government,,0.0,0.0,0.18181818181818182,0.0,0.16666666666666666,0.0696969696969697,2,,,,,0.0,0.0,0.0,0.0,0.0
520030,WI,Acute Care,1,1,For-Profit,4.0,1.0,0.875,1.0,1.0,0.9166666666666666,0.9583333333333334,5,0.0,0.0,0.14285714285714285,0.14285714285714285,0.09090909090909091,0.0,1.0,0.04,0.08
520033,WI,Acute Care,1,1,Non-Profit,3.0,0.5714285714285714,0.375,0.7272727272727273,1.0,0.9166666666666666,0.7180735930735931,5,0.0,0.0,0.0,0.0,0.125,0.0,1.0,0.06666666666666667,0.06666666666666667
520034,WI,Acute Care,1,1,Non-Profit,,0.2857142857142857,0.25,0.45454545454545453,1.0,0.9166666666666666,0.5813852813852813,5,0.0,0.0,0.0,0.0,0.2,0.0,1.0,0.1111111111111111,0.1111111111111111
520035,WI,Acute Care,1,1,Non-Profit,5.0,0.7142857142857143,0.75,0.7272727272727273,1.0,0.8333333333333334,0.804978354978355,5,0.0,0.0,0.16666666666666666,0.0,0.125,0.0,2.0,0.10526315789473684,0.10526315789473684
520037,WI,Acute Care,1,1,Non-Profit,2.0,1.0,0.875,1.0,1.0,0.8333333333333334,0.9416666666666667,5,0.0,0.0,0.2857142857142857,0.14285714285714285,0.0,0.0,1.0,0.04,0.08
520038,WI,Acute Care,0,1,Non-Profit,4.0,0.42857142857142855,0.25,0.5454545454545454,1.0,0.75,0.5948051948051948,5,0.0,0.0,0.0,0.0,0.3333333333333333,0.0,2.0,0.18181818181818182,0.18181818181818182
52003F,WI,Acute Care,0,1,Government,4.0,0.7142857142857143,0.5,0.5454545454545454,1.0,0.5,0.6519480519480519,5,0.0,0.0,0.0,0.0,0.0,0.5,-3.0,-0.2,0.0
520041,WI,Acute Care,1,1,Non-Profit,3.0,0.5714285714285714,0.25,0.6363636363636364,1.0,0.75,0.6415584415584416,5,0.0,0.0,0.0,0.0,0.14285714285714285,0.0,1.0,0.07692307692307693,0.07692307692307693
520044,WI,Acute Care,1,1,Non-Profit,3.0,0.42857142857142855,0.25,0.45454545454545453,1.0,0.8333333333333334,0.5932900432900433,5,0.0,0.0,0.0,0.0,0.0,0.0,0.0,0.0,0.0
520045,WI,Acute Care,1,1,Non-Profit,5.0,0.7142857142857143,0.75,0.6363636363636364,1.0,0.8333333333333334,0.7867965367965368,5,0.0,0.0,0.0,0.0,0.0,0.0,0.0,0.0,0.0
520049,WI,Acute Care,1,1,Non-Profit,5.0,1.0,0.75,0.9090909090909091,1.0,0.8333333333333334,0.8984848484848484,5,0.0,0.0,0.3333333333333333,0.0,0.1,0.0,3.0,0.13043478260869565,0.13043478260869565
52004F,WI,Acute Care,0,1,Government,5.0,0.7142857142857143,0.5,0.5454545454545454,1.0,0.4166666666666667,0.6352813852813852,5,0.4,0.0,0.0,0.0,0.0,0.16666666666666666,1.0,0.06666666666666667,0.13333333333333333
520051,WI,Acute Care,1,1,Non-Profit,2.0,1.0,0.875,0.9090909090909091,1.0,0.8333333333333334,0.9234848484848485,5,0.0,0.0,0.2857142857142857,0.0,0.0,0.1,1.0,0.041666666666666664,0.08333333333333333
520057,WI,Acute Care,1,1,Non-Profit,4.0,0.5714285714285714,0.25,0.7272727272727273,1.0,0.9166666666666666,0.6930735930735931,5,0.0,0.0,0.0,0.0,0.0,0.0,0.0,0.0,0.0
520059,WI,Acute Care,0,1,Non-Profit,5.0,0.5714285714285714,0.375,0.5454545454545454,1.0,0.8333333333333334,0.6650432900432901,5,0.0,0.0,0.3333333333333333,0.0,0.3333333333333333,0.0,3.0,0.23076923076923078,0.23076923076923078
520062,WI,Acute Care,1,1,Non-Profit,5.0,0.7142857142857143,0.5,0.8181818181818182,1.0,0.8333333333333334,0.7731601731601733,5,0.0,0.0,0.0,0.0,0.0,0.0,0.0,0.0,0.0
520063,WI,Acute Care,1,1,Non-Profit,3.0,0.5714285714285714,0.5,0.8181818181818182,1.0,0.9166666666666666,0.7612554112554112,5,0.0,0.0,0.0,0.0,0.0,0.0,0.0,0.0,0.0
520066,WI,Acute Care,1,1,Non-Profit,3.0,1.0,0.875,1.0,1.0,0.9166666666666666,0.9583333333333334,5,0.0,0.0,0.14285714285714285,0.0,0.0,0.18181818181818182,-1.0,-0.04,0.04
520070,WI,Acute Care,1,1,Non-Profit,5.0,1.0,0.875,1.0,1.0,0.9166666666666666,0.9583333333333334,5,0.14285714285714285,0.0,0.2857142857142857,0.0,0.09090909090909091,0.0,4.0,0.16,0.16
520071,WI,Acute Care,1,1,Non-Profit,,0.2857142857142857,0.25,0.45454545454545453,1.0,0.9166666666666666,0.5813852813852813,5,0.0,0.0,0.0,0.0,0.2,0.0,1.0,0.1111111111111111,0.1111111111111111
520075,WI,Acute Care,1,1,Non-Profit,4.0,1.0,0.75,0.9090909090909091,1.0,0.8333333333333334,0.8984848484848484,5,0.0,0.0,0.6666666666666666,0.16666666666666666,0.0,0.0,3.0,0.13043478260869565,0.17391304347826086
520076,WI,Acute Care,1,1,Non-Profit,3.0,0.42857142857142855,0.375,0.5454545454545454,1.0,0.75,0.6198051948051948,5,0.0,0.0,0.0,0.0,0.16666666666666666,0.0,1.0,0.08333333333333333,0.08333333333333333
520078,WI,Acute Care,0,1,Non-Profit,4.0,0.42857142857142855,0.5,0.7272727272727273,1.0,0.5833333333333334,0.6478354978354979,5,0.0,0.0,0.0,0.0,0.0,0.125,-1.0,-0.06666666666666667,0.0
520083,WI,Acute Care,1,1,Non-Profit,4.0,1.0,1.0,1.0,1.0,0.75,0.95,5,0.0,0.0,0.375,0.0,0.0,0.09090909090909091,2.0,0.07692307692307693,0.11538461538461539
520087,WI,Acute Care,1,1,Non-Profit,4.0,1.0,1.0,1.0,1.0,1.0,1.0,5,0.0,0.0,0.375,0.0,0.0,0.0,3.0,0.11538461538461539,0.11538461538461539
520088,WI,Acute Care,1,1,Non-Profit,4.0,1.0,0.75,0.7272727272727273,1.0,1.0,0.8954545454545455,5,0.0,0.0,0.16666666666666666,0.0,0.125,0.0,2.0,0.09523809523809523,0.09523809523809523
520089,WI,Acute Care,1,1,Non-Profit,4.0,0.8571428571428571,0.875,0.8181818181818182,1.0,0.9166666666666666,0.8933982683982684,5,0.3333333333333333,0.0,0.14285714285714285,0.14285714285714285,0.0,0.1111111111111111,1.0,0.045454545454545456,0.13636363636363635
520091,WI,Acute Care,0,1,Non-Profit,4.0,0.5714285714285714,0.25,0.45454545454545453,1.0,0.75,0.6051948051948053,5,0.0,0.0,0.0,0.0,0.2,0.0,1.0,0.09090909090909091,0.09090909090909091
520095,WI,Acute Care,1,1,Non-Profit,5.0,0.42857142857142855,0.375,0.5454545454545454,1.0,0.8333333333333334,0.6364718614718614,5,0.0,0.0,0.0,0.0,0.16666666666666666,0.0,1.0,0.08333333333333333,0.08333333333333333
520096,WI,Acute Care,1,1,Non-Profit,3.0,0.8571428571428571,1.0,0.9090909090909091,1.0,0.8333333333333334,0.91991341991342,5,0.0,0.0,0.0,0.0,0.0,0.0,0.0,0.0,0.0
520097,WI,Acute Care,0,1,Non-Profit,4.0,0.7142857142857143,0.5,0.6363636363636364,1.0,0.75,0.7201298701298702,5,0.0,0.0,0.0,0.0,0.14285714285714285,0.0,1.0,0.0625,0.0625
520098,WI,Acute Care,0,1,Government,4.0,1.0,1.0,1.0,1.0,0.9166666666666666,0.9833333333333334,5,0.2857142857142857,0.0,0.375,0.0,0.09090909090909091,0.0,6.0,0.23076923076923078,0.23076923076923078
520100,WI,Acute Care,1,1,Non-Profit,4.0,0.8571428571428571,0.625,0.8181818181818182,1.0,0.9166666666666666,0.8433982683982684,5,0.0,0.0,0.0,0.0,0.0,0.0,0.0,0.0,0.0
520102,WI,Acute Care,1,1,Non-Profit,4.0,0.5714285714285714,0.5,0.5454545454545454,1.0,0.9166666666666666,0.7067099567099567,5,0.0,0.0,0.0,0.0,0.16666666666666666,0.0,1.0,0.07142857142857142,0.07142857142857142
520103,WI,Acute Care,0,1,Non-Profit,3.0,0.8571428571428571,0.875,0.7272727272727273,1.0,0.9166666666666666,0.8752164502164502,5,0.0,0.0,0.14285714285714285,0.0,0.0,0.25,-1.0,-0.047619047619047616,0.047619047619047616
520107,WI,Acute Care,0,1,Non-Profit,3.0,0.2857142857142857,0.375,0.7272727272727273,1.0,0.75,0.6275974025974026,5,0.0,0.0,0.0,0.0,0.0,0.0,0.0,0.0,0.0
520109,WI,Acute Care,1,1,For-Profit,,0.2857142857142857,0.25,0.6363636363636364,1.0,0.9166666666666666,0.6177489177489177,5,0.0,0.0,0.0,0.0,0.0,0.0,0.0,0.0,0.0
520113,WI,Acute Care,1,1,Non-Profit,3.0,0.5714285714285714,0.25,0.7272727272727273,1.0,0.9166666666666666,0.6930735930735931,5,0.0,0.0,0.0,0.0,0.0,0.125,-1.0,-0.07142857142857142,0.0
520116,WI,Acute Care,1,1,Non-Profit,3.0,0.7142857142857143,0.375,0.6363636363636364,1.0,0.8333333333333334,0.7117965367965369,5,0.0,0.2,0.0,0.0,0.14285714285714285,0.0,0.0,0.0,0.06666666666666667
520136,WI,Acute Care,1,1,Non-Profit,4.0,0.8571428571428571,0.875,0.9090909090909091,1.0,0.9166666666666666,0.9115800865800866,5,0.0,0.0,0.14285714285714285,0.0,0.1,0.0,2.0,0.08695652173913043,0.08695652173913043
520138,WI,Acute Care,1,1,Non-Profit,4.0,1.0,1.0,1.0,1.0,0.9166666666666666,0.9833333333333334,5,0.42857142857142855,0.0,0.25,0.375,0.0,0.09090909090909091,1.0,0.038461538461538464,0.19230769230769232
520139,WI,Acute Care,1,1,Non-Profit,4.0,0.7142857142857143,0.875,0.6363636363636364,1.0,0.8333333333333334,0.8117965367965368,5,0.2,0.0,0.14285714285714285,0.0,0.0,0.0,2.0,0.10526315789473684,0.10526315789473684
520160,WI,Acute Care,1,1,Non-Profit,4.0,1.0,0.875,1.0,1.0,0.9166666666666666,0.9583333333333334,5,0.0,0.0,0.14285714285714285,0.14285714285714285,0.2727272727272727,0.0,3.0,0.12,0.16
520177,WI,Acute Care,1,1,Non-Profit,4.0,1.0,0.875,0.9090909090909091,1.0,0.9166666666666666,0.9401515151515152,5,0.14285714285714285,0.0,0.5714285714285714,0.0,0.0,0.2,3.0,0.125,0.20833333333333334
520189,WI,Acute Care,1,1,Non-Profit,4.0,0.7142857142857143,0.75,0.5454545454545454,1.0,0.9166666666666666,0.7852813852813852,5,0.0,0.0,0.0,0.0,0.16666666666666666,0.0,1.0,0.058823529411764705,0.058823529411764705
520193,WI,Acute Care,1,1,For-Profit,4.0,1.0,1.0,1.0,1.0,0.9166666666666666,0.9833333333333334,5,0.0,0.0,0.0,0.0,0.09090909090909091,0.0,1.0,0.038461538461538464,0.038461538461538464
520194,WI,Acute Care,0,0,For-Profit,,0.0,0.25,0.2727272727272727,1.0,0.25,0.35454545454545455,4,,,0.0,0.0,0.0,0.0,0.0,0.0,0.0
520196,WI,Acute Care,0,0,For-Profit,,0.0,0.25,0.36363636363636365,1.0,0.3333333333333333,0.3893939393939394,4,,,0.0,0.0,0.0,0.0,0.0,0.0,0.0
520198,WI,Acute Care,1,1,Non-Profit,4.0,0.7142857142857143,0.625,0.7272727272727273,1.0,1.0,0.8133116883116884,5,0.0,0.0,0.0,0.0,0.0,0.0,0.0,0.0,0.0
520202,WI,Acute Care,1,1,Non-Profit,4.0,0.7142857142857143,0.625,0.8181818181818182,1.0,0.75,0.7814935064935066,5,0.0,0.0,0.0,0.0,0.0,0.0,0.0,0.0,0.0
520205,WI,Acute Care,0,0,For-Profit,,0.0,0.25,0.2727272727272727,1.0,0.16666666666666666,0.3378787878787879,4,,,0.0,0.0,0.0,0.0,0.0,0.0,0.0
520206,WI,Acute Care,1,1,Non-Profit,5.0,0.8571428571428571,0.625,0.6363636363636364,1.0,0.9166666666666666,0.8070346320346321,5,0.0,0.0,0.0,0.0,0.2857142857142857,0.14285714285714285,1.0,0.05555555555555555,0.1111111111111111
520207,WI,Acute Care,1,1,Non-Profit,5.0,1.0,0.875,0.8181818181818182,1.0,0.9166666666666666,0.9219696969696971,5,0.14285714285714285,0.0,0.0,0.0,0.0,0.2222222222222222,-1.0,-0.043478260869565216,0.043478260869565216
520208,WI,Acute Care,1,1,Non-Profit,4.0,0.5714285714285714,0.5,0.6363636363636364,1.0,0.8333333333333334,0.7082251082251083,5,0.0,0.0,0.0,0.0,0.0,0.0,0.0,0.0,0.0
520210,WI,Acute Care,1,1,Non-Profit,3.0,0.7142857142857143,0.625,0.8181818181818182,1.0,0.8333333333333334,0.7981601731601733,5,0.0,0.0,0.0,0.0,0.0,0.1111111111111111,-1.0,-0.05263157894736842,0.0
520212,WI,Acute Care,1,1,Non-Profit,,0.2857142857142857,0.25,0.6363636363636364,1.0,0.8333333333333334,0.6010822510822511,5,0.0,0.0,0.0,0.0,0.0,0.0,0.0,0.0,0.0
520213,WI,Acute Care,0,1,Non-Profit,,0.14285714285714285,0.0,0.18181818181818182,1.0,0.5833333333333334,0.3816017316017316,4,0.0,0.0,,,0.0,0.0,0.0,0.0,0.0
520214,WI,Acute Care,0,1,For-Profit,,0.0,0.0,0.09090909090909091,0.0,0.5,0.1181818181818182,2,,,,,0.0,0.0,0.0,0.0,0.0
520215,WI,Acute Care,0,1,Non-Profit,,0.0,0.0,0.36363636363636365,0.0,0.5,0.17272727272727273,2,,,,,0.0,0.0,0.0,0.0,0.0
521300,WI,Rural/Access,0,1,Non-Profit,,0.14285714285714285,0.0,0.2727272727272727,0.0,0.5833333333333334,0.19978354978354979,3,0.0,0.0,,,0.0,0.3333333333333333,-1.0,-0.25,0.0
521302,WI,Rural/Access,0,1,Non-Profit,,0.14285714285714285,0.125,0.18181818181818182,0.0,0.4166666666666667,0.1732683982683983,4,0.0,0.0,0.0,0.0,0.0,0.0,0.0,0.0,0.0
521303,WI,Rural/Access,0,1,Non-Profit,,0.0,0.0,0.09090909090909091,0.0,0.5,0.1181818181818182,2,,,,,0.0,0.0,0.0,0.0,0.0
521304,WI,Rural/Access,0,1,Non-Profit,,0.0,0.0,0.09090909090909091,0.0,0.3333333333333333,0.08484848484848484,2,,,,,0.0,0.0,0.0,0.0,0.0
521305,WI,Rural/Access,0,1,Non-Profit,,0.0,0.0,0.0,0.0,0.4166666666666667,0.08333333333333334,1,,,,,,,0.0,,
521307,WI,Rural/Access,0,1,Non-Profit,,0.0,0.0,0.09090909090909091,0.0,0.3333333333333333,0.08484848484848484,2,,,,,0.0,0.0,0.0,0.0,0.0
521308,WI,Rural/Access,1,1,Non-Profit,3.0,0.42857142857142855,0.125,0.45454545454545453,1.0,0.6666666666666666,0.5349567099567099,5,0.0,0.0,0.0,0.0,0.0,0.0,0.0,0.0,0.0
521309,WI,Rural/Access,0,1,Non-Profit,,0.0,0.0,0.09090909090909091,0.0,0.25,0.06818181818181819,2,,,,,0.0,0.0,0.0,0.0,0.0
521310,WI,Rural/Access,0,1,Non-Profit,,0.0,0.125,0.18181818181818182,0.0,0.5833333333333334,0.17803030303030304,3,,,0.0,0.0,0.0,0.0,0.0,0.0,0.0
521311,WI,Rural/Access,0,1,Non-Profit,,0.0,0.0,0.2727272727272727,0.0,0.6666666666666666,0.18787878787878787,2,,,,,0.0,0.0,0.0,0.0,0.0
521312,WI,Rural/Access,0,1,Non-Profit,,0.14285714285714285,0.125,0.2727272727272727,0.0,0.4166666666666667,0.19145021645021645,4,0.0,0.0,0.0,0.0,0.0,0.0,0.0,0.0,0.0
521313,WI,Rural/Access,0,1,Non-Profit,,0.14285714285714285,0.0,0.09090909090909091,0.0,0.5833333333333334,0.1634199134199134,3,0.0,0.0,,,0.0,0.0,0.0,0.0,0.0
521314,WI,Rural/Access,0,1,Non-Profit,,0.2857142857142857,0.125,0.2727272727272727,0.0,0.5,0.2366883116883117,4,0.0,0.0,0.0,0.0,0.0,0.0,0.0,0.0,0.0
521315,WI,Rural/Access,0,1,Non-Profit,,0.2857142857142857,0.125,0.45454545454545453,1.0,0.5,0.47305194805194806,5,0.0,0.0,0.0,0.0,0.0,0.0,0.0,0.0,0.0
521316,WI,Rural/Access,0,1,Non-Profit,,0.0,0.125,0.18181818181818182,0.0,0.4166666666666667,0.1446969696969697,3,,,0.0,0.0,0.0,0.0,0.0,0.0,0.0
521317,WI,Rural/Access,0,1,Non-Profit,,0.0,0.0,0.0,0.0,0.5833333333333334,0.11666666666666667,1,,,,,,,0.0,,
521318,WI,Rural/Access,0,1,Non-Profit,,0.0,0.0,0.09090909090909091,0.0,0.4166666666666667,0.10151515151515152,2,,,,,0.0,0.0,0.0,0.0,0.0
521319,WI,Rural/Access,0,1,Non-Profit,,0.0,0.0,0.0,0.0,0.16666666666666666,0.03333333333333333,1,,,,,,,0.0,,
521320,WI,Rural/Access,0,1,Non-Profit,,0.2857142857142857,0.0,0.6363636363636364,1.0,0.5833333333333334,0.501082251082251,4,0.0,0.0,,,0.0,0.0,0.0,0.0,0.0
521321,WI,Rural/Access,0,1,Non-Profit,,0.0,0.0,0.18181818181818182,1.0,0.5833333333333334,0.353030303030303,3,,,,,0.0,0.0,0.0,0.0,0.0
521322,WI,Rural/Access,0,1,Non-Profit,,0.14285714285714285,0.0,0.2727272727272727,0.0,0.5833333333333334,0.19978354978354979,3,0.0,0.0,,,0.0,0.0,0.0,0.0,0.0
521323,WI,Rural/Access,0,1,Non-Profit,,0.0,0.0,0.09090909090909091,0.0,0.5,0.1181818181818182,2,,,,,0.0,0.0,0.0,0.0,0.0
521324,WI,Rural/Access,1,1,Non-Profit,,0.14285714285714285,0.125,0.36363636363636365,1.0,0.6666666666666666,0.4596320346320346,5,0.0,0.0,0.0,0.0,0.0,0.0,0.0,0.0,0.0
521325,WI,Rural/Access,0,1,Non-Profit,,0.2857142857142857,0.0,0.36363636363636365,0.0,0.5833333333333334,0.24653679653679655,3,0.0,0.0,,,0.0,0.0,0.0,0.0,0.0
521326,WI,Rural/Access,0,1,Non-Profit,,0.0,0.125,0.2727272727272727,1.0,0.5,0.3795454545454545,4,,,0.0,0.0,0.0,0.0,0.0,0.0,0.0
521327,WI,Rural/Access,0,1,Non-Profit,,0.2857142857142857,0.125,0.45454545454545453,1.0,0.75,0.523051948051948,5,0.0,0.0,0.0,0.0,0.0,0.0,0.0,0.0,0.0
521328,WI,Rural/Access,0,1,Government,,0.0,0.0,0.09090909090909091,0.0,0.5,0.1181818181818182,2,,,,,0.0,0.0,0.0,0.0,0.0
521329,WI,Rural/Access,0,1,Non-Profit,,0.0,0.125,0.09090909090909091,1.0,0.5833333333333334,0.35984848484848486,4,,,0.0,0.0,0.0,0.0,0.0,0.0,0.0
521330,WI,Rural/Access,1,1,Non-Profit,,0.2857142857142857,0.125,0.36363636363636365,1.0,0.5,0.45487012987012987,5,0.0,0.0,0.0,0.0,0.25,0.0,1.0,0.14285714285714285,0.14285714285714285
521331,WI,Rural/Access,0,1,Non-Profit,,0.0,0.0,0.09090909090909091,0.0,0.25,0.06818181818181819,2,,,,,0.0,0.0,0.0,0.0,0.0
521332,WI,Rural/Access,0,1,Non-Profit,,0.2857142857142857,0.0,0.36363636363636365,0.0,0.3333333333333333,0.1965367965367965,3,0.0,0.0,,,0.0,0.0,0.0,0.0,0.0
521333,WI,Rural/Access,0,1,Non-Profit,,0.2857142857142857,0.0,0.36363636363636365,1.0,0.5,0.42987012987012985,4,0.0,0.0,,,0.0,0.0,0.0,0.0,0.0
521334,WI,Rural/Access,1,1,Non-Profit,,0.2857142857142857,0.125,0.5454545454545454,1.0,0.5,0.4912337662337662,5,0.0,0.0,0.0,0.0,0.16666666666666666,0.0,1.0,0.1111111111111111,0.1111111111111111
521335,WI,Rural/Access,1,1,Non-Profit,,0.2857142857142857,0.125,0.6363636363636364,1.0,0.9166666666666666,0.5927489177489178,5,0.0,0.0,0.0,0.0,0.14285714285714285,0.0,1.0,0.1,0.1
521336,WI,Rural/Access,1,1,Non-Profit,,0.2857142857142857,0.125,0.5454545454545454,1.0,0.6666666666666666,0.5245670995670995,5,0.0,0.0,0.0,0.0,0.0,0.0,0.0,0.0,0.0
521337,WI,Rural/Access,1,1,Non-Profit,3.0,0.42857142857142855,0.125,0.6363636363636364,1.0,0.5,0.537987012987013,5,0.0,0.0,0.0,0.0,0.0,0.0,0.0,0.0,0.0
521338,WI,Rural/Access,0,1,Non-Profit,,0.2857142857142857,0.25,0.5454545454545454,1.0,0.3333333333333333,0.4829004329004329,5,0.0,0.0,0.0,0.0,0.0,0.0,0.0,0.0,0.0
521339,WI,Rural/Access,0,1,Non-Profit,,0.14285714285714285,0.0,0.2727272727272727,0.0,0.5833333333333334,0.19978354978354979,3,0.0,0.0,,,0.0,0.0,0.0,0.0,0.0
521340,WI,Rural/Access,0,1,Non-Profit,4.0,0.42857142857142855,0.125,0.5454545454545454,1.0,0.5833333333333334,0.5364718614718614,5,0.0,0.0,0.0,0.0,0.0,0.0,0.0,0.0,0.0
521341,WI,Rural/Access,0,1,Non-Profit,4.0,0.42857142857142855,0.25,0.45454545454545453,1.0,0.4166666666666667,0.5099567099567099,5,0.0,0.0,0.0,0.0,0.0,0.0,0.0,0.0,0.0
521342,WI,Rural/Access,0,1,For-Profit,,0.0,0.0,0.09090909090909091,0.0,0.08333333333333333,0.03484848484848485,2,,,,,0.0,0.0,0.0,0.0,0.0
521343,WI,Rural/Access,0,1,Non-Profit,,0.2857142857142857,0.25,0.36363636363636365,1.0,0.5,0.4798701298701299,5,0.0,0.0,0.0,0.0,0.0,0.0,0.0,0.0,0.0
521344,WI,Rural/Access,0,1,Non-Profit,,0.0,0.0,0.09090909090909091,0.0,0.3333333333333333,0.08484848484848484,2,,,,,0.0,0.0,0.0,0.0,0.0
521345,WI,Rural/Access,1,1,Non-Profit,,0.2857142857142857,0.125,0.45454545454545453,1.0,0.6666666666666666,0.5063852813852814,5,0.0,0.0,0.0,0.0,0.0,0.0,0.0,0.0,0.0
521346,WI,Rural/Access,1,1,Non-Profit,,0.2857142857142857,0.125,0.6363636363636364,1.0,0.5833333333333334,0.5260822510822512,5,0.0,0.0,0.0,0.0,0.14285714285714285,0.0,1.0,0.1,0.1
521347,WI,Rural/Access,0,1,Non-Profit,,0.0,0.0,0.18181818181818182,1.0,0.5833333333333334,0.353030303030303,3,,,,,0.5,0.0,1.0,0.5,0.5
521348,WI,Rural/Access,0,1,Non-Profit,,0.14285714285714285,0.25,0.5454545454545454,1.0,0.5,0.48766233766233763,5,0.0,0.0,0.0,0.0,0.16666666666666666,0.16666666666666666,0.0,0.0,0.1111111111111111
521349,WI,Rural/Access,0,1,Non-Profit,,0.14285714285714285,0.0,0.2727272727272727,1.0,0.5833333333333334,0.39978354978354974,4,0.0,0.0,,,0.0,0.0,0.0,0.0,0.0
521350,WI,Rural/Access,1,1,Non-Profit,,0.2857142857142857,0.125,0.5454545454545454,1.0,0.6666666666666666,0.5245670995670995,5,0.0,0.0,0.0,0.0,0.0,0.0,0.0,0.0,0.0
521351,WI,Rural/Access,0,1,Non-Profit,3.0,0.42857142857142855,0.125,0.2727272727272727,1.0,0.25,0.4152597402597403,5,0.0,0.0,0.0,0.0,0.0,0.0,0.0,0.0,0.0
521352,WI,Rural/Access,0,1,Non-Profit,3.0,0.42857142857142855,0.125,0.45454545454545453,1.0,0.6666666666666666,0.5349567099567099,5,0.0,0.0,0.0,0.0,0.0,0.0,0.0,0.0,0.0
521353,WI,Rural/Access,0,1,Non-Profit,,0.0,0.0,0.09090909090909091,0.0,0.5,0.1181818181818182,2,,,,,0.0,0.0,0.0,0.0,0.0
521354,WI,Rural/Access,0,1,Non-Profit,,0.0,0.125,0.18181818181818182,1.0,0.5,0.3613636363636364,4,,,0.0,0.0,0.0,0.0,0.0,0.0,0.0
521355,WI,Rural/Access,1,1,Non-Profit,,0.2857142857142857,0.125,0.6363636363636364,1.0,0.5,0.5094155844155844,5,0.0,0.0,0.0,0.0,0.0,0.0,0.0,0.0,0.0
521356,WI,Rural/Access,0,1,Non-Profit,,0.0,0.0,0.09090909090909091,0.0,0.5,0.1181818181818182,2,,,,,0.0,0.0,0.0,0.0,0.0
521357,WI,Rural/Access,1,1,Non-Profit,4.0,0.42857142857142855,0.25,0.6363636363636364,1.0,0.75,0.612987012987013,5,0.0,0.0,0.0,0.0,0.0,0.0,0.0,0.0,0.0
521358,WI,Rural/Access,1,1,Non-Profit,5.0,0.42857142857142855,0.125,0.36363636363636365,1.0,0.5833333333333334,0.5001082251082252,5,0.0,0.0,0.0,0.0,0.0,0.0,0.0,0.0,0.0
521359,WI,Rural/Access,1,1,Non-Profit,3.0,0.5714285714285714,0.25,0.7272727272727273,1.0,0.8333333333333334,0.6764069264069265,5,0.0,0.0,0.0,0.0,0.0,0.125,-1.0,-0.07142857142857142,0.0
523300,WI,Childrens,0,1,Non-Profit,,0.0,0.0,0.0,0.0,0.0,0.0,0,,,,,,,0.0,,
523302,WI,Childrens,0,1,Non-Profit,,0.0,0.0,0.0,0.0,0.0,0.0,0,,,,,,,0.0,,
524000,WI,Psychiatric,0,0,Non-Profit,,0.0,0.0,0.0,0.0,0.0,0.0,0,,,,,,,0.0,,
524002,WI,Psychiatric,0,0,Government,,0.0,0.0,0.0,0.0,0.0,0.0,0,,,,,,,0.0,,
524008,WI,Psychiatric,0,0,Government,,0.0,0.0,0.0,0.0,0.0,0.0,0,,,,,,,0.0,,
524014,WI,Psychiatric,0,0,Government,,0.0,0.0,0.0,0.0,0.0,0.0,0,,,,,,,0.0,,
524017,WI,Psychiatric,0,0,Non-Profit,,0.0,0.0,0.0,0.0,0.0,0.0,0,,,,,,,0.0,,
524018,WI,Psychiatric,0,0,Non-Profit,,0.0,0.0,0.0,0.0,0.0,0.0,0,,,,,,,0.0,,
524019,WI,Psychiatric,0,0,Government,,0.0,0.0,0.0,0.0,0.0,0.0,0,,,,,,,0.0,,
524025,WI,Psychiatric,0,1,Government,,0.0,0.0,0.0,0.0,0.0,0.0,0,,,,,,,0.0,,
524026,WI,Psychiatric,0,0,Government,,0.0,0.0,0.0,0.0,0.0,0.0,0,,,,,,,0.0,,
524038,WI,Psychiatric,0,0,Non-Profit,,0.0,0.0,0.0,0.0,0.0,0.0,0,,,,,,,0.0,,
524041,WI,Psychiatric,0,0,For-Profit,,0.0,0.0,0.0,0.0,0.0,0.0,0,,,,,,,0.0,,
524042,WI,Psychiatric,0,0,For-Profit,,0.0,0.0,0.0,0.0,0.0,0.0,0,,,,,,,0.0,,
524043,WI,Psychiatric,0,1,For-Profit,,0.0,0.0,0.0,0.0,0.0,0.0,0,,,,,,,0.0,,
524044,WI,Psychiatric,0,0,Non-Profit,,0.0,0.0,0.0,0.0,0.0,0.0,0,,,,,,,0.0,,
530002,WY,Acute Care,0,1,Government,2.0,0.7142857142857143,0.25,0.7272727272727273,1.0,1.0,0.7383116883116883,5,0.0,0.0,0.0,0.0,0.0,0.0,0.0,0.0,0.0
530006,WY,Acute Care,0,1,Government,3.0,0.7142857142857143,0.375,0.9090909090909091,1.0,0.9166666666666666,0.783008658008658,5,0.0,0.0,0.0,0.0,0.0,0.1,-1.0,-0.05555555555555555,0.0
530008,WY,Acute Care,0,1,For-Profit,1.0,0.5714285714285714,0.375,0.6363636363636364,1.0,0.9166666666666666,0.6998917748917749,5,0.0,0.0,0.0,0.0,0.0,0.14285714285714285,-1.0,-0.07142857142857142,0.0
530012,WY,Acute Care,1,1,Government,3.0,1.0,0.875,0.8181818181818182,1.0,0.75,0.8886363636363637,5,0.0,0.14285714285714285,0.14285714285714285,0.0,0.0,0.0,0.0,0.0,0.043478260869565216
530014,WY,Acute Care,1,1,Non-Profit,3.0,0.8571428571428571,0.875,0.9090909090909091,1.0,0.8333333333333334,0.89491341991342,5,0.0,0.0,0.0,0.0,0.0,0.0,0.0,0.0,0.0
530015,WY,Acute Care,1,1,Government,4.0,0.5714285714285714,0.25,0.7272727272727273,1.0,0.8333333333333334,0.6764069264069265,5,0.0,0.0,0.0,0.0,0.125,0.0,1.0,0.07142857142857142,0.07142857142857142
530025,WY,Acute Care,1,1,Government,2.0,0.42857142857142855,0.25,0.7272727272727273,1.0,0.9166666666666666,0.6645021645021645,5,0.0,0.0,0.0,0.0,0.0,0.0,0.0,0.0,0.0
530034,WY,Acute Care,0,0,For-Profit,,0.0,0.25,0.36363636363636365,0.0,0.25,0.17272727272727273,3,,,0.0,0.0,0.0,0.0,0.0,0.0,0.0
53004F,WY,Acute Care,0,1,Government,5.0,0.42857142857142855,0.125,0.36363636363636365,1.0,0.4166666666666667,0.46677489177489173,5,0.0,0.0,0.0,0.0,0.25,0.0,1.0,0.125,0.125
53005F,WY,Acute Care,0,0,Government,,0.0,0.0,0.09090909090909091,0.0,0.16666666666666666,0.051515151515151514,2,,,,,0.0,0.0,0.0,0.0,0.0
531301,WY,Rural/Access,0,1,Government,,0.0,0.0,0.09090909090909091,0.0,0.25,0.06818181818181819,2,,,,,0.0,0.0,0.0,0.0,0.0
531302,WY,Rural/Access,1,1,Government,,0.2857142857142857,0.125,0.5454545454545454,1.0,0.4166666666666667,0.4745670995670995,5,0.0,0.0,0.0,0.0,0.0,0.0,0.0,0.0,0.0
531303,WY,Rural/Access,0,1,Government,,0.14285714285714285,0.0,0.18181818181818182,0.0,0.16666666666666666,0.09826839826839825,3,0.0,0.0,,,0.0,0.0,0.0,0.0,0.0
531304,WY,Rural/Access,0,1,Government,,0.2857142857142857,0.0,0.36363636363636365,0.0,0.4166666666666667,0.21320346320346323,3,0.0,0.5,,,0.0,0.0,-1.0,-0.16666666666666666,0.0
531305,WY,Rural/Access,1,1,Government,4.0,0.42857142857142855,0.0,0.45454545454545453,0.0,0.5833333333333334,0.29329004329004327,3,0.0,0.0,,,0.0,0.0,0.0,0.0,0.0
531306,WY,Rural/Access,1,1,Government,,0.2857142857142857,0.0,0.45454545454545453,0.0,0.5833333333333334,0.26471861471861474,3,0.0,0.0,,,0.2,0.0,1.0,0.14285714285714285,0.14285714285714285
531307,WY,Rural/Access,0,1,Non-Profit,,0.2857142857142857,0.0,0.45454545454545453,0.0,0.6666666666666666,0.28138528138528135,3,0.0,0.0,,,0.0,0.0,0.0,0.0,0.0
531308,WY,Rural/Access,0,0,Government,,0.14285714285714285,0.0,0.18181818181818182,0.0,0.25,0.11493506493506493,3,0.0,1.0,,,0.0,0.0,-1.0,-0.3333333333333333,0.0
531309,WY,Rural/Access,0,1,Government,,0.2857142857142857,0.0,0.2727272727272727,0.0,0.5833333333333334,0.22835497835497837,3,0.0,0.0,,,0.0,0.0,0.0,0.0,0.0
531310,WY,Rural/Access,0,1,Government,,0.14285714285714285,0.125,0.6363636363636364,1.0,0.5,0.4808441558441558,5,0.0,0.0,0.0,0.0,0.0,0.0,0.0,0.0,0.0
531311,WY,Rural/Access,0,1,Government,,0.14285714285714285,0.0,0.18181818181818182,0.0,0.25,0.11493506493506493,3,0.0,0.0,,,0.0,0.0,0.0,0.0,0.0
531312,WY,Rural/Access,1,1,Government,,0.0,0.0,0.0,0.0,0.0,0.0,0,,,,,,,0.0,,
531313,WY,Rural/Access,1,1,Government,,0.2857142857142857,0.125,0.36363636363636365,1.0,0.4166666666666667,0.43820346320346315,5,0.0,0.0,0.0,0.0,0.0,0.0,0.0,0.0,0.0
531314,WY,Rural/Access,0,1,Government,,0.0,0.0,0.09090909090909091,0.0,0.08333333333333333,0.03484848484848485,2,,,,,0.0,0.0,0.0,0.0,0.0
531315,WY,Rural/Access,0,0,Government,,0.0,0.0,0.09090909090909091,0.0,0.08333333333333333,0.03484848484848485,2,,,,,0.0,0.0,0.0,0.0,0.0
531316,WY,Rural/Access,0,1,Government,,0.0,0.0,0.18181818181818182,0.0,0.4166666666666667,0.1196969696969697,2,,,,,0.0,0.0,0.0,0.0,0.0
531317,WY,Rural/Access,0,1,Non-Profit,,0.0,0.0,0.0,0.0,0.0,0.0,0,,,,,,,0.0,,
531318,WY,Rural/Access,1,1,Government,,0.0,0.0,0.0,0.0,0.0,0.0,0,,,,,,,0.0,,
531319,WY,Rural/Access,0,1,For-Profit,,0.0,0.0,0.0,0.0,0.0,0.0,0,,,,,,,0.0,,
534004,WY,Psychiatric,0,0,For-Profit,,0.0,0.0,0.0,0.0,0.0,0.0,0,,,,,,,0.0,,
640001,AS,Acute Care,0,1,Government,,0.0,0.0,0.0,0.0,0.0,0.0,0,,,,,,,0.0,,
650001,GU,Acute Care,0,1,Government,2.0,0.7142857142857143,0.0,0.6363636363636364,0.0,0.5,0.37012987012987014,3,0.0,0.0,,,0.0,0.42857142857142855,-3.0,-0.25,0.0
650003,GU,Acute Care,0,1,Non-Profit,,0.0,0.0,0.0,0.0,0.0,0.0,0,,,,,,,0.0,,
660001,MP,Acute Care,0,1,Government,,0.42857142857142855,0.0,0.36363636363636365,0.0,0.0,0.15844155844155844,2,0.0,0.0,,,0.0,0.25,-1.0,-0.14285714285714285,0.0
670005,TX,Acute Care,0,1,For-Profit,,0.0,0.25,0.36363636363636365,1.0,0.25,0.37272727272727274,4,,,0.0,0.0,0.0,0.25,-1.0,-0.16666666666666666,0.0
670006,TX,Acute Care,0,1,For-Profit,,0.0,0.25,0.36363636363636365,1.0,0.25,0.37272727272727274,4,,,0.0,0.0,0.0,0.0,0.0,0.0,0.0
670008,TX,Acute Care,0,1,For-Profit,,0.0,0.25,0.2727272727272727,1.0,0.5833333333333334,0.4212121212121212,4,,,0.0,0.0,0.0,0.3333333333333333,-1.0,-0.2,0.0
670010,TX,Acute Care,0,0,For-Profit,,0.0,0.125,0.0,0.0,0.16666666666666666,0.05833333333333333,2,,,0.0,0.0,,,0.0,0.0,0.0
670023,TX,Acute Care,1,1,Non-Profit,2.0,1.0,0.75,0.8181818181818182,1.0,0.8333333333333334,0.8803030303030303,5,0.0,0.0,0.16666666666666666,0.16666666666666666,0.0,0.1111111111111111,-1.0,-0.045454545454545456,0.045454545454545456
670025,TX,Acute Care,0,1,For-Profit,5.0,0.7142857142857143,0.375,0.5454545454545454,1.0,0.6666666666666666,0.6602813852813852,5,0.2,0.0,0.6666666666666666,0.0,0.0,0.0,3.0,0.21428571428571427,0.21428571428571427
670031,TX,Acute Care,0,1,For-Profit,4.0,0.42857142857142855,0.5,0.5454545454545454,1.0,0.6666666666666666,0.6281385281385281,5,0.0,0.0,0.0,0.0,0.0,0.16666666666666666,-1.0,-0.07692307692307693,0.0
670034,TX,Acute Care,1,1,Non-Profit,4.0,1.0,0.875,1.0,1.0,1.0,0.975,5,0.0,0.0,0.0,0.0,0.09090909090909091,0.09090909090909091,0.0,0.0,0.04
670041,TX,Acute Care,1,1,Non-Profit,4.0,1.0,0.75,0.7272727272727273,1.0,0.6666666666666666,0.8287878787878789,5,0.14285714285714285,0.0,0.5,0.0,0.125,0.0,5.0,0.23809523809523808,0.23809523809523808
670043,TX,Acute Care,1,1,Non-Profit,4.0,0.8571428571428571,0.625,0.6363636363636364,1.0,0.9166666666666666,0.8070346320346321,5,0.0,0.0,0.2,0.0,0.0,0.0,1.0,0.05555555555555555,0.05555555555555555
670044,TX,Acute Care,1,1,For-Profit,5.0,0.42857142857142855,0.625,0.5454545454545454,1.0,0.8333333333333334,0.6864718614718615,5,0.0,0.0,0.2,0.0,0.0,0.0,1.0,0.07142857142857142,0.07142857142857142
670047,TX,Acute Care,1,1,For-Profit,2.0,0.7142857142857143,0.75,0.5454545454545454,1.0,0.75,0.7519480519480519,5,0.0,0.0,0.3333333333333333,0.0,0.16666666666666666,0.16666666666666666,2.0,0.11764705882352941,0.17647058823529413
670049,TX,Acute Care,0,1,Non-Profit,,0.0,0.25,0.36363636363636365,1.0,0.5833333333333334,0.43939393939393945,4,,,0.0,0.0,0.0,0.25,-1.0,-0.16666666666666666,0.0
670053,TX,Acute Care,1,1,Non-Profit,3.0,0.2857142857142857,0.5,0.45454545454545453,1.0,0.75,0.5980519480519481,5,0.0,0.0,0.25,0.0,0.0,0.2,0.0,0.0,0.09090909090909091
670054,TX,Acute Care,0,1,For-Profit,3.0,0.0,0.375,0.2727272727272727,1.0,0.25,0.3795454545454545,4,,,0.0,0.0,0.0,0.3333333333333333,-1.0,-0.16666666666666666,0.0
670055,TX,Acute Care,1,1,For-Profit,3.0,1.0,1.0,0.8181818181818182,1.0,0.8333333333333334,0.9303030303030303,5,0.0,0.0,0.25,0.0,0.0,0.1111111111111111,1.0,0.041666666666666664,0.08333333333333333
670056,TX,Acute Care,1,1,Non-Profit,5.0,1.0,0.75,0.7272727272727273,1.0,0.8333333333333334,0.8621212121212121,5,0.14285714285714285,0.0,0.16666666666666666,0.0,0.0,0.0,2.0,0.09523809523809523,0.09523809523809523
670059,TX,Acute Care,0,1,Non-Profit,,0.0,0.25,0.2727272727272727,1.0,0.5833333333333334,0.4212121212121212,4,,,0.0,0.0,0.0,0.0,0.0,0.0,0.0
670060,TX,Acute Care,0,1,For-Profit,2.0,0.7142857142857143,0.625,0.5454545454545454,1.0,0.6666666666666666,0.7102813852813853,5,0.0,0.0,0.0,0.0,0.0,0.0,0.0,0.0,0.0
670062,TX,Acute Care,0,1,For-Profit,,0.14285714285714285,0.0,0.18181818181818182,0.0,0.5833333333333334,0.1816017316017316,3,0.0,0.0,,,0.0,0.0,0.0,0.0,0.0
670067,TX,Acute Care,0,1,For-Profit,,0.0,0.25,0.2727272727272727,1.0,0.5,0.4045454545454545,4,,,0.0,0.0,0.0,0.3333333333333333,-1.0,-0.2,0.0
670068,TX,Acute Care,1,1,For-Profit,4.0,0.5714285714285714,0.875,0.6363636363636364,1.0,0.8333333333333334,0.7832251082251083,5,0.0,0.0,0.0,0.0,0.0,0.0,0.0,0.0,0.0
670069,TX,Acute Care,0,1,For-Profit,,0.0,0.25,0.2727272727272727,1.0,0.3333333333333333,0.3712121212121212,4,,,0.0,0.5,0.0,0.0,-1.0,-0.2,0.0
670071,TX,Acute Care,0,0,For-Profit,4.0,0.42857142857142855,0.375,0.45454545454545453,1.0,0.25,0.5016233766233766,5,0.0,0.0,0.0,0.0,0.0,0.0,0.0,0.0,0.0
670073,TX,Acute Care,0,1,For-Profit,4.0,0.0,0.375,0.2727272727272727,1.0,0.3333333333333333,0.3962121212121212,4,,,0.0,0.0,0.0,0.0,0.0,0.0,0.0
670075,TX,Acute Care,0,1,Non-Profit,4.0,0.7142857142857143,0.625,0.5454545454545454,1.0,0.75,0.726948051948052,5,0.0,0.0,0.2,0.0,0.0,0.0,1.0,0.0625,0.0625
670076,TX,Acute Care,0,1,For-Profit,2.0,0.0,0.375,0.36363636363636365,1.0,0.6666666666666666,0.4810606060606061,4,,,0.0,0.0,0.0,0.0,0.0,0.0,0.0
670077,TX,Acute Care,1,1,Non-Profit,4.0,1.0,1.0,1.0,1.0,1.0,1.0,5,0.0,0.0,0.25,0.125,0.09090909090909091,0.0,2.0,0.07692307692307693,0.11538461538461539
670078,TX,Acute Care,0,1,For-Profit,,0.2857142857142857,0.125,0.2727272727272727,1.0,0.5833333333333334,0.4533549783549784,5,0.0,0.0,0.0,0.0,0.0,0.0,0.0,0.0,0.0
670080,TX,Acute Care,0,1,For-Profit,4.0,0.7142857142857143,0.375,0.6363636363636364,1.0,0.8333333333333334,0.7117965367965369,5,0.0,0.0,0.3333333333333333,0.0,0.0,0.14285714285714285,0.0,0.0,0.06666666666666667
670082,TX,Acute Care,1,1,Non-Profit,4.0,0.8571428571428571,0.875,0.7272727272727273,1.0,0.8333333333333334,0.8585497835497835,5,0.16666666666666666,0.0,0.14285714285714285,0.0,0.0,0.0,2.0,0.09523809523809523,0.09523809523809523
670085,TX,Acute Care,1,1,Non-Profit,4.0,0.7142857142857143,0.875,0.6363636363636364,1.0,0.8333333333333334,0.8117965367965368,5,0.0,0.2,0.14285714285714285,0.0,0.14285714285714285,0.0,1.0,0.05263157894736842,0.10526315789473684
670088,TX,Acute Care,1,1,Non-Profit,4.0,1.0,1.0,1.0,1.0,1.0,1.0,5,0.0,0.0,0.125,0.0,0.0,0.18181818181818182,-1.0,-0.038461538461538464,0.038461538461538464
670090,TX,Acute Care,0,1,For-Profit,4.0,0.0,0.375,0.2727272727272727,0.0,0.3333333333333333,0.1962121212121212,3,,,0.0,0.0,0.0,0.0,0.0,0.0,0.0
670093,TX,Acute Care,0,0,For-Profit,,0.0,0.0,0.0,0.0,0.25,0.05,1,,,,,,,0.0,,
670098,TX,Acute Care,1,1,For-Profit,3.0,0.7142857142857143,0.625,0.7272727272727273,1.0,0.8333333333333334,0.7799783549783551,5,0.0,0.0,0.0,0.0,0.0,0.25,-2.0,-0.1111111111111111,0.0
670102,TX,Acute Care,0,1,For-Profit,,0.0,0.25,0.2727272727272727,0.0,0.5,0.20454545454545453,3,,,0.0,0.0,0.0,0.0,0.0,0.0,0.0
670103,TX,Acute Care,1,1,Non-Profit,5.0,0.5714285714285714,0.625,0.5454545454545454,1.0,0.8333333333333334,0.7150432900432901,5,0.0,0.0,0.2,0.0,0.0,0.0,1.0,0.06666666666666667,0.06666666666666667
670106,TX,Acute Care,0,1,For-Profit,3.0,0.5714285714285714,0.5,0.45454545454545453,1.0,0.75,0.6551948051948052,5,0.0,0.0,0.25,0.0,0.0,0.2,0.0,0.0,0.07692307692307693
670107,TX,Acute Care,0,1,For-Profit,,0.0,0.0,0.09090909090909091,0.0,0.4166666666666667,0.10151515151515152,2,,,,,0.0,0.0,0.0,0.0,0.0
670108,TX,Acute Care,1,1,Non-Profit,5.0,0.5714285714285714,0.375,0.8181818181818182,1.0,0.9166666666666666,0.7362554112554112,5,0.0,0.0,0.0,0.0,0.0,0.0,0.0,0.0,0.0
670109,TX,Acute Care,0,1,For-Profit,,0.0,0.125,0.0,0.0,0.0,0.025,1,,,0.0,0.0,,,0.0,0.0,0.0
670112,TX,Acute Care,0,0,For-Profit,,0.0,0.25,0.2727272727272727,1.0,0.3333333333333333,0.3712121212121212,4,,,0.0,0.0,0.3333333333333333,0.3333333333333333,0.0,0.0,0.2
670115,TX,Acute Care,0,1,For-Profit,,0.0,0.0,0.0,0.0,0.0,0.0,0,,,,,,,0.0,,
670120,TX,Acute Care,1,1,For-Profit,1.0,0.5714285714285714,0.625,0.45454545454545453,1.0,0.75,0.6801948051948052,5,0.0,0.0,0.2,0.0,0.0,0.2,0.0,0.0,0.07142857142857142
670121,TX,Acute Care,0,1,For-Profit,,0.0,0.0,0.0,0.0,0.0,0.0,0,,,,,,,0.0,,
670122,TX,Acute Care,1,1,Non-Profit,5.0,1.0,1.0,1.0,1.0,0.9166666666666666,0.9833333333333334,5,0.2857142857142857,0.0,0.5,0.0,0.0,0.0,6.0,0.23076923076923078,0.23076923076923078
670124,TX,Acute Care,0,1,For-Profit,,0.14285714285714285,0.0,0.18181818181818182,0.0,0.5833333333333334,0.1816017316017316,3,0.0,0.0,,,0.0,0.0,0.0,0.0,0.0
670125,TX,Acute Care,0,0,Government,,0.0,0.0,0.0,0.0,0.0,0.0,0,,,,,,,0.0,,
670128,TX,Acute Care,0,1,Non-Profit,4.0,0.42857142857142855,0.25,0.5454545454545454,1.0,0.6666666666666666,0.5781385281385281,5,0.0,0.0,0.0,0.0,0.0,0.0,0.0,0.0,0.0
670131,TX,Acute Care,0,1,Non-Profit,,0.0,0.125,0.09090909090909091,0.0,0.6666666666666666,0.1765151515151515,3,,,0.0,0.0,0.0,0.0,0.0,0.0,0.0
670132,TX,Acute Care,0,1,For-Profit,4.0,0.0,0.375,0.2727272727272727,0.0,0.5,0.22954545454545455,3,,,0.0,0.0,0.0,0.0,0.0,0.0,0.0
670134,TX,Acute Care,0,1,For-Profit,,0.0,0.0,0.09090909090909091,0.0,0.3333333333333333,0.08484848484848484,2,,,,,0.0,0.0,0.0,0.0,0.0
670135,TX,Acute Care,0,1,For-Profit,,0.0,0.0,0.0,0.0,0.0,0.0,0,,,,,,,0.0,,
670136,TX,Acute Care,0,0,Non-Profit,,0.14285714285714285,0.125,0.36363636363636365,0.0,0.75,0.2762987012987013,4,0.0,0.0,0.0,0.0,0.0,0.0,0.0,0.0,0.0
670260,TX,Acute Care,1,1,Non-Profit,4.0,0.42857142857142855,0.625,0.5454545454545454,1.0,0.75,0.6698051948051947,5,0.0,0.0,0.2,0.0,0.16666666666666666,0.0,2.0,0.14285714285714285,0.14285714285714285
670265,TX,Acute Care,0,0,For-Profit,,0.0,0.25,0.2727272727272727,1.0,0.3333333333333333,0.3712121212121212,4,,,0.0,0.0,0.0,0.0,0.0,0.0,0.0
670266,TX,Acute Care,0,1,For-Profit,,0.0,0.125,0.09090909090909091,0.0,0.25,0.09318181818181819,3,,,0.0,0.0,0.0,0.0,0.0,0.0,0.0
670267,TX,Acute Care,0,1,For-Profit,,0.0,0.0,0.0,0.0,0.3333333333333333,0.06666666666666667,1,,,,,,,0.0,,
670285,TX,Acute Care,0,0,For-Profit,,0.0,0.0,0.0,0.0,0.5,0.1,1,,,,,,,0.0,,
670300,TX,Acute Care,1,1,Non-Profit,4.0,0.2857142857142857,0.375,0.36363636363636365,1.0,0.75,0.5548701298701298,5,0.0,0.0,0.3333333333333333,0.0,0.0,0.0,1.0,0.1111111111111111,0.1111111111111111
670309,TX,Acute Care,1,1,For-Profit,,0.2857142857142857,0.25,0.45454545454545453,1.0,0.75,0.548051948051948,5,0.0,0.0,0.0,0.0,0.0,0.0,0.0,0.0,0.0
670314,TX,Acute Care,0,1,For-Profit,,0.0,0.0,0.0,0.0,0.4166666666666667,0.08333333333333334,1,,,,,,,0.0,,
670320,TX,Acute Care,0,1,For-Profit,,0.0,0.0,0.0,0.0,0.0,0.0,0,,,,,,,0.0,,
670321,TX,Acute Care,0,1,For-Profit,,0.0,0.0,0.0,0.0,0.0,0.0,0,,,,,,,0.0,,
670322,TX,Acute Care,0,1,For-Profit,,0.0,0.0,0.0,0.0,0.16666666666666666,0.03333333333333333,1,,,,,,,0.0,,
670326,TX,Acute Care,0,0,For-Profit,,0.0,0.0,0.0,0.0,0.0,0.0,0,,,,,,,0.0,,
670327,TX,Acute Care,0,1,For-Profit,,0.0,0.0,0.0,0.0,0.0,0.0,0,,,,,,,0.0,,
670331,TX,Acute Care,0,1,Non-Profit,,0.0,0.0,0.0,0.0,0.0,0.0,0,,,,,,,0.0,,
670333,TX,Acute Care,0,1,For-Profit,,0.0,0.0,0.0,0.0,0.0,0.0,0,,,,,,,0.0,,
670335,TX,Acute Care,0,0,Government,,0.0,0.0,0.0,0.0,0.0,0.0,0,,,,,,,0.0,,
670336,TX,Acute Care,0,1,For-Profit,,0.0,0.0,0.0,0.0,0.0,0.0,0,,,,,,,0.0,,
670340,TX,Acute Care,0,1,Non-Profit,,0.0,0.0,0.0,0.0,0.0,0.0,0,,,,,,,0.0,,
670342,TX,Acute Care,0,1,Non-Profit,,0.0,0.0,0.0,0.0,0.0,0.0,0,,,,,,,0.0,,
670779,TX,Rural/Access,0,1,Non-Profit,,0.0,0.0,0.0,0.0,0.0,0.0,0,,,,,,,0.0,,
670780,TX,Rural/Access,0,1,Non-Profit,,0.0,0.0,0.0,0.0,0.0,0.0,0,,,,,,,0.0,,
670781,TX,Rural/Access,0,1,Government,,0.0,0.0,0.0,0.0,0.0,0.0,0,,,,,,,0.0,,
670783,TX,Rural/Access,0,1,Non-Profit,,0.0,0.0,0.0,0.0,0.0,0.0,0,,,,,,,0.0,,
671300,TX,Rural/Access,0,1,Government,,0.14285714285714285,0.125,0.2727272727272727,0.0,0.4166666666666667,0.19145021645021645,4,0.0,0.0,0.0,0.0,0.0,0.0,0.0,0.0,0.0
671301,TX,Rural/Access,0,1,Government,,0.0,0.0,0.0,0.0,0.16666666666666666,0.03333333333333333,1,,,,,,,0.0,,
671302,TX,Rural/Access,0,1,Government,,0.0,0.0,0.0,0.0,0.0,0.0,0,,,,,,,0.0,,
